Date,Ticker,Actual,XGBoost,XGBoost+Sentiment,Markowitz (implied)
2019-01-31,ABBN.SW,0.03528374391307409,-0.02188384346663952,-0.018951380625367165,0.003681189297879923
2019-02-28,ABBN.SW,-0.03285971293834075,-0.026542391628026962,-0.019091174006462097,0.0038805614489053866
2019-03-29,ABBN.SW,0.09045578913880876,0.008559364825487137,0.005545729771256447,0.000384705421750558
2019-04-30,ABBN.SW,-0.07013286477607332,0.006051795091480017,0.006278668064624071,0.0029504336879076433
2019-05-31,ABBN.SW,0.08872426323926823,0.01788835972547531,0.01586240343749523,0.0024337519697161065
2019-06-28,ABBN.SW,-0.05642926198721085,0.0009638692135922611,0.001843554200604558,0.0011320950876772971
2019-07-31,ABBN.SW,0.0012836569040301188,0.008938843384385109,0.008063753135502338,-0.0006817303958022529
2019-08-30,ABBN.SW,0.050284242884922385,0.008228527382016182,0.007432988844811916,-0.001142657724426282
2019-09-30,ABBN.SW,0.05061073858603786,-0.000906580884475261,-0.0012350073084235191,-0.00013085593971229326
2019-10-31,ABBN.SW,0.05874346865829782,0.006691989954560995,0.004211970139294863,0.0020860982060305253
2019-11-29,ABBN.SW,0.07609427138500753,0.006247770506888628,0.0034603611566126347,0.0027664320395120643
2019-12-31,ABBN.SW,-0.012480662964355953,-0.00024185486836358905,0.0004895225283689797,0.0023384099091508207
2020-01-31,ABBN.SW,-0.07634829877980095,0.01591334491968155,0.013781625777482986,0.002893930301667958
2020-02-28,ABBN.SW,-0.16916702093416267,0.026896724477410316,0.032700665295124054,0.0006334775771442949
2020-03-31,ABBN.SW,0.07430560991273297,-0.07409840822219849,-0.06586320698261261,-0.005812655101769266
2020-04-30,ABBN.SW,0.022132327906588437,0.031494542956352234,0.03696582466363907,-0.003524672240760671
2020-05-29,ABBN.SW,0.11707833088742657,0.016405954957008362,0.015033354982733727,-0.0034020043710552006
2020-06-30,ABBN.SW,0.09831373503722451,-0.011346866376698017,-0.011841662228107452,0.003276866852161171
2020-07-31,ABBN.SW,0.010465515503274365,-0.004944972228258848,-0.006062968168407679,0.0059527168875113485
2020-08-31,ABBN.SW,0.024909073334928332,0.009962717071175575,0.005491436924785376,0.004276183087512517
2020-09-30,ABBN.SW,-0.04872746025940631,0.004723656456917524,0.0017341969069093466,0.0035897628320662824
2020-10-30,ABBN.SW,0.06183451623357426,-0.020131690427660942,-0.019154686480760574,0.0027113199090525886
2020-11-30,ABBN.SW,0.02967933785279828,0.004106075037270784,0.0035674632526934147,0.0031308379879090666
2020-12-31,ABBN.SW,0.08056994247630367,-0.0007031954010017216,-0.0010589633602648973,0.003665600398182151
2021-01-29,ABBN.SW,-0.0014572415086573619,0.007280856370925903,0.002196523593738675,0.008722259186019248
2021-02-26,ABBN.SW,0.10821698018438969,0.004990033805370331,-0.002001651097089052,0.010153156122655327
2021-03-31,ABBN.SW,0.03935801766740656,0.005356293637305498,0.004212548024952412,0.011522886023670168
2021-04-30,ABBN.SW,0.0382044394916002,0.0071142567321658134,0.00545527832582593,0.011373511505095087
2021-05-31,ABBN.SW,0.0365565683956398,0.01440292876213789,0.012470071204006672,0.014656688273958694
2021-06-30,ABBN.SW,0.08005298251927376,0.01348026655614376,0.014603551477193832,0.01406105936543905
2021-07-30,ABBN.SW,0.037435080972465395,0.006308138370513916,0.0060167135670781136,0.014652365437242269
2021-08-31,ABBN.SW,-0.08177891124875152,0.005121230147778988,0.007445117924362421,0.015264468831432275
2021-09-30,ABBN.SW,-0.018177686995161094,0.03824743628501892,0.03934715688228607,0.017814180092188787
2021-10-29,ABBN.SW,0.07322832080129991,5.833274917677045e-05,0.001824324717745185,0.01618741816318741
2021-11-30,ABBN.SW,0.10251143120682503,0.000487292098114267,-0.0038689065258949995,0.021136840284563394
2021-12-31,ABBN.SW,-0.09611426843264058,-0.00046986425877548754,-0.0002556837862357497,0.02264810225668738
2022-01-31,ABBN.SW,-0.02685747526273948,0.021369924768805504,0.022389806807041168,0.018974379513500474
2022-02-28,ABBN.SW,0.04802859299080257,0.017481667920947075,0.01899450458586216,0.01989821592397307
2022-03-31,ABBN.SW,-0.04432874439938212,0.01283249445259571,0.013739606365561485,0.01696720255863144
2022-04-29,ABBN.SW,0.009230105675457947,0.025784721598029137,0.023440895602107048,0.01864257401749947
2022-05-31,ABBN.SW,-0.10917408120148772,0.018031438812613487,0.014089053496718407,0.01619236417699858
2022-06-30,ABBN.SW,0.14660027553582447,0.03221115842461586,0.029525263234972954,0.014369011182805905
2022-07-29,ABBN.SW,-0.037185250577140026,-0.0023664559703320265,-0.0004339283041190356,0.01876936547327806
2022-08-31,ABBN.SW,-0.03358496692748979,0.011986803263425827,0.010809998959302902,0.014675046793430555
2022-09-30,ABBN.SW,0.08318231549543362,0.0011839609360322356,0.0017295852303504944,0.012675512646698911
2022-10-31,ABBN.SW,0.0657434236348565,-0.008659007027745247,-0.008310910314321518,0.013515056006332824
2022-11-30,ABBN.SW,-0.04387671774552025,-0.004885649774223566,-0.004956239368766546,0.013165813689849815
2022-12-30,ABBN.SW,0.1152417505011937,-0.004120034631341696,-0.0034847066272050142,0.011932023480776637
2023-01-31,ABBN.SW,-0.0011413202076957954,-4.393454946693964e-05,-0.0006599326734431088,0.017439287773751266
2023-02-28,ABBN.SW,-0.015547320580581482,0.0033165854401886463,0.002650737762451172,0.021825752320567986
2023-03-31,ABBN.SW,0.03111582666798304,0.005342200398445129,0.00698406808078289,0.020154259765817407
2023-04-28,ABBN.SW,0.06389019298722852,0.002670716494321823,0.002001444110646844,0.02023512178701524
2023-05-31,ABBN.SW,0.02911268270118351,0.0044453502632677555,0.004273274447768927,0.01857900660395235
2023-06-30,ABBN.SW,0.009702366673295399,-0.001790071139112115,-0.0016456241719424725,0.017186707053111747
2023-07-31,ABBN.SW,-0.03334209050796039,-0.004001977387815714,-0.004202507436275482,0.017777979984581218
2023-08-31,ABBN.SW,-0.03356324157551436,0.003268541768193245,0.002220393856987357,0.016657030900188923
2023-09-29,ABBN.SW,-0.07794757490528911,-0.001413558842614293,-0.00246596266515553,0.01697011596210564
2023-10-31,ABBN.SW,0.10519683309207237,0.018364790827035904,0.017613869160413742,0.013273860877579487
2023-11-30,ABBN.SW,0.09813807474156853,-0.002388824475929141,-0.0013706350000575185,0.016352058858655746
2023-12-29,ABBN.SW,0.0007291725168637894,0.005240415222942829,0.0023368506226688623,0.016767318959668837
2024-01-31,ABBN.SW,0.08515380322775931,0.0016209824243560433,0.0009709106525406241,0.01669606094165479
2024-02-29,ABBN.SW,0.021269996987731094,-0.006217511836439371,-0.005501489154994488,0.0167281528978546
2024-03-28,ABBN.SW,0.07922668175050596,-0.0030367227736860514,-0.0024239402264356613,0.015574784101797369
2024-04-30,ABBN.SW,0.08103180686519254,-0.001078008790500462,-0.00013907554966863245,0.017006942735281572
2024-05-31,ABBN.SW,0.03202492476619271,0.003959516994655132,0.00168864824809134,0.019019169164350893
2024-06-28,ABBN.SW,-0.04143331626049077,0.01165700051933527,0.009657604619860649,0.017584021131905037
2024-07-31,ABBN.SW,0.011421292279330314,0.023638276383280754,0.023339806124567986,0.016349430028449834
2024-08-30,ABBN.SW,0.00605602291970261,0.0005325460224412382,0.0004578230727929622,0.019507465299801026
2024-09-30,ABBN.SW,0.0005399895126490397,-0.0017734526190906763,-0.002365331631153822,0.0201105124505927
2024-10-31,ABBN.SW,0.05801611806574983,0.008342922665178776,0.008144672960042953,0.01742049746506459
2024-11-29,ABBN.SW,-0.033582667238901756,-0.006854911334812641,-0.00877379160374403,0.016184516544479166
2024-12-31,ABBN.SW,0.01697865427686462,0.004656206350773573,0.005369314458221197,0.017484277547722873
2025-01-31,ABBN.SW,-0.01838375884397074,-0.06894458830356598,-0.0728677436709404,0.018934428245816988
2025-02-28,ABBN.SW,-0.06573358939006252,0.02483828365802765,0.02250327728688717,0.017218147727752542
2025-03-31,ABBN.SW,-0.029404911225409208,0.0431496798992157,0.04088396206498146,0.017545040762392015
2025-04-30,ABBN.SW,0.09078499423629886,0.021242080256342888,0.01673801615834236,0.016937064886681712
2025-05-30,ABBN.SW,0.01540448037565724,0.013866590335965157,0.013368772342801094,0.021469253816615193
2025-06-30,ABBN.SW,0.11856995240588084,0.00916721299290657,0.009241605177521706,0.01967231710575881
2025-07-31,ABBN.SW,-0.004321257876231564,0.006626622751355171,0.0075349570252001286,0.022441414596201005
2025-08-29,ABBN.SW,0.06308156856883272,0.004879321902990341,0.004620427265763283,0.024475521152478627
2025-09-30,ABBN.SW,0.05095285021230883,0.0016519047785550356,0.0015750906895846128,0.02339844020635266
2025-10-31,ABBN.SW,-0.046469143728335674,0.005060356575995684,0.002050601178780198,0.023065731201265573
2025-11-28,ABBN.SW,0.030487418011647224,0.0282128918915987,0.0293748676776886,0.023216672005415488
2019-01-31,AD.AS,-0.009164325686328119,0.005034329369664192,0.007259683217853308,0.006272154758569657
2019-02-28,AD.AS,0.04526647572149494,0.00133910879958421,0.0004950046422891319,0.00592181750237887
2019-03-29,AD.AS,-0.069349165508684,0.008397198282182217,0.009998240508139133,0.00783168294161481
2019-04-30,AD.AS,-0.05606231359297818,0.010329733602702618,0.010634594596922398,0.005272344827980631
2019-05-31,AD.AS,-0.012343083527124377,0.007901405915617943,0.006521081551909447,0.004354138336086
2019-06-28,AD.AS,0.047976267038988885,0.008327275514602661,0.009620585478842258,-0.00031565069299308333
2019-07-31,AD.AS,0.051504629303916104,0.008946067653596401,0.007336156442761421,0.0009245260928097965
2019-08-30,AD.AS,0.07553315755686413,0.007092370186001062,0.008570925332605839,0.004005788538221669
2019-09-30,AD.AS,-0.018022351777555637,0.0046832626685500145,0.0025997443590313196,0.00594868526633653
2019-10-31,AD.AS,0.04638756865816873,0.006492349319159985,0.004848791752010584,0.006633452305848713
2019-11-29,AD.AS,-0.033923625356676576,0.012012071907520294,0.011251915246248245,0.00778047906789709
2019-12-31,AD.AS,0.0029113429668355486,0.009745655581355095,0.009105624631047249,0.005985722497607944
2020-01-31,AD.AS,-0.023240892673278994,0.010223554447293282,0.010375343263149261,0.00583243431451081
2020-02-28,AD.AS,0.01429783456861982,0.0006931354873813689,-0.01061116624623537,0.004595294670919915
2020-03-31,AD.AS,0.061016928226828866,0.003294394351541996,0.006011749152094126,0.00524177114132782
2020-04-30,AD.AS,0.02891030565190925,0.0066199046559631824,0.0057047768495976925,0.005899144829285083
2020-05-29,AD.AS,0.05584215499014296,-0.009146435186266899,-0.0066522774286568165,0.010780071476454631
2020-06-30,AD.AS,0.03403880616397336,0.0017417343333363533,-0.0088120112195611,0.012128380225988129
2020-07-31,AD.AS,0.049443142199782776,-0.0004635480872821063,-0.0008634692057967186,0.016201133612331293
2020-08-31,AD.AS,0.012216873031517365,0.0022342221345752478,0.0002014254278037697,0.016721458798559734
2020-09-30,AD.AS,-0.053693076094046124,0.006227437406778336,0.0032206501346081495,0.015866153689297235
2020-10-30,AD.AS,0.016814354011906615,0.0028671282343566418,0.0014591522049158812,0.012338503280457998
2020-11-30,AD.AS,-0.026183968778102952,-0.009518809616565704,-0.00901804305613041,0.010738274282258993
2020-12-31,AD.AS,0.028158764744969204,0.0037051679100841284,0.004156243987381458,0.010046225317073382
2021-01-29,AD.AS,-0.07570673427620239,0.007372947875410318,0.006619565654546022,0.011065723051394551
2021-02-26,AD.AS,0.08636246159508588,0.011505480855703354,0.010740323923528194,0.007953421887329368
2021-03-31,AD.AS,-0.041331074924323224,0.011181865818798542,0.008610504679381847,0.0070249973588540045
2021-04-30,AD.AS,0.053691091319977305,0.010930496267974377,0.007901995442807674,0.006442753139660449
2021-05-31,AD.AS,0.049545872172127914,0.004705870058387518,0.004660836420953274,0.00736833114762218
2021-06-30,AD.AS,0.037769997352878365,0.004335115198045969,0.0018681066576391459,0.007106923976343604
2021-07-30,AD.AS,0.11011502452414734,0.0006329761235974729,0.0007499733474105597,0.008683617329861584
2021-08-31,AD.AS,0.017349497396590863,-0.015198666602373123,-0.0034885737113654613,0.013808521893660565
2021-09-30,AD.AS,-0.021279270837306855,0.006558234337717295,0.004713852424174547,0.01318437204806232
2021-10-29,AD.AS,0.07282487449506299,0.01279824785888195,0.011062484234571457,0.009290873174857809
2021-11-30,AD.AS,0.02678804215044603,-0.0006688343710266054,-0.00265674339607358,0.011662301888935096
2021-12-31,AD.AS,-0.04687570409164272,0.0018081056186929345,0.0018827529856935143,0.010393979486073124
2022-01-31,AD.AS,-0.059646960695742934,0.0050432500429451466,0.0011803240049630404,0.009882910523700137
2022-02-28,AD.AS,0.04882485424005257,0.01252726186066866,0.01908857747912407,0.00751244666003972
2022-03-31,AD.AS,-0.01576937673967642,0.0007974639884196222,0.000987258623354137,0.010897480000608034
2022-04-29,AD.AS,-0.08795044721890385,0.005377179943025112,0.005644584074616432,0.01197226641752437
2022-05-31,AD.AS,-0.029210624432958975,0.011781640350818634,0.007920380681753159,0.010217541413147655
2022-06-30,AD.AS,0.07830828805129274,0.005676737055182457,0.0043079848401248455,0.0084289309834623
2022-07-29,AD.AS,0.03868788714863768,0.0017035248456522822,0.003250628476962447,0.009573754325889534
2022-08-31,AD.AS,-0.052061939821491,-0.003941911738365889,-0.0025663580745458603,0.007917295413330614
2022-09-30,AD.AS,0.07781784860114754,0.0044728294014930725,0.0057078818790614605,0.0071666079831092825
2022-10-31,AD.AS,-0.01103391691104593,-0.00652408367022872,-0.00619820412248373,0.007866996102334779
2022-11-30,AD.AS,-0.03568215195004322,-0.0009078122675418854,-0.0013937826734036207,0.008761659171225832
2022-12-30,AD.AS,0.00723909621870161,-0.0015130859101191163,0.001214882475323975,0.007868968488642603
2023-01-31,AD.AS,0.07099929121460236,0.0007067835540510714,6.232751911738887e-05,0.010137596809566237
2023-02-28,AD.AS,0.028249588337854466,-0.000790043268352747,-0.003962123766541481,0.012554017101372975
2023-03-31,AD.AS,0.016963402131972595,-0.0085916044190526,-0.009384481236338615,0.012185161037338429
2023-04-28,AD.AS,-0.023824116647135407,0.004075054544955492,0.004176765214651823,0.012324546423111142
2023-05-31,AD.AS,0.04370397451042244,0.0018697368213906884,-0.0024435988161712885,0.008696456526226871
2023-06-30,AD.AS,0.003990594615344597,-0.004140801262110472,-0.0037789896596223116,0.009049608422343801
2023-07-31,AD.AS,-0.01708322173505384,0.0020820624195039272,0.0014217724092304707,0.007668439638864581
2023-08-31,AD.AS,-0.056408120241054786,-9.011277870740741e-05,0.0008515212102793157,0.007500325587133649
2023-09-29,AD.AS,-0.007567127308377061,0.006263187155127525,0.004653812386095524,0.007789348964404728
2023-10-31,AD.AS,-0.06111572151027956,0.0025156543124467134,0.0035153417848050594,0.007359749541990615
2023-11-30,AD.AS,0.00206861206070646,0.025047048926353455,0.01957419328391552,0.00641126335494756
2023-12-29,AD.AS,0.002495495089821765,0.02328473888337612,0.021876882761716843,0.004969413983189088
2024-01-31,AD.AS,0.056432047965624406,0.017398320138454437,0.017218397930264473,0.007672701494007697
2024-02-29,AD.AS,0.007241042657784519,-0.0031886587385088205,-0.002404013415798545,0.006716578777029198
2024-03-28,AD.AS,0.03659416977678049,0.005135396029800177,0.0070226481184363365,0.008317356683340167
2024-04-30,AD.AS,0.005959641808974871,0.002769601298496127,-0.00015171468839980662,0.007902207489231107
2024-05-31,AD.AS,-0.020531754887322864,0.004719809163361788,0.0037079129833728075,0.0065964663727891126
2024-06-28,AD.AS,0.07806126678030893,0.004144864156842232,0.003815383417531848,0.004912683155477166
2024-07-31,AD.AS,0.05280643711392327,-0.0032387550454586744,-0.00326681905426085,0.0034997616550839217
2024-08-30,AD.AS,-0.0009663022978917759,0.0008889680029824376,-0.0032874129246920347,0.004868850717945578
2024-09-30,AD.AS,-0.006141958633459689,0.0033103793393820524,0.0023649490904062986,0.00579953948918113
2024-10-31,AD.AS,0.07436723646241447,0.005024052690714598,0.004831538535654545,0.0036411117321481687
2024-11-29,AD.AS,-0.03617489973001499,-0.0017230197554454207,-0.0018452450167387724,0.00496275601859174
2024-12-31,AD.AS,0.08780507478957483,0.007056065369397402,0.005929870530962944,0.005698694401788619
2025-01-31,AD.AS,-0.005577492733250158,0.0005036572692915797,0.0015259076608344913,0.009073927947938622
2025-02-28,AD.AS,0.017219037884540433,0.010798093862831593,0.011959291994571686,0.0077075319359709085
2025-03-31,AD.AS,0.06490000631810851,0.00602896511554718,0.0063888379372656345,0.00790113667764151
2025-04-30,AD.AS,0.02054019317914946,0.01864601857960224,0.015745704993605614,0.01277515363118853
2025-05-30,AD.AS,-0.04623826017948379,0.006825792137533426,0.006710687652230263,0.014124636168285928
2025-06-30,AD.AS,-0.023369609404175564,0.009858835488557816,0.008067934773862362,0.011278155772637995
2025-07-31,AD.AS,0.0044695173667746385,0.00556986965239048,0.006778677925467491,0.008975442804244844
2025-08-29,AD.AS,-0.0032168409719522,0.002308992901816964,0.0020152456127107143,0.010007567955854101
2025-09-30,AD.AS,0.04484285643374243,0.005940745584666729,0.005237059202045202,0.008701767384303874
2025-10-31,AD.AS,0.00952915127287617,0.0075193652883172035,0.007599512580782175,0.009523799151362415
2025-11-28,AD.AS,-0.020116882525355297,0.005207185633480549,0.004310676362365484,0.01008154321179037
2019-01-31,AI.PA,0.041595698961670285,0.006479249335825443,0.005118215922266245,0.008199864413973357
2019-02-28,AI.PA,0.033186917557111784,0.0025118098128587008,0.0020191771909594536,0.008526361014600038
2019-03-29,AI.PA,0.04485435429437271,0.007212883327156305,0.005890944041311741,0.008741056507630499
2019-04-30,AI.PA,-0.034588233335695245,0.0033808290027081966,0.0006368292961269617,0.010216768611116114
2019-05-31,AI.PA,0.09531029446153502,0.010492850095033646,0.01031210832297802,0.011668640758555227
2019-06-28,AI.PA,0.009704754685829209,0.001508416491560638,0.0012483187019824982,0.012293967236169207
2019-07-31,AI.PA,0.00915791326003144,0.005137843545526266,0.004669699352234602,0.012330241064685117
2019-08-30,AI.PA,0.030711813690674196,0.01357846800237894,0.011699947528541088,0.012737570866884342
2019-09-30,AI.PA,-0.012094271963710983,0.005251792259514332,0.004306717775762081,0.013723353474864938
2019-10-31,AI.PA,0.03262743556862974,0.002770027844235301,0.005104846321046352,0.01358964614850227
2019-11-29,AI.PA,0.023294109501987948,0.004573178477585316,0.007088963873684406,0.011534120239721939
2019-12-31,AI.PA,0.03656581412733008,0.00020759804465342313,-0.0002265405491925776,0.012754989759496417
2020-01-31,AI.PA,-0.044573610815388444,0.0059303296729922295,0.005923958029597998,0.014008680339460074
2020-02-28,AI.PA,-0.08752931606738665,0.013770121149718761,0.01849965751171112,0.01122488058353445
2020-03-31,AI.PA,-0.0047262344966603875,-0.05676935613155365,-0.06708506494760513,0.008612443612131834
2020-04-30,AI.PA,0.07316471956487941,0.006936832331120968,0.0022670950274914503,0.007854510315750105
2020-05-29,AI.PA,0.04327596662490667,-0.018055187538266182,-0.0112767918035388,0.009749500336018426
2020-06-30,AI.PA,0.09112411892677329,0.0034981067292392254,0.0030366810970008373,0.012213560453813485
2020-07-31,AI.PA,-0.003947693425704549,0.0042983414605259895,0.0032281512394547462,0.015821467603039017
2020-08-31,AI.PA,-0.0112094676423914,0.0007807333604432642,-0.0005998476408421993,0.013360421135378263
2020-09-30,AI.PA,-0.07507352345627849,0.000469560909550637,-0.0004888024413958192,0.010841909154123468
2020-10-30,AI.PA,0.09240840429596826,-0.021312836557626724,-0.029008127748966217,0.00946732448555797
2020-11-30,AI.PA,-0.017219803982428245,0.0019616447389125824,-0.0010708895279094577,0.011654146616022067
2020-12-31,AI.PA,0.013686342836692091,0.00356072629801929,0.0033951939549297094,0.010341531461912313
2021-01-29,AI.PA,-0.05794293754278398,0.0010035393061116338,0.0013241025153547525,0.01202715860686148
2021-02-26,AI.PA,0.10676298674139913,0.00040263173286803067,-0.003137194784358144,0.01118730152852581
2021-03-31,AI.PA,0.0058693306390597685,0.002913904143497348,0.002533536870032549,0.011829375655037782
2021-04-30,AI.PA,0.012092275350132041,0.0038447976112365723,0.004212674219161272,0.011362503211016629
2021-05-31,AI.PA,0.06701612008054524,0.003555003786459565,0.0032393510919064283,0.011998136707999096
2021-06-30,AI.PA,-0.013911723302657573,-0.0021908592898398638,-0.000642597209662199,0.012455868508226949
2021-07-30,AI.PA,0.03722981293567725,-0.006273337174206972,-0.006044096779078245,0.012630925034266783
2021-08-31,AI.PA,-0.08334164333575315,0.0031569446437060833,0.0018827075837180018,0.012804290723404624
2021-09-30,AI.PA,0.04003072347581846,0.0019451006082817912,0.0004641469568014145,0.011728281178171596
2021-10-29,AI.PA,0.021400059400808396,1.466467438149266e-05,0.0007802115869708359,0.013154569339281755
2021-11-30,AI.PA,0.04636408351857608,0.00033265608362853527,0.00020958410459570587,0.013615698236605356
2021-12-31,AI.PA,-0.012734056842120397,0.0023460376542061567,0.0018211115384474397,0.014692761355833542
2022-01-31,AI.PA,-0.022851272258159604,0.004992028698325157,0.00505527388304472,0.013411736954562055
2022-02-28,AI.PA,0.06684755459403215,0.004508424084633589,0.003851862158626318,0.012104197504531313
2022-03-31,AI.PA,0.02547199975059528,0.003258052049204707,0.0023792025167495012,0.012594138516265957
2022-04-29,AI.PA,0.016323585964679452,0.00028092015418224037,-0.0006149185937829316,0.014655007747754054
2022-05-31,AI.PA,-0.11571709801657763,-0.008543998934328556,-0.008017772808670998,0.012106232669291216
2022-06-30,AI.PA,0.04576749865862468,0.007492630276829004,0.008239450864493847,0.007611453605341421
2022-07-29,AI.PA,-0.044831321806177535,-0.0094740130007267,-0.009799391031265259,0.009195129690762638
2022-08-31,AI.PA,-0.07891194944061077,0.004955577198415995,0.005963438656181097,0.005798072801343936
2022-09-30,AI.PA,0.11812316135690405,0.011397147551178932,0.011885957792401314,0.00440872374591001
2022-10-31,AI.PA,0.0476738998537238,-0.018104607239365578,-0.01805240288376808,0.006540815872002762
2022-11-30,AI.PA,-0.043019035514526155,-0.004466799553483725,-0.003559910226613283,0.006905800786338043
2022-12-30,AI.PA,0.11030305142939252,0.00011953151260968298,-0.0002540159039199352,0.004608219079892099
2023-01-31,AI.PA,0.022074291393566387,-0.0002869669406209141,-0.0005949854967184365,0.009119265491127774
2023-02-28,AI.PA,0.0035802339293841677,-0.007008245214819908,-0.0057892450131475925,0.013836525502030838
2023-03-31,AI.PA,0.04909897593316937,-0.0058355992659926414,-0.006830625701695681,0.012206828796426095
2023-04-28,AI.PA,-0.003622185979501829,0.0032121259719133377,0.0009011870133690536,0.01313451109451279
2023-05-31,AI.PA,0.04102631063795809,0.004057314246892929,0.0022661841940134764,0.009913609415775336
2023-06-30,AI.PA,-0.00512882101566177,-0.004434013739228249,-0.005534609779715538,0.008496298830178637
2023-07-31,AI.PA,0.013135522792900235,0.0038141298573464155,0.004611038602888584,0.008482500201511669
2023-08-31,AI.PA,-0.04298190919390751,-0.003412487916648388,-0.00472837220877409,0.009571867266174329
2023-09-29,AI.PA,-0.0003754006400715717,0.0048540616407990456,0.002619593869894743,0.011014325344592776
2023-10-31,AI.PA,0.07205588827260673,0.0032889896538108587,0.0018545378698036075,0.008574920283349928
2023-11-30,AI.PA,0.006309230695579342,-0.0004168178711552173,-0.0010721988510340452,0.011151856632297329
2023-12-29,AI.PA,-0.017411545074714384,-0.0002137185074388981,-0.0013356800191104412,0.01129527095642952
2024-01-31,AI.PA,0.07869541614331217,-0.005212186370044947,-0.00396467000246048,0.012803854563499738
2024-02-29,AI.PA,0.025950910081786977,0.0019332807278260589,0.00019871347467415035,0.012559236504855317
2024-03-28,AI.PA,-0.04475347899248791,0.00136940844822675,0.0002680206671357155,0.012775297921864912
2024-04-30,AI.PA,-0.008616249735881973,0.00798399280756712,0.008016175590455532,0.011313962066123881
2024-05-31,AI.PA,-0.008782684304668194,-0.005385964177548885,-0.005929008591920137,0.00970829275019209
2024-06-28,AI.PA,0.025829258255663408,0.005133416503667831,0.0036929016932845116,0.008853348931832193
2024-07-31,AI.PA,0.003312558773655939,0.004108572844415903,0.0023892561439424753,0.009666854960948582
2024-08-30,AI.PA,0.026552790653956375,0.0033123402390629053,0.001744510605931282,0.012030511446201894
2024-09-30,AI.PA,-0.026197314305447045,0.002626903587952256,0.002570746699348092,0.011999268090491972
2024-10-31,AI.PA,-0.04585506538837563,0.010405149310827255,0.010327310301363468,0.010158932270762772
2024-11-29,AI.PA,-0.002291580146596276,0.005616894457489252,0.002976330928504467,0.007597289245569671
2024-12-31,AI.PA,0.07499083223029022,0.010372013784945011,0.009054792113602161,0.007392139506867308
2025-01-31,AI.PA,0.063648468951373,0.006757091265171766,0.005734982434660196,0.010272501306070714
2025-02-28,AI.PA,-0.008414855377713403,0.006086068227887154,0.005891811102628708,0.009769473497367058
2025-03-31,AI.PA,0.030477491616882256,0.0076349456794559956,0.008480623364448547,0.008898642561324123
2025-04-30,AI.PA,0.025672929900154646,0.020667456090450287,0.01836179383099079,0.009278973388578526
2025-05-30,AI.PA,-0.04061633995252057,0.004526444710791111,0.0041715181432664394,0.012750748735377146
2025-06-30,AI.PA,0.0010272281902943502,0.013226205483078957,0.011986078694462776,0.012599053478444415
2025-07-31,AI.PA,0.019598290573065023,0.006184412632137537,0.005876869894564152,0.012113780430488176
2025-08-29,AI.PA,0.0011343520834542526,0.00931614637374878,0.009014632552862167,0.015536334537571713
2025-09-30,AI.PA,-0.04179788527454349,0.007045045495033264,0.006091339513659477,0.012085729079792319
2025-10-31,AI.PA,-0.011981952937825306,0.00927810836583376,0.010063729248940945,0.008996552913459145
2025-11-28,AI.PA,-0.02763112725760198,0.008958457037806511,0.00888663437217474,0.009948673937617607
2019-01-31,AIR.PA,0.1279532048249972,-0.07578234374523163,-0.06096908450126648,0.017087190616719445
2019-02-28,AIR.PA,0.03715333909892524,0.0031307190656661987,0.0016810656525194645,0.01949748202768104
2019-03-29,AIR.PA,0.047210160997101194,0.007136448752135038,0.007106979377567768,0.021254610042814384
2019-04-30,AIR.PA,-0.06351076149155598,0.008119755424559116,0.012004749849438667,0.022946744468932655
2019-05-31,AIR.PA,0.07898396459079106,0.021724915131926537,0.02515718899667263,0.024526088486217595
2019-06-28,AIR.PA,0.04239923821712361,0.016635486856102943,0.020956385880708694,0.026166783810997733
2019-07-31,AIR.PA,-0.021947596822808606,0.02041814476251602,0.0229538194835186,0.02719951978038297
2019-08-30,AIR.PA,-0.05022726965987208,0.01762782409787178,0.023806359618902206,0.02555705941391525
2019-09-30,AIR.PA,0.053572618340747204,0.022280436009168625,0.01990916207432747,0.02368961437014704
2019-10-31,AIR.PA,0.038045976610984696,-0.0015556594589725137,-0.0012135893339291215,0.022373750183212478
2019-11-29,AIR.PA,-0.025817609274265605,0.0015119836898520589,0.004928522277623415,0.02225374463847227
2019-12-31,AIR.PA,0.03034435295773511,0.007093334104865789,0.01153323333710432,0.020774027795221698
2020-01-31,AIR.PA,-0.21354540525680135,0.01783432625234127,0.01727563515305519,0.019921037137603886
2020-02-28,AIR.PA,-0.5733311125039358,0.012771820649504662,0.028771668672561646,0.013717387702337326
2020-03-31,AIR.PA,-0.024911632423519625,0.026057930663228035,0.03439227491617203,-0.005657370032588778
2020-04-30,AIR.PA,-0.02059768205928827,0.0505124032497406,0.05473053455352783,-0.005938933722959147
2020-05-29,AIR.PA,0.1109006498455695,0.031751036643981934,0.03455594554543495,-0.007271154885642672
2020-06-30,AIR.PA,-0.02132140243351712,0.12414343655109406,0.13828368484973907,-0.0036365660714752224
2020-07-31,AIR.PA,0.10448914826295584,0.09580594301223755,0.08145371079444885,-0.002585723022255311
2020-08-31,AIR.PA,-0.095179293416316,0.03606678545475006,0.03768765181303024,-0.0028981930319280404
2020-09-30,AIR.PA,-0.009225668876772812,-0.029686685651540756,-0.028207246214151382,-0.008148151936509146
2020-10-30,AIR.PA,0.3376585179593194,0.023269999772310257,0.018155403435230255,-0.007877538359655581
2020-11-30,AIR.PA,0.039338965076763203,0.03722766786813736,0.042845893651247025,0.001648124108906283
2020-12-31,AIR.PA,-0.07719712202375911,0.03117862157523632,0.028414690867066383,0.0006509963472825201
2021-01-29,AIR.PA,0.19069983562392448,-0.017183030024170876,-0.010259016416966915,-0.003964639444313998
2021-02-26,AIR.PA,0.015415822217078191,0.030107805505394936,0.030329203233122826,0.001740035879089034
2021-03-31,AIR.PA,0.03461264424100508,0.032097313553094864,0.02877093479037285,0.0002771738571544101
2021-04-30,AIR.PA,0.06507616780106264,0.031495239585638046,0.02267194166779518,0.0011613703108399106
2021-05-31,AIR.PA,-0.0016890302947958906,-0.0075033605098724365,-0.002602571854367852,0.003175570005907538
2021-06-30,AIR.PA,0.06739320817809266,0.0166971106082201,0.018134035170078278,8.853192448679239e-05
2021-07-30,AIR.PA,-0.0072865632083930695,0.02931511029601097,0.016643082723021507,0.002302206329645445
2021-08-31,AIR.PA,0.013734186472577346,0.0032771422993391752,0.0045019653625786304,0.0021790209278887357
2021-09-30,AIR.PA,-0.03988121194131219,0.009348230436444283,0.017682747915387154,0.005386159624603525
2021-10-29,AIR.PA,-0.10385455178201405,0.007921411655843258,0.020369525998830795,0.005030922727004154
2021-11-30,AIR.PA,0.12728210573317003,-0.014266910962760448,-0.015114589594304562,0.005509990824253124
2021-12-31,AIR.PA,-0.0021382749888891658,0.005390117410570383,0.0013439491158351302,0.003905505553061017
2022-01-31,AIR.PA,-0.07344967970927889,0.02619396150112152,0.02512233518064022,2.4897442000959558e-05
2022-02-28,AIR.PA,-0.011730848125747945,0.024842271581292152,0.02823023498058319,6.230717300540847e-05
2022-03-31,AIR.PA,-0.04531325548867999,0.02913648448884487,0.03274603933095932,-0.002758034371882761
2022-04-29,AIR.PA,0.0642186813753071,0.02551482804119587,0.024329181760549545,-0.0018388980485850828
2022-05-31,AIR.PA,-0.1652589396855103,0.027686482295393944,0.027748143300414085,-0.00339408710653033
2022-06-30,AIR.PA,0.12614882987544526,0.015742922201752663,0.014778080396354198,-0.008581573683203237
2022-07-29,AIR.PA,-0.043853803084242485,-0.00034889549715444446,0.0008412681636400521,-0.0037134530713281125
2022-08-31,AIR.PA,-0.10548541592843591,-0.0023605653550475836,-0.002401459962129593,-0.005075627539369051
2022-09-30,AIR.PA,0.20925530922528582,0.018428632989525795,0.01845916360616684,-0.010159590891504299
2022-10-31,AIR.PA,-0.003656930294314262,-0.006882803980261087,-0.008721142075955868,-0.005114145735099755
2022-11-30,AIR.PA,0.016529231796860794,0.006066036410629749,0.015029036439955235,-0.004447711677584706
2022-12-30,AIR.PA,0.03973340717703968,-0.005005417857319117,-0.005713159684091806,-0.005356052036767577
2023-01-31,AIR.PA,0.06310080343817014,0.004025975242257118,0.0073058935813605785,0.00207552217051236
2023-02-28,AIR.PA,-0.025479129655938147,-0.004466088488698006,-0.005176635924726725,0.01701872708715999
2023-03-31,AIR.PA,0.030867069434012972,0.011594663374125957,0.006492782384157181,0.021397835338071516
2023-04-28,AIR.PA,-0.014737566545090569,0.003884141566231847,0.0025653073098510504,0.0211293734733483
2023-05-31,AIR.PA,0.06416109561290072,0.005091519560664892,0.0073294262401759624,0.01911483349444075
2023-06-30,AIR.PA,0.012164984282258158,0.00023689075896982104,-0.0010039155604317784,0.021773983972154513
2023-07-31,AIR.PA,-0.010655101164809952,0.002164684934541583,0.002697368385270238,0.017996365151141495
2023-08-31,AIR.PA,-0.06405599504316585,-0.010724280960857868,-0.01025688461959362,0.02221809824922093
2023-09-29,AIR.PA,-0.006161691697015187,-0.0006174041773192585,0.0018802048871293664,0.02080509021850638
2023-10-31,AIR.PA,0.07091267674045221,0.0033324402756989002,0.0042587569914758205,0.010196204469319323
2023-11-30,AIR.PA,0.03661947420621049,-0.001308603212237358,0.00010979079524986446,0.011913689674955923
2023-12-29,AIR.PA,0.06963173541407319,0.002351464470848441,0.00340784783475101,0.014556298813010472
2024-01-31,AIR.PA,0.03418565844699564,-0.0011402725940570235,-0.002336782868951559,0.011452342683661687
2024-02-29,AIR.PA,0.1099790004968802,1.2724795851681847e-05,0.000819377601146698,0.013236544268897407
2024-03-28,AIR.PA,-0.07354692268391756,0.0003690418670885265,-0.0024471532087773085,0.015840294139783915
2024-04-30,AIR.PA,0.013230049821078236,0.01958831585943699,0.021716786548495293,0.011246155695710167
2024-05-31,AIR.PA,-0.16914376495300232,0.001766880159266293,-0.0011963790748268366,0.01135144920485123
2024-06-28,AIR.PA,0.015165942302411401,0.028531717136502266,0.01651005819439888,0.004226567129155824
2024-07-31,AIR.PA,0.004277728433163663,0.007227303460240364,-0.0016992711462080479,0.0067576986313222015
2024-08-30,AIR.PA,-0.05630282191226753,-0.004391422029584646,-0.0015991745749488473,0.005946607018872458
2024-09-30,AIR.PA,0.06719271841643484,0.011492600664496422,0.00916590727865696,0.00566697127493021
2024-10-31,AIR.PA,0.05145018748733068,-0.0012659826315939426,-0.0030422518029809,0.011003652590446198
2024-11-29,AIR.PA,0.0477699133401787,0.013036949560046196,0.005113572813570499,0.00889721041695066
2024-12-31,AIR.PA,0.07190902988668675,0.004273432772606611,0.00449619023129344,0.00966009465088439
2025-01-31,AIR.PA,0.04252480197930816,0.002188392449170351,0.002264171838760376,0.011674565647528433
2025-02-28,AIR.PA,-0.017779374850086002,0.008229922503232956,0.00850675068795681,0.013235108650005026
2025-03-31,AIR.PA,-0.07878536343834644,0.036328963935375214,0.034701600670814514,0.0138236050705502
2025-04-30,AIR.PA,0.09966267053414755,-0.00041014052112586796,-0.0002031443000305444,0.009808739875402935
2025-05-30,AIR.PA,0.08952749029895005,0.0072316997684538364,0.006256625521928072,0.016857320822891906
2025-06-30,AIR.PA,0.01222335483862367,0.01344295497983694,0.013702109456062317,0.016035712123582246
2025-07-31,AIR.PA,0.01700970829189104,0.016488946974277496,0.01654953695833683,0.016670873520743527
2025-08-29,AIR.PA,0.08927064599367084,0.013416767120361328,0.009103043004870415,0.020145246671495285
2025-09-30,AIR.PA,0.054227182048737894,0.003383938455954194,0.002033684868365526,0.018787922408330937
2025-10-31,AIR.PA,-0.10265664190419939,0.00999089702963829,0.008754946291446686,0.02057247269700419
2025-11-28,AIR.PA,-0.02732017564040966,0.02164396643638611,0.019707972183823586,0.018004394741449978
2019-01-31,ALV.DE,0.06500476529653465,0.0020644066389650106,0.0020269856322556734,0.01191380495643192
2019-02-28,ALV.DE,0.013608599485563155,0.0027304261457175016,0.001538128242827952,0.012532447627487559
2019-03-29,ALV.DE,0.08002710439748345,0.002426932565867901,0.0026786415837705135,0.010973221617997261
2019-04-30,ALV.DE,-0.03198379434253054,2.329781636944972e-05,-0.0017267701914533973,0.013243782570246967
2019-05-31,ALV.DE,0.0743091739166668,0.009386127814650536,0.009878137148916721,0.017584942699995713
2019-06-28,ALV.DE,0.004471009354349616,-0.0011698507005348802,-0.0021833099890500307,0.01804172611476037
2019-07-31,ALV.DE,-0.05460063709045918,0.009488425217568874,0.006525394506752491,0.01709165986115494
2019-08-30,ALV.DE,0.06446065701512203,0.007055608090013266,0.0043058861047029495,0.015137216514110992
2019-09-30,ALV.DE,0.036951947049197235,0.004302462097257376,0.004679194651544094,0.01476744851648822
2019-10-31,ALV.DE,-0.007562774905621486,0.006970370654016733,0.0047236052341759205,0.013971622378392237
2019-11-29,ALV.DE,0.004819306067179755,0.006884293630719185,0.006448664236813784,0.01265046463152792
2019-12-31,ALV.DE,0.00022892661267785423,0.0011114225490018725,0.003470182651653886,0.011715989493192462
2020-01-31,ALV.DE,-0.10744757708597384,0.010658704675734043,0.010301664471626282,0.011313174297275705
2020-02-28,ALV.DE,-0.2425819431784602,0.01014346070587635,0.01627512276172638,0.00743689670470202
2020-03-31,ALV.DE,0.07370729871475423,-0.03407156094908714,-0.014235399663448334,0.0006320581747497981
2020-04-30,ALV.DE,0.024771011336973195,0.03584766760468483,0.02619512379169464,0.0020104898015189665
2020-05-29,ALV.DE,0.10153300172871675,0.0008604526519775391,0.002059659454971552,0.00213592969607965
2020-06-30,ALV.DE,0.016045834488859042,0.03473082557320595,0.02914588525891304,0.0044003972477938535
2020-07-31,ALV.DE,0.029632737886414812,0.008833223953843117,0.007097271271049976,0.0032712106418848227
2020-08-31,ALV.DE,-0.0961478416877173,0.0049896701239049435,0.004544930998235941,0.003473334892317714
2020-09-30,ALV.DE,-0.0838494797759843,-0.0026064508128911257,-0.0058106305077672005,-0.0015572135887697632
2020-10-30,ALV.DE,0.2688714780455335,-0.024579068645834923,-0.016100499778985977,-0.0032509637612991612
2020-11-30,ALV.DE,0.015262660746017585,0.007616017013788223,0.010929514653980732,0.004573174660872395
2020-12-31,ALV.DE,-0.06398723632955393,0.0033359385561197996,0.0012150079710409045,0.003560881969140913
2021-01-29,ALV.DE,0.08466755203154898,-0.00011025772982975468,3.139593172818422e-05,0.0032408212653649324
2021-02-26,ALV.DE,0.07145904479726403,-0.0004118768556509167,-0.001046172110363841,0.007038283776539577
2021-03-31,ALV.DE,-0.0029991218449386295,8.289466495625675e-05,-0.0005129976780153811,0.007115417452933512
2021-04-30,ALV.DE,0.03990831230755992,0.005426978226751089,0.004609671421349049,0.0071398697367758895
2021-05-31,ALV.DE,-0.012376110778762208,0.00338627933524549,0.0049807848408818245,0.01040668880169382
2021-06-30,ALV.DE,0.005689910522988156,0.005535700358450413,0.00431800726801157,0.0077472268320562965
2021-07-30,ALV.DE,-0.057225569811190105,0.008154058828949928,0.007355246227234602,0.007242507014773371
2021-08-31,ALV.DE,-0.015702239729691557,0.003492939518764615,0.0032012711744755507,0.004595644716542304
2021-09-30,ALV.DE,0.03187231313970171,0.005960400681942701,0.005260684061795473,0.006471684367531452
2021-10-29,ALV.DE,-0.04613909789310729,0.005901537369936705,0.004249255638569593,0.005810987180298611
2021-11-30,ALV.DE,0.07823437194403743,-0.0052747707813978195,-0.002075061434879899,0.007249981028939996
2021-12-31,ALV.DE,0.09063683016711944,0.002460407093167305,0.0029137833043932915,0.007289947834548899
2022-01-31,ALV.DE,-0.1498056809202251,0.005270274821668863,0.008069534786045551,0.008334949400055969
2022-02-28,ALV.DE,0.07233204645033842,-0.016020867973566055,-0.014439098536968231,0.004969082052582606
2022-03-31,ALV.DE,-0.007183327253237274,0.011311421170830727,0.00888263899832964,0.0043820315002587075
2022-04-29,ALV.DE,-0.02799117563996756,0.0017905936110764742,0.0016829671803861856,0.005225538399750892
2022-05-31,ALV.DE,-0.059689350962493955,0.00765561917796731,0.007864863611757755,0.0020565407513288094
2022-06-30,ALV.DE,-0.026709704734257596,0.003458832623437047,0.004342532251030207,0.000551417629030906
2022-07-29,ALV.DE,-0.045575199114300934,0.0041189719922840595,0.006023123394697905,0.001477388608548624
2022-08-31,ALV.DE,-0.0546144545507115,0.00826960802078247,0.00910003762692213,-0.002231804962785954
2022-09-30,ALV.DE,0.11874411155040782,0.016590546816587448,0.017781931906938553,-0.004247884791769148
2022-10-31,ALV.DE,0.12082747421637878,0.0021844718139618635,0.00283472565934062,-0.0007092671783015536
2022-11-30,ALV.DE,-0.017026918933740986,-0.005989623721688986,-0.0062147993594408035,0.0025284852937252416
2022-12-30,ALV.DE,0.09693791274377048,-0.0022820690646767616,-0.0018988557858392596,0.0017456365103906259
2023-01-31,ALV.DE,0.009534735897579062,-0.00043343150173313916,-0.0007411555270664394,0.007653629065393192
2023-02-28,ALV.DE,-0.05934529202657438,-0.0016442270716652274,-0.0015856798272579908,0.014585810694315722
2023-03-31,ALV.DE,0.04389996126741123,0.0011043091071769595,0.004253147169947624,0.010796775289984756
2023-04-28,ALV.DE,-0.03762097411076313,0.0004309267969802022,0.00020365213276818395,0.010939697027436787
2023-05-31,ALV.DE,0.05387772739742783,0.012741532176733017,0.01264965906739235,0.0070338488771855496
2023-06-30,ALV.DE,0.019508259768526853,-0.004555126652121544,-0.003883967874571681,0.008129925281711723
2023-07-31,ALV.DE,0.036581226325545745,-0.0020613486412912607,-0.0002605859481263906,0.008768235815933235
2023-08-31,ALV.DE,0.005999319139171604,0.00030859719845466316,0.0009581758640706539,0.012699133816686588
2023-09-29,ALV.DE,-0.020817730104238145,-0.002839755965396762,-0.00498914485797286,0.015143439836944796
2023-10-31,ALV.DE,0.04470759181287199,-0.002309714676812291,-0.0011630159569904208,0.00716432672269243
2023-11-30,ALV.DE,0.060369394251739615,-0.0005843483377248049,-0.000965377374086529,0.00800147423935808
2023-12-29,ALV.DE,0.02308361014880903,-0.002477313159033656,-0.0008403075626119971,0.010723778239897477
2024-01-31,ALV.DE,0.02412165126589458,-0.0022344174794852734,-0.002246253192424774,0.009683207750926348
2024-02-29,ALV.DE,0.09015779717209316,-0.003664738265797496,-0.0037103197537362576,0.008239529896213115
2024-03-28,ALV.DE,-0.04227790333932182,0.00013837059668730944,6.499467417597771e-05,0.010871015990300072
2024-04-30,ALV.DE,0.04179022534071139,0.00795772299170494,0.007680934388190508,0.008535370170241825
2024-05-31,ALV.DE,-0.021854584338002987,-0.002753121079877019,-0.0012430556816980243,0.01112254275077746
2024-06-28,ALV.DE,-0.0027011796204364723,0.008273419924080372,0.008148187771439552,0.010196182524020016
2024-07-31,ALV.DE,0.07424492692100838,0.0015588903333991766,0.0006176115712150931,0.011964239606091102
2024-08-30,ALV.DE,0.048976745916959115,0.002525059971958399,0.0016687855822965503,0.014370484038666994
2024-09-30,ALV.DE,0.0,-0.003522156272083521,-0.006110088434070349,0.015021115930317125
2024-10-31,ALV.DE,0.009628711659864017,0.0046643163077533245,0.004970364738255739,0.015690729524323942
2024-11-29,ALV.DE,0.012582985875380495,2.241382753709331e-05,-0.0009854288073256612,0.013785016738652449
2024-12-31,ALV.DE,0.06445408861403976,-0.0013816971331834793,-0.0004356054705567658,0.011512535777607727
2025-01-31,ALV.DE,0.07916146029246186,0.0014475432690232992,0.0005639924202114344,0.016467340331139255
2025-02-28,ALV.DE,0.06391393951863089,0.006254157982766628,0.006860034540295601,0.01631576883424763
2025-03-31,ALV.DE,0.0335133417997312,0.004951301962137222,0.005776494275778532,0.018416425327116258
2025-04-30,ALV.DE,-0.003855686918458306,0.015756942331790924,0.01643853820860386,0.019724246759734696
2025-05-30,ALV.DE,-0.013279674080371742,0.007846572436392307,0.00933504942804575,0.02229639908735232
2025-06-30,ALV.DE,0.0017421731532152303,0.007721597328782082,0.00733908312395215,0.02308679010275509
2025-07-31,ALV.DE,0.03953081737501024,0.006007020827382803,0.005499804858118296,0.023829803644543283
2025-08-29,ALV.DE,-0.013378221167604676,0.005831572227180004,0.005172580014914274,0.025727443006259114
2025-09-30,ALV.DE,-0.008711683145666584,0.007814080454409122,0.00691648107022047,0.02346695625542782
2025-10-31,ALV.DE,0.05991479040184815,0.00996615830808878,0.011544566601514816,0.018967063929110455
2025-11-28,ALV.DE,0.047728051593584925,0.0026948649901896715,0.002398262033239007,0.02092844281797193
2019-01-31,ASML.AS,0.05238290840262746,-0.12293624132871628,-0.10980450361967087,0.01786443964111125
2019-02-28,ASML.AS,0.037041234568280394,0.0011795860482379794,-0.00041005865205079317,0.018143602394619342
2019-03-29,ASML.AS,0.11547398208635139,0.015274787321686745,0.01091286726295948,0.019463095109120244
2019-04-30,ASML.AS,-0.09455589315146351,-0.002403444144874811,-0.002430082531645894,0.02144941234142503
2019-05-31,ASML.AS,0.11197777179919419,0.06612788885831833,0.05324092134833336,0.02047037775569153
2019-06-28,ASML.AS,0.1145973948207882,-0.0018561154138296843,-0.0008890424505807459,0.018632210277901788
2019-07-31,ASML.AS,-0.016807331634926096,0.003721789224073291,0.005827571731060743,0.022050569721635552
2019-08-30,ASML.AS,0.11654627704418731,0.017810149118304253,0.015142245218157768,0.021295528689591427
2019-09-30,ASML.AS,0.052711618370332655,0.0062772841192781925,0.006591564975678921,0.02480682081100623
2019-10-31,ASML.AS,0.054191930623199526,0.006003348622471094,0.008129827678203583,0.025076973891772807
2019-11-29,ASML.AS,0.06238545360953681,-0.006162356119602919,-0.002122900914400816,0.02432279399649258
2019-12-31,ASML.AS,0.004917809573024644,0.002534722676500678,0.008838994428515434,0.024286329261841946
2020-01-31,ASML.AS,-0.01585778717763053,0.028248094022274017,0.032152384519577026,0.022909017128553234
2020-02-28,ASML.AS,-0.013594972367062613,0.034821465611457825,0.04036504402756691,0.02066052337379144
2020-03-31,ASML.AS,0.11505016639131961,-0.09669484198093414,-0.1073315218091011,0.019918377732966192
2020-04-30,ASML.AS,0.07917568903431046,-0.012318223714828491,0.0039856331422924995,0.023459863427663735
2020-05-29,ASML.AS,0.09517036228250655,-0.0293717123568058,-0.022100454196333885,0.02570560502116474
2020-06-30,ASML.AS,-0.05696065617293246,-0.008898395113646984,-0.018112577497959137,0.025937685262760315
2020-07-31,ASML.AS,0.047566071655387475,-0.011397107504308224,-0.021811142563819885,0.024355401567038734
2020-08-31,ASML.AS,0.012489385521829462,0.008277741260826588,0.006909645162522793,0.02379555227483945
2020-09-30,ASML.AS,0.0009527498518752373,0.00279045756906271,0.0023516134824603796,0.020990232816629963
2020-10-30,ASML.AS,0.15759182956189657,-0.0031562193762511015,-0.0048089344054460526,0.020208858778875596
2020-11-30,ASML.AS,0.09096607297266611,0.003034659894183278,0.0029426231049001217,0.02619782911522196
2020-12-31,ASML.AS,0.13475705085633743,-0.003452474717050791,-0.0053457096219062805,0.025490032110422875
2021-01-29,ASML.AS,0.09023904931490391,0.012871072627604008,0.027901070192456245,0.028734020800568142
2021-02-26,ASML.AS,0.10428546300308333,0.023488963022828102,0.025880178436636925,0.02999985389668964
2021-03-31,ASML.AS,0.04574600059614945,0.02834872156381607,0.044407911598682404,0.0333950912538304
2021-04-30,ASML.AS,0.01389376763360462,0.06121977046132088,0.0559813529253006,0.03269648629174883
2021-05-31,ASML.AS,0.07513848805390491,0.042953506112098694,0.040686823427677155,0.033302658113958335
2021-06-30,ASML.AS,0.10368474710767203,0.057037267833948135,0.054795362055301666,0.032446692587689445
2021-07-30,ASML.AS,0.10479683504599963,0.01326883863657713,0.026060547679662704,0.036264791843631725
2021-08-31,ASML.AS,-0.08406082301533181,-0.002714330330491066,-0.0017093266360461712,0.041673877923157895
2021-09-30,ASML.AS,0.08114942148055482,-0.004217705223709345,0.0029213596135377884,0.042078777252853
2021-10-29,ASML.AS,0.00870720717066302,0.0037309974431991577,-0.0013490905985236168,0.04420003401286208
2021-11-30,ASML.AS,0.005558761065653904,0.010390871204435825,0.021857818588614464,0.04703145388981228
2021-12-31,ASML.AS,-0.1733903005055616,0.010545560158789158,0.014947835355997086,0.043432022081641077
2022-01-31,ASML.AS,-0.029026925773613148,0.07092045992612839,0.05975988507270813,0.03708827624400178
2022-02-28,ASML.AS,0.055375930873303225,0.03840915113687515,0.04056268557906151,0.03692358953844166
2022-03-31,ASML.AS,-0.12969804418908945,0.025326892733573914,0.026736360043287277,0.03358071442919315
2022-04-29,ASML.AS,0.02160248583042798,0.07359612733125687,0.07274375110864639,0.033229943586472174
2022-05-31,ASML.AS,-0.1416668885708403,0.02847537398338318,0.037978678941726685,0.030451653414292384
2022-06-30,ASML.AS,0.19752481820052678,0.02214132621884346,0.01110142469406128,0.022911129629569232
2022-07-29,ASML.AS,-0.0960983860211698,0.00034019286977127194,0.005394541192799807,0.029915605292851952
2022-08-31,ASML.AS,-0.1152330959465031,0.04772437363862991,0.03991132229566574,0.021817416568694774
2022-09-30,ASML.AS,0.09748819560210698,0.015811743214726448,0.02011173963546753,0.017500151074558812
2022-10-31,ASML.AS,0.16087323212278692,-0.011121295392513275,-0.014293240383267403,0.019115103881641407
2022-11-30,ASML.AS,-0.10771992050826476,0.024001380428671837,0.030602646991610527,0.021796980294140206
2022-12-30,ASML.AS,0.18040124814285008,0.02852415107190609,0.026511190459132195,0.01817792989559814
2023-01-31,ASML.AS,-0.045434809366844235,0.009925737045705318,0.011322258040308952,0.02538853149905592
2023-02-28,ASML.AS,0.036648973700155414,0.004728682339191437,0.006148070562630892,0.02674190164129829
2023-03-31,ASML.AS,-0.0843604328006371,-0.014277638867497444,-0.004505843855440617,0.023914896608462407
2023-04-28,ASML.AS,0.16473090421133357,0.02388802357017994,0.01899239607155323,0.019918117805602313
2023-05-31,ASML.AS,-0.004627017053190776,0.011042124591767788,0.009222335182130337,0.02113978861783239
2023-06-30,ASML.AS,-0.01642354301520384,0.004472771193832159,0.0024273088201880455,0.021965895837619997
2023-07-31,ASML.AS,-0.059760742077746634,0.019813286140561104,0.019520726054906845,0.02054609207420308
2023-08-31,ASML.AS,-0.08368216031665617,0.0029067471623420715,0.0011993832886219025,0.01878028046044797
2023-09-29,ASML.AS,-0.01278050372943076,0.010763594880700111,0.009652518667280674,0.017270622103352826
2023-10-31,ASML.AS,0.1096609172389633,0.02044745162129402,0.01791469193994999,0.012745293235097939
2023-11-30,ASML.AS,0.06418730146361983,0.004072553478181362,0.003186063142493367,0.013179739416503954
2023-12-29,ASML.AS,0.16164557882620745,0.0008713958668522537,0.0006783122662454844,0.01236662526650556
2024-01-31,ASML.AS,0.08848109439742564,0.018916450440883636,0.012861736118793488,0.014839661750782983
2024-02-29,ASML.AS,0.02462246218483875,-0.0014291233383119106,0.00027276884065940976,0.015327329172293685
2024-03-28,ASML.AS,-0.04906231637631972,0.043726593255996704,0.037470798939466476,0.01426499262904869
2024-04-30,ASML.AS,0.06486116991743733,0.10563588887453079,0.07725206017494202,0.012200530599556749
2024-05-31,ASML.AS,0.09156576803737212,0.005706951022148132,0.002338012447580695,0.01211267542924547
2024-06-28,ASML.AS,-0.17698873100094603,-0.0075683495961129665,-0.009492709301412106,0.012071367969166906
2024-07-31,ASML.AS,-0.03286822286357286,0.04820994287729263,0.04690154641866684,0.005878184087955003
2024-08-30,ASML.AS,-0.08531116864630492,-0.006627312395721674,-0.005131052806973457,0.007126785636286239
2024-09-30,ASML.AS,-0.12692693943901148,0.03665774688124657,0.03184623643755913,0.0026635772214809172
2024-10-31,ASML.AS,0.058159617437958104,0.06984670460224152,0.06758826225996017,-0.0024619479190437993
2024-11-29,ASML.AS,0.030366593064764597,0.03157097101211548,0.03052113577723503,-0.0010008130198131157
2024-12-31,ASML.AS,0.040426936624067815,0.027993494644761086,0.023305006325244904,0.005080671925659431
2025-01-31,ASML.AS,-0.04370353058760343,0.024923130869865417,0.025432027876377106,0.006059039720274858
2025-02-28,ASML.AS,-0.11315168092719312,0.026772933080792427,0.02801564894616604,0.0032877039444785014
2025-03-31,ASML.AS,-0.03643618798720765,0.0426679328083992,0.04174190014600754,0.004690249281116449
2025-04-30,ASML.AS,0.1332093305210771,0.03569554537534714,0.03507049009203911,0.004107270640220416
2025-05-30,ASML.AS,0.035602699567520955,-0.005310337524861097,-0.0050618755631148815,0.009168466771822889
2025-06-30,ASML.AS,-0.08136202403654869,-0.000777868670411408,0.0006262959796003997,0.008421100356969807
2025-07-31,ASML.AS,0.03761336322942472,0.025892267003655434,0.02679385058581829,0.0053008434784460115
2025-08-29,ASML.AS,0.2598479309864776,0.0035197245888412,0.004049153067171574,0.010609874050048996
2025-09-30,ASML.AS,0.10635074739677305,0.007361121010035276,0.009747537784278393,0.015328205139412403
2025-10-31,ASML.AS,0.00932355707022194,-0.00041107196011580527,-0.0012852344661951065,0.014166076567544601
2025-11-28,ASML.AS,0.01646763065423595,0.05916569009423256,0.056195154786109924,0.01663460560702669
2019-01-31,BAS.DE,0.06432298860557452,-0.013377899304032326,-0.014727698639035225,0.004368819241697507
2019-02-28,BAS.DE,-0.022035350497327372,-0.003173716366291046,0.0034914580173790455,0.003491983131147711
2019-03-29,BAS.DE,0.10094055994927291,-0.0006799299735575914,0.0012291056336835027,0.0010369873181548003
2019-04-30,BAS.DE,-0.15138917968855262,0.010400762781500816,0.011255798861384392,0.0030220051600672805
2019-05-31,BAS.DE,0.07970390588885395,0.022160742431879044,0.021467963233590126,0.00045998985379095786
2019-06-28,BAS.DE,-0.027116674850933244,0.008025569841265678,0.008577823638916016,-1.8379556133411395e-05
2019-07-31,BAS.DE,-0.014309743310206638,0.01070041861385107,0.0065949540585279465,-0.0017901602012523087
2019-08-30,BAS.DE,0.0634162407843069,-0.002559295389801264,-0.004442238714545965,-0.0019627491078446266
2019-09-30,BAS.DE,0.08773879836344782,0.0066317408345639706,-0.009802338667213917,-0.0030956531544633873
2019-10-31,BAS.DE,-0.0001464792368725031,0.0007968816207721829,0.0025720580015331507,-0.0013905842544730384
2019-11-29,BAS.DE,-0.012834875381695988,0.006944640073925257,0.00686773844063282,-0.0037868984680713424
2019-12-31,BAS.DE,-0.08276857348305709,0.0035408814437687397,0.0030448429752141237,-0.005095680448966861
2020-01-31,BAS.DE,-0.14059732415750592,0.007272551767528057,0.0041971998289227486,-0.0068497080868075025
2020-02-28,BAS.DE,-0.22335566758594916,0.025764228776097298,0.019425155594944954,-0.011473083674897671
2020-03-31,BAS.DE,0.07885631197577098,-0.01814458519220352,-0.008105719462037086,-0.017214143247222355
2020-04-30,BAS.DE,0.04112636216101491,0.04730648174881935,0.05459205061197281,-0.01401347646143663
2020-05-29,BAS.DE,0.09311651314945353,0.0034233347978442907,0.011103730648756027,-0.013210174067215487
2020-06-30,BAS.DE,-0.007041817026897724,0.045851003378629684,0.04692460596561432,-0.009572439540991887
2020-07-31,BAS.DE,0.08690467311306668,-0.010521023534238338,-0.019656356424093246,-0.011483461151277026
2020-08-31,BAS.DE,0.02475937593256005,0.00788390077650547,0.006869744975119829,-0.011391980473126407
2020-09-30,BAS.DE,-0.1087222005857306,0.00459104310721159,0.0053007458336651325,-0.012037758090202392
2020-10-30,BAS.DE,0.2646332053957486,-0.05722741782665253,-0.05742041766643524,-0.015012029774118639
2020-11-30,BAS.DE,0.05380121727707982,-0.0016046944074332714,9.710719314171001e-05,-0.007732432664523737
2020-12-31,BAS.DE,0.0013895076879063808,0.01140860840678215,0.006018740125000477,-0.006702984047661157
2021-01-29,BAS.DE,0.0791865988721499,0.027639368548989296,0.02914905548095703,-0.005181994171731547
2021-02-26,BAS.DE,0.03339443976463001,0.005756407976150513,0.0028398227877914906,-0.0009036693088077592
2021-03-31,BAS.DE,-0.006612213340192792,0.009802521206438541,0.010480624623596668,-0.001401398061413064
2021-04-30,BAS.DE,-0.006280848639571507,0.015341084450483322,0.01480514369904995,-0.002774480868488095
2021-05-31,BAS.DE,0.002547020833533543,0.01013971958309412,0.009325372986495495,-0.0008965633573948159
2021-06-30,BAS.DE,0.004804809655892327,0.005794930271804333,0.006808796431869268,-0.0023886810643222425
2021-07-30,BAS.DE,0.008121490766838426,8.470172178931534e-05,-0.0007280371501110494,-0.0011735804457973817
2021-08-31,BAS.DE,0.004720281980824377,0.0030488658230751753,0.0021184971556067467,-0.0007684172387523046
2021-09-30,BAS.DE,-0.0557390278147475,0.005067227408289909,0.005175963509827852,0.0040780106509103525
2021-10-29,BAS.DE,-0.07154221299664876,0.005145641043782234,0.005334816407412291,0.002655398095337892
2021-11-30,BAS.DE,0.06017740620440826,0.01677735522389412,0.010119096376001835,0.0034839306847234503
2021-12-31,BAS.DE,0.08884413678484028,0.01991887390613556,0.017814625054597855,0.002701544874672853
2022-01-31,BAS.DE,-0.19568053829134768,0.011598876677453518,0.014560793526470661,0.0045488692743909966
2022-02-28,BAS.DE,-0.07370569563234684,-0.08392641693353653,-0.08331859111785889,0.0015273341339036017
2022-03-31,BAS.DE,-0.0174279825027517,0.06575160473585129,0.0691332146525383,-0.005026450250574898
2022-04-29,BAS.DE,0.0900556428902902,0.022923186421394348,0.021241597831249237,-0.0015553032738157497
2022-05-31,BAS.DE,-0.20987631696627473,0.010542907752096653,0.008411423303186893,-0.0010926583606346697
2022-06-30,BAS.DE,0.04450919301591348,0.025015773251652718,0.029134970158338547,-0.005404291916927718
2022-07-29,BAS.DE,-0.02743723942246556,-0.016585836187005043,-0.012497017160058022,-0.0032521982410663236
2022-08-31,BAS.DE,-0.07962682223751369,0.011401827447116375,0.016033504158258438,-0.006683905879952515
2022-09-30,BAS.DE,0.1374537239434415,0.005980650428682566,0.005281441379338503,-0.010325528150930931
2022-10-31,BAS.DE,0.07676117966280153,-0.02491571381688118,-0.016972893849015236,-0.006483141245397728
2022-11-30,BAS.DE,-0.04478900565313369,0.00236998638138175,0.0031580717768520117,-0.00408969741492762
2022-12-30,BAS.DE,0.12904830090049493,0.00045124292955733836,-9.156329178949818e-05,-0.0035056053853765377
2023-01-31,BAS.DE,-0.07992346618955266,0.00047371629625558853,-0.0005856345524080098,0.004664087302557284
2023-02-28,BAS.DE,-0.027078148595284922,0.01446218229830265,0.007495282683521509,0.009616833595120926
2023-03-31,BAS.DE,0.005567252354737958,0.0028852412942796946,0.0027253050357103348,0.006001421020653683
2023-04-28,BAS.DE,-0.0030997020289949104,0.008952653035521507,0.007128645200282335,0.005394897940784392
2023-05-31,BAS.DE,-0.008478879763892298,0.00922694243490696,0.009243261069059372,0.001949654398540902
2023-06-30,BAS.DE,0.09230060018702624,0.01048037689179182,0.009330607019364834,0.002318509004385769
2023-07-31,BAS.DE,-0.0589089291168797,-0.0013673607027158141,-0.007692181970924139,0.00364300139087433
2023-08-31,BAS.DE,-0.08563283468625511,0.0027839732356369495,0.002822327893227339,0.0021982938706431128
2023-09-29,BAS.DE,-0.030015296207493943,0.01968107558786869,0.019544692710042,0.0028413885216055246
2023-10-31,BAS.DE,-0.012946757655777465,0.004185771569609642,0.005188618320971727,-0.004021286961229448
2023-11-30,BAS.DE,0.1394001938607975,0.016983285546302795,0.01773330755531788,-0.006249800558724977
2023-12-29,BAS.DE,-0.092505608342733,0.004171513952314854,0.0030824635177850723,-0.002460554166960215
2024-01-31,BAS.DE,0.05715228147804503,0.008436804637312889,0.01077888160943985,-0.006933062602066078
2024-02-29,BAS.DE,0.11722826759428226,-0.004821852780878544,-0.005020509473979473,-0.006445165987610839
2024-03-28,BAS.DE,-0.0070214043253188745,-0.0018163211643695831,-0.002463112585246563,-0.0028035867904623187
2024-04-30,BAS.DE,-0.039737468059470794,0.010155382566154003,0.00801299512386322,-0.0027677550561687626
2024-05-31,BAS.DE,-0.0866921987174139,0.005489068105816841,0.0005034414934925735,-0.0028967142004395143
2024-06-28,BAS.DE,-0.04956507395521611,0.012892184779047966,0.007796234451234341,-0.004799204139632036
2024-07-31,BAS.DE,0.05912219488133155,0.021271325647830963,0.017339587211608887,-0.006257498667673778
2024-08-30,BAS.DE,0.036511697581927356,0.0077980984933674335,0.006862686015665531,-0.004149701280243315
2024-09-30,BAS.DE,-0.0491318923130499,0.015286020003259182,0.015064856968820095,-0.0017157790658215678
2024-10-31,BAS.DE,-0.05112237987859982,0.011622675694525242,0.01130453310906887,-0.0013144010260689207
2024-11-29,BAS.DE,0.0009425947131151588,0.017079319804906845,0.01605954021215439,-0.004406061750596916
2024-12-31,BAS.DE,0.10699596933513075,0.014750123023986816,0.014846398495137691,-0.007367497110303107
2025-01-31,BAS.DE,0.07040790767635093,0.0028380504809319973,0.0007482547662220895,-0.0007677647940700114
2025-02-28,BAS.DE,-0.06974065595408617,0.020191343501210213,0.019669130444526672,0.00402060488674331
2025-03-31,BAS.DE,-0.027949881453007534,0.035372134298086166,0.04148774966597557,0.003318613939538608
2025-04-30,BAS.DE,0.00593411768803959,0.03018776886165142,0.02088279463350773,0.0003663555544747164
2025-05-30,BAS.DE,-0.012817621236865572,0.008233058266341686,0.007271372247487307,0.005135426604873366
2025-06-30,BAS.DE,0.04758362631358634,0.008008014410734177,0.00787194911390543,0.005187910446947491
2025-07-31,BAS.DE,0.04971654121952053,0.005506153218448162,0.006741466466337442,0.006869594492133721
2025-08-29,BAS.DE,-0.06301116813287652,0.005352592095732689,0.003692138474434614,0.00902808957213545
2025-09-30,BAS.DE,0.03089320147018247,0.007423683535307646,0.0062685757875442505,0.003436080333081317
2025-10-31,BAS.DE,0.04456356771319268,0.01014604140073061,0.010751387104392052,0.0016894795144442032
2025-11-28,BAS.DE,-0.010522928931318237,-0.0020003884565085173,-0.0012851291103288531,0.004325775704645257
2019-01-31,BBVA.MC,0.0396298306810134,-0.04003740847110748,-0.03871776536107063,0.000824258372904131
2019-02-28,BBVA.MC,-0.07214285445376267,-0.007412684615701437,-0.004564845934510231,0.0012790000228984663
2019-03-29,BBVA.MC,0.091409740817837,0.008812529034912586,0.008432650938630104,-0.004618788744742827
2019-04-30,BBVA.MC,-0.0809892386162396,0.009181510657072067,0.008717851713299751,0.000793662299021188
2019-05-31,BBVA.MC,0.021543294307918504,0.0063099609687924385,0.0060721090994775295,0.0046580056543502
2019-06-28,BBVA.MC,-0.023665901871591823,0.001786504522897303,0.003297234885394573,0.0021847202350179047
2019-07-31,BBVA.MC,-0.062113752126484914,0.017963632941246033,0.017544006928801537,-0.0005569134880094276
2019-08-30,BBVA.MC,0.10383935785843819,0.016538864001631737,0.014107277616858482,-0.0022023170098212394
2019-09-30,BBVA.MC,0.03761722492063405,0.014864755794405937,-0.013051966205239296,-0.004486308941940785
2019-10-31,BBVA.MC,0.01231000217342584,0.01190988626331091,0.011946049518883228,-0.0017706056114537017
2019-11-29,BBVA.MC,0.04568314342117317,0.011066188104450703,0.0086153419688344,-0.004492663437015358
2019-12-31,BBVA.MC,-0.05666253765189537,-0.0018166000954806805,-0.0012092520482838154,-0.0035541522098507623
2020-01-31,BBVA.MC,-0.08548385565313509,0.004856608808040619,0.005669108591973782,-0.0041159532181025355
2020-02-28,BBVA.MC,-0.3950227283285996,0.008471124805510044,0.01624169386923313,-0.01060772869308548
2020-03-31,BBVA.MC,0.07958655935754883,0.05595456808805466,0.0637778714299202,-0.023130037142252976
2020-04-30,BBVA.MC,-0.0671535362528989,0.03963228687644005,0.05689428374171257,-0.020900663686425822
2020-05-29,BBVA.MC,0.09846258645983268,0.0386798270046711,0.032444413751363754,-0.022239072136587205
2020-06-30,BBVA.MC,-0.04301381919584054,0.10147073864936829,0.10168705880641937,-0.021002083052651693
2020-07-31,BBVA.MC,-0.07233020773265565,0.031958211213350296,-0.00362418033182621,-0.024295350737221836
2020-08-31,BBVA.MC,-0.05101430947741028,0.011227414011955261,0.010251976549625397,-0.025981210602077465
2020-09-30,BBVA.MC,-0.014010054435163939,-0.013200661167502403,-0.01241200789809227,-0.027401957309053714
2020-10-30,BBVA.MC,0.46766536448945606,-0.005237222649157047,-0.004570214077830315,-0.025160582138743434
2020-11-30,BBVA.MC,0.03598575482055787,-0.0055563366040587425,-0.0014382171211764216,-0.012726035231665366
2020-12-31,BBVA.MC,-0.07111954226151516,0.017607495188713074,0.014986659400165081,-0.01359824764255062
2021-01-29,BBVA.MC,0.20194902198446446,-0.014164390973746777,0.0054174247197806835,-0.012903050858224074
2021-02-26,BBVA.MC,-0.05263171778160013,0.01837209239602089,0.046789176762104034,-0.004399574739178279
2021-03-31,BBVA.MC,0.06703151144523918,0.025498071685433388,0.06609689444303513,-0.00796480858881152
2021-04-30,BBVA.MC,0.09500834878678614,0.04311955347657204,0.037878964096307755,-0.003705089152549968
2021-05-31,BBVA.MC,0.02992179626078522,0.040021635591983795,0.037738922983407974,-0.0005171635509331412
2021-06-30,BBVA.MC,0.034589913444969596,0.06676077097654343,0.06190602481365204,-0.0005138631486733794
2021-07-30,BBVA.MC,0.022657465542131557,0.014397338032722473,0.014797674492001534,0.0030571380812230062
2021-08-31,BBVA.MC,0.0345503141430659,0.013528889045119286,0.013630424626171589,0.003716776400345586
2021-09-30,BBVA.MC,0.07192895430017326,0.017007194459438324,0.01871439814567566,0.006571490447391316
2021-10-29,BBVA.MC,-0.23290313736754376,0.022325020283460617,0.015182631090283394,0.00858590396006838
2021-11-30,BBVA.MC,0.11317682879971512,-0.07668447494506836,-0.0873437225818634,0.004650394255215152
2021-12-31,BBVA.MC,0.07059140458218419,-0.0006711742607876658,-0.0009156734449788928,0.0036618107182078575
2022-01-31,BBVA.MC,-0.10272122966779328,0.004213606473058462,0.0030524390749633312,0.004504373900075199
2022-02-28,BBVA.MC,0.039111691432476496,0.030799830332398415,0.03270064294338226,0.005010330028430426
2022-03-31,BBVA.MC,-0.02783430185324266,0.04766792431473732,0.04797062277793884,0.0017958546148431744
2022-04-29,BBVA.MC,0.0172450628200763,0.04862644895911217,0.04671827331185341,0.0044729806645870795
2022-05-31,BBVA.MC,-0.16243800875470274,0.010740221478044987,0.010197707451879978,0.005028114194412193
2022-06-30,BBVA.MC,0.019777830807099973,0.012592311017215252,0.01617131195962429,0.002111532272269598
2022-07-29,BBVA.MC,0.0037285113310167395,0.012049084529280663,0.011823300272226334,0.005041852862073845
2022-08-31,BBVA.MC,0.01348977119391299,0.0068396879360079765,0.007752451580017805,0.002395488808957304
2022-09-30,BBVA.MC,0.14520549746374092,0.00040920512401498854,0.0029164168518036604,0.002843848553891606
2022-10-31,BBVA.MC,0.07665521374046727,-0.006499605719000101,-0.010148202069103718,0.0064551884453255895
2022-11-30,BBVA.MC,0.003912604965534161,-0.012135117314755917,-0.014204241335391998,0.007403939950312959
2022-12-30,BBVA.MC,0.1335536182093723,-0.00258121220394969,-0.006648920010775328,0.009451897649092274
2023-01-31,BBVA.MC,0.11145360646917794,0.008712616749107838,0.0076614669524133205,0.015321092328453974
2023-02-28,BBVA.MC,-0.12894988956439257,0.02160317823290825,0.02499419078230858,0.02825122365999079
2023-03-31,BBVA.MC,0.022582803603877828,0.05811043083667755,0.04800371825695038,0.024586393044390812
2023-04-28,BBVA.MC,-0.03831894788599493,0.008329933509230614,0.009985177777707577,0.026881416023383505
2023-05-31,BBVA.MC,0.1283299424860785,0.015182006172835827,0.014821736142039299,0.02308398248061849
2023-06-30,BBVA.MC,0.024997819765124076,-0.00348109332844615,-0.003143241396173835,0.02830010676729217
2023-07-31,BBVA.MC,0.01923127922662349,-0.001974661136046052,-0.0020768840331584215,0.033075279440315346
2023-08-31,BBVA.MC,0.059312210555529564,-0.0014430650044232607,-0.0016883522039279342,0.03560967683932153
2023-09-29,BBVA.MC,-0.00601734033775134,-0.007615417707711458,-0.007435111328959465,0.03684326048765627
2023-10-31,BBVA.MC,0.15841458795764,0.008502048440277576,0.008650681935250759,0.02207816788229216
2023-11-30,BBVA.MC,-0.00944969989828328,-0.0075248307548463345,-0.006666933186352253,0.02506252749692474
2023-12-29,BBVA.MC,0.04608885619976553,0.018565509468317032,0.01665627770125866,0.025054713765810102
2024-01-31,BBVA.MC,0.05712005369225541,-0.007229210343211889,-0.005734490696340799,0.022178802686690185
2024-02-29,BBVA.MC,0.18384453229878656,0.004113559145480394,0.00482790544629097,0.02444249316033678
2024-03-28,BBVA.MC,0.0233193218712983,0.005746887065470219,0.0019169121515005827,0.02922106838335702
2024-04-30,BBVA.MC,-0.0410266971913319,0.05184723064303398,0.05353637784719467,0.024292571139569327
2024-05-31,BBVA.MC,-0.04527514532482605,0.008306842297315598,0.006799648515880108,0.023096183887093183
2024-06-28,BBVA.MC,0.06999027545077983,0.010353422723710537,0.01034323126077652,0.020647618492423032
2024-07-31,BBVA.MC,-0.01998410412884701,-0.009595259092748165,-0.011592770926654339,0.020843643481932683
2024-08-30,BBVA.MC,0.012229458025573002,0.008495455607771873,0.006178346462547779,0.019495487919345536
2024-09-30,BBVA.MC,-0.04322152811417179,0.0024688411504030228,0.0024920350406318903,0.01995776836137839
2024-10-31,BBVA.MC,-0.02366572242747443,0.003823106875643134,0.003930870443582535,0.024215459989142582
2024-11-29,BBVA.MC,0.05613822407199943,0.022810131311416626,0.023533806204795837,0.020414278010609535
2024-12-31,BBVA.MC,0.17102593403611382,0.007799506187438965,0.008644554764032364,0.019856779759042254
2025-01-31,BBVA.MC,0.1571198467115763,0.0037059555761516094,0.0021735599730163813,0.026186365943280814
2025-02-28,BBVA.MC,-0.02207420605320458,0.006581906694918871,0.007989242672920227,0.031042393400979196
2025-03-31,BBVA.MC,-0.0007620562881726908,0.03936217725276947,0.035717546939849854,0.03178118917354633
2025-04-30,BBVA.MC,0.09410330531788011,-0.005888923536986113,-0.0028931330889463425,0.02997283795955127
2025-05-30,BBVA.MC,-0.011802925574764455,-0.006625700276345015,-0.007064486388117075,0.03600437515675898
2025-06-30,BBVA.MC,0.03351850671798902,0.01739867590367794,0.016577046364545822,0.037685739734035044
2025-07-31,BBVA.MC,0.056437111830249895,0.03897448629140854,0.042065639048814774,0.03861511984864753
2025-08-29,BBVA.MC,0.04728269681591818,-0.014571246691048145,-0.0010360591113567352,0.038439052312417184
2025-09-30,BBVA.MC,0.0731457434516527,-0.008764236234128475,-0.00848882645368576,0.03654365223000045
2025-10-31,BBVA.MC,0.09165982634879975,-0.013755789957940578,-0.010821192525327206,0.0366980400769751
2025-11-28,BBVA.MC,0.07844618692909104,-0.02368842251598835,-0.021214812994003296,0.03841267763241441
2019-01-31,BMW.DE,0.01740810205985355,-0.027153899893164635,-0.02415389008820057,0.003354570886226125
2019-02-28,BMW.DE,-0.07776862897874434,-0.02230425924062729,-0.022016316652297974,0.0016134276546786574
2019-03-29,BMW.DE,0.09893986307470853,0.02235177345573902,0.021300245076417923,-0.0015814417666994492
2019-04-30,BMW.DE,-0.13245976414356644,0.004055402707308531,0.005606859922409058,0.0030740633706808477
2019-05-31,BMW.DE,0.04846756575281146,0.017921743914484978,0.008166661486029625,0.002157771641507557
2019-06-28,BMW.DE,0.04799238688690597,0.005014188587665558,-0.0010841863695532084,-0.0006093841909235762
2019-07-31,BMW.DE,-0.10497830882857588,0.0021304835099726915,0.0020765047520399094,9.425564087093028e-05
2019-08-30,BMW.DE,0.06030520815798653,-0.0025753492955118418,-0.004062593448907137,-0.0016052907940492154
2019-09-30,BMW.DE,0.07800417042537396,0.008471895009279251,0.004639415070414543,-0.002068510653515037
2019-10-31,BMW.DE,0.06466601878177962,0.005276947747915983,0.0018408490577712655,-0.0014318700404343612
2019-11-29,BMW.DE,-0.002185264725067773,0.009110582992434502,0.01000532228499651,-0.0018623602077829401
2019-12-31,BMW.DE,-0.10940966995147411,0.001633735024370253,0.0014435601187869906,-0.0014325672350125422
2020-01-31,BMW.DE,-0.10373847135612152,0.0047765979543328285,-0.00373894814401865,-0.0038317079369425285
2020-02-28,BMW.DE,-0.2535957272963146,0.008944738656282425,0.007524358108639717,-0.005927551181648191
2020-03-31,BMW.DE,0.13731795340807598,-0.09933428466320038,-0.032509732991456985,-0.013512923848352922
2020-04-30,BMW.DE,0.027369625231813056,0.03783049061894417,0.059510454535484314,-0.009703563977409532
2020-05-29,BMW.DE,0.07523444383879765,0.02775043062865734,0.03221702575683594,-0.00867180758736583
2020-06-30,BMW.DE,0.025542172892888876,0.0290122888982296,0.026110196486115456,-0.005031258894841918
2020-07-31,BMW.DE,0.09497773988450137,-0.0701727643609047,-0.07443372160196304,-0.006122586386437305
2020-08-31,BMW.DE,0.030292933503952086,0.003840203396975994,-0.0009670915314927697,-0.005408035002639324
2020-09-30,BMW.DE,-0.06085660909346243,-0.006001396104693413,-0.006135893985629082,-0.005022195013225527
2020-10-30,BMW.DE,0.21890849629702258,-0.015190981328487396,-0.024689018726348877,-0.006355879380521376
2020-11-30,BMW.DE,-0.011151889083039216,0.0011463856790214777,0.008309110067784786,-0.0007794225963255987
2020-12-31,BMW.DE,-0.03307590759097832,0.01821114867925644,0.015243718400597572,-0.0030196708232011053
2021-01-29,BMW.DE,0.02941589356641925,0.0119515061378479,0.010154535993933678,-0.002111891657881689
2021-02-26,BMW.DE,0.17998796991033564,-0.000159489456564188,-0.00013383441546466202,-0.0007109995296595345
2021-03-31,BMW.DE,-0.05901514635207827,0.014772491529583931,0.008614053949713707,0.003226392508837482
2021-04-30,BMW.DE,0.0615527567237049,0.041202131658792496,0.025232965126633644,0.001700607117359359
2021-05-31,BMW.DE,0.051258652533294646,0.0072249299846589565,0.0076929666101932526,0.0063540783151139445
2021-06-30,BMW.DE,-0.048638934207927975,0.019837530329823494,0.021577533334493637,0.0054816498275288925
2021-07-30,BMW.DE,-0.05930646265386269,0.02803557552397251,0.024469653144478798,0.0038059559783977237
2021-08-31,BMW.DE,0.04975557487948085,-0.0050941226072609425,-0.0037600973155349493,0.004043546213418181
2021-09-30,BMW.DE,0.05271803530136504,0.00967838242650032,0.010817591100931168,0.006304012740523871
2021-10-29,BMW.DE,-0.0168770153195936,0.005266253836452961,0.006063958164304495,0.007823992148318613
2021-11-30,BMW.DE,0.04846500600911145,-0.10249170660972595,-0.10733677446842194,0.009018808401570223
2021-12-31,BMW.DE,0.04917215815942588,0.00437310291454196,0.003971802070736885,0.008796501375355235
2022-01-31,BMW.DE,-0.11938452884639157,0.0007254095980897546,0.0033994168043136597,0.009793626230796357
2022-02-28,BMW.DE,-0.046465014678110574,0.025446994230151176,0.02759827859699726,0.010325093285226215
2022-03-31,BMW.DE,-0.012288938436173132,0.03624303638935089,0.039176102727651596,0.004547482515818762
2022-04-29,BMW.DE,0.11024877218097871,0.018936846405267715,0.018043993040919304,0.00819509872700287
2022-05-31,BMW.DE,-0.07880327337425042,0.0077451495453715324,0.007878049276769161,0.010125758261167942
2022-06-30,BMW.DE,0.07876441951843104,0.010955006815493107,0.008973383344709873,0.006689873084648363
2022-07-29,BMW.DE,-0.07808393908662407,-0.009739628992974758,-0.01132528018206358,0.012118498080084595
2022-08-31,BMW.DE,-0.06088858524450925,0.004572253208607435,0.0048723830841481686,0.007756810105349898
2022-09-30,BMW.DE,0.1276562503033316,0.011304783634841442,0.009751264937222004,0.004457756145037295
2022-10-31,BMW.DE,0.0636971504811866,-0.0007055118912830949,-0.0031403128523379564,0.006319977492477208
2022-11-30,BMW.DE,-0.03453714255079476,0.0013537355698645115,0.0016548846615478396,0.008777711045811463
2022-12-30,BMW.DE,0.09271214784714986,6.035131445969455e-05,-0.00024523292086087167,0.010441174417457968
2023-01-31,BMW.DE,0.06347876952704146,-0.0009726788848638535,-0.0018129106611013412,0.016920742288433224
2023-02-28,BMW.DE,0.01199923892056672,0.011081750504672527,0.006801602430641651,0.02541107536594018
2023-03-31,BMW.DE,-0.003572688926739068,-0.005076983943581581,-0.0013722580624744296,0.021529006236443566
2023-04-28,BMW.DE,0.11042055702033607,0.01144026592373848,0.006359559018164873,0.01997643609645694
2023-05-31,BMW.DE,0.08570240591667629,0.006787827238440514,0.0062033855356276035,0.021215567714896532
2023-06-30,BMW.DE,-0.014862856634319431,0.0008064701105467975,-0.00016129047435242683,0.02320064920544122
2023-07-31,BMW.DE,-0.12759556115347634,0.017832813784480095,0.01386328600347042,0.02217042838176474
2023-08-31,BMW.DE,-0.008163235896256808,0.0057626706548035145,0.00589198712259531,0.01741251215150484
2023-09-29,BMW.DE,-0.09426271177080876,0.003270611632615328,0.0013758317800238729,0.0190095706121607
2023-10-31,BMW.DE,0.09195375673285208,0.002568760421127081,-0.0014176152180880308,0.00997096723541085
2023-11-30,BMW.DE,0.06274539871390612,0.004341756924986839,0.0026261021848767996,0.012714877418885478
2023-12-29,BMW.DE,-0.059063103177794514,0.01035007182508707,0.010186249390244484,0.01469587143530482
2024-01-31,BMW.DE,0.12092388443929804,0.010359484702348709,0.009267782792448997,0.013108590508840463
2024-02-29,BMW.DE,-0.02090933383339197,-0.004223012365400791,-0.00432548625394702,0.010680570351817995
2024-03-28,BMW.DE,-0.0014969753679781083,0.009817765094339848,0.009602104313671589,0.011025289432261305
2024-04-30,BMW.DE,-0.049466644986820456,0.018534554168581963,0.018735190853476524,0.008773097135513651
2024-05-31,BMW.DE,-0.044325039326046874,-0.0013685579178854823,-0.002234408864751458,0.007146485555839362
2024-06-28,BMW.DE,-0.0205768278465145,0.009488913230597973,0.008887670934200287,0.00744628965595753
2024-07-31,BMW.DE,-0.02310339711493485,0.018206285312771797,0.01850825734436512,0.008250699240908377
2024-08-30,BMW.DE,-0.056947866258540744,0.004570638295263052,0.002077816752716899,0.00575358004512494
2024-09-30,BMW.DE,-0.06361273116745868,0.0007030319538898766,-0.0040572951547801495,0.0032435812714566546
2024-10-31,BMW.DE,-0.03231984265895578,0.00612662872299552,0.012752216309309006,0.0014871795512261007
2024-11-29,BMW.DE,0.12041380521030746,0.009942675940692425,0.01264369860291481,-0.0007568440228868686
2024-12-31,BMW.DE,0.011330783457170666,0.006695122458040714,0.009138768538832664,0.0011320468406186771
2025-01-31,BMW.DE,0.07733787892675838,0.008146611042320728,0.008286985568702221,0.003288546737809872
2025-02-28,BMW.DE,-0.12989428733413638,0.01108628697693348,0.011001975275576115,0.00790828896455705
2025-03-31,BMW.DE,0.008379623262795075,0.052509862929582596,0.04844724386930466,0.0048994371406981445
2025-04-30,BMW.DE,0.10839513526818378,0.0221136212348938,0.02015199325978756,0.0017972433003395287
2025-05-30,BMW.DE,-0.03438739532543234,-0.0004866869712714106,-0.0006162272184155881,0.00628373473600114
2025-06-30,BMW.DE,0.13260345632540368,0.018418533727526665,0.016596175730228424,0.005200444498375386
2025-07-31,BMW.DE,0.06440442565109586,-0.003964666742831469,-0.002979293232783675,0.009241222571694093
2025-08-29,BMW.DE,-0.04457374193870127,0.0014755591982975602,-6.80367520544678e-05,0.011397343492079598
2025-09-30,BMW.DE,-0.039876416202600386,0.017271043732762337,0.015246718190610409,0.007579989679282183
2025-10-31,BMW.DE,0.10191052817989697,0.007902421988546848,0.008373057469725609,0.004507150714963067
2025-11-28,BMW.DE,0.056312533189066094,-0.014161122031509876,-0.013438234105706215,0.006848574971836256
2019-01-31,BNP.PA,0.0916085506487325,-0.012914319522678852,-0.007062846329063177,0.0030163917567019366
2019-02-28,BNP.PA,-0.05579487733680732,-0.007534602656960487,-0.013522270135581493,0.0050322985989161104
2019-03-29,BNP.PA,0.10758766888407055,-0.00016909698024392128,0.0006495143752545118,0.0009994254604882198
2019-04-30,BNP.PA,-0.0675775718938115,0.013829167932271957,0.01336279883980751,0.0031296541464265934
2019-05-31,BNP.PA,0.029172674767870117,0.018981698900461197,0.019312269985675812,0.007456511912554525
2019-06-28,BNP.PA,0.021085813149875073,0.008134265430271626,0.008534831926226616,0.003693435428150026
2019-07-31,BNP.PA,-0.0326514932935723,0.005896350834518671,0.003177748527377844,0.0031785981872776885
2019-08-30,BNP.PA,0.08487655835143018,0.004742442164570093,0.006002717185765505,0.0018019792546969148
2019-09-30,BNP.PA,0.07189891542692732,0.008229085244238377,0.0058312807232141495,-3.304087099351458e-05
2019-10-31,BNP.PA,0.08514016477075881,0.014372958801686764,0.014570306986570358,0.00017370762535723957
2019-11-29,BNP.PA,0.033947442962117165,0.01332548912614584,0.015366372652351856,-0.0002216314228312699
2019-12-31,BNP.PA,-0.07750654390977933,0.00039376827771775424,-0.002065967069938779,0.00033796395591476373
2020-01-31,BNP.PA,-0.10041207814411826,0.02106989547610283,0.020892348140478134,0.0009983757223774746
2020-02-28,BNP.PA,-0.4381978661648333,0.05528729781508446,0.05007998272776604,-0.0042954727477042785
2020-03-31,BNP.PA,0.041475876832440195,0.06393354386091232,0.07785029709339142,-0.01925792858025573
2020-04-30,BNP.PA,0.11764752206086095,0.06298638135194778,0.05968466028571129,-0.018697848032659455
2020-05-29,BNP.PA,0.0916252587256293,0.02218596264719963,0.020649688318371773,-0.01450375046014501
2020-06-30,BNP.PA,0.0120839183397348,0.10402142256498337,0.10017561912536621,-0.013817235868676557
2020-07-31,BNP.PA,0.06935406358154615,-0.013924011960625648,-0.016587242484092712,-0.013986402718280791
2020-08-31,BNP.PA,-0.16526530429195255,0.016336720436811447,0.01574988290667534,-0.012999439213739706
2020-09-30,BNP.PA,-0.055422196737817585,0.017292024567723274,0.009332992136478424,-0.01850467290872806
2020-10-30,BNP.PA,0.3640333192501492,-0.03133437782526016,-0.027731716632843018,-0.01734624794801276
2020-11-30,BNP.PA,0.007882298896267608,0.016982639208436012,0.020644240081310272,-0.007040022501690014
2020-12-31,BNP.PA,-0.07026957491482733,0.012676939368247986,0.007662699557840824,-0.0093374656566488
2021-01-29,BNP.PA,0.2112073563197339,0.01565592922270298,0.013284987770020962,-0.010115758431463999
2021-02-26,BNP.PA,0.02791716694977433,-0.007740063592791557,-0.0052755591459572315,-0.0014786284467976302
2021-03-31,BNP.PA,0.0286899751163877,0.010814625769853592,0.012484178878366947,-0.0021765135827394528
2021-04-30,BNP.PA,0.06498026171497755,0.02860322594642639,-0.01829376630485058,0.0002768826112540257
2021-05-31,BNP.PA,-0.04168017698672207,0.02410265803337097,0.020552892237901688,0.004107245500259167
2021-06-30,BNP.PA,-0.015246853178316581,0.05345546826720238,0.05043917894363403,0.002010689432495013
2021-07-30,BNP.PA,0.029681420610316065,0.01223600935190916,0.015329024754464626,0.0019756934263193875
2021-08-31,BNP.PA,0.055894854711297876,-0.007998641580343246,-0.0028059915639460087,0.0020542665835541086
2021-09-30,BNP.PA,0.04341630506911536,-0.014226899482309818,-0.008475689217448235,0.007947011260919507
2021-10-29,BNP.PA,-0.044498936918399776,1.5244935639202595e-05,-0.000911828363314271,0.01008084230122699
2021-11-30,BNP.PA,0.09732173481379632,-0.01861189492046833,-0.00858992338180542,0.01320396671853652
2021-12-31,BNP.PA,0.03603837971909241,-0.019176848232746124,-0.016646835952997208,0.013339416369688729
2022-01-31,BNP.PA,-0.2526417560454281,0.02341192215681076,0.02601650543510914,0.01260092465707975
2022-02-28,BNP.PA,0.03425712186505472,-0.012179858982563019,-0.007356781046837568,0.00950204585555218
2022-03-31,BNP.PA,-0.06206373103690648,0.0395737960934639,0.04171516373753548,0.005794509711280124
2022-04-29,BNP.PA,0.15919512231792105,0.03767247498035431,0.03622674569487572,0.006455251048650794
2022-05-31,BNP.PA,-0.12051697624186887,-0.0023515610955655575,-0.020555192604660988,0.009967619618528977
2022-06-30,BNP.PA,0.013900543857168319,0.02636755257844925,0.023964054882526398,0.005752593371337415
2022-07-29,BNP.PA,-0.00523123305446405,-0.0021487597841769457,0.001757497200742364,0.007036170879274624
2022-08-31,BNP.PA,-0.0888023986028775,0.007247095927596092,0.008044599555432796,0.004398755413389571
2022-09-30,BNP.PA,0.08545258354692373,0.00828144233673811,0.01410611905157566,0.001251177502676584
2022-10-31,BNP.PA,0.12036474283740427,-0.007558549288660288,-0.0072933039627969265,0.0012928445112635593
2022-11-30,BNP.PA,-0.0033744455004694153,-0.007053986191749573,-0.006134719122201204,0.0036587618917740664
2022-12-30,BNP.PA,0.15390915212463863,-0.012130210176110268,-0.009931172244250774,0.005318105265252621
2023-01-31,BNP.PA,0.007917787093760424,-0.02085208334028721,-0.020892024040222168,0.013355067314507925
2023-02-28,BNP.PA,-0.2146762460394654,0.006239709910005331,0.00013793297694064677,0.025373073624008077
2023-03-31,BNP.PA,0.031205347306470795,0.04488039389252663,0.02953658439218998,0.021490170913489457
2023-04-28,BNP.PA,0.023954790201543764,0.00539614399895072,0.0054541598074138165,0.018626551549106456
2023-05-31,BNP.PA,0.050191154359944694,-0.008090782910585403,-0.00791024137288332,0.016938374773417347
2023-06-30,BNP.PA,0.03907403269676122,-0.004997548181563616,-0.00556854996830225,0.01843240405620767
2023-07-31,BNP.PA,-0.002001224702602496,-0.013090202584862709,-0.008019134402275085,0.018987505089036065
2023-08-31,BNP.PA,0.011986113960517988,-0.00488914642482996,-0.0037260481622070074,0.02337734037716294
2023-09-29,BNP.PA,-0.11770031281749004,-0.004169635009020567,-0.0039152116514742374,0.024849092481568955
2023-10-31,BNP.PA,0.04730663769049379,0.009936356917023659,0.01219446212053299,0.011112394333039061
2023-11-30,BNP.PA,0.09236310891012568,-0.0023591858334839344,-0.0019270577467978,0.013169783697048588
2023-12-29,BNP.PA,-0.0062504178112109034,0.0028768344782292843,0.003141623456031084,0.016776569888213338
2024-01-31,BNP.PA,-0.1217475057123323,-0.007274081464856863,-0.007330797612667084,0.011869590039666145
2024-02-29,BNP.PA,0.17331267647404658,0.0047091031447052956,0.005365139804780483,0.006584249144433674
2024-03-28,BNP.PA,0.027850301854902778,-0.0012007805053144693,-0.006182590499520302,0.010948176106926284
2024-04-30,BNP.PA,0.055070298688950824,-0.0017699390882626176,0.002797187538817525,0.009606827133373488
2024-05-31,BNP.PA,-0.09328853831777759,-0.0005754965241067111,-0.000593592703808099,0.01328904246465522
2024-06-28,BNP.PA,0.07099541721838784,0.02334025874733925,0.020722735673189163,0.010629938157995634
2024-07-31,BNP.PA,-0.0215027726854233,6.391807255567983e-05,-0.0005930011393502355,0.011424257737495953
2024-08-30,BNP.PA,-0.016595943710097438,0.006547685246914625,0.00607919879257679,0.009103744318411742
2024-09-30,BNP.PA,0.06889546027185442,0.00909260381013155,0.015124917030334473,0.007558309134487975
2024-10-31,BNP.PA,-0.10244308530356,0.007999449037015438,0.01389467902481556,0.009269729962701416
2024-11-29,BNP.PA,0.04454386632873189,0.013008302077651024,0.014936509542167187,0.003720707181663754
2024-12-31,BNP.PA,0.10323066270606639,0.00702193658798933,0.005920317955315113,0.0032759036398466693
2025-01-31,BNP.PA,0.1189319518941836,0.008526074700057507,0.008370582014322281,0.011881614251018451
2025-02-28,BNP.PA,0.05409615493872495,0.008359764702618122,0.007796670310199261,0.015518915386918075
2025-03-31,BNP.PA,-0.03465969990744846,0.006911481264978647,0.012744101695716381,0.0177517913376499
2025-04-30,BNP.PA,0.09585079683608898,-0.003924810793250799,-0.0008046832517720759,0.013220076992684928
2025-05-30,BNP.PA,-0.010686815386631953,0.006758203264325857,0.006657692603766918,0.018702373021107777
2025-06-30,BNP.PA,0.027908689484632876,0.020239559933543205,0.01588156633079052,0.020511270922446173
2025-07-31,BNP.PA,-0.04118111892128937,0.012151694856584072,0.01153276115655899,0.020894304468996067
2025-08-29,BNP.PA,0.041617963445878266,0.02355760708451271,0.027533527463674545,0.019533130599793842
2025-09-30,BNP.PA,-0.14428525720618637,0.006761616561561823,0.0052705369889736176,0.020039641409772397
2025-10-31,BNP.PA,0.09088107494736386,0.040508002042770386,0.04018921032547951,0.012984747953567546
2025-11-28,BNP.PA,0.09581574916074634,0.0069967107847332954,0.004393322858959436,0.014979375416745544
2019-01-31,CAC.PA,0.05200895672173825,-0.01496418658643961,-0.016079219058156013,0.006645984054065345
2019-02-28,CAC.PA,0.02255967370299696,0.010087738744914532,0.01017123181372881,0.007812532285119283
2019-03-29,CAC.PA,0.04783647592754118,0.0033529845532029867,0.0023772967979311943,0.007092084607314043
2019-04-30,CAC.PA,-0.05089145444316461,0.0017574673984199762,0.001153712859377265,0.008282323013544219
2019-05-31,CAC.PA,0.07121439047935073,0.0066312081180512905,0.006706859450787306,0.009779484768561065
2019-06-28,CAC.PA,0.012498683253028772,0.008153658360242844,0.006248874124139547,0.009015185622703387
2019-07-31,CAC.PA,-0.01267947764217284,0.005594235844910145,0.006088507827371359,0.00877830628137857
2019-08-30,CAC.PA,0.037014091852484034,0.0041117011569440365,0.004818030167371035,0.00857487747359531
2019-09-30,CAC.PA,0.010379441862479728,0.005620563868433237,0.0036439672112464905,0.00873649997866034
2019-10-31,CAC.PA,0.030199088746243097,0.006720582023262978,0.00518633471801877,0.00886280087861007
2019-11-29,CAC.PA,0.013955133326053904,0.004763907287269831,0.0026257766876369715,0.007897643405876472
2019-12-31,CAC.PA,-0.01482539562510572,0.0010014285799115896,0.0010055126622319221,0.008162895599097282
2020-01-31,CAC.PA,-0.08254945823412106,0.01175012532621622,0.00996087584644556,0.007532725461173142
2020-02-28,CAC.PA,-0.18676128640406156,0.008507410995662212,0.011983289383351803,0.00392295964368567
2020-03-31,CAC.PA,0.03599181175664524,-0.029668884351849556,-0.010865268297493458,-0.002532362163713738
2020-04-30,CAC.PA,0.035064426414324584,0.02007123827934265,0.01743645966053009,-0.0021821157849659534
2020-05-29,CAC.PA,0.05580549145110051,-0.058511726558208466,-0.03780801594257355,-0.0012706634274912204
2020-06-30,CAC.PA,0.008852659533911063,0.019624462351202965,0.020152121782302856,0.0007257109765346091
2020-07-31,CAC.PA,0.033505171552612026,0.01461547240614891,0.013393773697316647,0.0005374315784994415
2020-08-31,CAC.PA,-0.01875410551868956,0.004587737377732992,0.0037281729746609926,0.0004165876534328748
2020-09-30,CAC.PA,-0.05209567321590719,0.00633599329739809,0.005504599306732416,-0.0011557233386652907
2020-10-30,CAC.PA,0.181146605260246,0.004508108366280794,0.004020472057163715,-0.0019752633513554865
2020-11-30,CAC.PA,0.015354267025021169,0.0017600160790607333,0.0035813776776194572,0.002996516671793064
2020-12-31,CAC.PA,-0.016254551047345987,0.0016816257266327739,0.0015019910642877221,0.0024144543723588147
2021-01-29,CAC.PA,0.07095172582065998,0.009404228068888187,0.0083334781229496,0.0025094303819826655
2021-02-26,CAC.PA,0.05695002046718242,0.007457748521119356,0.0048933872021734715,0.005483014367816631
2021-03-31,CAC.PA,0.03574454797221113,0.0037407949566841125,0.0024568575900048018,0.004985466486309709
2021-04-30,CAC.PA,0.03981175259554248,0.005717587657272816,0.004777090158313513,0.005473816645747791
2021-05-31,CAC.PA,0.02229667585820577,-0.0019662375561892986,-0.002541962079703808,0.007488338075418303
2021-06-30,CAC.PA,0.018578265444762654,0.007586369756609201,0.005970875732600689,0.006806378695351773
2021-07-30,CAC.PA,0.011014412080351518,0.00440996652469039,0.004291245713829994,0.007213978333940133
2021-08-31,CAC.PA,-0.016422753061318327,0.007006454281508923,0.00641552684828639,0.007291669595616581
2021-09-30,CAC.PA,0.047943439354471144,0.008610125631093979,0.008527033030986786,0.009527115727374302
2021-10-29,CAC.PA,-0.006261136478732895,-0.00021864785230718553,-0.00014259203453548253,0.010716734406605958
2021-11-30,CAC.PA,0.06344241349092047,0.00025512746651656926,-0.0011426679557189345,0.012580706279456424
2021-12-31,CAC.PA,-0.020402934814656527,-0.0005251751863397658,-0.0004268756601959467,0.012107522541295114
2022-01-31,CAC.PA,-0.08874157491244412,8.982980943983421e-05,-0.0010917744366452098,0.01010398323325163
2022-02-28,CAC.PA,0.02023321140500751,0.007021979428827763,0.005458442494273186,0.008383188075073421
2022-03-31,CAC.PA,-0.028911436345855395,0.013313382863998413,0.014943174086511135,0.006797690015452655
2022-04-29,CAC.PA,0.017144156543313634,0.008456471376121044,0.009711057879030704,0.007849173364008847
2022-05-31,CAC.PA,-0.068278912359121,0.002403045305982232,0.0017304482171311975,0.006187797076230233
2022-06-30,CAC.PA,0.08742340091888555,0.0125207444652915,0.010292751714587212,0.003948503300878568
2022-07-29,CAC.PA,-0.03625675248738311,-0.008153020404279232,-0.009158104658126831,0.0071185574597839585
2022-08-31,CAC.PA,-0.07293192976242373,0.007542666979134083,0.009208288043737411,0.004022354247956691
2022-09-30,CAC.PA,0.08353669506170401,0.00289895199239254,0.0029333808925002813,0.0019942439479323257
2022-10-31,CAC.PA,0.06272197403331208,-0.008365179412066936,-0.008843760937452316,0.003556552276772478
2022-11-30,CAC.PA,-0.03493563770174554,-0.006090816576033831,-0.00542093301191926,0.005238339063549374
2022-12-30,CAC.PA,0.08843383791004436,-0.0005383312236517668,-0.0010814241832122207,0.004301155861619301
2023-01-31,CAC.PA,0.019605704280715015,-0.005523484665900469,-0.005746582057327032,0.01004443445908016
2023-02-28,CAC.PA,-0.00984127157172521,-0.0012695041950792074,-0.0017888981383293867,0.016162606639235508
2023-03-31,CAC.PA,0.01568120950587897,-0.010449953377246857,-0.012981291860342026,0.015071786662922242
2023-04-28,CAC.PA,-0.01628490409826485,0.0004414685536175966,3.3349337172694504e-05,0.014956308420810664
2023-05-31,CAC.PA,0.03224729816617208,0.00315438793040812,0.004000181332230568,0.01226506526072936
2023-06-30,CAC.PA,0.014777567950390693,0.0011396266054362059,-0.00046802678843960166,0.013287242293541094
2023-07-31,CAC.PA,-0.015582601567515824,-0.005957796238362789,-0.008739330805838108,0.01339504514959311
2023-08-31,CAC.PA,-0.024520072750553828,0.0018547276267781854,0.000800176989287138,0.013629560648944371
2023-09-29,CAC.PA,-0.043651548668412164,0.006823087576776743,0.0060308538377285,0.014526440529892467
2023-10-31,CAC.PA,0.055872577221232934,0.004505390301346779,0.0035357794258743525,0.007967936367281128
2023-11-30,CAC.PA,0.031629843474294685,0.0006522191106341779,-0.0017965860897675157,0.009630365483372408
2023-12-29,CAC.PA,0.019998034246428386,0.004948203451931477,0.003934393636882305,0.010918984726561226
2024-01-31,CAC.PA,0.03577143825718921,-0.00045494193909689784,-0.0010117047931998968,0.00998711419084365
2024-02-29,CAC.PA,0.03404205342873911,-0.005856885574758053,-0.005513689015060663,0.0095637596243953
2024-03-28,CAC.PA,-0.013302840480395114,-0.00680657709017396,-0.006778248585760593,0.009476485356733375
2024-04-30,CAC.PA,0.009914205469538894,0.008420132100582123,0.008167718537151814,0.007807877976958416
2024-05-31,CAC.PA,-0.05256681433184431,0.0014077479718253016,0.0007837879238650203,0.00807487779795673
2024-06-28,CAC.PA,-0.003973017013720533,-0.003161526285111904,-0.0018427473260089755,0.005899869795443324
2024-07-31,CAC.PA,0.01406466260101035,0.012014891020953655,0.010712340474128723,0.005792590602386103
2024-08-30,CAC.PA,0.0001295436697763875,0.0033365858253091574,0.0018378121312707663,0.006609630843299982
2024-09-30,CAC.PA,-0.016717061958259276,0.005096152890473604,0.0058859046548604965,0.0056209881218381875
2024-10-31,CAC.PA,-0.014375035063506857,0.010173355229198933,0.009367434307932854,0.0048177125111134155
2024-11-29,CAC.PA,0.021957342117961107,0.005958544090390205,0.005192697513848543,0.0026561167179348644
2024-12-31,CAC.PA,0.071420985251325,0.006598527077585459,0.00525190494954586,0.003755513451200028
2025-01-31,CAC.PA,0.03339319832182286,0.0015051262453198433,0.004172461107373238,0.007232832921280963
2025-02-28,CAC.PA,-0.03950150932727473,0.0038942142855376005,0.0031734451185911894,0.00811358882571679
2025-03-31,CAC.PA,-0.01789285412244936,0.008419566787779331,0.009855552576482296,0.007443121452482825
2025-04-30,CAC.PA,0.03803040255970562,0.03119593858718872,0.026151632890105247,0.006794460056435432
2025-05-30,CAC.PA,-0.008370404634048213,0.003049893071874976,0.0024784316774457693,0.00924135631250901
2025-06-30,CAC.PA,0.0252821425364969,0.006650020834058523,0.006218514405190945,0.008217764380360112
2025-07-31,CAC.PA,-0.009734885580647399,0.004257556051015854,0.004069366492331028,0.008354708765465131
2025-08-29,CAC.PA,0.024915519278425606,0.003980206325650215,0.004322944674640894,0.010354662997032681
2025-09-30,CAC.PA,0.03948616745531167,0.006373042706400156,0.005589433945715427,0.008748816056261828
2025-10-31,CAC.PA,-0.0023158166585417936,0.006427048705518246,0.005703877191990614,0.007911186164349666
2025-11-28,CAC.PA,0.006154405845947607,0.003448458621278405,0.0025302849244326353,0.008307889084214735
2019-01-31,CAP.PA,0.10442731519016218,-0.060598764568567276,-0.06052490696310997,0.007874283018224348
2019-02-28,CAP.PA,0.02719336830262142,-0.022753868252038956,-0.017601191997528076,0.008711366999002015
2019-03-29,CAP.PA,0.0,0.0048676165752112865,0.002803548937663436,0.010175228482747583
2019-04-30,CAP.PA,-0.07489109098808257,0.014334816485643387,0.016641588881611824,0.008052612131345215
2019-05-31,CAP.PA,0.1262866536349635,0.013876039534807205,0.010852587409317493,0.009118543179402108
2019-06-28,CAP.PA,0.030175595300917454,-0.013751133345067501,-0.01060967706143856,0.008842146545690686
2019-07-31,CAP.PA,-0.06914775758492533,0.0074423314072191715,0.007616790942847729,0.009634949907068011
2019-08-30,CAP.PA,-0.009666458331571176,0.010381103493273258,0.007740310858935118,0.007612962174709266
2019-09-30,CAP.PA,-0.04832765913305921,0.009212104603648186,0.011720596812665462,0.008823663048448442
2019-10-31,CAP.PA,0.0614691425970558,0.005509776063263416,-0.004311325494199991,0.009410769454877807
2019-11-29,CAP.PA,0.02710944062434414,0.005195387173444033,0.004426313564181328,0.009376332623372846
2019-12-31,CAP.PA,0.042693411778213675,-0.0022600602824240923,-0.0009843073785305023,0.011498077181150368
2020-01-31,CAP.PA,-0.16228346964949156,-0.004376450553536415,-0.0031904575880616903,0.010499688342101725
2020-02-28,CAP.PA,-0.24063097091005933,0.01244032010436058,0.017863117158412933,0.005722648483610839
2020-03-31,CAP.PA,0.10751410459048118,-0.05717223137617111,-0.036820296198129654,-0.0038657579337876896
2020-04-30,CAP.PA,0.07155542074704226,0.03589753434062004,0.030149728059768677,-0.001258797078361715
2020-05-29,CAP.PA,0.10480093546513636,0.02217935025691986,0.025493625551462173,0.000288729272529468
2020-06-30,CAP.PA,0.09133415361565071,0.026108799502253532,0.012760263867676258,0.0032653263119084316
2020-07-31,CAP.PA,0.05766555399922432,0.01057405211031437,0.0021011491771787405,0.006083862976922426
2020-08-31,CAP.PA,-0.045412186287038574,-0.007015549577772617,-0.00838417001068592,0.00605044957408871
2020-09-30,CAP.PA,-0.10713379641480082,0.023072220385074615,0.013213294558227062,0.0031077654557958054
2020-10-30,CAP.PA,0.15964014498199208,0.011356270872056484,0.007129180710762739,0.0008290215189799
2020-11-30,CAP.PA,0.09780841396605439,0.0017992871580645442,0.006627813447266817,0.005847995365958998
2020-12-31,CAP.PA,-0.03654292843298214,-0.014642550610005856,-0.014799356460571289,0.006202549435463142
2021-01-29,CAP.PA,0.13264174238807974,0.01550782285630703,0.013712682761251926,0.005593772310523542
2021-02-26,CAP.PA,0.09589057075212684,-0.034952547401189804,-0.02265826240181923,0.008747810245825851
2021-03-31,CAP.PA,0.049085291373941645,0.009909003973007202,0.0033189321402460337,0.008041320978090096
2021-04-30,CAP.PA,0.001639129761137647,0.011589226312935352,0.012223043479025364,0.008861189731344817
2021-05-31,CAP.PA,0.07230949898942228,0.01816035434603691,0.01327571738511324,0.009294559471090159
2021-06-30,CAP.PA,0.11421023808675486,-0.003186715766787529,-0.009150202386081219,0.010240223174679455
2021-07-30,CAP.PA,0.046894179241660325,-0.012852128595113754,-0.009195529855787754,0.014648879892315645
2021-08-31,CAP.PA,-0.04903998981826234,0.009291292168200016,0.01070351805537939,0.016050716962262988
2021-09-30,CAP.PA,0.1110064808704003,0.032404784113168716,0.014959217049181461,0.0168586465449191
2021-10-29,CAP.PA,0.0029761553930859716,-0.0013643467100337148,0.00423102080821991,0.019726621663187678
2021-11-30,CAP.PA,0.051562740169647736,0.00834425538778305,0.013395237736403942,0.025678556028186722
2021-12-31,CAP.PA,-0.08747547544867498,-0.00421035336330533,-0.005911743734031916,0.023358836217877918
2022-01-31,CAP.PA,-0.07873531213792008,0.052888404577970505,0.05379638820886612,0.01873765673479482
2022-02-28,CAP.PA,0.06675990096200535,0.009311807341873646,0.011549761518836021,0.01705240089752813
2022-03-31,CAP.PA,-0.05663563695037302,0.024325015023350716,0.024258935824036598,0.018683797880241215
2022-04-29,CAP.PA,-0.050729874395239065,0.03304654732346535,0.0313960500061512,0.019872018548176097
2022-05-31,CAP.PA,-0.052446317918463305,0.008172096684575081,0.008651492185890675,0.014682648315165834
2022-06-30,CAP.PA,0.1257387801981649,0.018927130848169327,0.02020609751343727,0.010754308985224595
2022-07-29,CAP.PA,-0.060321076715013286,0.03168943151831627,0.028622305020689964,0.016550672214605155
2022-08-31,CAP.PA,-0.08030755808851774,0.009465443901717663,0.016533633694052696,0.014194966402157573
2022-09-30,CAP.PA,0.0045215462563824695,0.02545851841568947,0.018395325168967247,0.014672762565025144
2022-10-31,CAP.PA,0.038352810041839436,0.01055187452584505,0.012607268989086151,0.012910145806088489
2022-11-30,CAP.PA,-0.09212813850071007,0.01189595740288496,0.011817567050457,0.013312318297428552
2022-12-30,CAP.PA,0.10288889385319759,0.01818024553358555,0.016542639583349228,0.009509674040956421
2023-01-31,CAP.PA,0.025267643625081423,-0.005384900141507387,-0.0058123087510466576,0.016720128373142285
2023-02-28,CAP.PA,-0.07106335733115722,0.004766929894685745,0.005464836023747921,0.024028216238867365
2023-03-31,CAP.PA,-0.038202016203466,0.012468168511986732,0.011803537607192993,0.020268470046461803
2023-04-28,CAP.PA,-0.045913878891864615,0.006807457190006971,0.00772353820502758,0.017934640260735435
2023-05-31,CAP.PA,0.04180421001907879,0.012762852013111115,0.01193179376423359,0.014624485466365448
2023-06-30,CAP.PA,-0.0514297200676329,-0.002380919177085161,-0.0023650850635021925,0.013548511396964594
2023-07-31,CAP.PA,0.023974721182206653,0.02833731658756733,0.025561483576893806,0.010832202987392675
2023-08-31,CAP.PA,-0.03874510820516595,-0.011402174830436707,-0.013333101756870747,0.013567964846615896
2023-09-29,CAP.PA,-0.02503952792062029,0.005725950933992863,0.00482515711337328,0.0162966648603442
2023-10-31,CAP.PA,0.12436799574501171,-0.0007824046188034117,-0.0007553758332505822,0.010463511022013459
2023-11-30,CAP.PA,0.007683282648614355,-0.007801902946084738,-0.007676959037780762,0.011932158938412755
2023-12-29,CAP.PA,0.09951564926027773,-0.003679437329992652,-0.0030111954547464848,0.014005674304227413
2024-01-31,CAP.PA,0.08108159222603706,-8.325449016410857e-06,-0.004076736979186535,0.012911770023303855
2024-02-29,CAP.PA,-0.05206653772203566,-0.007052720058709383,-0.005447266157716513,0.013475828997668193
2024-03-28,CAP.PA,-0.037253566993248825,0.023534206673502922,0.02013951539993286,0.010756475950127397
2024-04-30,CAP.PA,0.042743982946810956,0.019727081060409546,0.020454440265893936,0.008356473180336672
2024-05-31,CAP.PA,0.02184993929724079,-0.0587335042655468,-0.06920623034238815,0.005181921319405931
2024-06-28,CAP.PA,0.0005384143865799785,0.00556187704205513,0.004343551117926836,0.002650880896653465
2024-07-31,CAP.PA,0.012987247049761856,0.005670522805303335,0.0007347283535636961,0.0003065991804572417
2024-08-30,CAP.PA,0.033821498563638565,0.009438975714147091,0.008628696203231812,0.0023765888357139492
2024-09-30,CAP.PA,-0.09683228731712966,0.01416818704456091,0.012812056578695774,0.0006483538582322041
2024-10-31,CAP.PA,-0.046938912514312266,0.020746687427163124,0.0012385143199935555,-0.0054971424920211565
2024-11-29,CAP.PA,0.04032165749118268,0.023209886625409126,0.0190642811357975,-0.008233299511020043
2024-12-31,CAP.PA,0.10324009559787445,0.005774662829935551,0.008221844211220741,-0.004242532759389449
2025-01-31,CAP.PA,-0.17163713431468486,-0.006485030986368656,-0.005711044184863567,-0.00048013838042907747
2025-02-28,CAP.PA,-0.07733659030902416,0.03142141178250313,0.029528729617595673,-0.005941645433154032
2025-03-31,CAP.PA,0.01295456218375376,0.0497635193169117,0.043672747910022736,-0.006951771586692691
2025-04-30,CAP.PA,0.07671709279870541,-0.015571597963571548,-0.04822478070855141,-0.006269835516598284
2025-05-30,CAP.PA,-0.008238936344187004,-0.013011413626372814,-0.010643997229635715,-0.004256443693610236
2025-06-30,CAP.PA,-0.07923874760681886,0.010890696197748184,0.009145521558821201,-0.0026618575001478018
2025-07-31,CAP.PA,-0.07493097967329303,0.03330403193831444,0.033278461545705795,-0.006934640295498099
2025-08-29,CAP.PA,-0.0012357687783241256,0.019312696531414986,0.018611468374729156,-0.005128333190962324
2025-09-30,CAP.PA,0.07069115848769891,0.0024743250105530024,0.004171766806393862,-0.00785414289718806
2025-10-31,CAP.PA,0.02075684095450772,0.001411320990882814,-0.0007400439935736358,-0.0063337621055918145
2025-11-28,CAP.PA,0.05975146930538608,0.004737532697618008,0.0060356492176651955,-0.0024454876191959654
2019-01-31,CFR.SW,0.12923120631929907,0.05960496887564659,0.0790976732969284,0.002896826182092909
2019-02-28,CFR.SW,-0.03247261121359694,0.011954089626669884,0.012058687396347523,0.006989026976899367
2019-03-29,CFR.SW,0.005181707932204206,0.0017662298632785678,0.002052896423265338,0.004904274522306561
2019-04-30,CFR.SW,0.00789466524426316,0.005677285138517618,0.007188392803072929,0.008262201851233015
2019-05-31,CFR.SW,0.1202181861109525,0.0030000563710927963,0.0035174842923879623,0.009789096404052148
2019-06-28,CFR.SW,0.052687401446970275,-0.005973165854811668,-0.008884505368769169,0.011599059419990362
2019-07-31,CFR.SW,-0.09380401882028289,0.022064916789531708,0.018463175743818283,0.011923929300545729
2019-08-30,CFR.SW,-0.016642074406813076,0.02850213460624218,0.03006601147353649,0.0084655082387561
2019-09-30,CFR.SW,0.028039458694606587,0.014771221205592155,0.01319054700434208,0.005099107712007179
2019-10-31,CFR.SW,-0.015453096500165419,-0.0002248966775368899,-0.0014022770337760448,0.006291253204059396
2019-11-29,CFR.SW,0.00844308683295748,0.004366064909845591,0.006595350801944733,0.0047668237566907724
2019-12-31,CFR.SW,-0.03801888873136583,-0.0006900529260747135,-0.001195669174194336,0.0011109333028426823
2020-01-31,CFR.SW,-0.08917298340179895,0.018256574869155884,0.01732097938656807,0.00037407179157754474
2020-02-28,CFR.SW,-0.22127356204698548,0.010929803363978863,0.011565666645765305,-0.0026849783613234323
2020-03-31,CFR.SW,0.03217842379202437,0.04230117052793503,0.028996018692851067,-0.01023333891603162
2020-04-30,CFR.SW,0.010917374076719718,0.05152255296707153,0.03469715639948845,-0.008159132582702795
2020-05-29,CFR.SW,0.08185375405808862,0.0189509354531765,0.025314737111330032,-0.007721289413840081
2020-06-30,CFR.SW,-0.042515544601201,0.040253087878227234,0.04669119790196419,-0.0046260622459112595
2020-07-31,CFR.SW,0.05781638989228326,0.02512228675186634,0.024695634841918945,-0.007976302966183667
2020-08-31,CFR.SW,0.04825545330471103,0.014106007292866707,0.013102931901812553,-0.0073233852219036655
2020-09-30,CFR.SW,-0.050221274158344174,0.011129329912364483,0.0077762003056705,-0.006859422271206445
2020-10-30,CFR.SW,0.2594563221836172,-0.02688414603471756,-0.02578980103135109,-0.006925267598128418
2020-11-30,CFR.SW,0.05843261937977014,0.034126028418540955,0.0291223656386137,-0.0006761200383528848
2020-12-31,CFR.SW,0.03625038807512134,0.007529327180236578,0.008910383097827435,0.0009016324394777175
2021-01-29,CFR.SW,0.05508993961894763,0.02575378492474556,0.02710483781993389,0.0030003492697402803
2021-02-26,CFR.SW,0.02570695362787747,0.04643690958619118,0.045199647545814514,0.004430344073959702
2021-03-31,CFR.SW,0.03336247209818818,0.022284850478172302,0.02031603828072548,0.0030886807542872914
2021-04-30,CFR.SW,0.1622174670803438,0.029718630015850067,0.02905483916401863,0.0033698391148165494
2021-05-31,CFR.SW,0.02914116202515102,0.01998738944530487,0.0109113659709692,0.010481650080075561
2021-06-30,CFR.SW,0.060483706898428254,0.02931436337530613,0.026210559532046318,0.010387659470825254
2021-07-30,CFR.SW,-0.125386192386101,0.01623404212296009,-0.007756957318633795,0.01137229724568055
2021-08-31,CFR.SW,-0.014025917441624373,0.07287759333848953,0.05130195990204811,0.008755030834115059
2021-09-30,CFR.SW,0.1667351341038758,0.03708091378211975,0.02284221537411213,0.012006204757141661
2021-10-29,CFR.SW,0.22566854741649173,0.004466196522116661,0.006513118743896484,0.018152076640738788
2021-11-30,CFR.SW,0.01197762393112894,-0.00354138296097517,0.004418088588863611,0.026404942046822494
2021-12-31,CFR.SW,-0.02990239185950407,0.023286687210202217,0.025758784264326096,0.023268263217126765
2022-01-31,CFR.SW,-0.12685046218513846,0.05987461283802986,0.06309566646814346,0.01964499969001178
2022-02-28,CFR.SW,0.000354835110873784,0.03815304860472679,0.040972091257572174,0.019461768569047896
2022-03-31,CFR.SW,-0.04875080258622449,0.032178089022636414,0.03236350044608116,0.017307744208606677
2022-04-29,CFR.SW,-0.08423271403456344,0.041416555643081665,0.04609265178442001,0.016750671684275253
2022-05-31,CFR.SW,-0.008911800349683549,0.06328416615724564,0.06431043148040771,0.010685683353226307
2022-06-30,CFR.SW,0.13859980137640587,0.03184768185019493,0.03238680958747864,0.009268803427219474
2022-07-29,CFR.SW,-0.014818459767054874,0.0037327210884541273,0.005282317753881216,0.0162353795992207
2022-08-31,CFR.SW,-0.10656931072911968,0.010258466005325317,0.009250258095562458,0.015189938150853935
2022-09-30,CFR.SW,0.003620149730321166,0.008343818597495556,0.007620444521307945,0.011396679454724544
2022-10-31,CFR.SW,0.21292279884582968,0.006150133907794952,0.00760808726772666,0.011521752759286748
2022-11-30,CFR.SW,-0.03261520408084573,0.006126804277300835,0.006530814804136753,0.018261755628182108
2022-12-30,CFR.SW,0.15489568115093214,0.001958084525540471,0.0022025913931429386,0.017907402744869003
2023-01-31,CFR.SW,0.023615448865183204,0.010796691291034222,0.008882022462785244,0.024772224759474444
2023-02-28,CFR.SW,0.0065414361920704284,0.02020280621945858,0.018576297909021378,0.031171764640022692
2023-03-31,CFR.SW,0.027036624685415112,0.008013145066797733,-0.0009589578839950264,0.030807680070821165
2023-04-28,CFR.SW,0.03441211142790074,0.010210495442152023,0.004162268713116646,0.030914535830057755
2023-05-31,CFR.SW,0.03271904501770038,0.033000048249959946,0.028877180069684982,0.028639096648479488
2023-06-30,CFR.SW,-0.05895216580827792,0.001593642751686275,0.0015742196701467037,0.031148728693340032
2023-07-31,CFR.SW,-0.09977625918081262,0.01764407567679882,0.021624470129609108,0.028744602598530514
2023-08-31,CFR.SW,-0.09120640457102874,0.0035641752183437347,0.004302402026951313,0.024397299731976033
2023-09-29,CFR.SW,-0.05330272718371131,0.033962756395339966,0.0357983261346817,0.022992244888664925
2023-10-31,CFR.SW,0.01598094050878256,0.007356042508035898,0.005464551504701376,0.014851277595887658
2023-11-30,CFR.SW,0.08442424213694147,0.023383546620607376,0.019296031445264816,0.01434221067443733
2023-12-29,CFR.SW,0.12001843211225022,0.027402561157941818,0.02188847027719021,0.015133478371418468
2024-01-31,CFR.SW,0.06704537939960153,0.013531764037907124,0.008731360547244549,0.01702289937922931
2024-02-29,CFR.SW,-0.04988470267696464,-0.0015636855969205499,-0.0031825134065002203,0.018059473120684653
2024-03-28,CFR.SW,-0.057653819244965224,0.008534477092325687,0.009852233342826366,0.016196199141051946
2024-04-30,CFR.SW,0.0922413798961861,0.013909132219851017,0.014394883066415787,0.009846161998158095
2024-05-31,CFR.SW,-0.012216120406157625,-0.003050260478630662,-0.0025747069157660007,0.01247224794309676
2024-06-28,CFR.SW,-0.04748395854756505,0.011814062483608723,0.010534862987697124,0.010859514928622903
2024-07-31,CFR.SW,0.012258504684557239,0.0076493616215884686,0.008559820242226124,0.013178694758401808
2024-08-30,CFR.SW,0.021887839532847966,0.002018480794504285,9.568658424541354e-05,0.014487303685368423
2024-09-30,CFR.SW,-0.035602337757919815,0.020538456737995148,0.01661764271557331,0.010261203082280549
2024-10-31,CFR.SW,-0.011843153281648127,0.011007974855601788,0.01050468161702156,0.002830616731969974
2024-11-29,CFR.SW,0.10756322729161667,0.021202806383371353,0.019990554079413414,0.002168928476059466
2024-12-31,CFR.SW,0.2458754418829915,0.003540772246196866,0.003406879957765341,0.006490765194205168
2025-01-31,CFR.SW,0.04896880426547394,-0.018043367192149162,-0.013185366988182068,0.014591630027367705
2025-02-28,CFR.SW,-0.20108929529353448,0.00018800715042743832,0.004582615569233894,0.017608336153997126
2025-03-31,CFR.SW,-0.03512899855197387,0.0764998123049736,0.07738407701253891,0.013347623866540153
2025-04-30,CFR.SW,0.07064199730234332,0.016067251563072205,0.013950593769550323,0.016871334414213682
2025-05-30,CFR.SW,-0.03650019726601039,0.0013983973767608404,7.105100667104125e-05,0.0158561184268292
2025-06-30,CFR.SW,-0.07688464016961466,0.013084503822028637,0.01266379002481699,0.01308441493267012
2025-07-31,CFR.SW,0.03919665082118523,0.01934528537094593,0.016819780692458153,0.00831990987418073
2025-08-29,CFR.SW,0.10149579981516717,0.012677411548793316,0.012793262489140034,0.012209356226916964
2025-09-30,CFR.SW,0.07737141023095437,-0.0013456611195579171,-0.0007766052731312811,0.014266029310493403
2025-10-31,CFR.SW,0.0850273891108556,0.0017664222978055477,0.0016200835816562176,0.012036857702206699
2025-11-28,CFR.SW,0.015055364531001838,-0.01000124216079712,-0.010952324606478214,0.013333200324255643
2019-01-31,DTE.DE,0.023333677673957776,0.0037864933256059885,0.004205615259706974,0.0010519113777010104
2019-02-28,DTE.DE,0.06729712874653059,-0.002120108110830188,-0.008649174124002457,0.0013892128266933534
2019-03-29,DTE.DE,0.008010925291300298,0.003912702202796936,0.0027233180589973927,0.0028400564090901056
2019-04-30,DTE.DE,0.016623920723725653,0.0008488342864438891,0.0002977949334308505,0.0018266565199002778
2019-05-31,DTE.DE,0.00843567687258737,0.00850868970155716,0.009407346136868,0.005739071314892534
2019-06-28,DTE.DE,-0.004612243803788021,-6.042897439328954e-06,0.0026107863523066044,0.0034097661553247217
2019-07-31,DTE.DE,0.01732213573004116,0.006019716151058674,0.007353492081165314,0.0033561430672414128
2019-08-30,DTE.DE,0.014262545649104742,0.0007646241574548185,-0.0005249778623692691,0.003949636619183054
2019-09-30,DTE.DE,0.017131983259660175,0.0028570268768817186,0.005713224411010742,0.004032148272761462
2019-10-31,DTE.DE,-0.03432136562392136,0.0025134719908237457,0.005971476435661316,0.005376823988279198
2019-11-29,DTE.DE,-0.044696453455094286,0.0022645206190645695,0.00654395017772913,0.0018829753422402327
2019-12-31,DTE.DE,0.007385164819969155,-5.903279816266149e-05,-0.0014217483112588525,0.00018197830151987933
2020-01-31,DTE.DE,0.008861157827093413,0.004315085709095001,0.002484770491719246,0.00046228594670791627
2020-02-28,DTE.DE,-0.20791048650207905,0.0021612707059830427,0.003974506165832281,0.0010023578638095085
2020-03-31,DTE.DE,0.12035678286394878,0.04237266629934311,0.04975888878107071,-0.005174438723322313
2020-04-30,DTE.DE,0.06183795568347829,0.037613559514284134,0.03200462460517883,-0.004644376594035555
2020-05-29,DTE.DE,0.08334423343543022,0.0015541109023615718,0.004445199389010668,-0.0018318491438688517
2020-06-30,DTE.DE,-0.01891300133587654,0.0047585912980139256,0.004317238926887512,0.002637911438228323
2020-07-31,DTE.DE,0.040469122268842236,-0.009317874908447266,-0.010645636357367039,0.0016271820994935046
2020-08-31,DTE.DE,-0.03273342325242928,0.007704784628003836,0.003923841752111912,0.0019175282187991287
2020-09-30,DTE.DE,-0.08427955581826807,-0.01057219784706831,-0.008653524331748486,0.0014377623666552584
2020-10-30,DTE.DE,0.14536804273206497,0.004954956471920013,0.0049058240838348866,0.00031773045891054293
2020-11-30,DTE.DE,-0.010641851351693453,0.006161436438560486,0.007364500313997269,0.0039169534554641915
2020-12-31,DTE.DE,-0.008056432360730075,0.005447609815746546,0.0039051317144185305,0.004611327946348344
2021-01-29,DTE.DE,0.021868011658212876,0.0022962531074881554,0.0007578006479889154,0.0061228376176383215
2021-02-26,DTE.DE,0.13107497733477394,0.0015239169588312507,0.014478014782071114,0.008145886859744994
2021-03-31,DTE.DE,-0.035173108958432134,0.002036566846072674,0.002570647746324539,0.008313883345486748
2021-04-30,DTE.DE,0.060271636770193524,0.006112853065133095,0.004821266978979111,0.008516200191537033
2021-05-31,DTE.DE,0.05740027050314523,0.008351300843060017,0.007827512919902802,0.010389613875824474
2021-06-30,DTE.DE,-0.007212008917085492,0.006911692209541798,0.007409841287881136,0.010330198305502067
2021-07-30,DTE.DE,0.05002415156302989,0.009513050317764282,0.012680649757385254,0.009224825424741765
2021-08-31,DTE.DE,-0.026560223336571008,-0.002758573740720749,-0.00026173601509071887,0.010424622094893959
2021-09-30,DTE.DE,-0.07878847631750814,0.006360121536999941,0.006647657137364149,0.009010580470173309
2021-10-29,DTE.DE,-0.0023661359217169967,0.010653211735188961,0.008471289649605751,0.004613653465910226
2021-11-30,DTE.DE,0.039620394142406375,-0.010141399689018726,-0.019885916262865067,0.005209654093949949
2021-12-31,DTE.DE,0.022565750345186313,0.016795499250292778,0.017269598320126534,0.007134547648319692
2022-01-31,DTE.DE,-0.0683848252311344,0.012230982072651386,0.011208795942366123,0.007277765521108876
2022-02-28,DTE.DE,0.07705344853288318,0.02093777246773243,0.01855902001261711,0.004251968958960073
2022-03-31,DTE.DE,0.05804163250822668,0.0006844394956715405,1.8514656403567642e-05,0.0056157245912720815
2022-04-29,DTE.DE,0.08255272752298239,0.00047022648504935205,0.0004963522660546005,0.007212451422709025
2022-05-31,DTE.DE,-0.004717276400786839,-0.009600131772458553,-0.01241295412182808,0.009478866060779351
2022-06-30,DTE.DE,-0.023497763580788558,-0.01109355315566063,-0.00869027990847826,0.009817136709139454
2022-07-29,DTE.DE,0.01427143292867072,0.008233683183789253,0.008778275921940804,0.009089886695675613
2022-08-31,DTE.DE,-0.06316252374496298,-0.0022102880757302046,-0.0013451926643028855,0.00865611493335705
2022-09-30,DTE.DE,0.09128981845701338,-0.006263226270675659,-0.008784198202192783,0.006092131519274642
2022-10-31,DTE.DE,0.015533179128304344,-0.015300747938454151,-0.015142514370381832,0.009536902730882825
2022-11-30,DTE.DE,-0.040379702024566144,-0.0022907243110239506,-0.0009668848942965269,0.01108325782689036
2022-12-30,DTE.DE,0.08812408029598544,-0.00020983458671253175,-0.0004139103984925896,0.009417883666258644
2023-01-31,DTE.DE,0.03342075712273892,-0.0011374170426279306,-6.885773473186418e-05,0.012186462026804587
2023-02-28,DTE.DE,0.04037926118067126,-0.003335367189720273,-0.013493861071765423,0.01967418724619046
2023-03-31,DTE.DE,-0.01399199179835447,-0.0019700147677212954,-0.00272103538736701,0.017487889589790813
2023-04-28,DTE.DE,-0.03843490131829764,0.0052235615439713,0.0038530558813363314,0.016193854553687975
2023-05-31,DTE.DE,-0.04007915425057995,0.002106516854837537,-0.0010207142913714051,0.012241862743855761
2023-06-30,DTE.DE,-0.006730586219673052,-0.001267727930098772,-0.002991860266774893,0.01145651520220898
2023-07-31,DTE.DE,-0.01421212297332032,0.0019291371572762728,-0.0018916451372206211,0.010384096598606804
2023-08-31,DTE.DE,0.006362134686677959,-0.0025296946987509727,-0.0026784646324813366,0.0118779278909549
2023-09-29,DTE.DE,0.030094084850611914,0.0030375849455595016,0.002784564858302474,0.015051692954126327
2023-10-31,DTE.DE,0.06887891324245982,0.002309492789208889,0.000993038760498166,0.011228914135319531
2023-11-30,DTE.DE,-0.00045521457380994857,0.0015090920496731997,0.0012924597831442952,0.013561848924751058
2023-12-29,DTE.DE,0.05043085837176198,0.004625074099749327,0.0036234112922102213,0.013238844031601643
2024-01-31,DTE.DE,-0.03398498862043486,-0.0008418918587267399,-0.0010758308926597238,0.014388798734744709
2024-02-29,DTE.DE,0.023154824407687465,0.005065856035798788,0.00613563135266304,0.009826993964677776
2024-03-28,DTE.DE,0.0026006135842796714,-0.004007203504443169,-0.004697808995842934,0.011392839905312827
2024-04-30,DTE.DE,0.006031234136052753,0.0073903645388782024,0.006940839346498251,0.009224302023211907
2024-05-31,DTE.DE,0.06049264614387843,0.00208796258084476,0.0009632099536247551,0.009080429005791696
2024-06-28,DTE.DE,0.028963261829896524,0.004374569747596979,0.001263800193555653,0.010534528240461737
2024-07-31,DTE.DE,0.061767755422310645,-0.005307565908879042,-0.008525194600224495,0.010421497820778947
2024-08-30,DTE.DE,0.026105154331749116,-0.003221249906346202,-0.005315630696713924,0.013479268734866984
2024-09-30,DTE.DE,0.07128917006655869,-0.00012647850962821394,0.00029487229767255485,0.016695224177254456
2024-10-31,DTE.DE,0.08473226863795687,0.004204942379146814,0.0012054191902279854,0.01894120542744125
2024-11-29,DTE.DE,-0.046991973036676744,-0.00602333340793848,-0.005681335926055908,0.02019431305231766
2024-12-31,DTE.DE,0.11126216937221005,0.02428402192890644,0.022700771689414978,0.018038885072192323
2025-01-31,DTE.DE,0.10272958760727972,0.012621363624930382,0.01282296422868967,0.022355043759084002
2025-02-28,DTE.DE,-0.015369306751255484,0.010069037787616253,0.008830450475215912,0.022580584555554933
2025-03-31,DTE.DE,-0.050758652095828374,0.025955738499760628,0.027010252699255943,0.020362202641729377
2025-04-30,DTE.DE,0.04546935486315932,0.019893141463398933,0.018387053161859512,0.016847158285414325
2025-05-30,DTE.DE,-0.07193762349635706,0.005159500055015087,0.0051554469391703606,0.018424268943484874
2025-06-30,DTE.DE,0.02361309400369675,0.01500758808106184,0.014294339343905449,0.01749601228606041
2025-07-31,DTE.DE,-0.008293531624073041,0.008059357292950153,0.00962056778371334,0.017125511936474318
2025-08-29,DTE.DE,-0.0813781566459666,0.00972350500524044,0.006870360113680363,0.018176600915013753
2025-09-30,DTE.DE,-0.03044855809809375,0.013438191264867783,0.01199532113969326,0.014906358913509431
2025-10-31,DTE.DE,0.026785763260862763,0.009720604866743088,0.012691310606896877,0.011273495499085
2025-11-28,DTE.DE,-0.003608797656190982,0.011003722436726093,0.012346139177680016,0.013242374380283441
2019-01-31,ENEL.MI,0.009073928504270521,-0.000740713148843497,0.0030202309135347605,0.014223388813011908
2019-02-28,ENEL.MI,0.06969435745806248,-0.006885254289954901,-0.0026173002552241087,0.01285294201083827
2019-03-29,ENEL.MI,-0.011460784671824285,0.002255762927234173,0.008904313668608665,0.014647174927681013
2019-04-30,ENEL.MI,0.0,-0.0017139995470643044,0.00807058997452259,0.013329218266806544
2019-05-31,ENEL.MI,0.09514713806833124,0.015794388949871063,0.015541654080152512,0.015403139137040282
2019-06-28,ENEL.MI,0.03963276927582058,0.008916353806853294,0.009167702868580818,0.014880844425107745
2019-07-31,ENEL.MI,0.06751856490894523,0.022185606881976128,0.024553542956709862,0.01630105477796594
2019-08-30,ENEL.MI,0.038234044622763426,0.0057290359400212765,0.009999290108680725,0.01822862006174593
2019-09-30,ENEL.MI,0.003060678096941167,0.005748332012444735,0.013538451865315437,0.019390013552265405
2019-10-31,ENEL.MI,-0.012177762181086566,0.006618328858166933,0.011760279536247253,0.02099883163864771
2019-11-29,ENEL.MI,0.031019240558894472,0.010380216874182224,0.015424858778715134,0.0176611140112894
2019-12-31,ENEL.MI,0.15516751628097206,0.0014529605396091938,0.004088588524609804,0.019140332238310513
2020-01-31,ENEL.MI,-0.027752687296147875,0.006583868060261011,0.006432109512388706,0.02209971317888804
2020-02-28,ENEL.MI,-0.1708772079918859,0.02155810035765171,0.02399047464132309,0.019435274944113904
2020-03-31,ENEL.MI,-0.01638212109410237,-0.031578537076711655,-0.05054621770977974,0.013922046533565201
2020-04-30,ENEL.MI,0.10132722465101339,0.00035880811628885567,-0.0011939017567783594,0.010991115355847052
2020-05-29,ENEL.MI,0.1126659338823119,0.0006627704715356231,0.0005609479849226773,0.012997251522737402
2020-06-30,ENEL.MI,0.058089697350405686,0.004988613538444042,0.005236963741481304,0.015968184148897755
2020-07-31,ENEL.MI,-0.018279676021780142,0.0017085358267650008,0.00045734187006019056,0.015470213639591408
2020-08-31,ENEL.MI,-0.01179690169654949,0.006109280977398157,0.0022816204000264406,0.01488055492225876
2020-09-30,ENEL.MI,-0.06703999956224879,0.003920487128198147,0.0015240159118548036,0.013204190084673483
2020-10-30,ENEL.MI,0.20274363668213105,-0.09838401526212692,-0.0970047116279602,0.010743249833707195
2020-11-30,ENEL.MI,-0.011294182573038849,-0.0026021949015557766,0.0026576381642371416,0.0168220030126452
2020-12-31,ENEL.MI,0.013283843760771217,0.0024940187577158213,0.0021760661620646715,0.016583639650307822
2021-01-29,ENEL.MI,-0.0302413825986008,0.020083272829651833,0.01362959947437048,0.018515450361224508
2021-02-26,ENEL.MI,0.08114056491801533,0.010399292223155499,0.008686515502631664,0.017544234883624048
2021-03-31,ENEL.MI,-0.026970683515248256,0.0033206394873559475,0.006088503636419773,0.01718202530926676
2021-04-30,ENEL.MI,-0.02585457568223633,0.002978904638439417,0.01119381282478571,0.019436046708485297
2021-05-31,ENEL.MI,-0.0022366679964017106,0.002812508028000593,0.01539310347288847,0.018682518443155827
2021-06-30,ENEL.MI,0.046208621617760015,0.003345055039972067,0.013610138557851315,0.0173780871240989
2021-07-30,ENEL.MI,-0.004121604771631696,0.0036057792603969574,0.005581334233283997,0.019612731848913836
2021-08-31,ENEL.MI,-0.1275330269646761,0.0038480586372315884,0.004201776813715696,0.018009905707024973
2021-09-30,ENEL.MI,0.08430147943175695,0.03199857845902443,0.030632952228188515,0.015308163831026747
2021-10-29,ENEL.MI,-0.06376493401450994,-0.00034060690086334944,-0.0017491790931671858,0.015367978904963516
2021-11-30,ENEL.MI,0.044186092332212906,0.013491223566234112,0.018519828096032143,0.011598201432035112
2021-12-31,ENEL.MI,-0.01043353779120335,0.01221321802586317,0.01097160205245018,0.011220291434982828
2022-01-31,ENEL.MI,-0.09377771777583808,0.004883881658315659,0.010456903837621212,0.010477764274819015
2022-02-28,ENEL.MI,-0.0824069351418248,0.021647274494171143,0.03159429877996445,0.00787386934127675
2022-03-31,ENEL.MI,0.017155881569652066,0.012707335874438286,0.014697483740746975,0.005774172643855115
2022-04-29,ENEL.MI,-0.00904684854964871,0.012888815253973007,0.014943592250347137,0.006452487969323258
2022-05-31,ENEL.MI,-0.11229696807366867,0.0055617461912333965,0.005590834654867649,0.003299710035969911
2022-06-30,ENEL.MI,-0.02268612521542357,0.016393808647990227,0.022035248577594757,-0.0015279895588705744
2022-07-29,ENEL.MI,-0.02172550925818473,0.0055803232826292515,0.0069849565625190735,-0.003614250288408314
2022-08-31,ENEL.MI,-0.1001561862307997,0.02452234737575054,0.021759673953056335,-0.006306035340221493
2022-09-30,ENEL.MI,0.06750808537970471,-0.043709758669137955,-0.024472007527947426,-0.009455574306087658
2022-10-31,ENEL.MI,0.1221257855508946,-0.037053897976875305,-0.04067669436335564,-0.007451286303560906
2022-11-30,ENEL.MI,-0.02046502237187382,-0.004005473107099533,-0.004547586664557457,-0.0047079369867784665
2022-12-30,ENEL.MI,0.11311164033739346,0.001162107102572918,0.002263634232804179,-0.009313963518033474
2023-01-31,ENEL.MI,-0.03607249950159439,-0.005212489515542984,-0.004130349960178137,-0.004843648773782122
2023-02-28,ENEL.MI,0.035292242434774065,0.005650433711707592,0.005914419423788786,0.0005424389212925392
2023-03-31,ENEL.MI,0.08038443586874398,-0.007932552136480808,-0.006183911580592394,0.0017533455908776852
2023-04-28,ENEL.MI,-0.039820892673942454,-0.0006421207217499614,0.00034759609843604267,0.0029256919385772916
2023-05-31,ENEL.MI,0.04652788494220484,0.011737260036170483,0.013143392279744148,-0.0030733575223337367
2023-06-30,ENEL.MI,0.048795124801869,0.0028003891929984093,0.0027792768087238073,-0.0030886352253757425
2023-07-31,ENEL.MI,-0.010417634045474819,-0.002386249601840973,0.004975833464413881,-0.0004574084428951143
2023-08-31,ENEL.MI,-0.06486077765072444,-0.00591004965826869,-0.005699888803064823,-0.000303375035430431
2023-09-29,ENEL.MI,0.011276595555349106,0.015624450519680977,0.025015419349074364,1.052878580158777e-05
2023-10-31,ENEL.MI,0.07168341701421162,-0.0011290042893961072,0.006246430799365044,-0.004797867472474472
2023-11-30,ENEL.MI,0.03380392247992195,-0.0016290523344650865,0.0005011928733438253,-0.0018303664408407434
2023-12-29,ENEL.MI,-0.04022923765355179,-0.0003720586537383497,-0.0012841139687225223,-0.0017751902692732895
2024-01-31,ENEL.MI,-0.07496972478334117,0.007443638518452644,0.006943156942725182,-0.0009745651166940877
2024-02-29,ENEL.MI,0.039331906877999666,-4.7803172492422163e-05,0.0007006264058873057,-0.004705892644203563
2024-03-28,ENEL.MI,0.013150587696934968,-4.616371734300628e-05,-0.00030161513132043183,-0.0036627057617318755
2024-04-30,ENEL.MI,0.061033843193342964,-0.00043504618224687874,0.0008225152851082385,-0.002361248293893158
2024-05-31,ENEL.MI,-0.007389007371030637,0.0026741772890090942,0.0007026973180472851,0.000777071899228469
2024-06-28,ENEL.MI,0.05612793572250448,0.00047487576375715435,6.480023148469627e-05,-0.001329229819250963
2024-07-31,ENEL.MI,0.037504436722823796,-0.0013268833281472325,-0.005478013772517443,0.0010743672447133625
2024-08-30,ENEL.MI,0.044312398689665224,0.0045849913731217384,0.001989690586924553,0.005843041644670477
2024-09-30,ENEL.MI,-0.005170155024365126,-0.000375484669348225,4.771038220496848e-05,0.0051888388358152055
2024-10-31,ENEL.MI,-0.02322312082225321,0.005787295754998922,0.00343806273303926,0.006622645639279199
2024-11-29,ENEL.MI,0.011098299109713012,0.004467780701816082,0.003199061844497919,0.00475016749609959
2024-12-31,ENEL.MI,0.02759662296853715,0.0015040244907140732,0.0010179426753893495,0.004916656322892214
2025-01-31,ENEL.MI,0.01674649791104706,0.0057211886160075665,0.004894159268587828,0.006740432063799188
2025-02-28,ENEL.MI,0.0601995924970927,0.008521847426891327,0.007029527332633734,0.010712276573826014
2025-03-31,ENEL.MI,0.019418099152290747,0.01633531041443348,0.01682029850780964,0.011477922093888896
2025-04-30,ENEL.MI,0.04876525665214984,0.016136322170495987,0.015207991003990173,0.011514187992912268
2025-05-30,ENEL.MI,-0.0035933624725689763,0.006647193338721991,0.004879814572632313,0.01679170457704715
2025-06-30,ENEL.MI,-0.01455019910145661,0.006792311090976,0.003815410425886512,0.019309559956980676
2025-07-31,ENEL.MI,0.01933854193054487,0.006579522043466568,0.006392218638211489,0.018518722723885397
2025-08-29,ENEL.MI,0.012353608934610995,0.005199252162128687,0.0052913338877260685,0.020744411595633387
2025-09-30,ENEL.MI,0.07681399231175864,0.005205206573009491,0.004533806350082159,0.02238914067260593
2025-10-31,ENEL.MI,0.01549713089932309,0.006186492741107941,0.005147506482899189,0.020687920541585064
2025-11-28,ENEL.MI,-0.003486080432632538,0.003833102760836482,0.004012917634099722,0.021071480537876802
2019-01-31,ENG.MC,-0.019456548975962502,0.00625865813344717,0.005442147143185139,0.004369340065636397
2019-02-28,ENG.MC,0.03491224737055716,0.007189387455582619,0.0075986264273524284,0.0031115645408560256
2019-03-29,ENG.MC,-0.021036893513469487,0.009649652987718582,0.008502497337758541,0.004244080749988092
2019-04-30,ENG.MC,-0.035667936960603865,-0.000607646070420742,0.0023082620464265347,0.0030195692184705005
2019-05-31,ENG.MC,-0.03420877706408208,0.011312893591821194,0.012325203977525234,0.003221381696725885
2019-06-28,ENG.MC,-0.13444397046901785,-0.00369295384734869,0.0008530043414793909,-0.00023104088937177093
2019-07-31,ENG.MC,-0.010217004226594828,0.05590735748410225,0.050769370049238205,-0.0031308929482808515
2019-08-30,ENG.MC,0.06837134661686196,0.0005069573526270688,-0.0060011656023561954,-0.002666518511829061
2019-09-30,ENG.MC,-0.012781034698710407,0.006829586811363697,0.00301680457778275,-0.00040419749310589067
2019-10-31,ENG.MC,0.018750803613852833,-0.004635960329324007,-0.002736923284828663,0.003362805114800274
2019-11-29,ENG.MC,0.05466887954154412,0.004043875262141228,0.0037275957874953747,0.0023435055272401765
2019-12-31,ENG.MC,0.06963764379495048,0.0006992035778239369,0.003035732777789235,0.005176624559002499
2020-01-31,ENG.MC,-0.03728196835008745,0.0060292985290288925,0.006416652351617813,0.0065644087614552165
2020-02-28,ENG.MC,-0.26849406285418825,0.010398484766483307,0.013369647786021233,0.004335511533322382
2020-03-31,ENG.MC,0.16260189738644537,-0.013814471662044525,-0.007841693237423897,-0.0029725850458320138
2020-04-30,ENG.MC,-0.05206012499744342,0.006943793036043644,0.009310013614594936,-0.00025575734565595905
2020-05-29,ENG.MC,0.07527372947334722,0.01467040739953518,0.014855144545435905,-0.002332789622376202
2020-06-30,ENG.MC,0.054273389554674284,0.006251957267522812,0.004122848156839609,0.0013730732799032018
2020-07-31,ENG.MC,-0.042050909878552506,0.007236432749778032,0.006796566769480705,0.0016504663394010983
2020-08-31,ENG.MC,-0.022206687621519592,0.0025364842731505632,-0.001582397148013115,0.0013879157670757042
2020-09-30,ENG.MC,-0.06421679943645012,0.0036318236961960793,0.002901273313909769,-0.0001591242339029877
2020-10-30,ENG.MC,0.09712374217045072,0.011587711982429028,0.010841346345841885,-0.0016676104704443793
2020-11-30,ENG.MC,-0.07455928084311812,0.00591053394600749,0.005464612971991301,0.00014433970037946382
2020-12-31,ENG.MC,0.02174899288408026,0.012664985843002796,0.010557368397712708,-0.00035553590893835614
2021-01-29,ENG.MC,-0.03243210462636411,0.013022559694945812,0.013308461755514145,0.0009008705216018893
2021-02-26,ENG.MC,0.06977968296454116,0.018396981060504913,0.01828889735043049,0.00021791737368186896
2021-03-31,ENG.MC,-0.021834913790685213,0.004571390338242054,0.006831824313849211,-0.0014044948699416897
2021-04-30,ENG.MC,0.05919519580125083,0.014048092067241669,0.01189968641847372,-0.001342501327885468
2021-05-31,ENG.MC,0.020082972771731995,0.004460528027266264,0.00398098723962903,-0.0014909207441776953
2021-06-30,ENG.MC,0.040690561172742376,0.004392716102302074,0.006136434152722359,-0.0005786038961913172
2021-07-30,ENG.MC,-0.0020682323764018547,-0.014966441318392754,-0.01574619673192501,0.00026971123319569697
2021-08-31,ENG.MC,-0.004943639729931716,-0.0013843089109286666,-0.0020282662007957697,0.00042442794533740596
2021-09-30,ENG.MC,0.010360071839927015,0.0017925023566931486,0.0010711903451010585,0.0008939457236042886
2021-10-29,ENG.MC,0.036183442187586116,0.002600006526336074,0.00223864009603858,-0.0003415138588339145
2021-11-30,ENG.MC,0.05466173946836011,-0.0007744443719275296,5.2716270147357136e-05,0.0014881132423841567
2021-12-31,ENG.MC,-0.06062481998842836,0.0027888885233551264,0.0029659972060471773,0.0003712420334710531
2022-01-31,ENG.MC,-0.009944892564104342,0.0038056785706430674,0.004196335561573505,-0.0009492336760276042
2022-02-28,ENG.MC,0.04368182713664769,0.001852255780249834,0.0011106961173936725,-0.002373250149948479
2022-03-31,ENG.MC,0.007908903721634365,0.0005484989378601313,-0.00040449434891343117,6.847899111194087e-06
2022-04-29,ENG.MC,0.04328867729767933,0.0024588401429355145,0.0027809408493340015,0.0015706574633285422
2022-05-31,ENG.MC,-0.0009390100676474665,-0.005242999643087387,-0.007633422501385212,0.003756797626590252
2022-06-30,ENG.MC,-0.04015470437393309,-0.0024345770943909883,-0.003360551316291094,0.007991685176598564
2022-07-29,ENG.MC,-0.0023368173839642234,0.002505619777366519,0.0004348146030679345,0.0058158489013507226
2022-08-31,ENG.MC,-0.12672209581299423,-0.00033580558374524117,-0.00042548426426947117,0.0023490005088460724
2022-09-30,ENG.MC,0.03626612492725344,0.016662700101733208,0.017785651609301567,-0.0011914583142289177
2022-10-31,ENG.MC,0.051902058120427016,-0.012898777611553669,-0.01176721416413784,-0.0020855575351967914
2022-11-30,ENG.MC,-0.061806131248488765,-0.004238858353346586,-0.0027669179253280163,-0.0023858308635984235
2022-12-30,ENG.MC,0.06484060334239951,0.020416531711816788,0.017917579039931297,-0.005537657940585349
2023-01-31,ENG.MC,0.006658589902279295,0.005546327214688063,0.004817477893084288,-0.002708174578349413
2023-02-28,ENG.MC,0.030199797335693414,-0.0014298207825049758,-0.002428788226097822,0.005472047636287194
2023-03-31,ENG.MC,0.009558626825677739,-0.0029965543653815985,-0.00275102979503572,0.001925885445887528
2023-04-28,ENG.MC,-0.024252318503832655,0.00047986849676817656,0.0024820417165756226,0.0030251317653590126
2023-05-31,ENG.MC,0.003912590002481811,0.00099960679654032,0.0012933341786265373,0.0015232558791978947
2023-06-30,ENG.MC,-0.049219468044841314,0.0007939720526337624,0.0015766496071591973,0.0002913741906238856
2023-07-31,ENG.MC,-0.0270116675571804,0.003428319003432989,0.0027008713223040104,0.0006160771398086635
2023-08-31,ENG.MC,-0.004136801627454531,0.001634571934118867,0.00472176494076848,0.000836502197382479
2023-09-29,ENG.MC,0.012989208480734375,0.0023094061762094498,0.0029255941044539213,0.002348496883335777
2023-10-31,ENG.MC,0.058406389439614244,-0.0017059395322576165,-0.0013822573237121105,-8.266470988227415e-05
2023-11-30,ENG.MC,-0.043065228837978864,-0.002440291689708829,-0.00372695061378181,0.004187360183828741
2023-12-29,ENG.MC,-0.017179156822747232,0.006744155194610357,0.005900534801185131,0.002348250510847996
2024-01-31,ENG.MC,-0.12289052778488123,0.00810900330543518,0.006772880908101797,0.003458691555160925
2024-02-29,ENG.MC,0.03098741174819708,0.014239552430808544,0.015848737210035324,-0.001318105344841188
2024-03-28,ENG.MC,0.009759651827291303,0.012280842289328575,0.011540140025317669,1.2572534054906053e-05
2024-04-30,ENG.MC,0.0029026474109078,0.010585683397948742,0.010459805838763714,-0.0016302305405294772
2024-05-31,ENG.MC,-0.00212539743443588,0.005665408447384834,0.008089532144367695,-0.001201371139023941
2024-06-28,ENG.MC,0.05949733047346468,0.016409141942858696,0.017089545726776123,-0.0026050835043482934
2024-07-31,ENG.MC,-0.002894238201497772,0.005532057024538517,0.006044398061931133,-0.0008284069643182586
2024-08-30,ENG.MC,-0.01297786285483679,0.005422633606940508,0.005230654496699572,-0.0003720867387354554
2024-09-30,ENG.MC,-0.03320113408100746,0.008772091008722782,0.00746249221265316,-0.0013416893665881835
2024-10-31,ENG.MC,-0.0030770402992000064,0.010148795321583748,0.00823292788118124,-0.003610562887464419
2024-11-29,ENG.MC,-0.06570515090604627,0.0014721222687512636,0.0005745738162659109,-0.005214417881007762
2024-12-31,ENG.MC,0.030926038267261823,0.014915610663592815,0.014048399403691292,-0.0058579345482912114
2025-01-31,ENG.MC,0.01058220486130465,0.006029769312590361,0.005533891264349222,-0.003759717760493565
2025-02-28,ENG.MC,0.060343049502334024,0.006219799164682627,0.006586301140487194,-0.0049625475726162716
2025-03-31,ENG.MC,0.03322574747783275,0.008017259649932384,0.008608086965978146,-0.003922766801628188
2025-04-30,ENG.MC,0.02722223892215226,0.024918515235185623,0.023584406822919846,-0.004725553936756876
2025-05-30,ENG.MC,0.008785888968889512,0.013848581351339817,0.012723518535494804,-0.0025997586257311906
2025-06-30,ENG.MC,-0.0858033915436983,0.0036150976084172726,0.0036288565024733543,-0.0008954310589986845
2025-07-31,ENG.MC,0.01513456603604861,0.006522509269416332,0.005907000973820686,-0.0036993012383057028
2025-08-29,ENG.MC,-0.0086743861423374,0.0028596159536391497,0.0028449888341128826,0.0006894821310426218
2025-09-30,ENG.MC,0.049112083510987274,0.0025381341110914946,0.0013882393250241876,0.0023200531554229535
2025-10-31,ENG.MC,0.03532927128591712,0.007036569993942976,0.0064824228174984455,0.0003790735453518145
2025-11-28,ENG.MC,-0.042742233307236276,0.0026868830900639296,0.0014248569495975971,0.002984285054846973
2019-01-31,ENI.MI,0.015547949600428016,-0.010960347019135952,-0.010241496376693249,0.008952818046505736
2019-02-28,ENI.MI,0.03803802122974471,0.001969333505257964,0.0015013732481747866,0.008674777579305293
2019-03-29,ENI.MI,-0.03461518204338042,0.008979099802672863,0.009011242538690567,0.007715118412301282
2019-04-30,ENI.MI,-0.07458788475645761,0.004104018677026033,0.003383210627362132,0.006567737054524699
2019-05-31,ENI.MI,0.0751596636358711,0.017848793417215347,0.01567804627120495,0.005374447719467817
2019-06-28,ENI.MI,-0.024815604135933058,0.011440396308898926,0.009833619929850101,0.005766771052028077
2019-07-31,ENI.MI,-0.04213106744182853,-0.0003693358739838004,0.0014809881104156375,0.006371563461053491
2019-08-30,ENI.MI,0.05554268407266758,0.010118691250681877,0.0077278343960642815,0.0065710023795810995
2019-09-30,ENI.MI,-0.014787569666153997,0.005005771294236183,0.005914290901273489,0.005317716933398615
2019-10-31,ENI.MI,0.01055562522222268,-0.0018779534148052335,-0.0018504607724025846,0.006295914726481734
2019-11-29,ENI.MI,0.00957933819682322,-0.0012792939087375998,-0.0011243181070312858,0.0014956521499509547
2019-12-31,ENI.MI,-0.06875586316840938,-0.0028166663832962513,-0.0024632071144878864,0.0024770807368764444
2020-01-31,ENI.MI,-0.1297240284108263,0.0033624707721173763,0.003907443955540657,0.0011036879088769627
2020-02-28,ENI.MI,-0.2612086645425511,0.022097967565059662,0.030866876244544983,-0.0035556048869897867
2020-03-31,ENI.MI,-0.05644446615672178,-0.03397654742002487,-0.04997178167104721,-0.008397972028176172
2020-04-30,ENI.MI,-0.018443464055731745,0.10695885121822357,0.08874250948429108,-0.009946467974196559
2020-05-29,ENI.MI,0.05996527181696549,0.05028659477829933,0.034329742193222046,-0.009045211039897218
2020-06-30,ENI.MI,-0.009467374993741265,0.08177553862333298,0.07969702035188675,-0.007114449445828649
2020-07-31,ENI.MI,0.03376881104371598,0.010476883500814438,-0.0219351127743721,-0.010133386694349409
2020-08-31,ENI.MI,-0.14087766769029905,0.028332633897662163,0.030212726444005966,-0.011774126896901037
2020-09-30,ENI.MI,-0.12231590173866924,0.005349991377443075,-0.001531326211988926,-0.015452379438032418
2020-10-30,ENI.MI,0.3230254226832007,0.004577994346618652,-0.0015331562608480453,-0.017954110953765763
2020-11-30,ENI.MI,0.02908058199263669,0.017238082364201546,0.020795192569494247,-0.009741715935362938
2020-12-31,ENI.MI,-0.04156322417466861,0.013327953405678272,0.0117566529661417,-0.010320209101147275
2021-01-29,ENI.MI,0.1351911311885407,0.011350525543093681,0.007891654968261719,-0.009164552199138297
2021-02-26,ENI.MI,0.08739807068376669,-0.010145801119506359,-0.012215177528560162,-0.006029724523989896
2021-03-31,ENI.MI,-0.05524335416063153,0.012316318228840828,0.010182470083236694,-0.007080147078816977
2021-04-30,ENI.MI,0.03622294190758786,0.043415866792201996,0.03869150951504707,-0.00736521793487982
2021-05-31,ENI.MI,0.02765679415497244,0.015599478967487812,0.015828844159841537,-0.007011017468645329
2021-06-30,ENI.MI,-0.025242914510948948,0.019594436511397362,0.016635598614811897,-0.007963168721633742
2021-07-30,ENI.MI,0.039895761928515266,0.006254313979297876,0.006079067476093769,-0.008843644396303986
2021-08-31,ENI.MI,0.12566637655211524,0.0040695080533623695,0.0035517143551260233,-0.008677451564562875
2021-09-30,ENI.MI,0.07167978635923698,-0.015611344948410988,-0.013369433581829071,-0.002242358099789368
2021-10-29,ENI.MI,-0.049919429227706834,0.005658780690282583,0.005026421044021845,0.0013310816988785592
2021-11-30,ENI.MI,0.05335266109625179,0.024901585653424263,0.03088407777249813,0.0011202485202126287
2021-12-31,ENI.MI,0.08529132669038451,0.011648804880678654,0.010240177623927593,0.00024786571274540116
2022-01-31,ENI.MI,0.06853181461284533,0.013413726352155209,0.015427341684699059,0.0016441427706464196
2022-02-28,ENI.MI,-0.05467787318409103,0.0005100825219415128,-0.0013331453083083034,0.0021476612779240214
2022-03-31,ENI.MI,-0.007095948335248008,0.01263353880494833,0.007644161116331816,0.0015198260499838584
2022-04-29,ENI.MI,0.09018052629417166,0.012758664786815643,0.012353276833891869,0.00379158461930028
2022-05-31,ENI.MI,-0.20192347773442992,-0.007674894295632839,-0.006203196011483669,0.004582738966824744
2022-06-30,ENI.MI,0.033677997933137166,0.028349297121167183,0.023942623287439346,-0.0006989406995344919
2022-07-29,ENI.MI,0.06477303115131071,0.00708976574242115,0.005958026275038719,0.0016391928180659783
2022-08-31,ENI.MI,-0.06963465443275202,0.02885180525481701,0.02806132286787033,-0.00026084666312014497
2022-09-30,ENI.MI,0.19461984882918226,0.013580926693975925,0.01407624501734972,-0.0012456592124986275
2022-10-31,ENI.MI,0.08428840950728621,-0.014414243400096893,-0.010090593248605728,0.003954374021861125
2022-11-30,ENI.MI,-0.07522564661505866,-0.00023314911231864244,-0.00040594697929918766,0.006452614432836907
2022-12-30,ENI.MI,0.06441621867074224,0.008413529023528099,0.010187246836721897,0.005505654529727955
2023-01-31,ENI.MI,-0.07078318397777102,-0.00011453220940893516,0.0013140386436134577,0.012081174038315304
2023-02-28,ENI.MI,-0.034906944130206286,-0.02019323594868183,-0.018750986084342003,0.019023974770529615
2023-03-31,ENI.MI,0.020249202752855945,0.011154375039041042,0.010679569095373154,0.01692695975691635
2023-04-28,ENI.MI,-0.02282754189497417,0.0017493944615125656,0.001349558006040752,0.018094520650131975
2023-05-31,ENI.MI,0.03457603575543832,-0.030481671914458275,-0.026933817192912102,0.015232476110330356
2023-06-30,ENI.MI,0.05188480483223917,5.57523308089003e-05,-0.0025296087842434645,0.017520671247781467
2023-07-31,ENI.MI,0.03343102798422117,-0.005827634129673243,-0.005796286277472973,0.020398905236807145
2023-08-31,ENI.MI,0.08160610898024663,0.00014667284267488867,-0.0003577556926757097,0.02575576446421663
2023-09-29,ENI.MI,0.0070540009568766954,-0.0013469526311382651,-0.0023275422863662243,0.03147991023163135
2023-10-31,ENI.MI,-0.005520105440469974,-0.001569722662679851,-0.0019772944506257772,0.021311884838054913
2023-11-30,ENI.MI,0.025258515975573673,0.0035270603839308023,0.0027120739687234163,0.021378915462655326
2023-12-29,ENI.MI,-0.028014531149134027,0.001732501550577581,0.0015604954678565264,0.021706613392661774
2024-01-31,ENI.MI,-0.038955955425762086,-0.002710969652980566,-0.0033073534723371267,0.017611965266129695
2024-02-29,ENI.MI,0.04437046460346524,0.005448182113468647,0.004693751689046621,0.014161333233395147
2024-03-28,ENI.MI,0.041848146177149916,-0.001562890480272472,-0.0022508101537823677,0.01595438216808697
2024-04-30,ENI.MI,-0.03518773127134344,0.005403959657996893,0.004266602452844381,0.016509849197804922
2024-05-31,ENI.MI,0.0024804375266538952,0.0041334498673677444,0.0031186279375106096,0.01526383794124121
2024-06-28,ENI.MI,0.019045674529546062,0.012997809797525406,0.010381962172687054,0.01596196426877866
2024-07-31,ENI.MI,0.0005403612022900787,0.006724921520799398,0.004350596573203802,0.015401851542323838
2024-08-30,ENI.MI,-0.052336511349734396,0.0070070489309728146,0.0061562443152070045,0.011618845206010408
2024-09-30,ENI.MI,0.02554440403443567,0.004390534479171038,0.007399586495012045,0.00833391980397127
2024-10-31,ENI.MI,-0.026317036581861766,0.0063990079797804356,0.005611162167042494,0.01021432960985369
2024-11-29,ENI.MI,-0.02385373759140147,0.011184820905327797,0.01042243279516697,0.008001282452128314
2024-12-31,ENI.MI,0.04086466878303874,0.010608630254864693,0.009647788479924202,0.004072958515661448
2025-01-31,ENI.MI,0.010889370288201949,0.006751894019544125,0.006985713727772236,0.0052979689064424195
2025-02-28,ENI.MI,0.04908887823450024,0.005362559109926224,0.005654404405504465,0.006756472649998149
2025-03-31,ENI.MI,-0.11851786807857836,0.007502240594476461,0.005223049782216549,0.008845225431591584
2025-04-30,ENI.MI,0.03679274046810412,0.02509862184524536,0.0210737232118845,0.001987152857963803
2025-05-30,ENI.MI,0.058972639378426304,0.003509195987135172,0.00371384690515697,0.009216890154550331
2025-06-30,ENI.MI,0.07326663631368413,0.0019415437709540129,0.0008041950641199946,0.011869730776786238
2025-07-31,ENI.MI,0.022022631678807088,0.006671372801065445,0.00558184739202261,0.011010804343676319
2025-08-29,ENI.MI,0.007187903542563622,-0.0013270137133076787,-0.0022520313505083323,0.014902318356094913
2025-09-30,ENI.MI,0.07113419138264593,0.009825547225773335,0.009168158285319805,0.01050595603751915
2025-10-31,ENI.MI,0.030854570668976813,0.013691646046936512,0.012944652698934078,0.008797181461098967
2025-11-28,ENI.MI,0.0004957234883409672,0.003100136760622263,0.0030582896433770657,0.010526570377833482
2019-01-31,EWI,0.052995503523389484,-0.00851380918174982,-0.008186913095414639,0.005686840347741658
2019-02-28,EWI,0.03658256528284162,-0.0010622909758239985,-0.001178364735096693,0.005295925877184341
2019-03-29,EWI,0.021833230527534806,0.003968021832406521,0.00339282164350152,0.005639708373288544
2019-04-30,EWI,-0.07012303874336098,0.008667861111462116,0.007237954530864954,0.006591216637942007
2019-05-31,EWI,0.06714507374330819,0.008767815306782722,0.008174688555300236,0.008848209026936603
2019-06-28,EWI,0.024662134434436326,0.008904791437089443,0.008316845633089542,0.008559402052709478
2019-07-31,EWI,0.00611382270590479,0.004478124901652336,0.004963984712958336,0.008388135649506282
2019-08-30,EWI,0.03506717178323251,0.008202861063182354,0.005778573453426361,0.009298000007587686
2019-09-30,EWI,0.02736726178755361,0.006913984194397926,0.005884715821594,0.008454757334787547
2019-10-31,EWI,0.013570729145994725,0.0060004303231835365,0.004231550730764866,0.009924943756925592
2019-11-29,EWI,0.008448629759714924,-0.0015240503707900643,-0.0019829103257507086,0.006163520256543616
2019-12-31,EWI,0.018724247282443793,0.0028082504868507385,0.00213148002512753,0.007006402234483641
2020-01-31,EWI,-0.05626965360456603,0.01300079096108675,0.0122825987637043,0.007122460069759338
2020-02-28,EWI,-0.2782324273864972,0.006202835589647293,0.014969557523727417,0.004106057626834482
2020-03-31,EWI,0.032117789276697624,0.01873316802084446,0.002567117568105459,-0.004135272067068503
2020-04-30,EWI,0.04170850399263171,0.029459090903401375,0.001935367938131094,-0.00437067590927588
2020-05-29,EWI,0.07120350011245748,-0.014646759256720543,0.0031038590241223574,-0.003102282079610793
2020-06-30,EWI,0.03371541154116794,0.03631560876965523,0.03567672148346901,-0.0020227866182773724
2020-07-31,EWI,0.03616330199362624,0.017057014629244804,0.013314435258507729,-0.002885451652126959
2020-08-31,EWI,-0.029081135935185652,0.000996928894892335,-4.7291563532780856e-05,-0.0026114796380780378
2020-09-30,EWI,-0.06493812421620512,0.011958309449255466,0.008230076171457767,-0.0037247581334848533
2020-10-30,EWI,0.20004891341113135,-0.01252270583063364,-0.00841956865042448,-0.005050178815348231
2020-11-30,EWI,0.02645326546584087,0.013533944264054298,0.008745196275413036,0.0003203868801625475
2020-12-31,EWI,-0.01034504164164825,0.003779228776693344,0.0019088669214397669,-0.001000888697363811
2021-01-29,EWI,0.0749614675917071,0.010430214926600456,0.008565247990190983,-0.0006472129025254761
2021-02-26,EWI,0.0809759096660769,0.004831856582313776,0.0036792056635022163,0.0013481656638392428
2021-03-31,EWI,-0.0306691658507148,0.007348957005888224,0.005605251528322697,0.00180981531667421
2021-04-30,EWI,0.05293474319384875,0.012285079807043076,0.009624283760786057,0.002743635871123239
2021-05-31,EWI,0.009181530250729196,0.006153663620352745,0.005278420634567738,0.005226621828838917
2021-06-30,EWI,0.014239389008503224,0.007429212331771851,0.00605717021971941,0.004804791096286275
2021-07-30,EWI,0.02047453190893678,0.006725750397890806,0.006087360437959433,0.005874346818628405
2021-08-31,EWI,-0.025165431329308405,0.0018046534387394786,0.0009113989071920514,0.005578363568180459
2021-09-30,EWI,0.049166339514090295,0.0008132652146741748,0.001676236861385405,0.008447391694515496
2021-10-29,EWI,-0.019697920845878753,0.001540053985081613,0.0014272152911871672,0.009162458705800175
2021-11-30,EWI,0.05805382890886739,0.008771158754825592,0.008025524206459522,0.009410798106263083
2021-12-31,EWI,0.003713265421444754,0.0010154197225347161,0.0014029920566827059,0.008813752808128386
2022-01-31,EWI,-0.11643564010505475,0.005920372437685728,0.005232793278992176,0.007888422815711905
2022-02-28,EWI,0.01058455934385708,0.030399003997445107,0.031152917072176933,0.005122245354398363
2022-03-31,EWI,-0.01606352852667879,0.024904143065214157,0.025937164202332497,0.003943362529964128
2022-04-29,EWI,0.03307996754259895,0.009603374637663364,0.010207374580204487,0.00522558401761428
2022-05-31,EWI,-0.11324690633981341,0.031197616830468178,0.025717047974467278,0.004203994731262391
2022-06-30,EWI,0.04762997609079042,0.039479147642850876,0.03899061679840088,0.0007423866009113538
2022-07-29,EWI,-0.020893589910467757,0.046003323048353195,0.04407434165477753,0.002543948569513405
2022-08-31,EWI,-0.041854757701825986,0.012085742317140102,0.014020348899066448,-0.00018067938443403855
2022-09-30,EWI,0.10064735226500394,0.04749327898025513,0.048764027655124664,-0.0024255554407576455
2022-10-31,EWI,0.08848895732333052,-0.00754499901086092,-0.007595948874950409,-0.0002353331203969189
2022-11-30,EWI,-0.04903844100639854,0.015318252146244049,0.01575731299817562,0.0027591769764440358
2022-12-30,EWI,0.07863644425835646,-0.0033908525947481394,-0.0029411152936518192,0.0007807133137249542
2023-01-31,EWI,0.021214109902310756,0.0018913163803517818,0.0014542662538588047,0.005780984489552011
2023-02-28,EWI,-0.018625927677798623,0.0066731171682477,0.006885089911520481,0.013862759277823556
2023-03-31,EWI,0.014907809901979171,0.014831673353910446,0.013192523270845413,0.012513988900485952
2023-04-28,EWI,-0.01003177677215507,-0.000455046771094203,-0.0004614876816049218,0.012501080238770883
2023-05-31,EWI,0.06328204895157144,0.011459046974778175,0.012085393071174622,0.009124888248210783
2023-06-30,EWI,0.03686298167832726,0.0023622734006494284,0.0013410774990916252,0.010622637680419132
2023-07-31,EWI,-0.014272591819572205,-0.003673118306323886,-0.003432391444221139,0.012218551025708803
2023-08-31,EWI,-0.019316732755827643,-0.0019893089774996042,-0.002788252430036664,0.012195151116022502
2023-09-29,EWI,-0.028340031204872728,0.0048362137749791145,0.004430502653121948,0.013795999620480578
2023-10-31,EWI,0.06520854273287928,3.9531068978249095e-06,-0.00046650413423776627,0.0067823804036103936
2023-11-30,EWI,0.02776032192679462,0.0044894954189658165,0.0035892846062779427,0.008535392355013834
2023-12-29,EWI,0.010377786970105442,0.0018623087089508772,0.0015502877067774534,0.009906679728198907
2024-01-31,EWI,0.0623638193297696,-0.003181826090440154,-0.003150960197672248,0.008609477470444259
2024-02-29,EWI,0.05940640907594414,-0.006562343332916498,-0.005279156845062971,0.008694524813073904
2024-03-28,EWI,-0.0007618819501629702,-0.002737145172432065,-0.0025608674623072147,0.010389760147691194
2024-04-30,EWI,0.02943030476008454,0.009822914376854897,0.010300131514668465,0.008971780929061405
2024-05-31,EWI,-0.02972646906244985,0.0035070746671408415,0.003884674282744527,0.010282240439458874
2024-06-28,EWI,0.021336343310357584,0.01332734152674675,0.013356158509850502,0.008881277643443536
2024-07-31,EWI,0.011177092893570736,0.002583224792033434,0.002719175536185503,0.00908625291506641
2024-08-30,EWI,-0.0052048562237773585,-0.0025784121826291084,-0.004066293593496084,0.010317715530671599
2024-09-30,EWI,0.018159436709072763,0.0059965187683701515,0.004961773753166199,0.00840638716721546
2024-10-31,EWI,-0.017540710719447777,0.005891634151339531,0.0056596300564706326,0.009652996360984736
2024-11-29,EWI,0.019758126129914236,0.008939494378864765,0.008203682489693165,0.0075531480379759965
2024-12-31,EWI,0.07467479393262802,0.000781139824539423,2.0574590962496586e-05,0.008843825523166562
2025-01-31,EWI,0.06755640598440849,0.002359669888392091,0.0008014236809685826,0.01208605510596904
2025-02-28,EWI,-0.003844073108095864,0.006047847680747509,0.007402637042105198,0.014111590569989466
2025-03-31,EWI,-0.007221653051438113,0.010952224023640156,0.012328596785664558,0.01502235524948429
2025-04-30,EWI,0.0872158651619478,-0.03418434038758278,-0.02249487116932869,0.013410473376270968
2025-05-30,EWI,-0.005019431141767143,0.005879812873899937,0.005905063822865486,0.018682469458282003
2025-06-30,EWI,0.030137662123666028,0.009276704862713814,0.009258616715669632,0.019858425975003917
2025-07-31,EWI,0.03458317791891112,0.011652919463813305,0.011954442597925663,0.019433937392630354
2025-08-29,EWI,0.006495736020645895,0.0026035113260149956,0.003194016171619296,0.02149894766652902
2025-09-30,EWI,0.009366868556600922,0.004471430089324713,0.004350523930042982,0.019906813210610125
2025-10-31,EWI,0.013770227806671066,0.006496309768408537,0.006627914495766163,0.017890084531027646
2025-11-28,EWI,0.029074823533505115,0.005332670174539089,0.0064726099371910095,0.018924061240523444
2019-01-31,EWL,0.05402419303485243,-0.0018832809291779995,-0.001493931165896356,0.005172651812088431
2019-02-28,EWL,0.036161040578945695,-0.003647833364084363,-0.003010308602824807,0.006093169899401057
2019-03-29,EWL,0.027196159696362025,0.0029206983745098114,0.0005461735418066382,0.0061242810398957565
2019-04-30,EWL,-0.007025326853253009,0.00243039196357131,0.0018612599233165383,0.006591165303193233
2019-05-31,EWL,0.040132400405815026,0.002932363422587514,0.0028448605444282293,0.00793600895742567
2019-06-28,EWL,0.019802011099453603,0.006324827671051025,0.005420786328613758,0.007266819153701161
2019-07-31,EWL,0.005676539418185763,0.0024059005081653595,0.002689128741621971,0.007704706899784074
2019-08-30,EWL,0.016956493128807818,0.0059676081873476505,0.0054571065120399,0.007943422658070057
2019-09-30,EWL,0.0010728551136516575,0.005790949799120426,0.004533851984888315,0.008831289273363617
2019-10-31,EWL,0.02113851858413771,0.003559338627383113,0.002379312179982662,0.008743943989670525
2019-11-29,EWL,0.024445074191984738,0.00031536477035842836,2.0755192963406444e-05,0.00831513199156517
2019-12-31,EWL,0.03377018515631683,0.00105286727193743,0.00010978242062265053,0.008473949470540254
2020-01-31,EWL,-0.0538972827044752,0.0018651934806257486,0.0026521398685872555,0.008239164709595083
2020-02-28,EWL,-0.07208920901978934,0.01317403931170702,0.015424593351781368,0.005933830892976759
2020-03-31,EWL,0.05607579569553271,-0.07350349426269531,-0.06059448793530464,0.0031408286565331517
2020-04-30,EWL,0.01965402241285314,0.005400640890002251,0.007036504801362753,0.004218939376493462
2020-05-29,EWL,0.017645907571384612,0.006290873978286982,0.0070470888167619705,0.004479393610369679
2020-06-30,EWL,0.029525587412789406,0.0008956047240644693,0.0004225560696795583,0.005856466486849911
2020-07-31,EWL,0.025311804384687463,0.005506127141416073,0.003797309473156929,0.006545447718031166
2020-08-31,EWL,0.007995441420902569,0.0044858455657958984,0.0024993037804961205,0.006661657770819705
2020-09-30,EWL,-0.05074250978202997,0.005589127540588379,0.004049162846058607,0.006896818767672008
2020-10-30,EWL,0.0636853682051987,-0.017643237486481667,-0.02014843188226223,0.005302279170516856
2020-11-30,EWL,0.03485062307403335,0.0042967344634234905,0.0033023881260305643,0.006547571596271642
2020-12-31,EWL,0.009254486574277578,0.0025979559868574142,0.002138432813808322,0.0069871596254311346
2021-01-29,EWL,-0.0034045478128337503,0.00621673883870244,0.005848682951182127,0.007803594781249417
2021-02-26,EWL,0.06364756887529631,0.006620617583394051,0.006810117047280073,0.008686669993880113
2021-03-31,EWL,0.012137300578897515,0.0021316115744411945,0.0014318311586976051,0.009737178891402304
2021-04-30,EWL,0.04593322748438319,0.006356080994009972,0.0063908896408975124,0.009351382658353027
2021-05-31,EWL,0.04923830647404625,-0.00798680167645216,-0.005552484653890133,0.01129707526376051
2021-06-30,EWL,0.03309600673302002,0.004158808849751949,0.003770701354369521,0.010754661114327213
2021-07-30,EWL,0.022752399054400154,0.0062715234234929085,0.005457347258925438,0.01113287585014539
2021-08-31,EWL,-0.07381116760107313,0.007281082682311535,0.006399938371032476,0.011776416182579545
2021-09-30,EWL,0.060402369652217125,0.01633969321846962,0.016390318050980568,0.011204037614489983
2021-10-29,EWL,0.02774706087353697,0.0013793971156701446,0.0002326764224562794,0.012186519922224501
2021-11-30,EWL,0.06923604367916046,0.0018011076608672738,0.002259096596390009,0.014747361165475283
2021-12-31,EWL,-0.05128936792979455,0.0031799208372831345,0.002538515953347087,0.014577749268390481
2022-01-31,EWL,-0.045169835478624895,0.0025291573256254196,0.0008028957527130842,0.011978997561791957
2022-02-28,EWL,0.054146625647410775,0.007134675048291683,0.006888578645884991,0.010359974536897755
2022-03-31,EWL,-0.005123288503515886,-0.0004089836438652128,-0.0017290638061240315,0.010234476367563559
2022-04-29,EWL,-0.03521396289591466,-0.00039295540773309767,-0.001060563139617443,0.010376564648542926
2022-05-31,EWL,-0.050820772102154695,0.011181360110640526,0.010106858797371387,0.00783814635192268
2022-06-30,EWL,0.07075526579349294,0.012526113539934158,0.015148048289120197,0.006399891900236919
2022-07-29,EWL,-0.025983005580490035,0.016498710960149765,0.016224490478634834,0.008390230163874338
2022-08-31,EWL,-0.044624019653905465,0.0021314697805792093,0.002654783660545945,0.006024479416733834
2022-09-30,EWL,0.03068998921529236,0.010896073654294014,0.010470794513821602,0.0041138722302730656
2022-10-31,EWL,0.03921904137058525,0.0011716601438820362,0.0005661710165441036,0.004362951242252142
2022-11-30,EWL,-0.05468664108094612,0.020609628409147263,0.019641222432255745,0.005349585336726482
2022-12-30,EWL,0.04752752056110121,-0.00025865877978503704,0.0001411808916600421,0.0029276254487872184
2023-01-31,EWL,-0.016686004600697534,0.002605629386380315,0.0024879269767552614,0.006837078193297534
2023-02-28,EWL,0.005106891271091593,0.007058155257254839,0.007305250968784094,0.008770599008981337
2023-03-31,EWL,0.05237957837034981,0.0015929198125377297,-0.0010241942945867777,0.007180683149810315
2023-04-28,EWL,0.012561100948206722,-0.0019135489128530025,-0.003014995949342847,0.008249325092539284
2023-05-31,EWL,-0.010251400692667167,0.003559328382834792,0.003353729145601392,0.007161381734961428
2023-06-30,EWL,0.017671587890595496,0.0038654429372400045,0.003910064697265625,0.00655430698598082
2023-07-31,EWL,-0.007069702628056839,-0.0005908965831622481,-0.002009716583415866,0.007337408286367839
2023-08-31,EWL,-0.022655853029087365,0.006285372190177441,0.004726963583379984,0.006641657608476594
2023-09-29,EWL,-0.03337139120106987,0.008046162314713001,0.007439964450895786,0.007699917839578808
2023-10-31,EWL,0.040054800219915025,0.0067470017820596695,0.004842017777264118,0.004140902608025601
2023-11-30,EWL,0.04829597404559745,0.00251578027382493,0.0017433891771361232,0.004956736290102441
2023-12-29,EWL,0.01947625981784246,0.0006695780903100967,0.0007027768879197538,0.005961007438314526
2024-01-31,EWL,-0.014206991737044119,0.004216184839606285,0.0032456801272928715,0.006965958670628337
2024-02-29,EWL,0.0172058276986691,0.007932026870548725,0.007402305491268635,0.005295311666791869
2024-03-28,EWL,-0.02255450618643037,0.0015964095946401358,0.0011364370584487915,0.005291427047495473
2024-04-30,EWL,0.03809251046882,0.011653587222099304,0.010501536540687084,0.0032639065001474187
2024-05-31,EWL,0.008490692553001755,0.003931049257516861,0.0030007497407495975,0.004066157565869674
2024-06-28,EWL,0.01736487086228223,0.00350534962490201,0.002366327214986086,0.0036007045519290065
2024-07-31,EWL,0.01758673639817996,-0.0006922269240021706,-7.473137429769849e-06,0.003833022571027948
2024-08-30,EWL,-0.022324971708693256,-0.0067401849664747715,-0.008617631159722805,0.006596890820229049
2024-09-30,EWL,-0.0028442149758520162,-0.00038063255487941206,-0.0011069608153775334,0.0038942004372536612
2024-10-31,EWL,0.0038663016688845015,0.006969429552555084,0.008035164326429367,0.002801437561908106
2024-11-29,EWL,-0.03241920546031571,0.005284173879772425,0.004794388543814421,0.0009856113949560097
2024-12-31,EWL,0.08281832613319358,0.004009254276752472,0.003736487589776516,0.002505311575779872
2025-01-31,EWL,0.0520184382868329,0.008652593940496445,0.006892079021781683,0.004676678293760864
2025-02-28,EWL,-0.03926268325398644,0.010475662536919117,0.009498280473053455,0.004874088580833182
2025-03-31,EWL,-0.011721845468411918,0.008191402070224285,0.008943082764744759,0.004183838042803484
2025-04-30,EWL,0.03287966567721378,0.02145191840827465,0.019046593457460403,0.004854043741555057
2025-05-30,EWL,-0.01824610669700858,0.008905977010726929,0.008516336791217327,0.006829707385553478
2025-06-30,EWL,-0.001461817514029321,0.010358558036386967,0.010528112761676311,0.005107170174544145
2025-07-31,EWL,0.026493856799100157,0.00920320674777031,0.009289217181503773,0.004702939726670846
2025-08-29,EWL,-0.016111503191930637,0.003198763355612755,0.0035646504256874323,0.007706893531505678
2025-09-30,EWL,0.013866076070129199,0.006223991513252258,0.006259839050471783,0.006366335495069375
2025-10-31,EWL,0.03403251151153415,0.011582640931010246,0.011357096955180168,0.005929240207233905
2025-11-28,EWL,0.025033066222860466,0.007086179684847593,0.006807123310863972,0.008061181485338631
2019-01-31,EWN,0.060576944346320584,-0.008323206566274166,-0.007039532531052828,0.006799483744163874
2019-02-28,EWN,0.021682432164644164,-0.005313379690051079,-0.004555698484182358,0.006776050842255275
2019-03-29,EWN,0.06405476857118741,0.006448935717344284,0.005283045582473278,0.007184027685122805
2019-04-30,EWN,-0.06412442727491867,0.007862313650548458,0.005205560941249132,0.008503963608320817
2019-05-31,EWN,0.050563361080569295,0.008115646429359913,0.007313570939004421,0.009831143977498551
2019-06-28,EWN,0.04321040841475345,0.007427568547427654,0.005273209884762764,0.008365199354086948
2019-07-31,EWN,-0.007890585611187734,0.0023136453237384558,0.0025906648952513933,0.008495648805331466
2019-08-30,EWN,0.035370172594372765,0.007622260134667158,0.006409512832760811,0.008512082800397268
2019-09-30,EWN,0.006320651567087547,0.007098712492734194,0.0051030442118644714,0.008716071618255224
2019-10-31,EWN,0.03207977240663371,0.0037546297535300255,0.002224735915660858,0.008904834227882316
2019-11-29,EWN,0.022560460787809235,-0.0015411381609737873,-0.001312712673097849,0.008731340376775872
2019-12-31,EWN,0.0009161642830868156,0.0013066241517663002,0.0010107308626174927,0.009388820212903425
2020-01-31,EWN,-0.048019643455098265,0.006716110743582249,0.006346514914184809,0.007573208611916571
2020-02-28,EWN,-0.1559680136759877,0.01266274880617857,0.015074449591338634,0.004801543357879055
2020-03-31,EWN,0.10477536125766254,-0.052010275423526764,-0.03265269845724106,-0.0005900226197496083
2020-04-30,EWN,0.05802688046060079,0.0076575856655836105,0.006025332026183605,0.0017359662078693724
2020-05-29,EWN,0.051663024327064544,0.020504500716924667,0.018860027194023132,0.003382956703574062
2020-06-30,EWN,0.026878213184321684,0.0028143376111984253,0.0005128490156494081,0.004506557911397091
2020-07-31,EWN,0.035966053399719665,0.0035846775863319635,0.00267277704551816,0.0047967352195524594
2020-08-31,EWN,0.008049949995784806,-0.0010918260086327791,-0.0030734979081898928,0.005372083225877998
2020-09-30,EWN,-0.014440958946136168,-0.0012648097472265363,-0.004599480424076319,0.004631609191459218
2020-10-30,EWN,0.11130881249131525,-0.007753521669656038,-0.006322233472019434,0.004308987958772276
2020-11-30,EWN,0.050454782148300875,0.0076369340531528,0.005338077433407307,0.007013377808813862
2020-12-31,EWN,0.0598133625502199,0.004399488680064678,0.002440693089738488,0.00754581728719133
2021-01-29,EWN,0.06035852611283402,0.014932502992451191,0.012546757236123085,0.009234947362154269
2021-02-26,EWN,0.07488417889494335,0.01944502256810665,0.012598342262208462,0.010973340649896659
2021-03-31,EWN,0.00692330625944304,0.008619464933872223,0.009583543986082077,0.012400551766297457
2021-04-30,EWN,0.023878912205616786,0.022718720138072968,0.018883267417550087,0.012062526103848233
2021-05-31,EWN,0.015536028306898519,0.014139801263809204,0.012470617890357971,0.013500459550948918
2021-06-30,EWN,0.04039558669735923,0.005942497868090868,0.005130654200911522,0.01282354561192229
2021-07-30,EWN,0.06113728776026179,0.004192986525595188,0.003848233027383685,0.013600829892164403
2021-08-31,EWN,-0.05352408989228514,0.0031266934238374233,0.0027771396562457085,0.0165262517676626
2021-09-30,EWN,0.049211717832558954,0.015462055802345276,0.013163314200937748,0.017121953217676487
2021-10-29,EWN,-0.013776236501443042,-0.004700000863522291,-0.005531506147235632,0.01745256285689118
2021-11-30,EWN,0.020926185788851304,0.008130272850394249,0.006981144193559885,0.01897987904484793
2021-12-31,EWN,-0.06375119765216722,-0.011105144396424294,-0.009766667149960995,0.01737792564804762
2022-01-31,EWN,-0.12284516430476403,0.009468899108469486,0.008037509396672249,0.014344225006769042
2022-02-28,EWN,0.04791876373526126,0.025086170062422752,0.02532748505473137,0.011743080374506418
2022-03-31,EWN,-0.04155746043786262,0.0455859936773777,0.05018756911158562,0.009667545494234714
2022-04-29,EWN,7.900029599560498e-05,0.004107528366148472,0.0038922212552279234,0.010172095309987627
2022-05-31,EWN,-0.08003665303812,0.05307367444038391,0.05567523464560509,0.009031352855248056
2022-06-30,EWN,0.10648058687570852,0.04997118562459946,0.049514226615428925,0.006043256665076078
2022-07-29,EWN,-0.06064017258076973,0.018175669014453888,0.01700870506465435,0.009893306468023272
2022-08-31,EWN,-0.08151203369260047,0.023918529972434044,0.024276183918118477,0.005900136952605137
2022-09-30,EWN,0.056202218367103936,0.036239493638277054,0.036188315600156784,0.003084594728580889
2022-10-31,EWN,0.1083592954147953,-0.0044299461878836155,-0.0032981496769934893,0.0038740262613339168
2022-11-30,EWN,-0.07139204339302284,0.026339899748563766,0.02670564316213131,0.007138723413775256
2022-12-30,EWN,0.09522339265381989,0.004426614381372929,0.004335790406912565,0.005145834860377834
2023-01-31,EWN,-0.0023549608786351223,-0.004728472791612148,-0.00292915478348732,0.010517303291794641
2023-02-28,EWN,-0.005964954632440841,0.0119283152744174,0.011947955936193466,0.015095467584953948
2023-03-31,EWN,-0.013995441760707324,0.005891628563404083,0.006308560259640217,0.011943079713266556
2023-04-28,EWN,0.04445240024463456,-0.0022715358063578606,-0.002736384514719248,0.010344159300919488
2023-05-31,EWN,0.016405462545837746,-0.004602331202477217,-0.004563393536955118,0.009118611204500427
2023-06-30,EWN,0.01756205433713819,-0.0005076094530522823,-0.0007746450137346983,0.009195069090282362
2023-07-31,EWN,-0.05107578905987641,-0.0009920006850734353,-0.0042855083011090755,0.009401881347973472
2023-08-31,EWN,-0.047099750004771596,0.008399236015975475,0.007240381091833115,0.007680790675374428
2023-09-29,EWN,-0.02180358997308263,0.007471410091966391,0.006839725188910961,0.007241300793891884
2023-10-31,EWN,0.08632552841614657,0.0065174829214811325,0.006934821140021086,0.003040658290883674
2023-11-30,EWN,0.03276352608909907,0.009662261232733727,0.010368451476097107,0.0044683695841889965
2023-12-29,EWN,0.04874755467677898,-0.00022472679847851396,-0.0012722609099000692,0.004789240372448582
2024-01-31,EWN,0.04760130798602272,-0.006562810856848955,-0.006153398659080267,0.0047784536520818245
2024-02-29,EWN,0.047710823475499764,0.0018188218818977475,0.0008550755446776748,0.004722060495393032
2024-03-28,EWN,-0.004759146066293017,0.0001523151295259595,-0.00041580412653274834,0.004674996567934143
2024-04-30,EWN,0.051426761115912906,0.003234757576137781,0.00395658565685153,0.003926133689694189
2024-05-31,EWN,0.0058418285798446925,0.0020512023475021124,0.002029040362685919,0.0052779004776483
2024-06-28,EWN,-0.05576722277637656,0.005900333169847727,0.005026216618716717,0.004546423524217031
2024-07-31,EWN,-0.006939796622750869,0.012173430062830448,0.01463854219764471,0.002092861665892916
2024-08-30,EWN,-0.0066550545148265135,-0.0016339635476469994,-0.002879290608689189,0.0035210821527724453
2024-09-30,EWN,-0.028470925363913376,0.009699191898107529,0.007946283556520939,0.0015928056380447957
2024-10-31,EWN,0.003800574351992639,0.015218053944408894,0.01353092584758997,0.001090502005674189
2024-11-29,EWN,-0.0003958508794983373,0.008285763673484325,0.006821431219577789,0.0006147905768725629
2024-12-31,EWN,0.04299961816454004,0.006977626122534275,0.007096525747328997,0.0036260671182925465
2025-01-31,EWN,0.020175704343798406,0.0066601852886378765,0.006936693098396063,0.005801080850210237
2025-02-28,EWN,-0.04979372909562016,0.012016714550554752,0.013349412009119987,0.005898708480342499
2025-03-31,EWN,-0.006544672127120642,0.025250215083360672,0.023509137332439423,0.0067203639435865865
2025-04-30,EWN,0.09415912450991165,-0.020356373861432076,-0.016655605286359787,0.006447679901194534
2025-05-30,EWN,0.013856124256659436,0.007492441684007645,0.007915567606687546,0.009729882835229353
2025-06-30,EWN,-0.022568081155381822,0.011167471297085285,0.010311607271432877,0.009303094069317187
2025-07-31,EWN,0.011554713721045278,0.009059270843863487,0.009462293237447739,0.008392137896195712
2025-08-29,EWN,0.08216463776918256,0.0008868175209499896,0.0008377124322578311,0.011664635843616643
2025-09-30,EWN,0.0294653415757993,0.005553120747208595,0.004053941927850246,0.01258982649894263
2025-10-31,EWN,-0.010699509260274066,0.0035349270328879356,0.003286663442850113,0.0106949683359771
2025-11-28,EWN,0.00637242685074319,0.010300567373633385,0.010510088875889778,0.011273429119081543
2019-01-31,EWP,0.025569278287945,0.0022146825212985277,0.002863274421542883,0.005609841320304287
2019-02-28,EWP,-0.0030111389604725843,0.0015621675411239266,0.0014914912171661854,0.004260922886201045
2019-03-29,EWP,0.05077525142510131,0.00661881547421217,0.006770963314920664,0.002554025971003392
2019-04-30,EWP,-0.05460706070892923,0.0054052663035690784,0.004729870706796646,0.004373645856936509
2019-05-31,EWP,0.02384998805626419,0.0053487904369831085,0.003983665257692337,0.00761831597323728
2019-06-28,EWP,0.006064187447959269,0.0006896526319906116,-0.0007502580992877483,0.0051057997310828525
2019-07-31,EWP,-0.01898333815300621,0.0019228917080909014,0.0009405042510479689,0.004203032662395128
2019-08-30,EWP,0.051898777661532496,0.006810162682086229,0.004126943182200193,0.003360388891442523
2019-09-30,EWP,0.022480665349494406,0.004324779845774174,0.0038014615420252085,0.003258064243451986
2019-10-31,EWP,0.004803825047725755,0.0032269496005028486,0.0035192202776670456,0.0048045504974611524
2019-11-29,EWP,0.02800038531812795,-0.003912537824362516,-0.0023352880962193012,0.0026176028801868398
2019-12-31,EWP,0.0010098088314995108,-0.001502036233432591,-0.0021145965438336134,0.0029058337786632567
2020-01-31,EWP,-0.04318850097894111,0.0032874932512640953,0.0025777393020689487,0.0023367215517561884
2020-02-28,EWP,-0.26745117875384616,0.00639000628143549,0.01220679096877575,-0.001855894639227714
2020-03-31,EWP,0.03589246296673147,0.004216914530843496,0.02539660409092903,-0.010064344981457104
2020-04-30,EWP,0.026336070537380463,0.003395788837224245,0.0012481712037697434,-0.009537542521352527
2020-05-29,EWP,0.032960467644230045,0.012585769407451153,0.01225248072296381,-0.008445050419605898
2020-06-30,EWP,0.016454792163539157,0.03429406136274338,0.03550645336508751,-0.007730768265022009
2020-07-31,EWP,0.01841046449617731,-0.0070508308708667755,-0.006911875680088997,-0.008172852703096941
2020-08-31,EWP,-0.037044036298359534,0.007912013679742813,0.006063923239707947,-0.007228029659213579
2020-09-30,EWP,-0.03802149872686363,0.02842121012508869,0.024899382144212723,-0.008750753028106807
2020-10-30,EWP,0.21752418259269626,0.00015089026419445872,-0.006281157024204731,-0.009319025108487627
2020-11-30,EWP,0.019392675121515535,0.028588175773620605,0.03164845332503319,-0.003712674000033611
2020-12-31,EWP,-0.02058333731568622,0.0025740263517946005,0.0014564853627234697,-0.004781768635495595
2021-01-29,EWP,0.054195084300914485,0.011842086911201477,0.00881198700517416,-0.004119998703536866
2021-02-26,EWP,0.04433465019237904,0.0031909721437841654,0.002704751444980502,-0.0018350499216527316
2021-03-31,EWP,0.020517631862396135,0.00019808187789749354,-0.00043148346594534814,-0.0018273619828557378
2021-04-30,EWP,0.05559566129938384,0.0025006940122693777,0.0020074828062206507,-0.0006266878403377523
2021-05-31,EWP,-0.0308621740263278,0.004973781295120716,0.004611424636095762,0.0015063858052542327
2021-06-30,EWP,-0.007321591111235067,0.008631219156086445,0.0064305150881409645,-0.00011457629174840524
2021-07-30,EWP,0.02045455988786465,-0.004022792913019657,-0.0028369096107780933,-0.0006216908076147609
2021-08-31,EWP,-0.02018842772282408,0.003832600312307477,0.003046490717679262,0.00034816808432992633
2021-09-30,EWP,0.04003236554753836,0.006567812990397215,0.006402135360985994,0.0017231673833657166
2021-10-29,EWP,-0.06327001549516131,0.004024196416139603,0.0043472894467413425,0.001535738156785834
2021-11-30,EWP,0.05360449111144859,0.012761076912283897,0.01149614155292511,0.0009601291583265873
2021-12-31,EWP,0.01954123446790526,-0.012432404793798923,-0.012333547696471214,0.00036535340556191154
2022-01-31,EWP,-0.07716853946492343,0.0012306228745728731,0.0016362412134185433,0.0005146907418224459
2022-02-28,EWP,0.03815888379422999,0.012508136220276356,0.010982618667185307,-0.00018720998764418549
2022-03-31,EWP,0.01804517109057798,0.01083140168339014,0.01049765758216381,-0.001512541284184913
2022-04-29,EWP,0.05520660004451506,-5.630950181512162e-05,-0.0006937249563634396,0.00039358293499906305
2022-05-31,EWP,-0.07874620404896415,0.006859928369522095,0.006690163630992174,0.0010981194937066767
2022-06-30,EWP,0.0082111295242192,0.009077927097678185,0.009188028052449226,-0.000282498329003474
2022-07-29,EWP,-0.01029483488587935,0.011174511164426804,0.010351931676268578,0.0008460145027713183
2022-08-31,EWP,-0.053180449221020866,0.0061669438146054745,0.005285403225570917,-0.0017230218215552717
2022-09-30,EWP,0.08802645883426582,0.024824557825922966,0.022814225405454636,-0.0041555304179737235
2022-10-31,EWP,0.05467095003190471,-0.006541765760630369,-0.006159611511975527,-0.0016789392244992798
2022-11-30,EWP,-0.030295806777965395,0.008396908640861511,0.006171273998916149,-0.0003744639773861265
2022-12-30,EWP,0.07919158668559874,0.00034422194585204124,0.0008986335597001016,-0.0009650342231981455
2023-01-31,EWP,0.046478551083903634,-0.004128181841224432,-0.004752159118652344,0.003468953063920921
2023-02-28,EWP,-0.019829931741945597,0.004101028200238943,0.003813584800809622,0.012007294309688523
2023-03-31,EWP,0.0005318780893589168,0.013581902720034122,0.013582740910351276,0.010546773835037116
2023-04-28,EWP,-0.00880124623050454,-0.0004039174527861178,-0.00014522137644235045,0.00983440048490875
2023-05-31,EWP,0.05055901291481272,0.00998010765761137,0.010210569016635418,0.008479823393768132
2023-06-30,EWP,0.0008368302260362714,0.00011898161756107584,0.0005511269555427134,0.010036478219483983
2023-07-31,EWP,0.005498053749410948,-0.0005704230279661715,-0.003213068237528205,0.011073487093535098
2023-08-31,EWP,-0.000577140734390842,-0.00010686009773053229,-0.0008128730696626008,0.011720710820782545
2023-09-29,EWP,-0.026530709594930306,0.0038816940505057573,0.0035958518274128437,0.01295006798339524
2023-10-31,EWP,0.10119045103298886,0.00375020457431674,0.0032661715522408485,0.005224989052521235
2023-11-30,EWP,0.008915612606612411,-0.0004323674365878105,-0.0006654178723692894,0.008058342042204458
2023-12-29,EWP,-0.011861029247412789,0.0013990721199661493,0.0015096099814400077,0.008846233487377465
2024-01-31,EWP,-0.009101118237117147,0.002244755858555436,0.0027379391249269247,0.0075913358710144345
2024-02-29,EWP,0.09408826729961266,0.005285428371280432,0.005392471794039011,0.006536019496742651
2024-03-28,EWP,0.014860524404567772,-0.004720140248537064,-0.005917190108448267,0.008414868613502453
2024-04-30,EWP,0.0326857172983247,0.0001841290359152481,0.0008994108648039401,0.006552271652260281
2024-05-31,EWP,-0.035435382706701574,0.003300517098978162,0.003494749078527093,0.00939574076886914
2024-06-28,EWP,0.02976391319992704,0.009108295664191246,0.010339413769543171,0.008430577687027053
2024-07-31,EWP,0.008463255567169323,-0.0010417341254651546,-0.00017532266792841256,0.008914038613488235
2024-08-30,EWP,0.03244745708699461,-0.0009162978967651725,-0.00263825710862875,0.010033469706687332
2024-09-30,EWP,-0.008953178854081341,-0.0003044072072952986,-0.001301133306697011,0.009621626711393168
2024-10-31,EWP,-0.008060220319801952,-0.0030321343801915646,-0.0021493760868906975,0.011683947265392175
2024-11-29,EWP,-0.012476900938380261,-0.0016751742223277688,-0.0005591997178271413,0.009971038614524112
2024-12-31,EWP,0.0705249900595945,0.005815080367028713,0.005453208927065134,0.009702977798443325
2025-01-31,EWP,0.09594756026068285,0.006069360766559839,0.005232844967395067,0.01184630479481504
2025-02-28,EWP,0.0130031237799391,0.008558735251426697,0.008829240687191486,0.014189568826901823
2025-03-31,EWP,0.013691408622756883,0.00355779891833663,0.0038384892977774143,0.0145870108573959
2025-04-30,EWP,0.0730452207274246,-0.05227815359830856,-0.03871949762105942,0.0129478214883551
2025-05-30,EWP,-0.002014471229893226,0.005993878003209829,0.005735177081078291,0.01702621949746381
2025-06-30,EWP,0.032331470890607464,0.013606486842036247,0.013187574222683907,0.01782391325388298
2025-07-31,EWP,0.04289366331313312,0.009695895947515965,0.009534399956464767,0.018511464851494353
2025-08-29,EWP,0.022764698701913846,0.007936702109873295,0.006779414601624012,0.02142348393218955
2025-09-30,EWP,0.029258228858690852,0.002403165679425001,0.0014911203179508448,0.020725504158149034
2025-10-31,EWP,0.02502011930984207,0.004320440348237753,0.0035848815459758043,0.020124463829649424
2025-11-28,EWP,0.045325020578999696,0.006966831628233194,0.007597066927701235,0.02097147658141695
2019-01-31,EXH7.DE,0.056904984133838474,-0.02499910071492195,-0.02368392050266266,0.0023160625128441697
2019-02-28,EXH7.DE,0.06391103633961284,-0.0013078602496534586,0.0014223228208720684,0.003433526090326877
2019-03-29,EXH7.DE,0.0248423361103099,0.00857502967119217,0.007831912487745285,0.004617536179257852
2019-04-30,EXH7.DE,-0.02944802888246894,-0.0009944322519004345,-0.0026527096051722765,0.004591161205440268
2019-05-31,EXH7.DE,0.042271464356170546,0.0023320186883211136,0.002801594790071249,0.005594291376926932
2019-06-28,EXH7.DE,0.03726983791355166,3.580372140277177e-05,5.124957169755362e-05,0.004404454781804784
2019-07-31,EXH7.DE,-0.00947018901376476,0.006863713264465332,0.007065539713948965,0.0044964757684425
2019-08-30,EXH7.DE,0.006151398804198974,0.006766850128769875,0.005436210427433252,0.0050113871424887334
2019-09-30,EXH7.DE,-0.013876011729690043,-2.684312130440958e-05,-0.00019467147649265826,0.005589965504069649
2019-10-31,EXH7.DE,0.037574680806649885,0.002938089892268181,0.001980662113055587,0.006185018411066754
2019-11-29,EXH7.DE,0.023795629333427153,0.002067866735160351,0.0023249885998666286,0.006078552086713386
2019-12-31,EXH7.DE,0.007572549755777926,0.0026624822057783604,0.00244786380790174,0.005801893140546527
2020-01-31,EXH7.DE,-0.0902052555420885,0.007846197113394737,0.007695961743593216,0.00441426917317389
2020-02-28,EXH7.DE,-0.11018696047879524,0.006352285388857126,0.0102615337818861,0.0009944128671672333
2020-03-31,EXH7.DE,0.07477849188939348,-0.007414374500513077,-0.0016460836632177234,-0.003002974431421057
2020-04-30,EXH7.DE,0.028422098224542766,0.023391855880618095,0.023229224607348442,-0.0012752371921818599
2020-05-29,EXH7.DE,0.02162921653029842,-0.010790628381073475,-0.011761205270886421,-0.00036766904603495
2020-06-30,EXH7.DE,0.012242112519030674,0.010765856131911278,0.009867947548627853,0.0010495026390159436
2020-07-31,EXH7.DE,0.02217041250513391,0.007380572613328695,0.0063620032742619514,0.001414557739252784
2020-08-31,EXH7.DE,0.041147210115764755,0.0012223297962918878,0.0017634036485105753,0.0016930021460838972
2020-09-30,EXH7.DE,-0.03914425368718616,0.004546984564512968,0.003911575768142939,0.0019893800217002503
2020-10-30,EXH7.DE,0.09865221211179497,-0.002453421475365758,0.002479939255863428,0.0012689094004718873
2020-11-30,EXH7.DE,0.03458082698353494,0.00528854550793767,0.003317380789667368,0.0038553301887731786
2020-12-31,EXH7.DE,-0.02720308028695692,0.001364263123832643,-0.0009765890426933765,0.005118607297627327
2021-01-29,EXH7.DE,0.0232726756963974,-0.001697760890237987,-0.0016712150536477566,0.0051201895851160145
2021-02-26,EXH7.DE,0.07214436099597513,-0.003591096494346857,-0.0041923983953893185,0.006364135934830416
2021-03-31,EXH7.DE,0.02988549224872293,0.004071086645126343,0.0011324337683618069,0.006340201823500097
2021-04-30,EXH7.DE,0.05674292948470446,0.00444088876247406,0.0026146569289267063,0.0063731212712072605
2021-05-31,EXH7.DE,0.023283913354565238,-0.0006908701616339386,-0.001584877260029316,0.009012780446953578
2021-06-30,EXH7.DE,0.0020792248738316834,0.006979982368648052,0.005751628428697586,0.008294551223198887
2021-07-30,EXH7.DE,-0.028020306235552815,0.006886553019285202,0.005564752500504255,0.008103891553404062
2021-08-31,EXH7.DE,-0.030005398391971912,0.004664004314690828,0.005001605488359928,0.00818300720220735
2021-09-30,EXH7.DE,0.05639421066957006,0.008332270197570324,0.0076940953731536865,0.008582262794081056
2021-10-29,EXH7.DE,0.028115533207656543,-0.000692154688294977,-0.00028709485195577145,0.01110418245602856
2021-11-30,EXH7.DE,0.04197466049932047,0.00015324739797506481,-0.0005685411742888391,0.013554659195757109
2021-12-31,EXH7.DE,-0.048550919769194435,0.0029930141754448414,0.0028532627038657665,0.012642185260433184
2022-01-31,EXH7.DE,-0.07644152457047357,0.004347709938883781,0.003897562390193343,0.00994889246678733
2022-02-28,EXH7.DE,-0.01678813747355383,0.003819675650447607,0.003185598412528634,0.007116022607960935
2022-03-31,EXH7.DE,-0.022489751560031374,0.026081440970301628,0.024517688900232315,0.005212246857329881
2022-04-29,EXH7.DE,-0.02514122029186708,0.022167745977640152,0.02202317863702774,0.00596038492874472
2022-05-31,EXH7.DE,-0.019544568034632413,0.01177122350782156,0.011371319182217121,0.004710829402168074
2022-06-30,EXH7.DE,0.09762075233266802,-0.0055928705260157585,-0.0038576943334192038,0.0032896203737841205
2022-07-29,EXH7.DE,-0.031078648215379753,-0.008471830748021603,-0.00912234652787447,0.006539129967242769
2022-08-31,EXH7.DE,-0.07173585575980666,0.003926422912627459,0.0026487773284316063,0.004621830486484211
2022-09-30,EXH7.DE,0.029156436550953846,0.0013212838675826788,0.0013288455083966255,0.0026122995953243855
2022-10-31,EXH7.DE,0.08183161995092117,-0.0014831610023975372,-0.0019814325496554375,0.0023705142510001124
2022-11-30,EXH7.DE,-0.04441003765179922,-0.005695528816431761,-0.00913914293050766,0.004686671778047035
2022-12-30,EXH7.DE,0.08825613200676409,0.0004271365178283304,-0.00011648822692222893,0.0031514898784695947
2023-01-31,EXH7.DE,-0.0015741294482877774,-0.005426761694252491,-0.005537802819162607,0.008469713137322317
2023-02-28,EXH7.DE,0.02074714239915395,0.0009905528277158737,0.000570325180888176,0.012000101550811276
2023-03-31,EXH7.DE,0.03601896079547773,-0.014773997478187084,-0.015369633212685585,0.010394236096133793
2023-04-28,EXH7.DE,-0.04158751266678864,0.0004032947472296655,-0.0009455750114284456,0.011043601907970935
2023-05-31,EXH7.DE,0.024227290839881992,0.006858981214463711,0.006722485646605492,0.00821947692699802
2023-06-30,EXH7.DE,0.004015475961892057,-0.0006271629827097058,-0.001185024855658412,0.008798563162446538
2023-07-31,EXH7.DE,-0.03664688233467218,0.0012887216871604323,3.621124051278457e-05,0.008906722406477312
2023-08-31,EXH7.DE,-0.05668198973369431,0.005944544915109873,0.0052047851495444775,0.006868802999931903
2023-09-29,EXH7.DE,-0.044626692464449516,0.0066233426332473755,0.005559899844229221,0.006581098909066933
2023-10-31,EXH7.DE,0.04307869745375332,0.016540557146072388,0.014217764139175415,0.0028053594010257754
2023-11-30,EXH7.DE,0.01701684971281856,0.009922160767018795,0.010836374945938587,0.00336453538519906
2023-12-29,EXH7.DE,0.02842611103809488,0.015509281307458878,0.015101291239261627,0.004486823221382484
2024-01-31,EXH7.DE,0.037186303152470075,-0.003032233100384474,-0.005002833437174559,0.005262095975824623
2024-02-29,EXH7.DE,0.000576188805396121,-0.001527881366200745,-0.0018432788783684373,0.004676699840243782
2024-03-28,EXH7.DE,-0.016394023905549143,0.0026061946991831064,0.0013613345799967647,0.00400836089688693
2024-04-30,EXH7.DE,-0.0017747050920617917,0.006319381296634674,0.005199356935918331,0.0017071751081387562
2024-05-31,EXH7.DE,-0.02417324795324973,0.003762864274904132,0.0022513100411742926,0.00183329388037586
2024-06-28,EXH7.DE,-0.00589148394708761,0.007273015566170216,0.005296772811561823,0.0011863808695199553
2024-07-31,EXH7.DE,0.022000485815389444,0.00777576444670558,0.006204163655638695,0.0019989181312518095
2024-08-30,EXH7.DE,0.013621614164477528,0.001959958579391241,0.0019820488523691893,0.003496140660082784
2024-09-30,EXH7.DE,-0.045511813191257695,0.008912102319300175,0.008647160604596138,0.0025391837561548306
2024-10-31,EXH7.DE,0.004582281309961708,0.011046303436160088,0.008743904531002045,2.018408473709105e-05
2024-11-29,EXH7.DE,0.03762488303542832,0.005349971354007721,0.0054380763322114944,-0.0010184931149673166
2024-12-31,EXH7.DE,0.09686077377391718,0.004538696259260178,0.004913147538900375,0.0014244854875848183
2025-01-31,EXH7.DE,0.004768979600748676,0.004162262659519911,0.0027083579916507006,0.0050138686726724935
2025-02-28,EXH7.DE,-0.09459353143050447,0.0025296201929450035,0.0029273938853293657,0.006325213507650855
2025-03-31,EXH7.DE,-0.016442376902299057,0.008579615503549576,0.005513874348253012,0.004126833290213374
2025-04-30,EXH7.DE,0.01283057532629424,0.025017254054546356,0.02191629447042942,0.004765426229826206
2025-05-30,EXH7.DE,-0.04346025615868582,0.002881858963519335,0.0030282647348940372,0.004782616210888453
2025-06-30,EXH7.DE,0.023077635780093916,0.007759906817227602,0.007481047417968512,0.0019408286030017713
2025-07-31,EXH7.DE,0.025904972154671517,0.0070427414029836655,0.006092260126024485,0.0019188381774332746
2025-08-29,EXH7.DE,-0.007555836499385685,0.004541382193565369,0.003963870462030172,0.005078630447336228
2025-09-30,EXH7.DE,0.05302209330849434,0.002150731859728694,0.0039238398894667625,0.004079954922820761
2025-10-31,EXH7.DE,0.04305106300632591,0.013007299974560738,0.012348299846053123,0.0031806735238780874
2025-11-28,EXH7.DE,0.0013504610226546209,0.0029995671939104795,0.002309909788891673,0.004652409686556755
2019-01-31,EXH8.DE,0.05650476295836816,-0.018307330086827278,-0.01719372719526291,0.0006933105770604821
2019-02-28,EXH8.DE,0.032800492085996356,0.003425483126193285,0.0021817530505359173,0.0021134173453894022
2019-03-29,EXH8.DE,0.01997635123530843,-0.0018199452897533774,-0.002302873646840453,0.002373770840543848
2019-04-30,EXH8.DE,-0.08805276296860241,0.0017770384438335896,-0.0003688551369123161,0.0031134715629835457
2019-05-31,EXH8.DE,0.042672670554538626,0.004263605922460556,0.0057352702133357525,0.0043025051783646875
2019-06-28,EXH8.DE,0.018414844666964792,0.0016204843996092677,0.001323580276221037,0.002494918543853691
2019-07-31,EXH8.DE,-0.005627400568897081,0.00021497183479368687,4.8646339564584196e-05,0.0020918826599470985
2019-08-30,EXH8.DE,0.04027595450376159,-0.001735055586323142,-0.002259095897898078,0.0027809048414162182
2019-09-30,EXH8.DE,0.03579213644034875,0.002931757364422083,0.0017872131429612637,0.003545772556290171
2019-10-31,EXH8.DE,0.026977021515021057,0.008749638684093952,0.00898684561252594,0.0037164495342617812
2019-11-29,EXH8.DE,0.06885244692550768,0.0043337382376194,0.002909411210566759,0.004339254678550576
2019-12-31,EXH8.DE,-0.02220850588032676,0.0019462377531453967,0.0019479102920740843,0.006659383999206021
2020-01-31,EXH8.DE,-0.08911655808465327,0.006338262930512428,0.00654928432777524,0.00607580403507514
2020-02-28,EXH8.DE,-0.11253863246615912,0.010440009646117687,0.013715341687202454,0.003046722246825537
2020-03-31,EXH8.DE,0.06559832058411426,-0.04524239897727966,-0.0315680056810379,-0.0007618522541753424
2020-04-30,EXH8.DE,0.057470361115891475,0.027723388746380806,0.025294708088040352,0.00031674815342255493
2020-05-29,EXH8.DE,0.006840772695958164,-0.005569899920374155,-0.007761042565107346,0.0034755006732991715
2020-06-30,EXH8.DE,0.027313297425771633,0.0070846425369381905,0.005347191821783781,0.004009471082589965
2020-07-31,EXH8.DE,0.04729801042110784,0.00504491338506341,0.004480760078877211,0.00460268687675505
2020-08-31,EXH8.DE,0.027426869151718984,0.0017919501988217235,0.0007772337412461638,0.00565295137056575
2020-09-30,EXH8.DE,-0.04593488367808137,-0.0012832855572924018,-0.004396770615130663,0.006461079831513684
2020-10-30,EXH8.DE,0.13797990547941602,-0.010232298634946346,-0.017424529418349266,0.005419511597894519
2020-11-30,EXH8.DE,0.014117792334344478,0.010689802467823029,0.007698793895542622,0.008470038686859213
2020-12-31,EXH8.DE,-0.004884846389407866,-0.0038569786120206118,-0.004742867778986692,0.008189776949270255
2021-01-29,EXH8.DE,0.04184622586612542,0.004046399611979723,0.00534309446811676,0.008916310422087454
2021-02-26,EXH8.DE,0.05146869656982693,-0.0001503035455243662,-0.0009536024299450219,0.011040641290427158
2021-03-31,EXH8.DE,0.06284017624966345,0.00451537175104022,0.0031897721346467733,0.00991411732337683
2021-04-30,EXH8.DE,0.06287033761139642,0.001607795711606741,0.0010233249049633741,0.009979145584486832
2021-05-31,EXH8.DE,-0.0004339339418032265,-0.007908039726316929,-0.006993682123720646,0.011580024330738176
2021-06-30,EXH8.DE,-0.00563599954095248,0.01604394055902958,0.014901788905262947,0.010791730348592118
2021-07-30,EXH8.DE,-0.02182063002366555,0.006541380658745766,0.0051636528223752975,0.01106244253823437
2021-08-31,EXH8.DE,-0.023492431145520343,0.008536707609891891,0.00685646990314126,0.011604935022619488
2021-09-30,EXH8.DE,0.018357989159575493,0.008520622737705708,0.007809516042470932,0.012666836578634101
2021-10-29,EXH8.DE,0.0026744071828872368,0.0003911326639354229,0.000499177782330662,0.012252716705051719
2021-11-30,EXH8.DE,0.023952962102216303,0.006347203627228737,0.006636122707277536,0.014804491408955284
2021-12-31,EXH8.DE,-0.047922670100852174,0.0030265101231634617,0.002218792913481593,0.011789303085747549
2022-01-31,EXH8.DE,-0.15449827947715486,0.004523131065070629,0.005841719917953014,0.009238955492959217
2022-02-28,EXH8.DE,-0.08895714102861974,0.028814952820539474,0.02733074314892292,0.005633714739991562
2022-03-31,EXH8.DE,-0.036823770048371486,0.021847812458872795,0.023582162335515022,9.798645552152842e-05
2022-04-29,EXH8.DE,0.05017803814057169,0.018398653715848923,0.019278906285762787,0.0016844536548639402
2022-05-31,EXH8.DE,-0.10363213362187984,0.0663195326924324,0.052019331604242325,0.0017275666716443094
2022-06-30,EXH8.DE,0.11667691944931964,-0.0005625227931886911,-0.0024758344516158104,-0.0014288011996139098
2022-07-29,EXH8.DE,-0.13009862701252872,-0.01802808977663517,-0.010338746011257172,0.0019929724919586222
2022-08-31,EXH8.DE,-0.12835529488187453,-0.023418495431542397,-0.007173351943492889,-0.0034969285602267763
2022-09-30,EXH8.DE,0.07491138778806626,0.008394094184041023,0.008801252581179142,-0.0073696584718832
2022-10-31,EXH8.DE,0.12809903935016956,-0.020139403641223907,-0.015843680128455162,-0.005913979453425114
2022-11-30,EXH8.DE,-0.003950209200977769,-0.0015969965606927872,0.00011889863526448607,-0.004023717774499292
2022-12-30,EXH8.DE,0.15930800697138398,-0.002215602668002248,-0.0017397056799381971,-0.0034924496702701687
2023-01-31,EXH8.DE,0.010502057430363036,-0.0036063669249415398,-0.00231901160441339,0.00353529355121196
2023-02-28,EXH8.DE,-0.04049478080207542,0.0024466989561915398,0.001778666046448052,0.0072210212276615626
2023-03-31,EXH8.DE,-0.006486508712508985,-0.005371671169996262,-0.005050898063927889,0.005470832773011006
2023-04-28,EXH8.DE,-0.04834666496858689,-0.002616405952721834,-0.005044341553002596,0.004600369901126815
2023-05-31,EXH8.DE,0.07342342537853525,0.0033731753937900066,0.003674762323498726,0.0026082936604756583
2023-06-30,EXH8.DE,0.03346116775453786,-0.0010960763320326805,-0.0024699990171939135,0.004248573473767491
2023-07-31,EXH8.DE,-0.029188152177230937,-0.0025713404174894094,-0.0029007242992520332,0.003966105431107919
2023-08-31,EXH8.DE,-0.03550002373244112,0.0017724953358992934,0.001001262106001377,0.0031597212717231603
2023-09-29,EXH8.DE,-0.08221638742383514,0.0027674261946231127,0.0014999002451077104,0.0034317171958188927
2023-10-31,EXH8.DE,0.13033620498860937,0.010546763427555561,0.010394066572189331,-0.002124241536530532
2023-11-30,EXH8.DE,0.03192536735308273,-0.007819869555532932,-0.007766130845993757,0.0008529793042237764
2023-12-29,EXH8.DE,-0.02240678503783241,0.002235428662970662,0.001738459337502718,0.001752077345853722
2024-01-31,EXH8.DE,0.013671962965846128,-0.00042324242531321943,0.0005032693152315915,0.00010175143590142167
2024-02-29,EXH8.DE,0.13264043594676916,-0.0019025452202185988,-0.003478552680462599,-0.0007730596135658358
2024-03-28,EXH8.DE,-0.03481806287932077,0.0032128281891345978,0.000996912713162601,0.0014833051366976249
2024-04-30,EXH8.DE,0.03551533877469302,0.01007499173283577,0.010706547647714615,-0.0018798602804429947
2024-05-31,EXH8.DE,-0.030411402290926287,-0.001733928918838501,-0.0019452889682725072,-0.00027712007066137286
2024-06-28,EXH8.DE,0.019705089435420434,0.005661729257553816,0.00553308567032218,-0.001141414379264738
2024-07-31,EXH8.DE,0.04927804481815852,6.552949344040826e-06,-0.001258534612134099,0.0005777677375865049
2024-08-30,EXH8.DE,0.051540451747331816,-0.005888343323022127,-0.008870736695826054,0.002706480941056522
2024-09-30,EXH8.DE,-0.01838162459319078,-0.008227470330893993,-0.00816388987004757,0.003976784640830227
2024-10-31,EXH8.DE,-0.012543394243081363,0.020454872399568558,0.020404016599059105,0.0028016894520729555
2024-11-29,EXH8.DE,-0.011031450107833832,-9.86841696430929e-05,-0.0003986206720583141,0.0017879017758146833
2024-12-31,EXH8.DE,0.02685823768604304,0.006946724373847246,0.007971063256263733,0.003077365560073653
2025-01-31,EXH8.DE,-0.02028137006912596,0.014347358606755733,0.014564882963895798,0.006760695959847605
2025-02-28,EXH8.DE,-0.06327409496346374,0.01251700334250927,0.012413972988724709,0.009764533965870613
2025-03-31,EXH8.DE,0.06032167619883708,0.013139170594513416,0.012509611435234547,0.010432182693667882
2025-04-30,EXH8.DE,0.03689607763489672,0.018517998978495598,0.017763372510671616,0.011182785791042173
2025-05-30,EXH8.DE,-0.04402599292637141,0.003839754732325673,0.003950566053390503,0.014585908929481651
2025-06-30,EXH8.DE,-0.0275219780302505,0.007152844686061144,0.007201900240033865,0.011613903687046042
2025-07-31,EXH8.DE,0.0021299279246936673,0.005278504453599453,0.006030018907040358,0.013067421707515835
2025-08-29,EXH8.DE,0.0690261479081396,0.005892819259315729,0.006371364463120699,0.015954434173152687
2025-09-30,EXH8.DE,0.033675047338144776,0.004392729140818119,0.0033529154025018215,0.015799398212020834
2025-10-31,EXH8.DE,-0.011903415291043397,0.009557797573506832,0.008786010555922985,0.013665952569165474
2025-11-28,EXH8.DE,0.07249871515731558,0.0064325472339987755,0.006432399153709412,0.013225637039858079
2019-01-31,EXS1.DE,0.03777112154142306,-0.02970491349697113,-0.031033243983983994,0.003733988223045677
2019-02-28,EXS1.DE,0.0008065514005695695,-0.004654751159250736,-0.004571198485791683,0.0036376562386555046
2019-03-29,EXS1.DE,0.06694160948244572,-0.00206227065064013,-0.0006778388051316142,0.002539662062780372
2019-04-30,EXS1.DE,-0.04412624089901091,0.0028714316431432962,0.0019438244635239244,0.004772800186403655
2019-05-31,EXS1.DE,0.06563201153793476,0.009993796236813068,0.008029818534851074,0.0059549893642897676
2019-06-28,EXS1.DE,0.0022565399927470383,0.0012628432596102357,0.0005318530020304024,0.004856101673530578
2019-07-31,EXS1.DE,-0.028165420107517665,0.009485991671681404,0.009555069729685783,0.003463278328997621
2019-08-30,EXS1.DE,0.03964137522903909,0.005606071557849646,0.0021495786495506763,0.0032792115322988944
2019-09-30,EXS1.DE,0.04011578123968523,0.0027664443477988243,0.0011670811800286174,0.00342308581536985
2019-10-31,EXS1.DE,0.02790375213556452,0.0037438333965837955,0.002038274658843875,0.0045354663153472545
2019-11-29,EXS1.DE,0.0012340186089055175,0.002809341298416257,0.0019038614118471742,0.0033717670083052774
2019-12-31,EXS1.DE,-0.006539995725209459,0.0018225634703412652,0.0016553435707464814,0.0025212845446613594
2020-01-31,EXS1.DE,-0.09120285324669439,0.00959740299731493,0.008170242421329021,0.0020293827383272875
2020-02-28,EXS1.DE,-0.19354559542273408,0.007188279181718826,0.011986703611910343,-0.0008493103432279812
2020-03-31,EXS1.DE,0.08877473044288448,0.04577547684311867,0.037495847791433334,-0.006865598913275441
2020-04-30,EXS1.DE,0.06472018329506227,0.021726204082369804,0.020575683563947678,-0.004603098801530944
2020-05-29,EXS1.DE,0.05220119895083534,-0.02828337997198105,-0.02104305662214756,-0.0031853380935865775
2020-06-30,EXS1.DE,0.04181276638882551,0.02236938290297985,0.027685079723596573,-0.0005582751665752875
2020-07-31,EXS1.DE,0.05241860816136311,0.003220125799998641,0.0021968157961964607,-0.0001849208863709231
2020-08-31,EXS1.DE,-0.010742026648752,0.004265923053026199,0.002045112196356058,0.00020194842501153334
2020-09-30,EXS1.DE,-0.09621966117424731,-0.006565016694366932,-0.005490287207067013,-0.0013419178324836573
2020-10-30,EXS1.DE,0.13947932342654248,-0.11229968070983887,-0.10945896059274673,-0.003832686382085473
2020-11-30,EXS1.DE,0.031986042140673576,0.001272736582905054,-5.6722732551861554e-05,-0.00011018494999722368
2020-12-31,EXS1.DE,-0.0073839143879191995,-0.0009223444503732026,-0.0022139667998999357,0.000363552125188867
2021-01-29,EXS1.DE,0.042800097600001155,0.003217878518626094,0.0031125692185014486,0.0014716496295340922
2021-02-26,EXS1.DE,0.07177008362519852,0.0026554043870419264,0.0003996325540356338,0.0039255859376505775
2021-03-31,EXS1.DE,0.00764371348566699,0.0006534505519084632,-0.0018596576992422342,0.0044637982777297035
2021-04-30,EXS1.DE,0.017560516280822648,0.0056775882840156555,0.0045849476009607315,0.0041549119501247895
2021-05-31,EXS1.DE,0.016356594417552342,0.0065226624719798565,0.004981313366442919,0.0060145337183424245
2021-06-30,EXS1.DE,0.005744494505414263,0.0021833209320902824,0.0021053485106676817,0.004941789002723413
2021-07-30,EXS1.DE,0.02144492881872182,0.006354634650051594,0.0054756468161940575,0.0055512709694515525
2021-08-31,EXS1.DE,-0.02993414252551544,0.0026324368081986904,0.0014090470504015684,0.006375867003575225
2021-09-30,EXS1.DE,0.026818643835618595,0.0021869263146072626,0.0007933555170893669,0.00815035417558104
2021-10-29,EXS1.DE,-0.02573815140991422,-2.7524620236363262e-05,0.0004267402400728315,0.008560795971929405
2021-11-30,EXS1.DE,0.046484605570723946,-0.0029771432746201754,-0.0048961336724460125,0.009985129371063994
2021-12-31,EXS1.DE,-0.026648120511888765,0.003231589449569583,0.0034292072523385286,0.009310982168758204
2022-01-31,EXS1.DE,-0.1102209174083388,0.005701932590454817,0.0060003940016031265,0.007754832429005395
2022-02-28,EXS1.DE,0.022904197520275737,0.015153316780924797,0.01256783027201891,0.006114713040053917
2022-03-31,EXS1.DE,-0.03634945564568171,0.022766457870602608,0.025974459946155548,0.00391071920998392
2022-04-29,EXS1.DE,0.029217237599324392,0.01723610796034336,0.01731151156127453,0.004506206205517967
2022-05-31,EXS1.DE,-0.09928642132894727,0.007477986626327038,0.005263268016278744,0.003719008814200311
2022-06-30,EXS1.DE,0.052691208785199437,0.00911514088511467,0.007272722665220499,0.0009955388315221717
2022-07-29,EXS1.DE,-0.045307056521405514,-0.002619917271658778,-0.002833907026797533,0.003519429425478338
2022-08-31,EXS1.DE,-0.06936209579284672,0.012429722584784031,0.012612489052116871,0.00047060186101664943
2022-09-30,EXS1.DE,0.09129538462415542,0.010410318151116371,0.01027094479650259,-0.002226339421384443
2022-10-31,EXS1.DE,0.07854245074691121,-0.005611002910882235,-0.006643952336162329,-0.0004091919008516835
2022-11-30,EXS1.DE,-0.0346565138486728,-0.005164604168385267,-0.006120535545051098,0.0018962341933178707
2022-12-30,EXS1.DE,0.08205876436783126,-0.0005383312236517668,-0.0010814241832122207,0.0007384830399759975
2023-01-31,EXS1.DE,0.011080863687951935,-0.0034700592514127493,-0.003712546546012163,0.0062453354331097645
2023-02-28,EXS1.DE,-0.002787247247384218,0.001413977355696261,0.0010045884409919381,0.012469980431740893
2023-03-31,EXS1.DE,0.003941704776732295,-0.01188190933316946,-0.012333533726632595,0.009692071167674676
2023-04-28,EXS1.DE,-0.0016433949222490727,0.0017865760019049048,0.0005712014972232282,0.008245266440451907
2023-05-31,EXS1.DE,0.017974993568088442,0.004386113025248051,0.0041811661794781685,0.006351267309867127
2023-06-30,EXS1.DE,0.018880925335178256,0.0005545378662645817,0.000726655765902251,0.005914638789761827
2023-07-31,EXS1.DE,-0.03241781754854444,-0.00291383545845747,-0.005106330383569002,0.005866143998764913
2023-08-31,EXS1.DE,-0.03673347494645659,0.003130453871563077,0.0022458869498223066,0.005594978622279016
2023-09-29,EXS1.DE,-0.043795703053997,0.006957760080695152,0.0072368448600173,0.0074770033650453345
2023-10-31,EXS1.DE,0.08905395490011633,0.003955178894102573,0.0025813565589487553,0.002420652523459873
2023-11-30,EXS1.DE,0.03317463518028702,-0.0002596855629235506,0.0020044478587806225,0.004158806620897811
2023-12-29,EXS1.DE,0.012894206601207148,0.004996680188924074,0.0037230171728879213,0.005161317256529043
2024-01-31,EXS1.DE,0.04477738354223114,0.0001366720098303631,-0.0007721525034867227,0.004731199602103059
2024-02-29,EXS1.DE,0.04479839371206041,-0.004263200331479311,-0.004837214946746826,0.00406816885530365
2024-03-28,EXS1.DE,-0.021950193648077918,-0.008587418124079704,-0.005872504319995642,0.004838532686145338
2024-04-30,EXS1.DE,0.02686494132555022,0.007980868220329285,0.007933749817311764,0.0035802657477813516
2024-05-31,EXS1.DE,-0.011219955840179086,0.0004565876442939043,0.0001285868202103302,0.004327649541390447
2024-06-28,EXS1.DE,0.0034156909178224594,0.006407648324966431,0.006435824558138847,0.003885748420746676
2024-07-31,EXS1.DE,0.021550349675040575,-0.0021997878793627024,-0.001300671836361289,0.003742156815535259
2024-08-30,EXS1.DE,0.021981668179910777,0.0017401424702256918,0.0014095010701566935,0.005258483845826821
2024-09-30,EXS1.DE,0.0070566645163333275,0.0034999833442270756,0.0026811391580849886,0.005278587964781941
2024-10-31,EXS1.DE,0.028436769543640085,0.0038401265628635883,0.0019417493604123592,0.005942446331306818
2024-11-29,EXS1.DE,0.01349811461649721,-0.0010349798249080777,-0.0011361305369064212,0.0054411175527767025
2024-12-31,EXS1.DE,0.08848988589243861,0.003527673427015543,0.0040158419869840145,0.006346456349732928
2025-01-31,EXS1.DE,0.06320374165057058,0.0031947512179613113,0.002260728506371379,0.010804426713662144
2025-02-28,EXS1.DE,-0.017419742820013316,0.0018033538945019245,0.0024710800498723984,0.011914534582039381
2025-03-31,EXS1.DE,0.013146753796603482,0.02364637330174446,0.022474758327007294,0.01271010345104906
2025-04-30,EXS1.DE,0.06064347447786091,0.01807827688753605,0.019158747047185898,0.012286683262510145
2025-05-30,EXS1.DE,-0.0036246577285804493,0.0019458967726677656,0.0015666356775909662,0.016131007635009978
2025-06-30,EXS1.DE,0.011881899298296255,0.003861193312332034,0.003738075727596879,0.01623565825874134
2025-07-31,EXS1.DE,-0.0065402611444416526,0.003701163688674569,0.0027769727166742086,0.01669308011790983
2025-08-29,EXS1.DE,-0.007294877769831899,0.002860684646293521,0.002536638407036662,0.01809525412097981
2025-09-30,EXS1.DE,0.0114747047374329,0.0022371758241206408,0.0027048413176089525,0.015929271484735958
2025-10-31,EXS1.DE,-0.016653505651759822,0.009624163620173931,0.00936983060091734,0.013667699658939695
2025-11-28,EXS1.DE,0.027713684820717874,0.008072878234088421,0.008802761323750019,0.014330604551547395
2019-01-31,EXSA.DE,0.043160407484896135,8.662075561005622e-05,0.0006823386065661907,0.004656404095636896
2019-02-28,EXSA.DE,0.02234033383256394,-0.0020018783397972584,-0.00020111125195398927,0.005429977565491055
2019-03-29,EXSA.DE,0.037547207201629254,0.004103147890418768,0.0034309818875044584,0.004836643843957421
2019-04-30,EXSA.DE,-0.04611619524090436,0.003591344691812992,0.0025867419317364693,0.005556839181213956
2019-05-31,EXSA.DE,0.052324722943029395,0.007081011775881052,0.007085559424012899,0.007411314397493713
2019-06-28,EXSA.DE,0.016449943383200955,0.0013644056161865592,-0.00012412179785314947,0.00593329326266011
2019-07-31,EXSA.DE,-0.020285004304292698,0.005554475821554661,0.005931182764470577,0.00578350199836745
2019-08-30,EXSA.DE,0.034518500829515235,0.007653755135834217,0.0059323860332369804,0.00555809105777014
2019-09-30,EXSA.DE,0.015222489114772328,0.000989491236396134,0.0007591694593429565,0.0062404468844797405
2019-10-31,EXSA.DE,0.02765753790436639,0.004092019982635975,0.0027556801214814186,0.0065421465487386235
2019-11-29,EXSA.DE,0.028321932431575058,0.00417107529938221,0.0023777512833476067,0.0058581176131949665
2019-12-31,EXSA.DE,-0.008023472910436664,0.00010122974344994873,-3.562965139281005e-05,0.006109597811707945
2020-01-31,EXSA.DE,-0.08685428215890413,0.009517631493508816,0.007830875925719738,0.005428892052721111
2020-02-28,EXSA.DE,-0.17281554916882105,0.009739790111780167,0.01128693949431181,0.0025441984354701327
2020-03-31,EXSA.DE,0.06145887575707203,-0.056682415306568146,-0.03964797407388687,-0.002946856820583142
2020-04-30,EXSA.DE,0.033392358792301305,0.02095923013985157,0.02069210633635521,-0.0017243821291002856
2020-05-29,EXSA.DE,0.028523755376843124,-0.010569507256150246,-0.008175987750291824,-0.0006883158476792549
2020-06-30,EXSA.DE,0.022360327549323978,0.016297074034810066,0.015409429557621479,0.0005286196475405599
2020-07-31,EXSA.DE,0.030836429332101126,0.0032436640467494726,0.0034867560025304556,0.0010426099626813636
2020-08-31,EXSA.DE,-0.01391459456302622,0.003988658078014851,0.004000108689069748,0.0009629413147993236
2020-09-30,EXSA.DE,-0.05168476474521996,0.005408714525401592,0.005221933592110872,3.570327271716787e-05
2020-10-30,EXSA.DE,0.12897883305549346,-0.0009671255829744041,-0.0017629929352551699,-0.000970240776221629
2020-11-30,EXSA.DE,0.034245233571861954,0.009352910332381725,0.006282903719693422,0.0022065418786066937
2020-12-31,EXSA.DE,-0.003278514633616547,0.0013644560240209103,-0.0004001371271442622,0.0024560957195120096
2021-01-29,EXSA.DE,0.04385022641030029,-0.00021416622621472925,0.0022761377040296793,0.0031682803933771072
2021-02-26,EXSA.DE,0.05731979912192394,0.007074077147990465,0.005866189952939749,0.005268106725757776
2021-03-31,EXSA.DE,0.020684002784990562,0.004092474468052387,0.0023784965742379427,0.005260217432013511
2021-04-30,EXSA.DE,0.029128731034717897,0.0053596170619130135,0.004573745187371969,0.005261865907404838
2021-05-31,EXSA.DE,0.022478024508588434,3.324491626699455e-05,0.0007899531628936529,0.006871455884989596
2021-06-30,EXSA.DE,0.021208448749585922,0.0034411665983498096,0.0020646618213504553,0.006322692673633933
2021-07-30,EXSA.DE,0.027558119224906724,0.0041917674243450165,0.0043665580451488495,0.007032658883303635
2021-08-31,EXSA.DE,-0.03446894035874743,0.006872742436826229,0.00570131279528141,0.007722008677102524
2021-09-30,EXSA.DE,0.04494859943207832,0.004641144536435604,0.004476571921259165,0.00920682503986936
2021-10-29,EXSA.DE,-0.015729591230278228,0.0008892950136214495,0.00035558801027946174,0.00997622110222127
2021-11-30,EXSA.DE,0.05419612137594859,0.004009690601378679,0.0033682682551443577,0.011453090997257295
2021-12-31,EXSA.DE,-0.04097285859301852,0.0015411718050017953,0.0010695499368011951,0.01078403838877731
2022-01-31,EXSA.DE,-0.06100189556434743,0.0053624254651367664,0.005035503301769495,0.008517312463870712
2022-02-28,EXSA.DE,0.024341413497223116,0.002367468783631921,0.0017379677155986428,0.007105019756557455
2022-03-31,EXSA.DE,-0.02576289341023985,-0.003995708655565977,-0.0029418545309454203,0.006203275259570959
2022-04-29,EXSA.DE,-0.0003343331503922099,0.004849305376410484,0.004737647250294685,0.007256039519828782
2022-05-31,EXSA.DE,-0.06863186574510435,-0.0003164441732224077,-0.0007584693375974894,0.005897169808028186
2022-06-30,EXSA.DE,0.07608546521023794,0.013798662461340427,0.014001518487930298,0.0035110217964915177
2022-07-29,EXSA.DE,-0.03714090074469825,-0.008977842517197132,-0.00909397378563881,0.006481661655858827
2022-08-31,EXSA.DE,-0.07900864119908566,0.006222852040082216,0.008209067396819592,0.0035096581684611974
2022-09-30,EXSA.DE,0.06154642572679028,0.010125660337507725,0.00919053889811039,0.0012245658211481971
2022-10-31,EXSA.DE,0.060292149326545426,-0.005399430636316538,-0.005732882302254438,0.002162333986663619
2022-11-30,EXSA.DE,-0.029440012519780026,-0.00485060503706336,-0.004698534961789846,0.0033853004087516726
2022-12-30,EXSA.DE,0.064004649926277,-0.0006220265058800578,-0.0006475967238657176,0.002523823510399296
2023-01-31,EXSA.DE,0.011426013215964271,-0.0014103874564170837,-0.0021998847369104624,0.007136561128644704
2023-02-28,EXSA.DE,-0.02059363149177602,-0.004704635124653578,-0.004322561901062727,0.012762241611542652
2023-03-31,EXSA.DE,0.014358762950160276,-0.009045081213116646,-0.008653378114104271,0.010201096431713593
2023-04-28,EXSA.DE,-0.006797301898442078,-0.000668347580358386,-0.000168468221090734,0.010021858172636467
2023-05-31,EXSA.DE,0.013306090679151256,0.0009797182865440845,0.0008957945392467082,0.00846587050816161
2023-06-30,EXSA.DE,0.02134625561015951,-0.0017831496661528945,-0.002390126930549741,0.008517575231833779
2023-07-31,EXSA.DE,-0.022109158217721223,-0.001726176356896758,-0.002411229070276022,0.008776808082746402
2023-08-31,EXSA.DE,-0.01712483710209221,0.003180841216817498,0.0017111243214458227,0.008782024450619548
2023-09-29,EXSA.DE,-0.04191457600073675,0.008145447820425034,0.00707671232521534,0.009801930185436156
2023-10-31,EXSA.DE,0.05927986598841895,0.00559032429009676,0.005177019163966179,0.0048851807762575715
2023-11-30,EXSA.DE,0.03724622303450382,0.0005810192669741809,-0.0010861583286896348,0.006013326817467037
2023-12-29,EXSA.DE,0.014787110714737352,0.00365740736015141,0.0025329282507300377,0.006974775510663488
2024-01-31,EXSA.DE,0.01805558865261478,0.0025694025680422783,0.0018449611961841583,0.006731534638926037
2024-02-29,EXSA.DE,0.04131209089470583,-0.006252599414438009,-0.00765970628708601,0.00593604957838244
2024-03-28,EXSA.DE,-0.00394257869728104,-0.006863636430352926,-0.007583481725305319,0.006404924795550708
2024-04-30,EXSA.DE,0.024319715302675335,0.00018616636225488037,9.858296107267961e-05,0.005369166642190066
2024-05-31,EXSA.DE,-0.00914078021966604,-0.0010701643768697977,-0.0011815306497737765,0.006004187535615281
2024-06-28,EXSA.DE,0.0007859001433668856,0.008477656170725822,0.008840348571538925,0.005190722578908365
2024-07-31,EXSA.DE,0.01578164045724803,-0.0018416122766211629,-0.001427014241926372,0.004794075324998229
2024-08-30,EXSA.DE,-0.0038603044568847915,0.0025782189331948757,0.0014078288804739714,0.006312834931160848
2024-09-30,EXSA.DE,-0.009716464900349386,0.00805825088173151,0.0070383790880441666,0.004978614112854977
2024-10-31,EXSA.DE,0.010338159425740807,0.011452007107436657,0.009491403587162495,0.004762490627750335
2024-11-29,EXSA.DE,-0.008117430465759927,0.0018691137665882707,0.001504009123891592,0.003544213906911225
2024-12-31,EXSA.DE,0.06555126617089893,0.008215785026550293,0.008647833950817585,0.004268983978256319
2025-01-31,EXSA.DE,0.04502958216512058,0.003967007156461477,0.0032553495839238167,0.007219613748500306
2025-02-28,EXSA.DE,-0.04034628189078899,0.004759795963764191,0.0037307178135961294,0.00799365433360788
2025-03-31,EXSA.DE,-0.004923126797327127,0.00833769142627716,0.01032312586903572,0.0073656282904222365
2025-04-30,EXSA.DE,0.04672711400769807,0.031856805086135864,0.02651848830282688,0.007345533919748077
2025-05-30,EXSA.DE,-0.014378116127787501,0.005126029718667269,0.004127098247408867,0.010188842000755649
2025-06-30,EXSA.DE,0.018551566924944026,0.0064616939052939415,0.006685667205601931,0.009021080597331223
2025-07-31,EXSA.DE,0.0091257518897022,0.003198478138074279,0.002688390901312232,0.009272643474069692
2025-08-29,EXSA.DE,0.009979234982808064,-0.0026486171409487724,-0.0013848660746589303,0.012024465721194694
2025-09-30,EXSA.DE,0.031867478186759314,0.0008734478033147752,0.00010287439363310114,0.010945133927483728
2025-10-31,EXSA.DE,0.0049199755230739965,0.005927039310336113,0.005095564294606447,0.009791040499020858
2025-11-28,EXSA.DE,0.026870474451053502,0.003583017736673355,0.0030403274577111006,0.010555987757075495
2019-01-31,EXV1.DE,0.044083713636385864,-0.02525327540934086,-0.028862101957201958,0.001581042057155615
2019-02-28,EXV1.DE,-0.036605097462321115,-0.028407175093889236,-0.023334790021181107,0.002702808077271104
2019-03-29,EXV1.DE,0.08121626443400913,0.0032456698827445507,0.003745128633454442,-0.0004937553454991633
2019-04-30,EXV1.DE,-0.09694775102711391,0.004888738971203566,0.005559174343943596,0.0016242592982505708
2019-05-31,EXV1.DE,0.022833499223840547,0.010107528418302536,0.009616434574127197,0.005990255499836906
2019-06-28,EXV1.DE,9.233382988505442e-06,0.00592271750792861,0.006323115434497595,0.003436785477499038
2019-07-31,EXV1.DE,-0.06826169563197064,0.008313496597111225,0.007443040609359741,0.001409012835769256
2019-08-30,EXV1.DE,0.08401094715755415,0.006400492507964373,0.00443132733926177,-0.00031607152386898326
2019-09-30,EXV1.DE,0.04738763127031013,0.008478070609271526,0.010600106790661812,-0.0007611467593857545
2019-10-31,EXV1.DE,0.026416424572191233,0.01011925470083952,0.009369976818561554,-0.001214262502066811
2019-11-29,EXV1.DE,0.0448567732035061,0.0013400493189692497,0.0016151673626154661,-0.0027486608544300527
2019-12-31,EXV1.DE,-0.04248658325406468,0.0028736479580402374,0.003258555196225643,-0.002715293371224152
2020-01-31,EXV1.DE,-0.1011527371062778,0.012152556329965591,0.010665682144463062,-0.002815181730362745
2020-02-28,EXV1.DE,-0.34256981045104046,0.012207037769258022,0.016957808285951614,-0.006463892299617253
2020-03-31,EXV1.DE,0.016516786886979443,0.08236629515886307,0.09010206162929535,-0.01744341647637837
2020-04-30,EXV1.DE,-0.005116644111265055,0.07886413484811783,0.06554700434207916,-0.017317280847937037
2020-05-29,EXV1.DE,0.05629632009658056,0.002255744067952037,0.008475542068481445,-0.016766929008589733
2020-06-30,EXV1.DE,-0.0013017769163443788,0.093336321413517,0.09352842718362808,-0.016971086017789825
2020-07-31,EXV1.DE,0.03806320802440634,0.01750948093831539,0.00741571793332696,-0.017212141768276266
2020-08-31,EXV1.DE,-0.12095093761591347,0.020987994968891144,0.020744329318404198,-0.016831808163289053
2020-09-30,EXV1.DE,-0.005703593275951367,0.013743331655859947,0.010751194320619106,-0.02049090542336299
2020-10-30,EXV1.DE,0.2649180276683026,0.0042110225185751915,0.002798386150971055,-0.01906778368686569
2020-11-30,EXV1.DE,0.004506732654779723,0.006664762739092112,0.011077904142439365,-0.012403624375547095
2020-12-31,EXV1.DE,-0.02966542008159237,0.009121153503656387,0.006374605931341648,-0.014042045783726661
2021-01-29,EXV1.DE,0.15755606838760225,0.008954983204603195,0.011171157471835613,-0.01364085476111834
2021-02-26,EXV1.DE,0.04965889652183004,0.003428451018407941,-0.003369936952367425,-0.007364174055316012
2021-03-31,EXV1.DE,0.035362096777498186,0.012964393943548203,0.012850281782448292,-0.006840994008297531
2021-04-30,EXV1.DE,0.04986616453268327,0.024141332134604454,0.02292758598923683,-0.004719812829187308
2021-05-31,EXV1.DE,-0.03092959594532011,0.023755548521876335,0.02159210480749607,-0.0019440862170812347
2021-06-30,EXV1.DE,-0.0005641873936239758,0.04450681805610657,0.043639663606882095,-0.003966588584425852
2021-07-30,EXV1.DE,0.024483758241686353,0.007056694012135267,0.006579460110515356,-0.0030638310782456673
2021-08-31,EXV1.DE,0.038790311038390965,0.0032570671755820513,0.0037378063425421715,-0.0029487692042007418
2021-09-30,EXV1.DE,0.06569744521873139,-0.003854731796309352,-0.0035064094699919224,0.002068295336027395
2021-10-29,EXV1.DE,-0.0746666342556738,0.0016059428453445435,0.0015192747814580798,0.00281406861017207
2021-11-30,EXV1.DE,0.05859893710971783,0.008762553334236145,0.00847727619111538,0.00393779000304833
2021-12-31,EXV1.DE,0.07049270550936744,-0.006426292005926371,-0.00696316035464406,0.003004742164199066
2022-01-31,EXV1.DE,-0.15982282168942147,0.0011236367281526327,0.004577180370688438,0.004261376277787912
2022-02-28,EXV1.DE,0.018074885032323507,-0.004933960735797882,0.0024184288922697306,0.0027254738488305457
2022-03-31,EXV1.DE,-0.04325537954262333,0.026743777096271515,0.029562197625637054,-0.0002391945184745022
2022-04-29,EXV1.DE,0.06829393716393516,0.012638748623430729,0.012776050716638565,0.0017983377053136548
2022-05-31,EXV1.DE,-0.07364117220152556,-0.019523611292243004,-0.017970126122236252,0.0032739357686204012
2022-06-30,EXV1.DE,0.016219554165127645,0.015048614703118801,0.014202509075403214,0.0010732785859946465
2022-07-29,EXV1.DE,-0.01897716852230799,-0.006654038559645414,-0.005795289762318134,0.0038194086692388243
2022-08-31,EXV1.DE,-0.06471176837243792,0.007421610411256552,0.009591399691998959,0.0007673404475688391
2022-09-30,EXV1.DE,0.07987924937797476,0.008354038931429386,0.005265499465167522,-0.0013975277619050362
2022-10-31,EXV1.DE,0.08779036969418957,-0.009968362748622894,-0.009787801653146744,8.511455608465704e-05
2022-11-30,EXV1.DE,0.002169364132252621,-0.011249902658164501,-0.012659396044909954,0.001567805771894785
2022-12-30,EXV1.DE,0.12117789636957554,-0.006061688996851444,-0.007459958549588919,0.0026221979979038387
2023-01-31,EXV1.DE,0.043773551764879765,-0.006531509105116129,-0.006543570198118687,0.009140285611653512
2023-02-28,EXV1.DE,-0.15062409185206477,-0.003346472978591919,-0.004000646993517876,0.019353225781381822
2023-03-31,EXV1.DE,0.019121609799465308,0.02336989901959896,0.029814481735229492,0.016137092034354643
2023-04-28,EXV1.DE,0.014092349749618786,0.005498921498656273,0.004301996435970068,0.016117016555835584
2023-05-31,EXV1.DE,0.057181076517175584,-0.005688127595931292,-0.005932836327701807,0.015272969589912071
2023-06-30,EXV1.DE,0.05321175443578322,-0.0022098137997090816,-0.002398464363068342,0.017415561920394403
2023-07-31,EXV1.DE,-0.02450937299667235,-0.004264024086296558,-0.0028346264734864235,0.019233459789501094
2023-08-31,EXV1.DE,0.02579379079541054,0.004917404148727655,0.00286767422221601,0.021745499028568885
2023-09-29,EXV1.DE,-0.06203980402883824,-0.00235659908503294,-0.004572214093059301,0.02235481012430209
2023-10-31,EXV1.DE,0.06997310504478045,0.008453096263110638,0.007008165121078491,0.012299164254152204
2023-11-30,EXV1.DE,0.044170323486547806,-0.0003441473236307502,-0.0007137756911106408,0.01493805944608473
2023-12-29,EXV1.DE,0.010128401848983086,0.0032574646174907684,0.0014127743197605014,0.016274910251359558
2024-01-31,EXV1.DE,0.021177893765750112,-0.006000149995088577,-0.006662599742412567,0.012859273099451379
2024-02-29,EXV1.DE,0.10577031398342626,-0.005727952811866999,-0.006829388905316591,0.011590100684377961
2024-03-28,EXV1.DE,0.04432269346776614,-0.00010406030196463689,-0.0014109755866229534,0.01416432871611966
2024-04-30,EXV1.DE,0.037188634434557236,-0.010588139295578003,-0.007217114325612783,0.013426233732352879
2024-05-31,EXV1.DE,-0.024314236321845362,0.0007069574785418808,0.000772294239141047,0.01626161230103286
2024-06-28,EXV1.DE,0.04627630151389316,0.018523581326007843,0.017361575737595558,0.015370525647334234
2024-07-31,EXV1.DE,-0.019508582688198887,-0.008035474456846714,-0.007829045876860619,0.0161300850825449
2024-08-30,EXV1.DE,0.0073751715955178545,-0.00018787736189551651,-0.0014056045329198241,0.014659499612589007
2024-09-30,EXV1.DE,0.01773056776210056,-0.006067005451768637,-0.006302889436483383,0.013135703943038696
2024-10-31,EXV1.DE,0.001244031885307703,-0.0011365747777745128,-0.0016008509555831552,0.015460613862169532
2024-11-29,EXV1.DE,0.03806282316551513,-0.0019532954320311546,-0.0016948144184425473,0.013867422050380373
2024-12-31,EXV1.DE,0.10240203949213882,-0.0005628256476484239,-0.0012154111173003912,0.012496606582794377
2025-01-31,EXV1.DE,0.13427037654846719,0.003507155692204833,0.002590206451714039,0.018411302324726504
2025-02-28,EXV1.DE,-0.003692500499843247,0.016279876232147217,0.015081983059644699,0.022274599342989955
2025-03-31,EXV1.DE,-0.005622038457609259,0.021377243101596832,0.021606361493468285,0.023284131315598564
2025-04-30,EXV1.DE,0.09086081426661512,0.002795988228172064,0.0032740288879722357,0.021087223345881524
2025-05-30,EXV1.DE,-0.004299576706881601,-0.0035374274011701345,-0.003976352978497744,0.025545626195375717
2025-06-30,EXV1.DE,0.063481765884406,0.01749241352081299,0.015761278569698334,0.026580214790834132
2025-07-31,EXV1.DE,0.01763292006241495,0.0052851042710244656,0.005667346529662609,0.028290384027331823
2025-08-29,EXV1.DE,0.04219900492646188,0.011437801644206047,0.013902327045798302,0.02873943172756509
2025-09-30,EXV1.DE,0.013266217241108713,0.001267960062250495,0.001136823557317257,0.029268585392063007
2025-10-31,EXV1.DE,0.048079459807805335,0.012838824652135372,0.011904188431799412,0.02740480903811641
2025-11-28,EXV1.DE,0.07711424666669221,0.0065996116027235985,0.005158870480954647,0.02802487116674981
2019-01-31,EXV2.DE,-0.0011769128771469794,-0.0008876753272488713,-0.0009027300402522087,-0.004758222766949816
2019-02-28,EXV2.DE,0.04740885234203978,0.001908241305500269,0.003282343503087759,-0.00487362110884124
2019-03-29,EXV2.DE,-0.0001388681596948246,0.0044197808019816875,0.003871031105518341,-0.0038844984132183256
2019-04-30,EXV2.DE,-0.034589699384339506,-0.001168374321423471,-0.002313055796548724,-0.004455450167377288
2019-05-31,EXV2.DE,0.01690080211661045,0.0017304269131273031,0.0004269435303285718,-0.0010123949433064542
2019-06-28,EXV2.DE,0.021881032472394275,-0.0023655234836041927,-0.0007310481742024422,-0.0029524546099867453
2019-07-31,EXV2.DE,0.005026751579935983,0.004470311105251312,0.00575910834595561,-0.002466767796837867
2019-08-30,EXV2.DE,0.044234427521420074,0.0018675910541787744,0.0028918597381561995,-0.0018373325282255006
2019-09-30,EXV2.DE,0.010269760003153815,0.0034468609374016523,0.00343846227042377,-0.000672678415563251
2019-10-31,EXV2.DE,0.0019500231666637424,0.005715471226722002,0.005130127537995577,0.0013556559186471324
2019-11-29,EXV2.DE,-0.034349399097232225,0.0028967191465198994,0.0015760705573484302,-0.00019580000646759712
2019-12-31,EXV2.DE,-0.002388615454994884,0.0018631193088367581,0.0022668163292109966,-0.0006682186810817632
2020-01-31,EXV2.DE,-0.070323983710498,0.0028684206772595644,0.0029458762146532536,-0.0014590661996688335
2020-02-28,EXV2.DE,-0.1392060743629282,0.017415830865502357,0.016832269728183746,-0.004296757432246124
2020-03-31,EXV2.DE,0.03792500024284355,0.0036753364838659763,0.03302681818604469,-0.007912054760201676
2020-04-30,EXV2.DE,0.031803351820961175,0.02585626393556595,0.026241298764944077,-0.008490892543227596
2020-05-29,EXV2.DE,0.026595851963153172,0.014442243613302708,0.011815372854471207,-0.006714812895804865
2020-06-30,EXV2.DE,-0.01494654618366368,0.01733156479895115,0.01456842478364706,-0.005786713170608934
2020-07-31,EXV2.DE,0.010048127166025253,0.011740479618310928,0.011062050238251686,-0.006351154491539322
2020-08-31,EXV2.DE,-0.043533391747886,0.00471712090075016,0.004471777472645044,-0.006289741803046139
2020-09-30,EXV2.DE,-0.01936058579135408,0.00950714386999607,0.010265185497701168,-0.007236091238172914
2020-10-30,EXV2.DE,0.11158125699381834,-0.006184615194797516,-0.004861023742705584,-0.0070799528294398385
2020-11-30,EXV2.DE,-0.012573831144934404,0.006064794026315212,0.004825175739824772,-0.00484318536822834
2020-12-31,EXV2.DE,0.033047887466830676,0.004134077113121748,0.0039605675265192986,-0.004998026315406011
2021-01-29,EXV2.DE,-0.005488085168441435,0.003820032114163041,0.0035629267804324627,-0.002870780321052097
2021-02-26,EXV2.DE,0.10084374159723702,0.006084863096475601,0.005797665100544691,-0.0017872019360556503
2021-03-31,EXV2.DE,0.007910082792513599,0.006902672816067934,0.0047210827469825745,-0.001468274291869329
2021-04-30,EXV2.DE,0.01464685850171113,0.0018317039357498288,0.001904111821204424,0.0002606471240854792
2021-05-31,EXV2.DE,0.026612690776786286,0.005403086543083191,0.004949626047164202,0.0009200757843917816
2021-06-30,EXV2.DE,-0.007127529959094115,0.0066611263900995255,0.006101153790950775,0.0014323820156072597
2021-07-30,EXV2.DE,0.03700305714867506,0.006091699935495853,0.0056399754248559475,0.0015902469969871398
2021-08-31,EXV2.DE,-0.04031410459260169,0.003847668180242181,0.003202843014150858,0.0029436835036306492
2021-09-30,EXV2.DE,-0.03625678676328656,0.0028936141170561314,0.0020157042890787125,0.0028631828343867642
2021-10-29,EXV2.DE,0.022374274603095757,0.007657795678824186,0.0066930800676345825,-0.0009588924517088322
2021-11-30,EXV2.DE,0.03884458571550211,0.0033811600878834724,0.002940788399428129,0.0008487858386964827
2021-12-31,EXV2.DE,0.03353511902052571,0.0031096702441573143,0.0035659787245094776,0.0021328548377377793
2022-01-31,EXV2.DE,-0.06079622221197614,-0.001473361742682755,-0.0008775126771070063,0.0031166975931817215
2022-02-28,EXV2.DE,0.028011590769255478,0.007850715890526772,0.007620754651725292,0.0007056931282379707
2022-03-31,EXV2.DE,0.011758517461407846,-0.004657043144106865,-0.004274743143469095,0.0012001694131944642
2022-04-29,EXV2.DE,0.02288046483573216,-0.0009064067271538079,-0.0012044550385326147,0.0027755374552065216
2022-05-31,EXV2.DE,-0.025851905100618137,-0.004464362747967243,-0.00416673393920064,0.0028111736200971712
2022-06-30,EXV2.DE,-0.008010847336565164,0.001570140360854566,0.0014269896782934666,0.0016967316965768894
2022-07-29,EXV2.DE,-0.032445413058385955,0.0026903783436864614,0.0017644163453951478,0.0016339021984582702
2022-08-31,EXV2.DE,-0.13656707943842752,0.0005303244106471539,0.0008553598891012371,-0.0009367979520940532
2022-09-30,EXV2.DE,0.04016986226642469,0.02367796190083027,0.025544600561261177,-0.005033121147591197
2022-10-31,EXV2.DE,0.008167656805508308,-0.004122103564441204,-0.004219698254019022,-0.004110158251446314
2022-11-30,EXV2.DE,-0.047983055639732444,-0.004538829438388348,7.776313577778637e-05,-0.002881254668515878
2022-12-30,EXV2.DE,0.06894602099913683,0.003551519475877285,0.004388816654682159,-0.00457748345759617
2023-01-31,EXV2.DE,0.04289909989567098,0.004951830022037029,0.005462456028908491,-0.00016902687492600005
2023-02-28,EXV2.DE,0.0010086402628434587,-0.002279549138620496,-0.002657286124303937,0.005390494147804286
2023-03-31,EXV2.DE,-8.919389954926023e-05,-0.003534540766850114,-0.005126806441694498,0.004589785265041465
2023-04-28,EXV2.DE,-0.0522612206998857,0.001855234382674098,0.0018475984688848257,0.004582140939626833
2023-05-31,EXV2.DE,-0.028576243864101396,0.0034375700633972883,0.002604888053610921,0.0017293248361838949
2023-06-30,EXV2.DE,-0.010139323059275835,0.0022476722951978445,-4.592822733684443e-05,0.0013994638959065795
2023-07-31,EXV2.DE,-0.016417094459946203,0.003655323525890708,0.003083807183429599,0.0014582514996865172
2023-08-31,EXV2.DE,0.0032826521576362518,0.0010451935231685638,8.845912816468626e-05,0.0030129164931154136
2023-09-29,EXV2.DE,-0.03305577470011293,0.007105512078851461,0.006877384148538113,0.00335602869998983
2023-10-31,EXV2.DE,0.05407916143056663,0.0055025601759552956,0.004888249561190605,-0.0005653076824846269
2023-11-30,EXV2.DE,0.013256598418902085,0.0034335898235440254,0.002857878105714917,0.0016397373588954679
2023-12-29,EXV2.DE,0.024708440008207745,0.003868048544973135,0.0037899392191320658,0.0008816942246522544
2024-01-31,EXV2.DE,-0.0235203367160478,0.0029607024043798447,0.002833141013979912,0.0017180106814342283
2024-02-29,EXV2.DE,0.025323037856330343,0.005451282951980829,0.0037745425943285227,-0.0013019184162208857
2024-03-28,EXV2.DE,-0.0006115430688034117,0.002964385086670518,0.0012094874400645494,-0.0005722624503240459
2024-04-30,EXV2.DE,0.03544264363669073,0.00790470652282238,0.006321421358734369,-0.0018479107744411184
2024-05-31,EXV2.DE,0.012781445620423807,-9.946753561962396e-05,-0.0024458703119307756,-0.0006724917244037687
2024-06-28,EXV2.DE,0.040251900963343086,0.004150877241045237,0.002953041810542345,-0.0005158271369576115
2024-07-31,EXV2.DE,0.04140847379561482,-0.002444386947900057,-0.0026241589803248644,-0.0001970754103715549
2024-08-30,EXV2.DE,0.022702230119587042,-0.0037030025850981474,-0.0044393399730324745,0.0024539237133282482
2024-09-30,EXV2.DE,0.0347693130490524,0.0006976333097554743,0.0008776047034189105,0.003934468179439062
2024-10-31,EXV2.DE,0.02710809580871365,0.0032991182524710894,0.0030125456396490335,0.004278154431952699
2024-11-29,EXV2.DE,-0.030548649985420333,-0.0015379749238491058,-0.0023619092535227537,0.00395214082343081
2024-12-31,EXV2.DE,0.05734201347621943,0.010983500629663467,0.0101286880671978,0.0023172779281655817
2025-01-31,EXV2.DE,0.08032993765983035,0.006859504617750645,0.004869138356298208,0.004748471174261286
2025-02-28,EXV2.DE,0.010050283052268684,0.002400288125500083,0.0015398608520627022,0.005874420224633087
2025-03-31,EXV2.DE,0.0037409837802924776,0.007894326001405716,0.007793438155204058,0.005305241832166568
2025-04-30,EXV2.DE,0.03179343434788075,0.016431353986263275,0.016053825616836548,0.0049463946338697985
2025-05-30,EXV2.DE,-0.02764598324587558,0.002974350471049547,0.0031840121373534203,0.006732814197224108
2025-06-30,EXV2.DE,-0.004312901431801547,0.0059792278334498405,0.005894492845982313,0.006432027038473774
2025-07-31,EXV2.DE,0.024175796874537126,0.0046958099119365215,0.005062475800514221,0.006936069370832502
2025-08-29,EXV2.DE,-0.03492640738407113,0.004247697535902262,0.0038924578111618757,0.010856892394593197
2025-09-30,EXV2.DE,0.04111115681122107,0.006412037182599306,0.005669215228408575,0.010562876404085698
2025-10-31,EXV2.DE,-0.02245428875627752,0.008520086295902729,0.008347537368535995,0.00971740991119907
2025-11-28,EXV2.DE,0.01904041463912179,0.00652251485735178,0.005704069044440985,0.010798743161817479
2019-01-31,EXV3.DE,0.06326512509688245,-0.03960790857672691,-0.03358401730656624,0.008115599888444285
2019-02-28,EXV3.DE,0.0351240459444826,-0.00496262451633811,-0.00178445503115654,0.009134627829105742
2019-03-29,EXV3.DE,0.07549046921592263,0.00510657113045454,0.006997080519795418,0.010560904331597978
2019-04-30,EXV3.DE,-0.06127140217099031,-0.0014453234616667032,-0.0011675136629492044,0.011949940049791639
2019-05-31,EXV3.DE,0.07877403419822512,0.01278228685259819,0.005104647018015385,0.012709465710114626
2019-06-28,EXV3.DE,0.019300672212952903,-0.003532813861966133,-0.002914262469857931,0.009686044676018708
2019-07-31,EXV3.DE,-0.050280586141848015,0.00910527165979147,0.008556986227631569,0.009756057666120668
2019-08-30,EXV3.DE,0.030306897118657087,0.0072083002887666225,0.005103325005620718,0.007993543126796454
2019-09-30,EXV3.DE,0.029021088318244022,0.007738791406154633,0.006492960266768932,0.009688749223536007
2019-10-31,EXV3.DE,0.05515757166072462,0.009167391806840897,0.008389826864004135,0.010618340258357506
2019-11-29,EXV3.DE,0.016196489324031248,0.003589104861021042,0.0023762714117765427,0.0106721054468685
2019-12-31,EXV3.DE,0.0027056120278238405,0.002206910401582718,0.001172757358290255,0.010532704559700961
2020-01-31,EXV3.DE,-0.05663249077092843,0.008392130956053734,0.008017505519092083,0.008725533119954684
2020-02-28,EXV3.DE,-0.13058867629517606,0.01942344196140766,0.024919874966144562,0.006373835295885903
2020-03-31,EXV3.DE,0.09605277172800226,-0.10956049710512161,-0.07792416960000992,0.0021252819643778776
2020-04-30,EXV3.DE,0.07318443364528905,0.026761384680867195,0.02955898828804493,0.0037957111605497256
2020-05-29,EXV3.DE,0.05813667385272442,-0.012707818299531937,-0.004951930604875088,0.005828612095141097
2020-06-30,EXV3.DE,0.02086379235558057,-0.0005308614345267415,-0.0040615336038172245,0.008477765839592859
2020-07-31,EXV3.DE,0.045304444270753925,-0.004562363028526306,-0.006647550966590643,0.009140797268710582
2020-08-31,EXV3.DE,-0.01929558491981617,-0.002835494000464678,-0.004952213726937771,0.009344405396075901
2020-09-30,EXV3.DE,-0.11206447579635292,0.0037106513045728207,0.0017812481382861733,0.0072621140564248015
2020-10-30,EXV3.DE,0.12483037989410237,-0.15716488659381866,-0.14089956879615784,0.003622912253461699
2020-11-30,EXV3.DE,0.05095760213712218,-0.0012255737092345953,-0.005556357093155384,0.007914487602813781
2020-12-31,EXV3.DE,0.05469940937534368,-0.005846140440553427,-0.005591872148215771,0.00851654912275669
2021-01-29,EXV3.DE,0.05018618378630852,-0.010281681083142757,-0.009823308326303959,0.010077396942920055
2021-02-26,EXV3.DE,0.040873889089623625,-0.03167245537042618,-0.032740939408540726,0.012034330211810058
2021-03-31,EXV3.DE,0.027822021862558676,-0.0048093292862176895,-0.0076207672245800495,0.012003135826256351
2021-04-30,EXV3.DE,0.00270151326796518,0.00836870912462473,0.007732369937002659,0.011230273495889195
2021-05-31,EXV3.DE,0.05013098194795941,0.007988417521119118,0.004179894924163818,0.011412043252372227
2021-06-30,EXV3.DE,0.05260299442675078,0.00547479372471571,0.0054724994115531445,0.011630272777667003
2021-07-30,EXV3.DE,0.05905637098724957,0.002582917222753167,0.0027136090211570263,0.01301106890235526
2021-08-31,EXV3.DE,-0.06770032238297995,-0.00044721137965098023,-0.0001498527271905914,0.01539739502732487
2021-09-30,EXV3.DE,0.07179589908089182,-0.0012530373642221093,-0.002837357809767127,0.017261889935424175
2021-10-29,EXV3.DE,-0.01654873315065439,-0.000711936445441097,-0.002173521090298891,0.019397466996578863
2021-11-30,EXV3.DE,0.019698856426017965,0.00930913258343935,0.009947901591658592,0.020540589844696987
2021-12-31,EXV3.DE,-0.13121117337739008,0.0012787365121766925,0.00017284056229982525,0.01875040502632335
2022-01-31,EXV3.DE,-0.09026507366730219,0.027509789913892746,0.02882998064160347,0.013585091847697319
2022-02-28,EXV3.DE,0.03681950890749924,0.015453395433723927,0.01359893660992384,0.011374871248522718
2022-03-31,EXV3.DE,-0.09130206712982923,0.02597905322909355,0.021266087889671326,0.008962899583420423
2022-04-29,EXV3.DE,-0.0020075971884871676,0.031423039734363556,0.028192343190312386,0.008682034820235872
2022-05-31,EXV3.DE,-0.08417934314511248,0.001236962852999568,0.002532028593122959,0.006317661219957237
2022-06-30,EXV3.DE,0.12494952733458647,-0.005334933288395405,-0.004221742507070303,0.0032843400656969632
2022-07-29,EXV3.DE,-0.06756273756499359,-0.007429020944982767,-0.004121783655136824,0.008479261717816409
2022-08-31,EXV3.DE,-0.10641876224422567,0.026501096785068512,0.02802327461540699,0.004809191080526847
2022-09-30,EXV3.DE,0.04928994687604852,0.01348809152841568,0.01131471898406744,0.0016244504246862486
2022-10-31,EXV3.DE,0.11974903398283308,-0.012570216320455074,-0.010828825645148754,0.001605505493542165
2022-11-30,EXV3.DE,-0.07215354706729442,0.0045697917230427265,0.007725855801254511,0.004714985191358156
2022-12-30,EXV3.DE,0.1329450955527768,0.011655875481665134,0.012835720553994179,0.0021080917079383285
2023-01-31,EXV3.DE,-0.008063960277294108,-0.0020198216661810875,-0.0025903123896569014,0.00825638114163649
2023-02-28,EXV3.DE,0.025020848317306076,0.006080826744437218,0.005689887795597315,0.012404704159660848
2023-03-31,EXV3.DE,-0.046144693607219775,-0.0028915898874402046,-0.004383514169603586,0.010389331042943989
2023-04-28,EXV3.DE,0.06831177209002705,0.009611955843865871,0.0072261574678123,0.007455128454360113
2023-05-31,EXV3.DE,0.011086932448112196,-0.0025243067648261786,-0.0027158649172633886,0.007356700470136528
2023-06-30,EXV3.DE,0.00460429847885776,0.0007701484719291329,-0.00028657561051659286,0.006948717111274279
2023-07-31,EXV3.DE,-0.047802761849114535,0.0027127773500978947,0.003687911434099078,0.005963370770840391
2023-08-31,EXV3.DE,-0.05925124173233261,0.0015668726991862059,0.0005595501279458404,0.005602660482595834
2023-09-29,EXV3.DE,-0.031467012747860276,0.0072004408575594425,0.006361513398587704,0.007481640402971304
2023-10-31,EXV3.DE,0.14076086548761077,0.005356455687433481,0.004521705210208893,0.0032462872367866476
2023-11-30,EXV3.DE,0.018284618972474246,-0.004501512739807367,-0.0034702110569924116,0.00579245048352544
2023-12-29,EXV3.DE,0.0749381618817897,0.004748505540192127,0.0030896635726094246,0.005521901736057464
2024-01-31,EXV3.DE,0.04036295450401275,-0.0044351243413984776,-0.005758481565862894,0.006595036683876657
2024-02-29,EXV3.DE,0.004765181782470487,-0.0005887869629077613,-0.00022156021441332996,0.007042427133415247
2024-03-28,EXV3.DE,-0.032538850681228804,0.008600066415965557,0.009242737665772438,0.005722631399536807
2024-04-30,EXV3.DE,0.05863244043659178,0.011315872892737389,0.009239034727215767,0.00472375863091311
2024-05-31,EXV3.DE,0.04046781581086692,0.001035281689837575,0.0009286119602620602,0.004809114609751949
2024-06-28,EXV3.DE,-0.08687052651730699,-0.0006120220059528947,-0.0001384006318403408,0.004924878917260974
2024-07-31,EXV3.DE,-0.0067480334965321345,0.00730205699801445,0.00844595953822136,0.0014809167202842755
2024-08-30,EXV3.DE,-0.0008813398449964708,0.000969015876762569,9.185526869259775e-05,0.003054855480046865
2024-09-30,EXV3.DE,-0.03798601082446252,0.010846377350389957,0.011193031445145607,0.0010846340726470406
2024-10-31,EXV3.DE,0.03457482493832628,0.024157701060175896,0.019064325839281082,-0.0005376638698177456
2024-11-29,EXV3.DE,0.029044350680906373,0.001141357235610485,0.0004536021442618221,-0.0001244425222535946
2024-12-31,EXV3.DE,0.05137768912901437,0.005840301513671875,0.005614458117634058,0.004517030830275449
2025-01-31,EXV3.DE,0.001569928726504904,0.001477431389503181,0.002280675806105137,0.0075936541920944315
2025-02-28,EXV3.DE,-0.08137049219694113,0.01891309767961502,0.01711207628250122,0.0069583347427107055
2025-03-31,EXV3.DE,-0.012427466991119913,0.03690115734934807,0.033543072640895844,0.007822944073592384
2025-04-30,EXV3.DE,0.08177319913102635,0.019128473475575447,0.012889173813164234,0.00788042603025089
2025-05-30,EXV3.DE,0.012788087872379443,0.0024084860924631357,0.0023076925426721573,0.010856330115139076
2025-06-30,EXV3.DE,-0.027394998155638173,0.004151695873588324,0.002953171031549573,0.010424145004525683
2025-07-31,EXV3.DE,-0.03666554680897316,0.010687739588320255,0.011867091991007328,0.00935006984866862
2025-08-29,EXV3.DE,0.05838648967612186,0.004104803781956434,0.003481505438685417,0.011631438545848458
2025-09-30,EXV3.DE,0.037928006479093224,0.0048968978226184845,0.005368849262595177,0.011507185015647823
2025-10-31,EXV3.DE,-0.04804078585279602,0.01416196208447218,0.013890908099710941,0.009599803293549147
2025-11-28,EXV3.DE,0.011539141123269408,0.00987754762172699,0.011270822957158089,0.01019039502534944
2019-01-31,EXV4.DE,0.05796241730187865,-0.0006911178934387863,-0.00041860752389766276,0.002226778119762734
2019-02-28,EXV4.DE,0.03648407934412683,-0.0002710344269871712,0.000480331655126065,0.004513336773841642
2019-03-29,EXV4.DE,-0.016214967473275336,0.004859941080212593,0.003311728360131383,0.004015155400585218
2019-04-30,EXV4.DE,-0.005936975714244523,-0.005367699079215527,-0.002781840041279793,0.0026403614728204416
2019-05-31,EXV4.DE,0.06197212138477322,0.00860475655645132,0.007749849930405617,0.0038635228650266327
2019-06-28,EXV4.DE,0.02692849672723709,0.0018120001768693328,0.0009613913134671748,0.0029513232973341387
2019-07-31,EXV4.DE,0.02298663147097107,0.006007067393511534,0.006300284992903471,0.00487250617117247
2019-08-30,EXV4.DE,0.009648220464493837,0.007240036968141794,0.005747715011239052,0.005675775463803958
2019-09-30,EXV4.DE,0.005299454617910834,0.0045491899363696575,0.0033405146095901728,0.0074093179362136755
2019-10-31,EXV4.DE,0.0379917389759056,0.005234286189079285,0.0032913745380938053,0.008032965349686944
2019-11-29,EXV4.DE,0.024695445593681174,0.0038134711794555187,0.001430702512152493,0.008002266668952441
2019-12-31,EXV4.DE,0.02000788032987127,0.0016520655481144786,9.974712884286419e-05,0.008707587515766379
2020-01-31,EXV4.DE,-0.05781198241031034,0.007045630365610123,0.006234017666429281,0.007502257678288901
2020-02-28,EXV4.DE,-0.04623193845939604,0.00644710985943675,0.010114944539964199,0.00533633647871401
2020-03-31,EXV4.DE,0.0898703590288317,-0.0372132882475853,-0.05667237192392349,0.003540835331638404
2020-04-30,EXV4.DE,0.0186961657152367,0.003574414411559701,0.003568219253793359,0.005480412790299921
2020-05-29,EXV4.DE,0.0005418153247581237,0.004195236600935459,0.00398004986345768,0.0054676645240930724
2020-06-30,EXV4.DE,-0.0019090275633722282,0.00670902943238616,0.005512491799890995,0.007067340297360077
2020-07-31,EXV4.DE,-0.009963807516910443,0.004723479971289635,0.003991074860095978,0.0073025728690964
2020-08-31,EXV4.DE,0.020609915894926063,0.000926074804738164,0.001376919448375702,0.005967285938074854
2020-09-30,EXV4.DE,-0.06926953640173386,0.0051741343922913074,0.004852650221437216,0.007112868125038801
2020-10-30,EXV4.DE,0.05723920507444841,0.0016212400514632463,0.0032145066652446985,0.005221028488426427
2020-11-30,EXV4.DE,0.003770510404574914,0.0060676452703773975,0.005302661098539829,0.006753124144525508
2020-12-31,EXV4.DE,0.012136578352937438,0.0037812432274222374,0.0038931029848754406,0.006382933729387499
2021-01-29,EXV4.DE,-0.011603347787173984,0.006971017923206091,0.006951614283025265,0.007904889132771122
2021-02-26,EXV4.DE,0.043759322770961964,0.006570783443748951,0.007083175703883171,0.00858111599385388
2021-03-31,EXV4.DE,0.023933862996656258,0.002689206274226308,0.0024307346902787685,0.008181123689220119
2021-04-30,EXV4.DE,0.02362765625624983,0.003629561048001051,0.0036492988001555204,0.007631487168391768
2021-05-31,EXV4.DE,0.06438373575132052,0.001901949872262776,0.001434014062397182,0.008554647716134012
2021-06-30,EXV4.DE,0.01692505718306328,0.005266043357551098,0.004812721628695726,0.00826560850412234
2021-07-30,EXV4.DE,0.03738561500533437,0.005574056878685951,0.004827306605875492,0.009073433338118386
2021-08-31,EXV4.DE,-0.050553587732612884,0.007075157016515732,0.006190146319568157,0.010367576417853883
2021-09-30,EXV4.DE,0.04764570321944006,0.007962128147482872,0.009347292594611645,0.010653199482124398
2021-10-29,EXV4.DE,-0.012583707562432418,-0.0005861230310983956,-0.0007807145593687892,0.010939367684627345
2021-11-30,EXV4.DE,0.05273429125261485,0.002094953553751111,0.002183296252042055,0.012294367938795186
2021-12-31,EXV4.DE,-0.07135507035442418,0.0028001763857901096,0.002701609395444393,0.012619576550980128
2022-01-31,EXV4.DE,0.005155782273561404,0.006212185136973858,0.005443721078336239,0.008978906378496484
2022-02-28,EXV4.DE,0.059946850999779366,0.0028842075262218714,0.002033303724601865,0.008057699893172387
2022-03-31,EXV4.DE,0.0011439446624361123,-6.046153430361301e-05,0.0016184166306629777,0.010144686772429029
2022-04-29,EXV4.DE,-0.027891256837039573,-0.0023489934392273426,-0.00079897022806108,0.010713063016796394
2022-05-31,EXV4.DE,-0.018313658412386944,0.0010456058662384748,-0.00030322984093800187,0.008491631082907217
2022-06-30,EXV4.DE,0.042493663476283056,-0.00887100026011467,-0.005842078011482954,0.007331998466367636
2022-07-29,EXV4.DE,-0.057080119083920855,-0.0005670443060807884,-0.0008143424056470394,0.00789438550997411
2022-08-31,EXV4.DE,-0.056227291600271186,0.00279336329549551,0.0024427545722573996,0.005273877069549713
2022-09-30,EXV4.DE,0.05221937275404183,0.0022483314387500286,0.0028143359813839197,0.003499435655622434
2022-10-31,EXV4.DE,0.026947032114008316,-0.00537849823012948,-0.00483766058459878,0.003941954706494598
2022-11-30,EXV4.DE,-0.013732954986062171,-0.003456568345427513,-0.0030241142958402634,0.004159026591118442
2022-12-30,EXV4.DE,0.0032821496388215784,-0.000948966306168586,-0.00108765356708318,0.0029684005601742225
2023-01-31,EXV4.DE,-0.008891804469734733,0.0021162729244679213,0.0012755413772538304,0.005289255118234539
2023-02-28,EXV4.DE,0.029711007117207044,-0.0021544420160353184,-0.0027150327805429697,0.007358900536968527
2023-03-31,EXV4.DE,0.043067703511908424,-0.0089696841314435,-0.00889553688466549,0.004940052660893664
2023-04-28,EXV4.DE,0.009010001846405175,0.0009635186870582402,0.000247023330302909,0.0061794340556572775
2023-05-31,EXV4.DE,-0.021750280119469133,0.002019413746893406,0.0018234080635011196,0.00527649703688408
2023-06-30,EXV4.DE,0.015329825417631353,0.0017901831306517124,0.0023384499363601208,0.005317034023401668
2023-07-31,EXV4.DE,0.014520136340703408,-0.006226111203432083,-0.006740950047969818,0.006303677397622165
2023-08-31,EXV4.DE,-0.01238536228295417,0.0005289669497869909,-0.00014183283201418817,0.006308408662132781
2023-09-29,EXV4.DE,-0.05415904804854416,0.006862562149763107,0.006348688155412674,0.007927110325703578
2023-10-31,EXV4.DE,0.015664107418413103,0.011382458731532097,0.009681317023932934,0.005146738860604004
2023-11-30,EXV4.DE,0.03867252427955929,0.0016117640770971775,0.0005700520123355091,0.005656670623631844
2023-12-29,EXV4.DE,0.03494278566521117,0.003624494420364499,0.0034161796793341637,0.005766714855726182
2024-01-31,EXV4.DE,-0.0003635982882478242,0.0037275245413184166,0.0025143539533019066,0.00796943642136901
2024-02-29,EXV4.DE,0.04080019325768296,0.0037650850135833025,0.004267217591404915,0.007240101913956668
2024-03-28,EXV4.DE,0.0014684618095601478,-0.0019638892263174057,-0.002379379700869322,0.007726422403821031
2024-04-30,EXV4.DE,0.014393680178657317,-0.004881934728473425,-0.0042439899407327175,0.0069285703834074145
2024-05-31,EXV4.DE,0.027595982767255903,-0.0036735369358211756,-0.0034216337371617556,0.006158955444597596
2024-06-28,EXV4.DE,0.013141606418121761,0.0012199361808598042,0.0009815316880121827,0.006446833763298009
2024-07-31,EXV4.DE,0.03677883901329799,-0.0007730201468802989,-0.0022608062718063593,0.005957267981381889
2024-08-30,EXV4.DE,-0.06527728398719163,0.0017831085715442896,0.0009817166719585657,0.008499343059575053
2024-09-30,EXV4.DE,-0.016142015579519848,0.0010192350018769503,0.003490119008347392,0.005210107154481867
2024-10-31,EXV4.DE,-0.012085256199178232,0.008094188757240772,0.0072158994153141975,0.004564583501937274
2024-11-29,EXV4.DE,-0.047821596873405266,0.00434755627065897,0.003952749539166689,0.0027640405171652413
2024-12-31,EXV4.DE,0.06112159488979266,0.014632090926170349,0.013272293843328953,0.0032480513821691284
2025-01-31,EXV4.DE,0.039954372798495195,0.003910008817911148,0.0035287118516862392,0.005005131717423265
2025-02-28,EXV4.DE,-0.08169957129565054,0.004725184291601181,0.003999943379312754,0.004400231995983643
2025-03-31,EXV4.DE,-0.03430330257792218,0.015225280076265335,0.013834412209689617,0.0016155893874259715
2025-04-30,EXV4.DE,0.00018976341286782532,0.02921471558511257,0.02453276701271534,0.0015695927593014265
2025-05-30,EXV4.DE,-0.03618069407687508,0.006050810683518648,0.006535938475281,0.0023863062394731374
2025-06-30,EXV4.DE,0.008970178619238453,0.011598939076066017,0.009000807069242,3.4476567404517766e-05
2025-07-31,EXV4.DE,0.0377256774765037,0.008627958595752716,0.00900596845895052,0.0012298993241652845
2025-08-29,EXV4.DE,-0.02806180238939986,0.0012997837038710713,0.0019270996563136578,0.00511190313205925
2025-09-30,EXV4.DE,0.04914232232702599,0.006609615404158831,0.00533530255779624,0.0029236226232135882
2025-10-31,EXV4.DE,0.04594315913003299,0.011902661994099617,0.012873644940555096,0.0029471013426917527
2025-11-28,EXV4.DE,0.012174813793510644,0.002495038090273738,0.0005897408118471503,0.004734228159725474
2019-01-31,EXV6.DE,0.04224070330802356,-0.04419533163309097,-0.037147633731365204,0.01887623883153274
2019-02-28,EXV6.DE,0.03747088474642094,0.005119160283356905,0.004663223400712013,0.017866757637820727
2019-03-29,EXV6.DE,-0.0025118810658579763,0.007756109349429607,0.006093236617743969,0.015637939599800296
2019-04-30,EXV6.DE,-0.08380195374355054,0.0002923949505202472,0.001031929044984281,0.017198618484287536
2019-05-31,EXV6.DE,0.10139395063785,0.002199155045673251,0.007467035204172134,0.015817567330232627
2019-06-28,EXV6.DE,-0.03075045642909035,0.001955309184268117,0.001307323924265802,0.01366201823755675
2019-07-31,EXV6.DE,-0.10416095612326776,0.010311118327081203,0.007952366955578327,0.011964673781129358
2019-08-30,EXV6.DE,0.04756490312078178,-0.0002623838372528553,-0.001051320810802281,0.008893467130793494
2019-09-30,EXV6.DE,0.04238858981147236,0.0029402258805930614,0.004090384114533663,0.007670086975958897
2019-10-31,EXV6.DE,0.04979904742536292,0.004951235838234425,0.004523387644439936,0.004955943892019143
2019-11-29,EXV6.DE,0.035678819141346456,0.008323566988110542,0.009143725968897343,0.006931792401094674
2019-12-31,EXV6.DE,-0.05978267052387848,0.0008876750944182277,0.0009565645013935864,0.0043285478422650575
2020-01-31,EXV6.DE,-0.11836766877014704,0.010728342458605766,0.00864653754979372,0.002631344788811416
2020-02-28,EXV6.DE,-0.17549235793865398,0.015218723565340042,0.020520880818367004,0.0004946735759415239
2020-03-31,EXV6.DE,0.07528003170098463,-0.04119650647044182,-0.032004304230213165,-0.002987890391811823
2020-04-30,EXV6.DE,0.07368491430642518,0.04516039043664932,0.039080675691366196,-0.0005189346509915094
2020-05-29,EXV6.DE,0.033448347469849815,0.016135063022375107,0.013666821643710136,0.0029541372299999066
2020-06-30,EXV6.DE,0.05014153042101568,0.022149866446852684,0.02332269214093685,0.0012190726152531634
2020-07-31,EXV6.DE,0.04741165870276931,0.007643994875252247,0.007076575420796871,0.0011200874972568694
2020-08-31,EXV6.DE,-0.008674821056921099,0.0019646394066512585,0.0011682030744850636,0.0023788232667935677
2020-09-30,EXV6.DE,-0.05716179727089102,-0.006757065188139677,-0.005680947098881006,0.00033868347323587035
2020-10-30,EXV6.DE,0.16374377958257122,0.000797195010818541,-0.0016560510266572237,-0.00046374028489505457
2020-11-30,EXV6.DE,0.10492219139449349,0.009997542016208172,0.0038247702177613974,0.0024441622732715627
2020-12-31,EXV6.DE,0.0409557139706277,0.010225191712379456,0.00569283589720726,0.0035643321599270685
2021-01-29,EXV6.DE,0.14443538405323178,0.022656060755252838,0.02137378416955471,0.004793740328481986
2021-02-26,EXV6.DE,-0.002939320450908176,0.005693058017641306,0.04098257049918175,0.010150740684720327
2021-03-31,EXV6.DE,0.035780809802083986,0.023667138069868088,0.022346587851643562,0.008227841979929453
2021-04-30,EXV6.DE,0.023576841582200008,0.028539232909679413,0.028676487505435944,0.008045692043581914
2021-05-31,EXV6.DE,-0.025234699138816163,0.0227655116468668,0.022556990385055542,0.009973393120549184
2021-06-30,EXV6.DE,0.09117307595467462,0.022298648953437805,0.019074952229857445,0.009591420995568164
2021-07-30,EXV6.DE,-0.009285908886153767,0.0073933592066168785,0.007289493922144175,0.01266187978894959
2021-08-31,EXV6.DE,-0.09462344340487854,0.006161488126963377,0.008246436715126038,0.010615948345728517
2021-09-30,EXV6.DE,0.026573988146635027,0.009269831702113152,0.012425445951521397,0.011622512718750947
2021-10-29,EXV6.DE,-0.01151342728265757,0.009489166550338268,0.010282594710588455,0.013182816176752222
2021-11-30,EXV6.DE,0.07795711599031149,0.0066644372418522835,0.007767075207084417,0.013680678086848547
2021-12-31,EXV6.DE,0.0202945071307478,0.008340548723936081,0.005937142763286829,0.012486441537485474
2022-01-31,EXV6.DE,0.08875393826168648,0.017500530928373337,0.017537076026201248,0.01177039306290347
2022-02-28,EXV6.DE,0.06215696947107831,0.007031291723251343,0.006543012335896492,0.013456292054931103
2022-03-31,EXV6.DE,-0.04742757012069517,-0.002712176414206624,0.0015240681823343039,0.015349748263792687
2022-04-29,EXV6.DE,0.009821861086393388,0.02983335219323635,0.032742541283369064,0.01703411318198949
2022-05-31,EXV6.DE,-0.17293039422885215,-0.0018121369648724794,-0.0010339458240196109,0.015128520071391193
2022-06-30,EXV6.DE,0.05410366647520563,0.03853478282690048,0.030342504382133484,0.010402960440430296
2022-07-29,EXV6.DE,0.02827523375979402,-0.013773436658084393,-0.015365852043032646,0.015417645046176081
2022-08-31,EXV6.DE,-0.048703842108705576,0.001124306581914425,0.0030382340773940086,0.01254339883153404
2022-09-30,EXV6.DE,0.02529858511816584,0.0027587702497839928,0.004626666195690632,0.010688244509164724
2022-10-31,EXV6.DE,0.12987840855705807,0.0027150220703333616,0.0027004024013876915,0.010003293204117426
2022-11-30,EXV6.DE,-0.03497514682718686,-0.0004675466625485569,-0.0013926614774391055,0.013392631163541724
2022-12-30,EXV6.DE,0.07464988142257785,7.052944965835195e-07,-0.001088261022232473,0.013935481784660282
2023-01-31,EXV6.DE,-0.04042034275274622,0.0018167925300076604,0.0004064422973897308,0.019908122433927873
2023-02-28,EXV6.DE,-0.05529922720266616,0.016954664140939713,0.0157918818295002,0.02334390112192164
2023-03-31,EXV6.DE,-0.07280536950681507,0.007070708554238081,0.008114310912787914,0.018620819742197474
2023-04-28,EXV6.DE,-0.025868633745830535,0.0122317373752594,0.011421067640185356,0.015137716889067423
2023-05-31,EXV6.DE,0.020855162194766762,0.006493513938039541,0.006029557902365923,0.012625265493272005
2023-06-30,EXV6.DE,0.05465361344909602,0.012984386645257473,0.012077036313712597,0.011744297060375287
2023-07-31,EXV6.DE,-0.06404681840449801,0.01402957458049059,0.012065507471561432,0.013044094065546408
2023-08-31,EXV6.DE,0.04698415741741464,0.00847031269222498,0.008167405612766743,0.011632656109415539
2023-09-29,EXV6.DE,-0.03756552153903178,0.005673164501786232,0.007087321020662785,0.014680997973887036
2023-10-31,EXV6.DE,0.043389997196104556,0.0036458796821534634,0.0037845519836992025,0.008404186584229712
2023-11-30,EXV6.DE,0.04707153170400812,-0.002677172888070345,-0.0034898649901151657,0.007108796535683194
2023-12-29,EXV6.DE,-0.0551586094682702,0.004151220433413982,0.0037129181437194347,0.0074906453125480115
2024-01-31,EXV6.DE,-0.06629606191132402,0.009031984023749828,0.008594063110649586,0.002559982011029163
2024-02-29,EXV6.DE,0.0702303786075537,0.009485237300395966,0.009068867191672325,0.001080795328514646
2024-03-28,EXV6.DE,0.10849904837444083,-0.006039001513272524,-0.0061969212256371975,0.0015361877141949847
2024-04-30,EXV6.DE,0.010155512676932396,0.0018441699212417006,0.0004169754683971405,0.0043448932865612295
2024-05-31,EXV6.DE,-0.049435146635025705,0.0009936692658811808,-0.00036762270610779524,0.005608464290873101
2024-06-28,EXV6.DE,-0.06025406387125696,0.00910258386284113,0.009652099572122097,0.0023187613999893835
2024-07-31,EXV6.DE,-0.029208330500456035,0.0019296037498861551,0.0022898083552718163,0.0011881226958938191
2024-08-30,EXV6.DE,0.08307189983756949,0.004928654991090298,0.003954208455979824,0.003438575402326653
2024-09-30,EXV6.DE,-0.03186106324109637,0.021623549982905388,0.019257569685578346,0.004439498633578842
2024-10-31,EXV6.DE,-0.004759990844644906,0.007881594821810722,0.0064122360199689865,0.003010078877627066
2024-11-29,EXV6.DE,-0.04542835002858324,0.009112996980547905,0.007838686928153038,0.0007123814655449509
2024-12-31,EXV6.DE,0.04220693833915526,0.012486538849771023,0.012272142805159092,-0.0026314406462412984
2025-01-31,EXV6.DE,0.020295058088199116,0.0007057379116304219,0.001158899045549333,-0.002329815472889549
2025-02-28,EXV6.DE,-0.072481675366473,0.010476545430719852,0.010127406567335129,-0.004586841204792013
2025-03-31,EXV6.DE,-0.06717550959305055,0.03597303852438927,0.03507794812321663,-0.005503700364093521
2025-04-30,EXV6.DE,0.06404894152635021,0.02338474616408348,0.018417278304696083,-0.007472908741120104
2025-05-30,EXV6.DE,-0.02615120232895124,0.0029703809414058924,0.0028149799909442663,-0.0013806257523571145
2025-06-30,EXV6.DE,0.05630107083537621,0.006056095473468304,0.007709682919085026,-0.001262006260694812
2025-07-31,EXV6.DE,0.04744725191993021,0.011445799842476845,0.012656142935156822,-0.0027458349966490436
2025-08-29,EXV6.DE,0.09021752355330019,0.0014602206647396088,0.0019529624842107296,0.0023344185870057326
2025-09-30,EXV6.DE,0.07601448742784613,0.007228157017379999,0.006122868042439222,0.0016467341579253535
2025-10-31,EXV6.DE,0.02263877421964392,0.006534292828291655,0.006379332393407822,0.001703827837496884
2025-11-28,EXV6.DE,0.09876137185341922,0.009324368089437485,0.008155950345098972,0.0016203423474796036
2019-01-31,EXV7.DE,0.06330628194978465,-0.03640739247202873,-0.03401968255639076,0.005091432051907269
2019-02-28,EXV7.DE,0.009579951289523232,0.000683690479490906,-0.00044937041820958257,0.0056603193404596045
2019-03-29,EXV7.DE,0.04500459229235544,0.0028187634889036417,0.0037388924974948168,0.004785101387020004
2019-04-30,EXV7.DE,-0.05195122767494255,-0.0008911456097848713,-0.001728732604533434,0.007094362204961267
2019-05-31,EXV7.DE,0.08503686980977576,0.011526410467922688,0.009817260317504406,0.00739099816938883
2019-06-28,EXV7.DE,0.0006823625891368594,-0.00034618485369719565,-0.001017840811982751,0.0072076958437082474
2019-07-31,EXV7.DE,-0.02223657730729005,0.010688568465411663,0.009776940569281578,0.005564673430730639
2019-08-30,EXV7.DE,0.03908179720953913,0.0076108998619019985,0.0067110066302120686,0.005921330967542253
2019-09-30,EXV7.DE,0.02275305005034023,0.005719289183616638,0.0035868545528501272,0.0063485171370308725
2019-10-31,EXV7.DE,0.03617062155135705,0.005719327367842197,0.0047738682478666306,0.006948168575236588
2019-11-29,EXV7.DE,0.0219354763922136,0.0036817032378166914,0.0019398349104449153,0.006172818829552328
2019-12-31,EXV7.DE,-0.02777613520747213,0.0003892017703037709,-7.743337482679635e-05,0.005877102437385571
2020-01-31,EXV7.DE,-0.07992367967823011,0.012892793864011765,0.01113039068877697,0.005245901230479374
2020-02-28,EXV7.DE,-0.12043732997456666,0.00828210823237896,0.01206700038164854,0.0023008250697397325
2020-03-31,EXV7.DE,0.07614377548284224,-0.04407024383544922,-0.020564626902341843,-0.0018047357872627383
2020-04-30,EXV7.DE,0.0573866343746683,0.023944303393363953,0.021765992045402527,-6.40696365372426e-05
2020-05-29,EXV7.DE,0.04441481650327273,-0.008950013667345047,-0.008087283931672573,0.0011811133422068051
2020-06-30,EXV7.DE,0.06913375959392226,-0.0020188463386148214,-0.005291312001645565,0.003627373576665575
2020-07-31,EXV7.DE,0.0370878097569939,0.005562281236052513,0.004224169068038464,0.005397835501704337
2020-08-31,EXV7.DE,0.0013334796702054086,0.004636175464838743,0.0018756245262920856,0.004953107185613185
2020-09-30,EXV7.DE,-0.06577661261809092,0.002910544630140066,0.0013194025959819555,0.003983143075193615
2020-10-30,EXV7.DE,0.11364483443803111,0.005808189976960421,0.003243514336645603,0.002358484528759666
2020-11-30,EXV7.DE,0.017489718553225998,0.005384639371186495,0.004385835025459528,0.005544672052881881
2020-12-31,EXV7.DE,-0.0033190609878952526,0.0026602772995829582,0.0019243385177105665,0.005188124568929635
2021-01-29,EXV7.DE,0.016813307428037643,0.002502875868231058,0.0016700265696272254,0.005815172191578801
2021-02-26,EXV7.DE,0.09161563974319654,-0.0005162865854799747,-0.0013283489970490336,0.007664772690875251
2021-03-31,EXV7.DE,0.009426417729190575,0.0012986194342374802,-0.0017156616086140275,0.008854671358357566
2021-04-30,EXV7.DE,0.025180168546144865,0.003704854054376483,0.003102528629824519,0.007914396509609567
2021-05-31,EXV7.DE,0.02106686556623943,0.00526265986263752,0.004843223374336958,0.009559947300133863
2021-06-30,EXV7.DE,0.024947099186126413,0.00626983679831028,0.005587297957390547,0.008520592413364744
2021-07-30,EXV7.DE,0.028742689192912067,0.004416636191308498,0.004362895153462887,0.010023239434308199
2021-08-31,EXV7.DE,-0.04622932894496506,0.004328010603785515,0.003427470102906227,0.01043093119358001
2021-09-30,EXV7.DE,0.03778578342407101,0.008021168410778046,0.008199834264814854,0.012350919969985755
2021-10-29,EXV7.DE,-0.006810192878491702,-0.0007092328742146492,-0.0013442602939903736,0.013888540346707228
2021-11-30,EXV7.DE,0.054141275002107976,0.0025221118703484535,0.0018733529141172767,0.015382044594670876
2021-12-31,EXV7.DE,-0.0641429623316072,0.0034432304091751575,0.0035869667772203684,0.014769826092690877
2022-01-31,EXV7.DE,-0.07570837724421552,0.006684356369078159,0.006563529372215271,0.011611236869262243
2022-02-28,EXV7.DE,0.038964752248245575,0.00813139695674181,0.006944186985492706,0.009992702708933956
2022-03-31,EXV7.DE,0.011382006811193354,0.009924636222422123,0.014588085003197193,0.00923312271492074
2022-04-29,EXV7.DE,0.0057096953139416685,0.02018478326499462,0.020629815757274628,0.011307867654879036
2022-05-31,EXV7.DE,-0.11632570293055143,-0.0006166780367493629,-0.0006814750377088785,0.009012679174000345
2022-06-30,EXV7.DE,0.06405654950535579,0.009825493209064007,0.007503588683903217,0.005840331953137786
2022-07-29,EXV7.DE,-0.0367774059928144,-0.027179528027772903,-0.02637540176510811,0.008793279142941307
2022-08-31,EXV7.DE,-0.06597885802741496,0.01414788793772459,0.01565481163561344,0.005321689405210384
2022-09-30,EXV7.DE,0.08443854431359726,0.010894105769693851,0.007588081061840057,0.003644593766252319
2022-10-31,EXV7.DE,0.05063952115765601,-0.006823285482823849,-0.00209259451366961,0.005014258251696447
2022-11-30,EXV7.DE,-0.04752142520009663,-0.005434283521026373,-0.005386887583881617,0.00577891176749253
2022-12-30,EXV7.DE,0.05455868242061922,0.0002366611297475174,-0.0005503149004653096,0.004951365397801499
2023-01-31,EXV7.DE,0.005012679599935892,-0.0008499402902089059,-0.0014475028729066253,0.009341235052599725
2023-02-28,EXV7.DE,-0.022619814705928724,0.0006469120271503925,0.00026299754972569644,0.013940425001653241
2023-03-31,EXV7.DE,0.014226964254787868,-0.002526340540498495,-0.004556550178676844,0.010315859920768541
2023-04-28,EXV7.DE,-0.01906077406403796,0.0016463624779134989,6.370444316416979e-05,0.010000691618205973
2023-05-31,EXV7.DE,0.009942027512906645,0.005277176387608051,0.0038781852927058935,0.007012648912808099
2023-06-30,EXV7.DE,0.037208620306875745,0.00270013976842165,0.0012726676650345325,0.005721374774412134
2023-07-31,EXV7.DE,-0.02445761045213173,-0.003848867956548929,-0.003758765757083893,0.006112693217320997
2023-08-31,EXV7.DE,-0.04252377482027953,0.0025108489207923412,0.0014318181201815605,0.005920288868742013
2023-09-29,EXV7.DE,-0.033786743785332696,0.0076616243459284306,0.007121449336409569,0.006659155646752247
2023-10-31,EXV7.DE,0.05258496176926804,-0.00027635323931463063,-0.0002211350220022723,0.002926699639636284
2023-11-30,EXV7.DE,0.05846025080986788,-0.0008035732316784561,-0.001389005803503096,0.004050212340317611
2023-12-29,EXV7.DE,-0.041785845109443095,0.0033965199254453182,0.0016865073703229427,0.005945806991538374
2024-01-31,EXV7.DE,0.021023137031171087,0.00893340539187193,0.008074954152107239,0.004809818309312202
2024-02-29,EXV7.DE,0.05904453348545167,-0.002763554686680436,-0.0035068048164248466,0.003206809792782576
2024-03-28,EXV7.DE,-0.035037843056675115,-0.005831038113683462,-0.006852722726762295,0.004383493340176933
2024-04-30,EXV7.DE,0.0013985937278567493,0.0057182009331882,0.005744430236518383,0.0028243211326554173
2024-05-31,EXV7.DE,-0.03228349783623873,-0.003574061905965209,-0.0030939870048314333,0.0028403303320109576
2024-06-28,EXV7.DE,5.1701679528948e-05,0.005936389788985252,0.004560686182230711,0.0011459399832592797
2024-07-31,EXV7.DE,0.022525969427858176,0.00589827261865139,0.0032785655930638313,0.000503872066626116
2024-08-30,EXV7.DE,0.03475795455874707,0.004811382386833429,0.003651990555226803,0.0026078536768449683
2024-09-30,EXV7.DE,-0.05130988706755801,0.0027970061637461185,0.0015714283799752593,0.002652327423004191
2024-10-31,EXV7.DE,-0.04665852195795447,0.011783779598772526,0.010542339645326138,0.0009446150007023955
2024-11-29,EXV7.DE,-0.011755902285291837,0.0034209154546260834,0.0016578197246417403,-0.001855379359299346
2024-12-31,EXV7.DE,0.061357106755663374,0.014096830040216446,0.012249832972884178,-0.0009484810199867787
2025-01-31,EXV7.DE,0.0395019142447402,0.0015559851890429854,-3.3632066333666444e-05,0.002484637600416395
2025-02-28,EXV7.DE,-0.04577762619522505,0.0030831461772322655,0.002860443899407983,0.0025906867894526105
2025-03-31,EXV7.DE,0.01811079983193218,0.015439415350556374,0.014223267324268818,0.0014120486185018107
2025-04-30,EXV7.DE,0.03361522616325754,0.024215303361415863,0.02201758697628975,0.0017260022541019104
2025-05-30,EXV7.DE,-0.04595380162511316,0.002579486696049571,0.0028853202238678932,0.005299595547969894
2025-06-30,EXV7.DE,-0.012916908522764163,0.008494674228131771,0.009541802108287811,0.004053211438586797
2025-07-31,EXV7.DE,0.01309681334016282,0.014437700621783733,0.010729975998401642,0.002818376909358476
2025-08-29,EXV7.DE,-0.03466331129151241,0.004249152727425098,0.004504336975514889,0.005145353360590348
2025-09-30,EXV7.DE,0.001862251139903054,0.005452002864331007,0.005708063021302223,0.0016924060123778685
2025-10-31,EXV7.DE,-0.005576141793878512,0.014527156949043274,0.013349737972021103,-0.0004897949530388147
2025-11-28,EXV7.DE,-0.009787994642506485,0.00507347984239459,0.005467119161039591,0.0009740741170346882
2019-01-31,HEIA.AS,0.13690658357816118,0.0029581564012914896,-0.0028911400586366653,0.0028709937164108634
2019-02-28,HEIA.AS,0.060013821276774675,0.011652043089270592,0.004999438766390085,0.004650462925972142
2019-03-29,HEIA.AS,0.03324292559142574,0.007816598750650883,0.011099624447524548,0.00526641691280553
2019-04-30,HEIA.AS,-0.0006236391653677044,0.0014828250277787447,-0.0008895188802853227,0.005418924357824479
2019-05-31,HEIA.AS,0.04451637847985934,0.012566197663545609,0.01360647939145565,0.006292180423395695
2019-06-28,HEIA.AS,-0.016644613595026912,0.01347289513796568,0.012542638927698135,0.00572291703282605
2019-07-31,HEIA.AS,-0.010557946198304878,0.022750649601221085,0.020850470289587975,0.0071760853087711055
2019-08-30,HEIA.AS,0.02450094911397875,0.012239602394402027,0.010490026324987411,0.007437854021453596
2019-09-30,HEIA.AS,-0.08697470452228741,0.007230010814964771,0.005858975928276777,0.007725372858411856
2019-10-31,HEIA.AS,0.027818644699332238,0.008025935851037502,0.007824158295989037,0.008076574632061882
2019-11-29,HEIA.AS,0.018333723544360123,0.0033562108874320984,0.002332872012630105,0.009085830641833152
2019-12-31,HEIA.AS,0.03722512445384409,-0.0003839690762106329,-2.163701174140442e-05,0.009575235101844154
2020-01-31,HEIA.AS,-0.07670903928886867,0.007168115582317114,0.007568872533738613,0.007867870595993734
2020-02-28,HEIA.AS,-0.2115175856273385,0.013881431892514229,0.01705220714211464,0.005006048804512695
2020-03-31,HEIA.AS,0.032900150499362145,0.04810689017176628,0.050298791378736496,-0.0010887290099767582
2020-04-30,HEIA.AS,0.06073081505625923,0.037436313927173615,0.027676953002810478,-0.0017457346505735198
2020-05-29,HEIA.AS,-0.00461801507178249,-0.01101598795503378,-0.006967631168663502,-2.055866596369545e-05
2020-06-30,HEIA.AS,0.04106555276941561,0.025036685168743134,0.027386624366044998,-0.0005200975277666794
2020-07-31,HEIA.AS,-0.058589920342470764,0.010813894681632519,0.010040432214736938,-2.4376195399793905e-05
2020-08-31,HEIA.AS,-0.013499624633903796,0.010308494791388512,0.0109914131462574,-0.0007865534515980106
2020-09-30,HEIA.AS,0.008921314542066315,0.010595847852528095,0.011670062318444252,-0.0009333218338523815
2020-10-30,HEIA.AS,0.14986733359505022,0.006957117468118668,0.007444239687174559,-0.001584714312261716
2020-11-30,HEIA.AS,0.030045726776187217,0.030581986531615257,0.03533243015408516,0.0015542328893935538
2020-12-31,HEIA.AS,-0.046217387703632665,0.0005802108207717538,-0.0005347198457457125,0.00173888738376313
2021-01-29,HEIA.AS,-0.03577330288462298,0.005422224756330252,0.009645556099712849,0.0012946829081187507
2021-02-26,HEIA.AS,0.07972255021318941,-0.03087575174868107,-0.013297065161168575,0.0001876624460463747
2021-03-31,HEIA.AS,0.10316944352023505,0.010380704887211323,0.00949274655431509,0.0011165772573557367
2021-04-30,HEIA.AS,0.012161358083623446,-0.007580851670354605,-0.00692564994096756,0.003729350859673581
2021-05-31,HEIA.AS,0.05121646409444613,0.005695703439414501,0.00640740105882287,0.004904622741800023
2021-06-30,HEIA.AS,-0.019264567326174868,-0.0006536783184856176,0.0006014180835336447,0.004278183989287982
2021-07-30,HEIA.AS,-0.05499211236671348,0.006656034383922815,0.015143202617764473,0.004781957619803897
2021-08-31,HEIA.AS,-0.031560684514219124,-0.0030781521927565336,-9.296413918491453e-05,0.004646084611461148
2021-09-30,HEIA.AS,0.06044203118532757,0.0036801216192543507,0.006112313829362392,0.005273580946583145
2021-10-29,HEIA.AS,-0.02515197198538157,-0.0014733995776623487,-0.0011585373431444168,0.005681424569113913
2021-11-30,HEIA.AS,0.12310067283896185,-0.016362782567739487,-0.021464090794324875,0.0052633990671871154
2021-12-31,HEIA.AS,-0.039617333346245405,0.0044437190517783165,0.002985128667205572,0.007755872120504239
2022-01-31,HEIA.AS,-0.0731208340044686,-0.0035863870289176702,-0.006734983529895544,0.003087363733197574
2022-02-28,HEIA.AS,-0.014039354335922507,0.020632417872548103,0.022801024839282036,7.100898282562539e-05
2022-03-31,HEIA.AS,0.06694503800626955,0.016783112660050392,0.017342107370495796,-0.0020869498107271385
2022-04-29,HEIA.AS,-0.0006425942650997278,0.014003782533109188,0.013729988597333431,0.00031838527580650857
2022-05-31,HEIA.AS,-0.04848130970288146,0.006158535834401846,0.005818743258714676,-0.00011735437477727256
2022-06-30,HEIA.AS,0.0994811694428789,0.0001756239216774702,-0.0001179070386569947,-0.001906364930442396
2022-07-29,HEIA.AS,-0.05205549792691713,8.47899354994297e-05,-0.0009897208074107766,0.00116406745865009
2022-08-31,HEIA.AS,-0.004243411462222311,0.0013739197747781873,0.001141319633461535,-0.0016751738709655701
2022-09-30,HEIA.AS,-0.06031870749824425,-0.001379527384415269,-0.001052325707860291,0.0005769502538566722
2022-10-31,HEIA.AS,0.047325672005828344,0.012275620363652706,0.012598729692399502,-0.001911748871001996
2022-11-30,HEIA.AS,-0.004541424924661588,-0.007816425524652004,-0.005334317684173584,-0.0011674603487186433
2022-12-30,HEIA.AS,0.04058532476561954,-0.0026556802913546562,-0.001878605573438108,-0.0022177113926794183
2023-01-31,HEIA.AS,0.051730143714151675,0.00016248144675046206,-3.602002470870502e-05,0.0015010274908862826
2023-02-28,HEIA.AS,0.0199042868654313,-0.010798690840601921,-0.012253562919795513,0.009179064874946623
2023-03-31,HEIA.AS,0.0568428586539276,0.00013583006511908025,-0.0023451249580830336,0.007486141548463844
2023-04-28,HEIA.AS,-0.04370960160846991,-0.0032750258687883615,-0.002317335456609726,0.0071704417132193565
2023-05-31,HEIA.AS,-0.01256809383767934,-0.006451610010117292,-0.00046454661060124636,0.004946721530546341
2023-06-30,HEIA.AS,-0.05499975611731258,-0.0012899364810436964,-0.0019504197407513857,0.003731198246821456
2023-07-31,HEIA.AS,0.023580497953039074,0.0008444005507044494,-0.003814785508438945,0.004385713413253716
2023-08-31,HEIA.AS,-0.07344006353453301,0.0022913680877536535,0.003046954283490777,0.005712865023655706
2023-09-29,HEIA.AS,0.010962881035787974,0.020288683474063873,0.0213155634701252,0.0033193692495189346
2023-10-31,HEIA.AS,-0.024126249577839202,0.007502345368266106,0.0036679536569863558,-0.00017594497300825
2023-11-30,HEIA.AS,0.08189292127118285,0.021345337852835655,0.020762205123901367,-0.0010622471135209495
2023-12-29,HEIA.AS,0.011678328535879154,0.017141001299023628,0.015700174495577812,0.002522198578732679
2024-01-31,HEIA.AS,-0.08823999268796913,0.0012688288697972894,-0.001692413236014545,0.004537544540014772
2024-02-29,HEIA.AS,0.04486924763814362,0.02062970958650112,0.017022985965013504,0.0002460003819998076
2024-03-28,HEIA.AS,0.032487779435251184,-0.00015160627663135529,-0.002108796965330839,-0.0010125927685815908
2024-04-30,HEIA.AS,0.011326675943273802,-0.005407152697443962,-0.004734497983008623,-0.0006291822875903216
2024-05-31,HEIA.AS,-0.022898408037036685,0.0063018351793289185,0.002382357604801655,-0.0015792897495409007
2024-06-28,HEIA.AS,-0.10253456296123896,0.00521553261205554,0.0010263697477057576,-0.0015675247932330895
2024-07-31,HEIA.AS,0.0,0.03796243295073509,0.03945285454392433,-0.0018612457050362075
2024-08-30,HEIA.AS,-0.02259559893310334,0.0030364280100911856,0.0027773857582360506,-0.0011808540676762193
2024-09-30,HEIA.AS,-0.014163210518697551,0.01058591715991497,0.011228245683014393,-0.003737761740839741
2024-10-31,HEIA.AS,-0.07478067956491498,0.017360560595989227,0.01893877051770687,-0.002703810980322969
2024-11-29,HEIA.AS,-0.01960291608782792,0.018274856731295586,0.013527371920645237,-0.008200515213764007
2024-12-31,HEIA.AS,-0.01732528703884599,0.010262321680784225,0.016227327287197113,-0.008531967394353135
2025-01-31,HEIA.AS,0.1825699135510765,-0.0029087522998452187,-0.0029694857075810432,-0.006740392692317446
2025-02-28,HEIA.AS,-0.07437326307227395,0.002801417140290141,0.004299797583371401,-0.0005109744347852669
2025-03-31,HEIA.AS,0.05805254465657604,0.017819318920373917,0.01818123646080494,-0.0047387336452755745
2025-04-30,HEIA.AS,-0.013817968826776984,0.02277507446706295,0.020669344812631607,-0.0025984201416316844
2025-05-30,HEIA.AS,-0.05774370498747962,0.006826519034802914,0.006711206398904324,-0.0019176636420137091
2025-06-30,HEIA.AS,-0.03128684907823918,0.015341931954026222,0.016431275755167007,-0.005440201419788441
2025-07-31,HEIA.AS,-0.0008691584576074819,0.05248585343360901,0.05259442329406738,-0.0060276534591758866
2025-08-29,HEIA.AS,-0.04324042073421957,0.005156255792826414,0.00474530691280961,-0.0053637669625908515
2025-09-30,HEIA.AS,0.024685364745791125,0.006775342393666506,0.007507204078137875,-0.004524074322722665
2025-10-31,HEIA.AS,0.04833553902073614,0.004843385890126228,0.0062259710393846035,-0.005870357343940406
2025-11-28,HEIA.AS,-0.007724329215055741,0.002629233058542013,0.0016942904330790043,-0.004874074765368608
2019-01-31,HOLN.SW,0.06346943667799883,-0.011543921194970608,-0.008431995287537575,0.006485324814214389
2019-02-28,HOLN.SW,0.016969467155691198,0.005547789391130209,0.005079784896224737,0.005826029813611972
2019-03-29,HOLN.SW,0.040020923192813466,0.0060668704099953175,0.006793106906116009,0.003438567444436738
2019-04-30,HOLN.SW,-0.023438243361899553,0.0014831055887043476,0.0004576669307425618,0.005484236553753778
2019-05-31,HOLN.SW,0.007862147811750214,0.022120004519820213,0.0221082903444767,0.009270387661413157
2019-06-28,HOLN.SW,0.05173066816746525,0.008280222304165363,0.009276305325329304,0.004558394018883287
2019-07-31,HOLN.SW,-0.03313485777494474,0.006812919396907091,0.005117630120366812,0.0015264578505179704
2019-08-30,HOLN.SW,0.05446239682894276,0.012157730758190155,0.009773215278983116,0.00026352487718427233
2019-09-30,HOLN.SW,0.02203761741055788,0.0021167262457311153,0.001089088385924697,0.0005275862043146882
2019-10-31,HOLN.SW,0.01655422812031517,0.0005530501366592944,0.0009517304715700448,0.0011083634852761845
2019-11-29,HOLN.SW,0.05042366112051429,0.00022215819626580924,-0.00027542596217244864,0.0012056466800985314
2019-12-31,HOLN.SW,-0.05947019468432474,-8.086921297945082e-05,-0.0008321990608237684,0.0024177363316875517
2020-01-31,HOLN.SW,-0.0712082053585655,-3.0508977943100035e-05,0.001717018079943955,-0.0008943189025998456
2020-02-28,HOLN.SW,-0.26042676691531763,0.006441367790102959,0.010195346549153328,-0.003478958992821838
2020-03-31,HOLN.SW,0.12384433051618815,-0.05175648257136345,-0.033258844166994095,-0.009497937754202712
2020-04-30,HOLN.SW,0.039053484413638324,0.035414546728134155,0.035765498876571655,-0.0075337182292628665
2020-05-29,HOLN.SW,0.04209110867725447,-0.024058090522885323,-0.004766360390931368,-0.005594838986961546
2020-06-30,HOLN.SW,0.061750111014052506,0.020044000819325447,0.017535904422402382,-0.004329363021683
2020-07-31,HOLN.SW,-0.0008403602704042607,0.003398906672373414,0.002661308739334345,-0.002636644490192568
2020-08-31,HOLN.SW,-0.02793947176225527,0.006514160893857479,0.006521028466522694,-0.002075230211238985
2020-09-30,HOLN.SW,-0.06774287383226021,0.002901733387261629,0.0029161337297409773,-0.0028503408186863906
2020-10-30,HOLN.SW,0.17897004744457876,-0.068618543446064,-0.08396691828966141,-0.003020595358234648
2020-11-30,HOLN.SW,0.019216904956418104,0.010203205980360508,0.009675893932580948,0.0019223191440167486
2020-12-31,HOLN.SW,0.00912982365470138,0.00023083049745764583,-0.0004485007666517049,0.00012376772641676926
2021-01-29,HOLN.SW,0.05452583531478842,0.016740264371037483,0.013019954785704613,0.0013952851671222475
2021-02-26,HOLN.SW,0.08853137371905499,-0.007686447352170944,-0.004616104997694492,0.00472562516143265
2021-03-31,HOLN.SW,0.015494104097068261,-0.00424196245148778,-0.005311665590852499,0.006136612276714125
2021-04-30,HOLN.SW,-0.011927119159214447,0.008013293147087097,0.005812556948512793,0.006159991606045178
2021-05-31,HOLN.SW,0.04572111384051536,0.0062190452590584755,0.0071526882238686085,0.007807617314268304
2021-06-30,HOLN.SW,-0.015808054301272387,0.00830946397036314,0.007554295007139444,0.00879185360641974
2021-07-30,HOLN.SW,-0.00856868074132942,0.006726972758769989,0.01135253719985485,0.007700896358725753
2021-08-31,HOLN.SW,-0.14473956504205204,0.0043976991437375546,0.004161865916103125,0.0075792673513833545
2021-09-30,HOLN.SW,0.030042627099681384,0.022018609568476677,0.017713529989123344,0.006166667627264749
2021-10-29,HOLN.SW,0.015142410771796759,-0.0018563992343842983,0.0004801542672794312,0.0049158119679714295
2021-11-30,HOLN.SW,0.053062426744512815,0.007719107903540134,0.006349259987473488,0.009174301508828352
2021-12-31,HOLN.SW,0.06708361898159652,0.015032925643026829,0.01401003822684288,0.006179257063285827
2022-01-31,HOLN.SW,-0.09169115619310851,0.008543992415070534,0.007176564075052738,0.006316000376597717
2022-02-28,HOLN.SW,0.019735689661836135,-0.0019340114668011665,-0.0054954541847109795,0.003989386714851828
2022-03-31,HOLN.SW,0.05383800804511554,0.011775903403759003,0.005380847491323948,0.002342160123458855
2022-04-29,HOLN.SW,0.04172468454961429,-0.01397361047565937,-0.013611658476293087,0.004951253193034478
2022-05-31,HOLN.SW,-0.1066894880717202,0.002896561287343502,0.003158477833494544,0.005736141558731355
2022-06-30,HOLN.SW,0.10838380918074132,0.018107526004314423,0.016304083168506622,0.0015762643076896454
2022-07-29,HOLN.SW,-0.0026295276369182412,-0.0014601495349779725,-0.003283141879364848,0.005917464938591835
2022-08-31,HOLN.SW,-0.05618923896623823,0.005077884532511234,0.004725719336420298,0.0033859716153106234
2022-09-30,HOLN.SW,0.0697227427410924,0.001515057752840221,0.0009536384604871273,0.0016554687611528192
2022-10-31,HOLN.SW,0.08332073331958069,-0.015214602462947369,-0.01625685952603817,0.0029154294337798083
2022-11-30,HOLN.SW,-0.016800997723248154,-0.004675316624343395,-0.005050754174590111,0.0039056287703183655
2022-12-30,HOLN.SW,0.1142498788409722,-0.004812710918486118,-0.004417808260768652,0.004679531555468803
2023-01-31,HOLN.SW,0.06931293782860959,-0.012337376363575459,-0.01226178091019392,0.010942792983366288
2023-02-28,HOLN.SW,-0.009167931729453753,-0.011438721790909767,-0.011382021941244602,0.020411820796706892
2023-03-31,HOLN.SW,0.00729107221407755,0.006324722897261381,0.013604258187115192,0.016250460763640104
2023-04-28,HOLN.SW,0.01807390369434144,0.007889339700341225,0.0010354708647355437,0.01551269457304679
2023-05-31,HOLN.SW,0.0565358089195375,0.010306333191692829,0.00867768470197916,0.014508933293424496
2023-06-30,HOLN.SW,0.025462542791556506,0.0007878564647398889,-0.003903282107785344,0.014593956717750113
2023-07-31,HOLN.SW,-0.035084712245489626,-0.00041066849371418357,-0.00018872082000598311,0.016113300928761336
2023-08-31,HOLN.SW,-0.0030410352976048593,0.004376567434519529,0.0030613921117037535,0.016094232448299304
2023-09-29,HOLN.SW,-0.03625994833455774,0.0016771056689321995,0.0014894722262397408,0.01794591219761422
2023-10-31,HOLN.SW,0.1224904271337901,0.006764188874512911,0.006709722336381674,0.011089701071875409
2023-11-30,HOLN.SW,0.05257062409435548,-0.004163361620157957,-0.0030927625484764576,0.014641704359257058
2023-12-29,HOLN.SW,0.027655453790648345,-0.0005656836437992752,-0.0006408171029761434,0.015933357087458442
2024-01-31,HOLN.SW,0.06691661744873588,0.0028767301701009274,0.0026999216061085463,0.014668396637681196
2024-02-29,HOLN.SW,0.09692084715329012,0.0023221741430461407,-0.0018261965597048402,0.01459273946608893
2024-03-28,HOLN.SW,-0.033130248586312076,-0.0069059692323207855,-0.007351858541369438,0.01682530095967489
2024-04-30,HOLN.SW,0.044127799521559895,0.02110724337399006,0.013814236968755722,0.015608562282384374
2024-05-31,HOLN.SW,0.026497791986177206,0.005784268025308847,0.0050984956324100494,0.016334585021435415
2024-06-28,HOLN.SW,0.023963069433195126,0.006534367799758911,0.005777542944997549,0.017802561479252164
2024-07-31,HOLN.SW,0.008355629122339074,0.0038008589763194323,0.0028528959956020117,0.019214083204170323
2024-08-30,HOLN.SW,0.008906950082638357,-0.00023440466611646116,-0.0004522457311395556,0.023881938811459284
2024-09-30,HOLN.SW,0.04478270615687619,0.0001298514544032514,0.0007543503306806087,0.023426035375978475
2024-10-31,HOLN.SW,0.06284891685328567,2.9318824090296403e-05,-0.0004964545951224864,0.024335601133923104
2024-11-29,HOLN.SW,-0.036102257614485815,-0.00149240018799901,0.004204315599054098,0.024607448081389004
2024-12-31,HOLN.SW,0.04650602435273188,0.008838271722197533,0.010718122124671936,0.021835631698469717
2025-01-31,HOLN.SW,0.07444985242492538,0.009175973013043404,0.0076375543139874935,0.025180864728927544
2025-02-28,HOLN.SW,-0.060848569948234905,0.008180386386811733,0.009111909195780754,0.02781548277378202
2025-03-31,HOLN.SW,-0.01464283850547565,0.03816181793808937,0.03521773964166641,0.024288701364983255
2025-04-30,HOLN.SW,0.051601890947034344,0.008340789005160332,0.009312432259321213,0.022950420568809114
2025-05-30,HOLN.SW,-0.4362432420650204,0.013668892905116081,0.015346680767834187,0.02616790680222409
2025-06-30,HOLN.SW,0.1013897657547373,0.024438370019197464,0.027985667809844017,0.014313390630824928
2025-07-31,HOLN.SW,0.023306714265293058,0.004601701628416777,0.001475272816605866,0.014997220618470036
2025-08-29,HOLN.SW,-0.0026168590787487653,0.03308825194835663,0.042645733803510666,0.017168530032108276
2025-09-30,HOLN.SW,0.07440432105350481,0.02241399884223938,0.023645641282200813,0.017048971399411035
2025-10-31,HOLN.SW,0.04665256934580591,-0.03694796934723854,-0.02404255047440529,0.015013227672769667
2025-11-28,HOLN.SW,0.038041762064652575,0.01040845550596714,0.008476583287119865,0.016990774854954583
2019-01-31,IBE.MC,0.012696816854594548,0.0016055619344115257,-0.015268158167600632,0.008829441854788714
2019-02-28,IBE.MC,0.062479154419946954,0.00230066548101604,0.008774468675255775,0.00928351446070855
2019-03-29,IBE.MC,0.03416548392786037,0.00771328154951334,0.013191650621592999,0.010029159682198006
2019-04-30,IBE.MC,0.04136525120761974,0.0038237827830016613,0.008771966211497784,0.011041303538931421
2019-05-31,IBE.MC,0.049969178796284756,0.011013251729309559,0.016703292727470398,0.014701219436914676
2019-06-28,IBE.MC,0.007758169219207928,0.022426197305321693,0.03535163402557373,0.01302074307387579
2019-07-31,IBE.MC,0.08775004350544734,0.011972249485552311,0.024103444069623947,0.014385942239487895
2019-08-30,IBE.MC,0.01948393618379455,-0.002916252240538597,0.013953618705272675,0.01638483062391485
2019-09-30,IBE.MC,-0.041320385199629106,0.010432428680360317,0.029533959925174713,0.015979069385493466
2019-10-31,IBE.MC,-0.030880156056740053,0.005147457122802734,0.024578740820288658,0.017161700968157622
2019-11-29,IBE.MC,0.039100198143183294,0.0032996395602822304,0.010432244278490543,0.014117548354347944
2019-12-31,IBE.MC,0.09438485117241646,0.0011050371685996652,0.006860530935227871,0.015523565887161288
2020-01-31,IBE.MC,0.08307784659307169,0.0029175858944654465,0.012055563740432262,0.0164232337795649
2020-02-28,IBE.MC,-0.16961186812869727,0.009322231635451317,0.021153943613171577,0.016354953759011536
2020-03-31,IBE.MC,0.01721492738887946,0.07997550815343857,0.10371731966733932,0.012394231047192932
2020-04-30,IBE.MC,0.05822759916639002,-0.0023588845506310463,0.019640721380710602,0.011205737284371242
2020-05-29,IBE.MC,0.04953730863727099,-0.028627481311559677,-0.021412421017885208,0.012041307065675763
2020-06-30,IBE.MC,0.09405585338590385,-0.0011528132017701864,0.02997952327132225,0.015111841593683463
2020-07-31,IBE.MC,-0.034470183417252456,0.0043749441392719746,0.016512848436832428,0.016413158161465373
2020-08-31,IBE.MC,-0.0018973778091734297,0.002776297740638256,0.013924638740718365,0.016592105511131373
2020-09-30,IBE.MC,-0.02798048445311981,0.00044339182204566896,0.01570248045027256,0.01604618759750675
2020-10-30,IBE.MC,0.12254519297474895,-0.016673803329467773,-0.0017283452907577157,0.015846408100993494
2020-11-30,IBE.MC,0.025448748742141074,0.002201730152592063,-0.010140343569219112,0.019365372599817632
2020-12-31,IBE.MC,-0.02337115224052479,-0.003627755446359515,0.006531827617436647,0.018927132907937832
2021-01-29,IBE.MC,-0.0722873227449057,0.0049253166653215885,0.0017169950297102332,0.02000237947551837
2021-02-26,IBE.MC,0.05686531842076269,-0.005795877892524004,-0.0022579357028007507,0.01989998468350342
2021-03-31,IBE.MC,0.022503410615666207,0.005673880223184824,0.005974681582301855,0.018615063879320683
2021-04-30,IBE.MC,-0.021593317076195495,0.006574209313839674,0.0073608108796179295,0.019768433429892863
2021-05-31,IBE.MC,-0.05036020377081647,0.0037270491011440754,0.0029941678512841463,0.01786629034842214
2021-06-30,IBE.MC,0.030373333776879983,0.006463831290602684,0.004426376894116402,0.015094468208690839
2021-07-30,IBE.MC,0.028143324981711973,0.009245066903531551,0.010031141340732574,0.015819139588497344
2021-08-31,IBE.MC,-0.16103469046272603,0.0067277089692652225,0.0068918075412511826,0.017133838005219726
2021-09-30,IBE.MC,0.16237496226903206,0.04753207042813301,0.0397295318543911,0.012292084217463337
2021-10-29,IBE.MC,-0.029707494079322452,0.025534747168421745,0.02597004361450672,0.015093614493169278
2021-11-30,IBE.MC,0.037747514441677545,0.011116079054772854,0.010173127986490726,0.013750094627736957
2021-12-31,IBE.MC,-0.007591953899679714,-0.012285338714718819,-0.012686243280768394,0.0133954250483726
2022-01-31,IBE.MC,-0.06170767997872394,0.004371601156890392,0.038409627974033356,0.012246997483722514
2022-02-28,IBE.MC,-0.019641486241087802,0.017174264416098595,0.042437635362148285,0.010466880146024489
2022-03-31,IBE.MC,0.09604317387890418,0.004557986278086901,0.018928922712802887,0.008898377763023047
2022-04-29,IBE.MC,0.009041624042775007,0.013264757581055164,0.011800240725278854,0.010645203251449496
2022-05-31,IBE.MC,-0.09054945118740546,-0.00937892310321331,0.009682400152087212,0.009655478176834332
2022-06-30,IBE.MC,0.07939891514861569,0.0026290318928658962,0.02887990139424801,0.00680882666731742
2022-07-29,IBE.MC,0.03254216775056655,-0.00883239321410656,0.015272942371666431,0.006533329817847291
2022-08-31,IBE.MC,-0.07589473664109743,-0.0006603874498978257,0.018512727692723274,0.0057648663885325755
2022-09-30,IBE.MC,0.06982751383555527,-0.005487241316586733,-0.0008721689227968454,0.004744075159365079
2022-10-31,IBE.MC,0.036315395142783015,-0.023840870708227158,0.0006697321077808738,0.007336479281760418
2022-11-30,IBE.MC,0.013818832341532552,-0.006611531600356102,0.010099624283611774,0.007545744030793475
2022-12-30,IBE.MC,0.0030613064980903313,-0.004305733833462,0.017664318904280663,0.00570504447357334
2023-01-31,IBE.MC,-0.012643869692935582,0.0005081394920125604,0.010845976881682873,0.00444842737654801
2023-02-28,IBE.MC,0.041024551985519214,-0.005759635474532843,0.0037900153547525406,0.009100858425625413
2023-03-31,IBE.MC,0.0236644521676682,-0.005261048208922148,-0.0018254134338349104,0.009671321972817233
2023-04-28,IBE.MC,-0.027540628622732335,-0.0008309513214044273,0.014734034426510334,0.009012149033966441
2023-05-31,IBE.MC,0.03913640666664419,0.004752454813569784,0.0148908831179142,0.006483381007590359
2023-06-30,IBE.MC,-0.023657530260503816,-0.0017949920147657394,0.007901813834905624,0.004800157840718954
2023-07-31,IBE.MC,-0.009734558992579195,0.0004128583532292396,0.010064708068966866,0.004994650205922675
2023-08-31,IBE.MC,-0.03386992093035411,-0.0013692508218809962,0.007239347789436579,0.0046113400397627125
2023-09-29,IBE.MC,-0.01809593732762941,0.006504487711936235,0.020650552585721016,0.004189740175555155
2023-10-31,IBE.MC,0.07386994201764835,-0.0020707291550934315,0.005853417795151472,0.001045136520808855
2023-11-30,IBE.MC,0.04565830746656859,-0.0006931291427463293,0.010214520618319511,0.00254888546321044
2023-12-29,IBE.MC,-0.05053575554846017,0.005502830259501934,0.012905344367027283,0.004182357242416297
2024-01-31,IBE.MC,-0.050940111021998746,0.007246511988341808,0.017392512410879135,0.005575869794416685
2024-02-29,IBE.MC,0.07917310567647941,0.005672977305948734,0.020682668313384056,0.002882595319075137
2024-03-28,IBE.MC,0.013823057748375943,-0.004859787877649069,-0.0008679311722517014,0.003908667824436662
2024-04-30,IBE.MC,0.035838745674951746,0.0034433857072144747,0.01729140244424343,0.004091931997746526
2024-05-31,IBE.MC,0.018018245961285134,-0.005983996670693159,-0.004725183825939894,0.00813227292546121
2024-06-28,IBE.MC,0.035171087056437386,0.001632487284950912,0.008145948871970177,0.007444069620736626
2024-07-31,IBE.MC,0.044951333079876525,-0.0037913217674940825,0.0028712248895317316,0.00799664104343002
2024-08-30,IBE.MC,0.0801627512204481,0.0001332935062237084,0.0046843611635267735,0.013772990231210567
2024-09-30,IBE.MC,0.0014388817677542438,-4.046646427013911e-05,0.009017938748002052,0.012182692612668269
2024-10-31,IBE.MC,-0.011424553632881132,0.010145405307412148,0.01787250116467476,0.012642216295032777
2024-11-29,IBE.MC,-0.01418457287037233,-2.0221699742251076e-05,0.01175004057586193,0.01127632551518392
2024-12-31,IBE.MC,0.04366285664434627,0.005227639339864254,0.009746357798576355,0.010662111353337896
2025-01-31,IBE.MC,0.010211460714449888,0.003049077931791544,0.002403335180133581,0.0118751711573127
2025-02-28,IBE.MC,0.06856264434639045,0.005610574968159199,0.006556401960551739,0.013692544789832247
2025-03-31,IBE.MC,0.06196247145610903,0.011393197812139988,0.011650003492832184,0.012877664906711953
2025-04-30,IBE.MC,0.005330057420226745,0.018614228814840317,0.014532606117427349,0.013262626439890537
2025-05-30,IBE.MC,0.012975291974094963,0.010381367057561874,0.008487851358950138,0.017155281041678593
2025-06-30,IBE.MC,-0.039639688182369244,-0.00012373412027955055,1.2868222256656736e-05,0.016344988988753174
2025-07-31,IBE.MC,0.04582414623701398,0.015096809715032578,0.0146768344566226,0.013157270382918054
2025-08-29,IBE.MC,-0.0024914249073753284,0.001129243290051818,0.0014937513042241335,0.01688761962542573
2025-09-30,IBE.MC,0.09047220101809218,0.005592023022472858,0.005021097604185343,0.01656692474139127
2025-10-31,IBE.MC,0.02140333002398381,0.005345882847905159,0.003943917341530323,0.01732810803218797
2025-11-28,IBE.MC,0.014738334682195103,0.0019613371696323156,0.001551726134493947,0.017919684937870984
2019-01-31,INGA.AS,0.12388450690358085,-0.05745728686451912,-0.05625985562801361,0.0029310704348625583
2019-02-28,INGA.AS,-0.07569604001593337,0.0010476928437128663,-0.00024957171990536153,0.006084796723806746
2019-03-29,INGA.AS,0.0899013723473354,-0.0007937668706290424,0.0048521352000534534,0.002880892898921708
2019-04-30,INGA.AS,-0.15576627935958437,0.0073185572400689125,0.007280781865119934,0.004550399009337791
2019-05-31,INGA.AS,0.05351879652589733,0.00939969252794981,0.010898728854954243,0.007571705021172067
2019-06-28,INGA.AS,0.014217806679060516,0.001203007879666984,0.0017755068838596344,0.004873898916531258
2019-07-31,INGA.AS,-0.1315978932141544,0.013486157171428204,0.013474482111632824,0.001519783918343497
2019-08-30,INGA.AS,0.0992015526553686,0.009768678806722164,0.011063682846724987,-0.0017120568211025614
2019-09-30,INGA.AS,0.07306632083313819,0.009118220768868923,0.009011289104819298,-0.0017285930748705363
2019-10-31,INGA.AS,0.030723788363476466,0.011913353577256203,0.011459737084805965,-0.002052922529270356
2019-11-29,INGA.AS,0.024216008760091633,0.0076196761801838875,0.0075353230349719524,-0.0028693967955084982
2019-12-31,INGA.AS,-0.06433877241248626,0.003045427380129695,0.0033585568889975548,-0.0025440825049604407
2020-01-31,INGA.AS,-0.15325202252905093,0.007458534557372332,0.008352753706276417,-0.0032860481685531946
2020-02-28,INGA.AS,-0.5448713344899598,0.013473824597895145,0.023670632392168045,-0.008613575597182867
2020-03-31,INGA.AS,0.046282309241133746,0.10352153331041336,0.06852919608354568,-0.027313891292185193
2020-04-30,INGA.AS,0.14785509299775432,0.07641992717981339,0.07558543980121613,-0.027257832656374003
2020-05-29,INGA.AS,0.07576765982866297,0.0405750535428524,0.03327152132987976,-0.022773569641330406
2020-06-30,INGA.AS,0.0003227549170065393,0.17454758286476135,0.1812068223953247,-0.022376105902915226
2020-07-31,INGA.AS,0.1432364834959491,0.02966078370809555,0.015852496027946472,-0.022654476789307484
2020-08-31,INGA.AS,-0.11844451850640221,0.01866905204951763,0.019873179495334625,-0.019273869562783857
2020-09-30,INGA.AS,-0.05114558492623774,0.013545137830078602,0.0066671473905444145,-0.02379404964173732
2020-10-30,INGA.AS,0.3331016599224938,-0.05726750195026398,-0.04821481183171272,-0.023327195970880208
2020-11-30,INGA.AS,-0.058043685636514616,0.01469158474355936,0.022422397509217262,-0.014590383661009367
2020-12-31,INGA.AS,-0.028002488503493173,0.03774670884013176,0.03395748883485794,-0.017905273964777688
2021-01-29,INGA.AS,0.2367578326579905,0.04718393832445145,0.04603781923651695,-0.01602862101106839
2021-02-26,INGA.AS,0.10940175889730458,-0.050500139594078064,-0.03636641427874565,-0.007450616972980525
2021-03-31,INGA.AS,0.018802386364241128,0.010128950700163841,0.011403555981814861,-0.005244090317229148
2021-04-30,INGA.AS,0.06465587779683812,0.07592838257551193,0.06458929181098938,-0.0030432853165766544
2021-05-31,INGA.AS,-0.010638383467433088,0.040670182555913925,0.03864869475364685,0.00032244246230699817
2021-06-30,INGA.AS,-0.015560371383655448,0.06736324727535248,0.06411171704530716,-0.0014595564345602436
2021-07-30,INGA.AS,0.06996348621036129,0.03524123504757881,0.03040188178420067,-0.0007088419509251567
2021-08-31,INGA.AS,0.0788584601335949,0.005376399960368872,0.005835623014718294,0.0024987218162629216
2021-09-30,INGA.AS,0.08212787070822558,0.00014079139509703964,0.00118300411850214,0.007854052800557138
2021-10-29,INGA.AS,-0.07615049507255475,0.007906355895102024,0.00585170928388834,0.00835993685856958
2021-11-30,INGA.AS,0.0045765051612866574,0.02141425758600235,0.028104009106755257,0.011141660399265625
2021-12-31,INGA.AS,0.06483442637042117,0.004914228338748217,0.005520150531083345,0.0073883241147575445
2022-01-31,INGA.AS,-0.33166065851829823,0.011551592499017715,0.015489456243813038,0.006477227043348829
2022-02-28,INGA.AS,-0.04301513058023762,-0.07418018579483032,-0.058563198894262314,0.0028571591378767696
2022-03-31,INGA.AS,-0.005496018252546984,0.04206554591655731,0.03988080844283104,-0.0027300933309901626
2022-04-29,INGA.AS,0.16707088914175758,0.02990950457751751,0.029479747638106346,0.001621690967238212
2022-05-31,INGA.AS,-0.08050209948199168,0.012708755210042,0.01614716835319996,0.005076990190465844
2022-06-30,INGA.AS,0.0063418557845195235,0.024894747883081436,0.020204877480864525,0.0023433112024235985
2022-07-29,INGA.AS,-0.06785505312068851,-0.01411641575396061,-0.010174375958740711,0.0065928199084506756
2022-08-31,INGA.AS,-0.017375677159520434,0.016027068719267845,0.017581304535269737,0.00143496721427177
2022-09-30,INGA.AS,0.11665346282409582,0.015383921563625336,0.013156857341527939,0.00021093664482335628
2022-10-31,INGA.AS,0.15836113825451872,-0.007205786649137735,-0.008522632531821728,0.002561866570526156
2022-11-30,INGA.AS,-0.017582297825073794,-0.007489371113479137,-0.0042000021785497665,0.006190467930804269
2022-12-30,INGA.AS,0.14367196709691785,0.005380608141422272,0.01434515230357647,0.007354626036463566
2023-01-31,INGA.AS,-0.0027202373682656726,-0.009877811186015606,-0.0069537293165922165,0.016138232846790532
2023-02-28,INGA.AS,-0.19956574209875264,0.012483395636081696,0.018980886787176132,0.028719935835087664
2023-03-31,INGA.AS,0.042612043954869096,0.07989011704921722,0.06438536196947098,0.02583640715121896
2023-04-28,INGA.AS,0.06598841589337782,0.008903401903808117,0.006486580241471529,0.022306900087662288
2023-05-31,INGA.AS,0.05708121508047368,0.0015264729736372828,-0.0005202263710089028,0.02201195594490882
2023-06-30,INGA.AS,0.07357513146547237,-0.004127476364374161,-0.004915638826787472,0.024227280938840603
2023-07-31,INGA.AS,0.03595930227071086,-0.0069359103217720985,-0.0070414417423307896,0.023107017807917712
2023-08-31,INGA.AS,-0.04289150044257371,0.0004153727786615491,-0.0009573785937391222,0.027332236146272743
2023-09-29,INGA.AS,-0.04414773647262483,0.011711833998560905,0.011097755283117294,0.026843610784786098
2023-10-31,INGA.AS,0.05970477656173495,0.0019882149063050747,0.0015290608862414956,0.015764360059054256
2023-11-30,INGA.AS,0.043309978860776116,-0.002559228101745248,-0.002641818020492792,0.020080493438880038
2023-12-29,INGA.AS,-0.03078069922863703,0.0007964340620674193,0.00010084456880576909,0.022392858647563536
2024-01-31,INGA.AS,-0.038644890020027904,0.002368347719311714,0.0011001755483448505,0.01541721105538596
2024-02-29,INGA.AS,0.18350308140345206,-0.003587658517062664,-0.004101961385458708,0.01079317876298947
2024-03-28,INGA.AS,0.02201013868567194,0.0014081960543990135,-0.001957150874659419,0.01545376949096995
2024-04-30,INGA.AS,0.08323632826583861,-0.0018988604424521327,0.0009051455999724567,0.014174830320568186
2024-05-31,INGA.AS,-0.0003667115769648307,0.005606560967862606,0.0031490707769989967,0.017528990982779047
2024-06-28,INGA.AS,0.05497037350491137,0.02354316972196102,0.0220742616802454,0.01777119583512781
2024-07-31,INGA.AS,-0.003706893525583146,-6.80287485010922e-05,-0.001504823798313737,0.01697613149352099
2024-08-30,INGA.AS,-0.007346487961814668,0.008152589201927185,0.00438063545152545,0.014653206972357601
2024-09-30,INGA.AS,-0.03298249175131968,0.002538558328524232,0.002069234848022461,0.012450978859195154
2024-10-31,INGA.AS,-0.06701708406752198,0.0041204821318387985,0.0037237489596009254,0.013328204491543372
2024-11-29,INGA.AS,0.03169336219127196,0.003595107700675726,0.002458422677591443,0.011339493679632015
2024-12-31,INGA.AS,0.07580804908583653,0.006641853135079145,0.00570365134626627,0.0101011881803759
2025-01-31,INGA.AS,0.09935400790249234,0.0031786973122507334,0.0034361034631729126,0.018496312070123352
2025-02-28,INGA.AS,0.04816784371322919,0.011651779524981976,0.010669121518731117,0.023666592658155183
2025-03-31,INGA.AS,-0.014163031160267453,0.0066033960320055485,0.008038464933633804,0.02489573578104735
2025-04-30,INGA.AS,0.08944760979716328,0.0007648459868505597,0.002896086312830448,0.020269808232855426
2025-05-30,INGA.AS,-0.002895154283987078,0.0056644403375685215,0.005569729954004288,0.023666869267490412
2025-06-30,INGA.AS,0.09122158808813516,0.018488628789782524,0.015602722764015198,0.025278770435072134
2025-07-31,INGA.AS,0.01167794376203861,0.008632882498204708,0.008076483383774757,0.029041409205990732
2025-08-29,INGA.AS,0.0849423440170321,0.011694715358316898,0.016026021912693977,0.0279538817403466
2025-09-30,INGA.AS,-0.052784566881209916,-0.0018190719420090318,-0.0016596229979768395,0.028117181656787043
2025-10-31,INGA.AS,0.03550402744631444,0.029605895280838013,0.03138704597949982,0.02345071758278777
2025-11-28,INGA.AS,0.07226853052316787,0.0057976022362709045,0.006639145780354738,0.024095845382368496
2019-01-31,ISP.MI,0.07863800606568243,-0.0035558543168008327,-0.011830821633338928,0.0010945470280708
2019-02-28,ISP.MI,0.0009217499251116964,-0.006601049564778805,-0.006417116150259972,0.002600705526854534
2019-03-29,ISP.MI,0.07368027675383164,0.004836320411413908,0.004103397019207478,0.0019426577494414113
2019-04-30,ISP.MI,-0.1300292644106664,0.005784946493804455,0.006079393904656172,0.0035458301014605204
2019-05-31,ISP.MI,0.018263965971482783,0.014173691160976887,0.013434113934636116,0.011084197177379343
2019-06-28,ISP.MI,0.05640254242559198,0.005014108493924141,0.003933929372578859,0.005858492763088472
2019-07-31,ISP.MI,0.026726077155400086,0.001257169758901,-0.0002913514617830515,0.006123407001880387
2019-08-30,ISP.MI,0.0875170931287094,-0.0022591634187847376,-0.0032802512869238853,0.006696723213608776
2019-09-30,ISP.MI,0.0434021568547596,0.005438513122498989,0.005265929736196995,0.006689653722227474
2019-10-31,ISP.MI,0.02397561873485236,0.00798555463552475,0.005828227382153273,0.009359701750136278
2019-11-29,ISP.MI,0.020650248939312558,0.005758109502494335,0.0030817806255072355,0.0046421793735434555
2019-12-31,ISP.MI,-0.02457014841349234,0.007589118089526892,0.007903334684669971,0.007603959055903339
2020-01-31,ISP.MI,-0.049759296125098766,0.00893120002001524,0.010025393217802048,0.007108956428063707
2020-02-28,ISP.MI,-0.40196864682607275,0.035996537655591965,0.039933837950229645,0.0024906016624028793
2020-03-31,ISP.MI,-0.044934427389800316,0.0439540296792984,0.08160877972841263,-0.009839710892452147
2020-04-30,ISP.MI,0.08703495917290903,0.09084215760231018,0.07727357000112534,-0.012387677851130985
2020-05-29,ISP.MI,0.09200188505390343,-0.03587343916296959,-0.018281858414411545,-0.010866511591694694
2020-06-30,ISP.MI,0.04913663800375495,0.06886155158281326,0.06519685685634613,-0.010206747179056484
2020-07-31,ISP.MI,0.05581658682702053,0.02087562158703804,0.0337565541267395,-0.009781963581965366
2020-08-31,ISP.MI,-0.11642648321845359,0.020087480545043945,0.019294466823339462,-0.009278409521836601
2020-09-30,ISP.MI,-0.1359763993011611,0.01566246896982193,0.028858216479420662,-0.012107272446383762
2020-10-30,ISP.MI,0.30475874278209786,-0.0017008972354233265,0.005646814126521349,-0.013939264540721556
2020-11-30,ISP.MI,-0.006670195102364265,0.004150803666561842,0.004251611419022083,-0.005991105774359768
2020-12-31,ISP.MI,-0.04852874977690287,0.005289859604090452,0.005447027739137411,-0.009577076373398679
2021-01-29,ISP.MI,0.17943698314087184,0.017938170582056046,0.025474801659584045,-0.010296299226928799
2021-02-26,ISP.MI,0.06880512529491566,0.012288757599890232,0.011654883623123169,-0.004159457542089133
2021-03-31,ISP.MI,0.004534041966130114,0.011206552386283875,0.01751767285168171,-0.004046567649971132
2021-04-30,ISP.MI,0.05547431945773623,0.014088869094848633,0.01703619211912155,2.04892454039935e-06
2021-05-31,ISP.MI,-0.02514281024818136,0.0068777394481003284,0.00998811423778534,0.0023658260233010925
2021-06-30,ISP.MI,0.007484223439187683,0.03144006058573723,0.03363504260778427,0.0013529048816764634
2021-07-30,ISP.MI,0.015956121098678645,0.006027895025908947,0.010757334530353546,0.0046386831714908365
2021-08-31,ISP.MI,0.025328173039685705,-0.0024962043389678,0.0009306503925472498,0.0026613332329800204
2021-09-30,ISP.MI,0.041076542830171724,-0.0023573264479637146,0.005799070466309786,0.00961842015612145
2021-10-29,ISP.MI,-0.1062279394928677,-0.001022094627842307,0.0015522059984505177,0.009324955657865302
2021-11-30,ISP.MI,0.0735675610628973,-0.08957298845052719,-0.07625535130500793,0.007865838244009526
2021-12-31,ISP.MI,0.14144312588453875,0.0033541577868163586,0.0034176537301391363,0.007744654929535242
2022-01-31,ISP.MI,-0.21321964840151741,0.0061225066892802715,0.008950171992182732,0.010254884566215752
2022-02-28,ISP.MI,-0.05950805206183329,-0.12679815292358398,-0.11581398546695709,0.006627197909926082
2022-03-31,ISP.MI,-0.08047465730188773,0.03731251135468483,0.03864450007677078,0.001823320965698757
2022-04-29,ISP.MI,0.09277664610045862,0.022637028247117996,0.0218315701931715,0.003664100905005958
2022-05-31,ISP.MI,-0.07914018271677202,-0.0013611927861347795,-0.001757079386152327,0.005607169014875111
2022-06-30,ISP.MI,-0.029301659077394897,0.03518540412187576,0.03365826979279518,0.0007367662973083491
2022-07-29,ISP.MI,-0.015860367004192265,0.009936030022799969,0.011711115948855877,-0.00011388464725003835
2022-08-31,ISP.MI,-0.0402660807041245,0.025436943396925926,0.02811465971171856,-0.0029800104425581593
2022-09-30,ISP.MI,0.12472786644053652,0.014486374333500862,0.01720266416668892,-0.00422440617444985
2022-10-31,ISP.MI,0.13509331010409353,-0.009196312166750431,-0.021425761282444,-0.0015092975241631085
2022-11-30,ISP.MI,-0.020953166065681265,-0.0006274829502217472,0.0011082784039899707,0.0016209989114109205
2022-12-30,ISP.MI,0.12045301625679726,0.005231419578194618,0.0008880460518412292,0.0013781235904344509
2023-01-31,ISP.MI,0.05135560383139472,-0.015818893909454346,-0.01933913491666317,0.006989587794076648
2023-02-28,ISP.MI,-0.09558354197027723,0.014483394101262093,-0.010509676299989223,0.018096085537595813
2023-03-31,ISP.MI,-0.01661016877993311,0.02885177545249462,0.038159653544425964,0.018578916709323302
2023-04-28,ISP.MI,-0.031009689203872655,0.018323365598917007,0.01586071215569973,0.01661167637615527
2023-05-31,ISP.MI,0.10159565521997152,0.016661621630191803,0.01665240339934826,0.012055290419485866
2023-06-30,ISP.MI,0.09113469681103459,-0.0024746868293732405,-0.001498131430707872,0.013648901841481187
2023-07-31,ISP.MI,-0.05331730426383225,-0.0033531871158629656,-0.0008113454678095877,0.01595777585268268
2023-08-31,ISP.MI,-0.013029365796655486,0.01567891426384449,0.016083739697933197,0.01745985241231001
2023-09-29,ISP.MI,-0.015904535373252895,-0.0008550297934561968,0.00871826708316803,0.020570072696120288
2023-10-31,ISP.MI,0.1296339670652699,-0.0014956779778003693,0.006206041667610407,0.011984813198559489
2023-11-30,ISP.MI,0.019865842760409886,-0.0010340538574382663,0.009433872066438198,0.015994131861434138
2023-12-29,ISP.MI,0.0846441793659631,0.0034530500415712595,0.00634607020765543,0.017186890144995703
2024-01-31,ISP.MI,0.02585914608601734,-0.01340734027326107,-0.008315719664096832,0.01485187031914452
2024-02-29,ISP.MI,0.13510424023393167,-0.0009519105078652501,0.0037704049609601498,0.013543335146635534
2024-03-28,ISP.MI,0.05214043594265784,0.006887272000312805,0.003010490210726857,0.017620912598694773
2024-04-30,ISP.MI,0.04286491427015628,-0.00409049354493618,0.002506238641217351,0.01718626930895041
2024-05-31,ISP.MI,-0.006817459125070799,-0.0029145306907594204,0.009995792992413044,0.01988510356669131
2024-06-28,ISP.MI,0.055067467180840886,0.030439892783761024,0.029320823028683662,0.018938716338424803
2024-07-31,ISP.MI,-0.005883219558175136,0.0034475179854780436,0.0017968148458749056,0.020509427686399358
2024-08-30,ISP.MI,0.019206155695864955,0.010817227885127068,0.009709271602332592,0.01957717827318367
2024-09-30,ISP.MI,0.034700325793462466,-0.0054102130234241486,-0.0015839982079342008,0.019253160894994396
2024-10-31,ISP.MI,-0.0374448790164207,0.0005591555964201689,0.01216933038085699,0.023052457659831133
2024-11-29,ISP.MI,0.06303817032146938,0.007906308397650719,0.0200718455016613,0.019968778768738968
2024-12-31,ISP.MI,0.08779859084009554,0.002280890243127942,0.0019427661318331957,0.017901815264411407
2025-01-31,ISP.MI,0.1362406071101653,-0.004224374424666166,-0.004426591098308563,0.023796283982417843
2025-02-28,ISP.MI,0.00021123942214579337,0.007501835469156504,0.008349847048521042,0.030353746786388525
2025-03-31,ISP.MI,-0.01104506685926926,0.022401336580514908,0.021121293306350708,0.032093265067216
2025-04-30,ISP.MI,0.07042518769993468,0.0017506576841697097,-0.0016143112443387508,0.028830047515931136
2025-05-30,ISP.MI,-0.003774807885563428,0.0058572483249008656,0.006424630526453257,0.033349804436597276
2025-06-30,ISP.MI,0.06077486433178705,0.005734147038310766,0.005532913841307163,0.03695289653204835
2025-07-31,ISP.MI,0.014995568077951485,0.012625638395547867,0.010626398026943207,0.03868585191198448
2025-08-29,ISP.MI,0.033119926029110416,0.018674485385417938,0.014919091016054153,0.03776046344326249
2025-09-30,ISP.MI,0.010278302352001176,0.010228151455521584,0.007936338894069195,0.03747963040715859
2025-10-31,ISP.MI,0.03348275924493206,0.017603285610675812,0.013040212914347649,0.032854857332965816
2025-11-28,ISP.MI,0.05824191832382133,0.004057107027620077,0.0031671212054789066,0.03428964700591824
2019-01-31,ITX.MC,0.09400257579191666,-0.014478645287454128,-0.014595038257539272,-0.002435699745172832
2019-02-28,ITX.MC,-0.012893562110114979,-0.009685150347650051,-0.007988052442669868,-0.0010388600086801794
2019-03-29,ITX.MC,0.04542699951613159,-0.001463667955249548,0.01101709995418787,-0.0008558730004286765
2019-04-30,ITX.MC,-0.08106278208657158,0.005424937233328819,0.009525168687105179,-0.00021001275324767428
2019-05-31,ITX.MC,0.0951211078825591,0.012328463606536388,0.028164450079202652,-0.0025221634149492386
2019-06-28,ITX.MC,0.03820245420649429,-0.0036739278584718704,0.004559698980301619,-0.0022806005993850015
2019-07-31,ITX.MC,0.02448497200520884,0.005148985423147678,0.008805575780570507,-0.002325007375953943
2019-08-30,ITX.MC,0.009907827415394138,0.00028757553081959486,0.0022291631903499365,-0.002178336605900154
2019-09-30,ITX.MC,0.0031641415840736858,0.003517309669405222,0.009016864001750946,-0.0016949520607771884
2019-10-31,ITX.MC,0.011030032846752406,0.0034689931198954582,0.00890339259058237,-0.0018156876578548056
2019-11-29,ITX.MC,0.11644548927632364,0.007787058595567942,0.011949324049055576,-0.0013803802352122777
2019-12-31,ITX.MC,-0.016995818482485853,0.007012896239757538,0.010516385547816753,0.002828015751173431
2020-01-31,ITX.MC,-0.08447022270771747,0.01206639688462019,0.01113650668412447,0.0026707774931535003
2020-02-28,ITX.MC,-0.21403137294076288,0.039479371160268784,0.036714427173137665,-0.0017742303987071909
2020-03-31,ITX.MC,-0.0174804541907009,-0.09997241199016571,-0.08035671710968018,-0.008729009646845975
2020-04-30,ITX.MC,0.07456854251472933,0.05255739390850067,0.057651299983263016,-0.010339900236397786
2020-05-29,ITX.MC,-0.046577256585713454,0.028437180444598198,0.020122896879911423,-0.007226837612714526
2020-06-30,ITX.MC,0.0,0.032052382826805115,0.03614877164363861,-0.007852703671785033
2020-07-31,ITX.MC,0.044721911013770474,0.01815536990761757,0.018819380551576614,-0.008605733476557081
2020-08-31,ITX.MC,0.016425172351570788,0.004032559227198362,0.00367542146705091,-0.006080246960833066
2020-09-30,ITX.MC,-0.0751061111933563,0.017101390287280083,0.014604170806705952,-0.005756048502905897
2020-10-30,ITX.MC,0.2733037445566702,0.011583537794649601,0.00454368581995368,-0.006661796008913305
2020-11-30,ITX.MC,-0.05384796952948027,0.007202447392046452,0.016828980296850204,0.0009487452631209056
2020-12-31,ITX.MC,-0.05648081183037684,0.007698183413594961,0.004696291405707598,-0.0005397079789429826
2021-01-29,ITX.MC,0.1264113682284525,0.01475714985281229,0.012656832113862038,0.001532886704670037
2021-02-26,ITX.MC,0.02780468388788997,-0.00696155708283186,-0.008009536191821098,0.005435560771744057
2021-03-31,ITX.MC,0.06449071858374722,0.00845036469399929,0.006106063723564148,0.005061975223084184
2021-04-30,ITX.MC,0.06755132265966483,-0.014122538268566132,-0.01577228307723999,0.003659634501046918
2021-05-31,ITX.MC,-0.05613813630162901,0.011067943647503853,0.008319318294525146,0.00430425573489711
2021-06-30,ITX.MC,-0.03702851374506188,0.03122973069548607,0.028645463287830353,0.0035590092409237455
2021-07-30,ITX.MC,0.011130521206421407,0.008206507191061974,0.00597894424572587,0.002327203889655806
2021-08-31,ITX.MC,0.10746831236169084,0.001232815789990127,0.00022404723858926445,0.004884715718314491
2021-09-30,ITX.MC,-0.007059639625798866,0.0013640424003824592,0.0053708297200500965,0.009519847559541729
2021-10-29,ITX.MC,-0.05156292562880113,-0.004257297143340111,-0.0029229638166725636,0.006956329858293457
2021-11-30,ITX.MC,0.011775369678986162,-0.00012719439109787345,-0.0010589307639747858,0.008758574057281112
2021-12-31,ITX.MC,-0.06479553823345859,0.02386700175702572,0.024358026683330536,0.007113547857276248
2022-01-31,ITX.MC,-0.15983880695950287,0.015909766778349876,0.014785856008529663,0.002646279239272816
2022-02-28,ITX.MC,-0.1034790257222022,0.02444840408861637,0.024992043152451515,-0.00018836417003511823
2022-03-31,ITX.MC,0.04119774381257106,0.040310293436050415,0.041987042874097824,-0.006632132288983752
2022-04-29,ITX.MC,0.11235090636515978,0.04779331386089325,0.0663357824087143,-0.00329122692288787
2022-05-31,ITX.MC,-0.02167104367482332,0.03651421144604683,0.038596220314502716,-0.0020050956359707823
2022-06-30,ITX.MC,0.09282295742642335,-0.011277482844889164,-0.00802334863692522,-0.003556574755505341
2022-07-29,ITX.MC,-0.07310194327873064,0.0029555698856711388,0.002116908086463809,-0.00156919202115138
2022-08-31,ITX.MC,-0.025853320361193824,-0.20419195294380188,-0.155259907245636,-0.005043194538731489
2022-09-30,ITX.MC,0.09512581371855622,0.01289637852460146,0.01249638944864273,-0.005491055536125772
2022-10-31,ITX.MC,0.08278854012734325,-0.010308444499969482,-0.009429278783500195,-0.0030164553146172623
2022-11-30,ITX.MC,-0.0004023875394341311,-0.005744989030063152,-0.007097715977579355,-0.00404783171348032
2022-12-30,ITX.MC,0.13914934035097243,0.0024589376989752054,0.0026101681869477034,-0.0034218343840841784
2023-01-31,ITX.MC,0.013190032624062707,-0.012634817510843277,-0.010074485093355179,0.0032272220159211213
2023-02-28,ITX.MC,0.02243460009781576,0.010711700655519962,0.015737300738692284,0.009284607869193261
2023-03-31,ITX.MC,0.01695113570212664,-0.01343772653490305,-0.011466638185083866,0.010648932318000879
2023-04-28,ITX.MC,0.002564150729443326,-0.006344962399452925,0.0029722056351602077,0.009972224280659655
2023-05-31,ITX.MC,0.11176372654188414,0.0049275183118879795,0.0023359714541584253,0.01075365954570516
2023-06-30,ITX.MC,-0.01850053748798777,0.004543192684650421,-0.006251831538975239,0.014626677821285768
2023-07-31,ITX.MC,0.012277088832147244,0.02255859225988388,0.03017081692814827,0.013598999406376594
2023-08-31,ITX.MC,-0.0019816137697445985,-0.004324068780988455,0.0019488873658701777,0.014115561883034852
2023-09-29,ITX.MC,-0.06497320091132168,0.003064691321924329,0.011153263971209526,0.016623453713081503
2023-10-31,ITX.MC,0.14262968567732748,0.01817432790994644,0.0275637935847044,0.00679085456062451
2023-11-30,ITX.MC,0.034297963972855845,-0.001481973216868937,-0.007691974751651287,0.012887936876283052
2023-12-29,ITX.MC,0.01435262987536436,0.00031988430419005454,0.008984709158539772,0.015430761553595216
2024-01-31,ITX.MC,0.03221288163355115,-0.002016520593315363,-0.0022371725644916296,0.012799309539412317
2024-02-29,ITX.MC,0.1292855368792065,-0.006600546650588512,-0.005598812829703093,0.013139924952751724
2024-03-28,ITX.MC,-0.0447421546259329,0.009873081929981709,0.00946618989109993,0.015336279099251195
2024-04-30,ITX.MC,0.01689265839266246,0.02144441567361355,0.02206958457827568,0.011212204866081507
2024-05-31,ITX.MC,0.052325785246757794,0.007409543264657259,0.004757299087941647,0.013661727901045782
2024-06-28,ITX.MC,-0.040049460657116634,-0.00673194695264101,-0.006118000950664282,0.016517984170103996
2024-07-31,ITX.MC,0.09539111447761711,0.003897289512678981,0.004358322825282812,0.015236823290080642
2024-08-30,ITX.MC,0.08151787590540902,-0.004597250837832689,-0.0011402819072827697,0.014692297918245618
2024-09-30,ITX.MC,0.02453656913608919,0.007628286257386208,0.009731183759868145,0.017958265608303874
2024-10-31,ITX.MC,-0.0022971858629892814,0.004053334705531597,0.0017789554549381137,0.020613263183259473
2024-11-29,ITX.MC,-0.04990224189169254,0.0031144532840698957,0.0003271900350227952,0.02022235886264904
2024-12-31,ITX.MC,0.06057727576515114,0.014649087563157082,0.01353356335312128,0.01969680700896591
2025-01-31,ITX.MC,-0.03003698801120112,0.008850693702697754,0.010267010889947414,0.025445034055677513
2025-02-28,ITX.MC,-0.1258685566088357,0.017712745815515518,0.022159038111567497,0.028947690030453718
2025-03-31,ITX.MC,0.0473189937586825,0.02507728524506092,0.027013003826141357,0.02573707828419136
2025-04-30,ITX.MC,0.0019033490578991485,0.01332494430243969,0.011448887176811695,0.0246333449740723
2025-05-30,ITX.MC,-0.07707845821849815,0.009648243896663189,0.010292388498783112,0.024696904231696026
2025-06-30,ITX.MC,-0.019426845813510438,0.013037024065852165,0.010448725894093513,0.020084801429304973
2025-07-31,ITX.MC,0.006895704800223866,0.008950039744377136,0.009848789311945438,0.020523584452435663
2025-08-29,ITX.MC,0.08077161331084981,0.01792493276298046,0.016121668741106987,0.022346186985984055
2025-09-30,ITX.MC,0.046790939750245085,-0.0047330232337117195,-0.0040419804863631725,0.02187916085916693
2025-10-31,ITX.MC,0.028605698830570212,0.0037335006054490805,0.0036493665538728237,0.02121258596684625
2025-11-28,ITX.MC,0.15996645874465015,0.005333013366907835,0.006162632256746292,0.02102490774953772
2019-01-31,MBG.DE,0.03087718554892745,-0.0807320848107338,-0.07968378812074661,-0.00021365601297332028
2019-02-28,MBG.DE,-0.007816065179572309,-0.026835452765226364,-0.031090395525097847,-0.0010690904735192433
2019-03-29,MBG.DE,0.11024804975971308,0.002674658549949527,0.0022788241039961576,-0.001815376319597988
2019-04-30,MBG.DE,-0.13127069958823717,0.002495324006304145,0.0009597735479474068,0.002520589527840696
2019-05-31,MBG.DE,0.04988177672962823,0.014312764629721642,0.012283737771213055,0.0017061745343474536
2019-06-28,MBG.DE,-0.00934338014647914,6.149693217594177e-05,0.003132588928565383,-7.235758194642136e-05
2019-07-31,MBG.DE,-0.11059859979179425,0.008841650560498238,0.006119959522038698,-0.0018091145415737803
2019-08-30,MBG.DE,0.06603030158776377,-0.018326569348573685,-0.005655589979141951,-0.004729537765190855
2019-09-30,MBG.DE,0.15840043118285763,0.008706583641469479,0.007816728204488754,-0.004210428349158227
2019-10-31,MBG.DE,-0.02335787386224001,0.013368833810091019,0.009786858223378658,-0.00028765064579441526
2019-11-29,MBG.DE,-0.036396548004257116,0.013406618498265743,0.010722505860030651,-0.003493313938597864
2019-12-31,MBG.DE,-0.1430384252765269,0.0020532377529889345,0.002007382921874523,-0.004738217373708559
2020-01-31,MBG.DE,-0.11859065784133022,0.03155982494354248,0.034879617393016815,-0.008241606776858467
2020-02-28,MBG.DE,-0.32200619099161454,0.03290143236517906,0.025995546951889992,-0.01192512561180375
2020-03-31,MBG.DE,0.13618508562327772,-0.09979227185249329,-0.08814270049333572,-0.021215148357219136
2020-04-30,MBG.DE,0.05685879495178563,0.04885617643594742,0.06464873999357224,-0.01622259375420449
2020-05-29,MBG.DE,0.07305901975734616,0.03417668864130974,0.02635306864976883,-0.014638935926177451
2020-06-30,MBG.DE,0.12823943107264438,0.05818421021103859,0.0590963289141655,-0.010323645175609797
2020-07-31,MBG.DE,0.13123942270856212,0.02183597907423973,0.022252757102251053,-0.009144931563743483
2020-08-31,MBG.DE,0.06896926444532886,0.008003560826182365,0.005851101130247116,-0.007590619742224697
2020-09-30,MBG.DE,-0.040111934093114525,0.0062555065378546715,0.00278108729980886,-0.006770741771118189
2020-10-30,MBG.DE,0.2401158597873293,-0.03016897477209568,-0.02173124998807907,-0.007751418609141513
2020-11-30,MBG.DE,0.023460458063571978,0.026512816548347473,0.0246460922062397,-0.0016129761860777091
2020-12-31,MBG.DE,0.01032881940503213,0.026188911870121956,0.03218342363834381,-0.002349235569167724
2021-01-29,MBG.DE,0.1363449385602431,0.00043122205534018576,0.010700805112719536,-0.0004064938052676936
2021-02-26,MBG.DE,0.10670290661671425,0.028111126273870468,0.031002260744571686,0.005154431993802993
2021-03-31,MBG.DE,-0.0045394924268951364,0.01540385466068983,0.03775235638022423,0.007116524179053742
2021-04-30,MBG.DE,0.02822703136354223,0.07397200912237167,0.07335667312145233,0.007597941732913036
2021-05-31,MBG.DE,0.0014432022774381974,0.04127212241292,0.04505152255296707,0.012370696087249746
2021-06-30,MBG.DE,0.011225011043151005,0.04796062037348747,0.04444507136940956,0.010178771565294367
2021-07-30,MBG.DE,-0.05011934663714267,0.01461490523070097,0.008290308527648449,0.011805566861312759
2021-08-31,MBG.DE,0.08040893883589176,0.005173967685550451,0.008437310345470905,0.010984458103545784
2021-09-30,MBG.DE,0.11115691594870893,-0.0032264410983771086,-0.0011478780070319772,0.014783561439129253
2021-10-29,MBG.DE,-0.0348913691066318,0.007575398776680231,0.004144168924540281,0.017564729982996307
2021-11-30,MBG.DE,-0.011729833397072892,-0.025813153013586998,-0.02492445521056652,0.020480450020352543
2021-12-31,MBG.DE,0.03403468744812904,0.03091607615351677,0.023921551182866096,0.016165991293765513
2022-01-31,MBG.DE,-0.05119527388203831,0.026997845619916916,0.022046785801649094,0.016637922275233318
2022-02-28,MBG.DE,-0.04846958464037629,0.005171328317373991,0.013025610707700253,0.017573849838455814
2022-03-31,MBG.DE,0.05220455850961852,0.025828225538134575,0.02293550968170166,0.011248571081101985
2022-04-29,MBG.DE,0.06499124202593165,-0.006326642818748951,-0.0028776335529983044,0.01629148047464319
2022-05-31,MBG.DE,-0.13915793911765048,-0.0004675155214499682,-0.006154043134301901,0.017088010424617335
2022-06-30,MBG.DE,0.035578358061329814,0.02735099382698536,0.029466133564710617,0.013023907160454873
2022-07-29,MBG.DE,-0.01834277145044386,-0.0019055322045460343,0.001963697373867035,0.01747385784714333
2022-08-31,MBG.DE,-0.06801342405678444,0.00849164742976427,0.008817598223686218,0.014442290970688955
2022-09-30,MBG.DE,0.11278270380271711,0.03708452731370926,0.0314323715865612,0.00829309527512825
2022-10-31,MBG.DE,0.06507166488705611,-0.017219524830579758,-0.016615955159068108,0.012028801775968767
2022-11-30,MBG.DE,-0.04770381885178325,0.013805869966745377,0.01153081189841032,0.016070753377423277
2022-12-30,MBG.DE,0.0979717538048184,-0.000426373298978433,0.00022651224571745843,0.01831614724588172
2023-01-31,MBG.DE,0.07325863762912854,0.0014323603827506304,0.0003638413909357041,0.025252240460869636
2023-02-28,MBG.DE,-0.03202857415687186,0.0050729126669466496,0.004604514688253403,0.03597813132957975
2023-03-31,MBG.DE,-0.017386857274852053,0.01581793837249279,0.017762819305062294,0.031145966897222932
2023-04-28,MBG.DE,0.08508817054243024,0.004626179579645395,0.0026455537881702185,0.027738419795141328
2023-05-31,MBG.DE,0.04498148998660033,-0.0023582023568451405,-0.002738530747592449,0.02927412670321145
2023-06-30,MBG.DE,-0.014079841178148705,-5.897801020182669e-05,-0.0009942397009581327,0.027041612313174763
2023-07-31,MBG.DE,-0.06851116509949483,0.009213906712830067,0.008331740275025368,0.024568584689336058
2023-08-31,MBG.DE,-0.02473330332074648,0.0013145997654646635,0.003525003558024764,0.02086094514085763
2023-09-29,MBG.DE,-0.17016321629721387,0.0024840289261192083,0.0021641056519001722,0.021066602750484408
2023-10-31,MBG.DE,0.06731972716900189,-0.056214846670627594,-0.06406701356172562,0.009428946515126454
2023-11-30,MBG.DE,0.0610391625267966,0.012411792762577534,0.008828890509903431,0.010851600472305316
2023-12-29,MBG.DE,-0.004647011687499024,0.022854924201965332,0.021452438086271286,0.012299188151999806
2024-01-31,MBG.DE,0.15843740750550964,0.008402084931731224,0.007198160048574209,0.008390265583316275
2024-02-29,MBG.DE,0.00230584663832211,-0.0017242648173123598,-0.00043426998308859766,0.00914995092585401
2024-03-28,MBG.DE,0.013190062604420242,0.0022135970648378134,0.0014748520916327834,0.008897511387889523
2024-04-30,MBG.DE,-0.005189568253868107,0.014752497896552086,0.014318551868200302,0.0072578847218277565
2024-05-31,MBG.DE,-0.024391443227199192,0.0030599553138017654,0.0017714075511321425,0.00799551130984096
2024-06-28,MBG.DE,-0.04222963262428866,0.0006171473069116473,0.00175574142485857,0.007680439843276957
2024-07-31,MBG.DE,0.019751412622688494,0.011730708181858063,0.00959869846701622,0.00711165820422636
2024-08-30,MBG.DE,-0.0714707995402293,0.005537833087146282,0.004888894967734814,0.005478829207722308
2024-09-30,MBG.DE,-0.018958739813716034,0.03256339579820633,0.02809123694896698,0.001270121229580195
2024-10-31,MBG.DE,-0.050443318370653405,0.019275929778814316,0.018201615661382675,0.0004100261327030847
2024-11-29,MBG.DE,0.015736591533081455,0.006614297162741423,0.010654560290277004,-0.000665348449896371
2024-12-31,MBG.DE,0.09784170001384637,0.012624735943973064,0.01069018617272377,-0.001392274972706541
2025-01-31,MBG.DE,0.030257217348108243,0.0009228682611137629,0.001939557259902358,0.0015181855201582921
2025-02-28,MBG.DE,-0.098007499306585,0.009852969087660313,0.010002127848565578,0.004511750379739548
2025-03-31,MBG.DE,-0.032254674671444314,0.05597780644893646,0.05047016590833664,0.0018023625986996164
2025-04-30,MBG.DE,0.08888582382951933,0.028200214728713036,0.023074747994542122,-0.0018128016975379347
2025-05-30,MBG.DE,-0.05672229114194898,0.007739578373730183,0.005975110922008753,0.0032189183992187287
2025-06-30,MBG.DE,0.06844268096273923,0.010572540573775768,0.010100808925926685,0.004077340189548467
2025-07-31,MBG.DE,0.06285296622025824,0.018509533256292343,0.017242858186364174,0.0039344414400728465
2025-08-29,MBG.DE,0.010070959494223384,0.0033779474906623363,0.001962128095328808,0.0057967623110257585
2025-09-30,MBG.DE,0.06463203814840893,0.009573683142662048,0.009968671016395092,0.003820915389005222
2025-10-31,MBG.DE,0.04962850187063672,0.013526980765163898,0.013875004835426807,0.004023527939719804
2025-11-28,MBG.DE,0.03231270363579693,0.004574006889015436,0.002316392958164215,0.004804247008190253
2019-01-31,MC.PA,0.09164776440456285,-0.07382552325725555,-0.07452947646379471,0.018442609920828777
2019-02-28,MC.PA,0.0822816060173185,0.007057751528918743,0.008355031721293926,0.021678233858821533
2019-03-29,MC.PA,0.0739698686594503,0.0048219370655715466,0.0032788373064249754,0.023493552099688248
2019-04-30,MC.PA,-0.03157765940370738,0.0020804584491997957,0.002681831130757928,0.02632137985782622
2019-05-31,MC.PA,0.1010394088105372,0.017157120630145073,0.022448277100920677,0.027923970795565904
2019-06-28,MC.PA,0.011818924219788668,0.0058707064017653465,0.0026416885666549206,0.028078148539073755
2019-07-31,MC.PA,-0.037878651894426796,0.013345858082175255,0.011779229156672955,0.026086845639559687
2019-08-30,MC.PA,0.006189420882697022,0.0008316838066093624,-0.0008824123069643974,0.025811204214727455
2019-09-30,MC.PA,0.04189094267646863,0.01738402061164379,0.01596953347325325,0.023339796621648843
2019-10-31,MC.PA,0.0628212585184478,0.01078344602137804,0.0108262300491333,0.02431998368494681
2019-11-29,MC.PA,0.023332656308003127,0.006657860241830349,0.0053872643038630486,0.024087981202337152
2019-12-31,MC.PA,-0.03763828098168169,0.0027452653739601374,0.0030066624749451876,0.023133990995669103
2020-01-31,MC.PA,-0.0497900331639253,0.016804484650492668,0.014996006153523922,0.02192430753717228
2020-02-28,MC.PA,-0.05786450542557711,0.010544808581471443,0.022500798106193542,0.01848957431683809
2020-03-31,MC.PA,0.040532163557550925,-0.05363788828253746,-0.027634741738438606,0.012430110273209862
2020-04-30,MC.PA,0.062017307885468914,0.029695965349674225,0.027121132239699364,0.01337216868993697
2020-05-29,MC.PA,0.03793773690101429,-0.006584367249161005,-0.006923819426447153,0.01467659846608201
2020-06-30,MC.PA,-0.0021594330426194935,0.0034245140850543976,0.006242203060537577,0.017392576989927713
2020-07-31,MC.PA,0.06862015068266877,-0.09137597680091858,-0.0877002403140068,0.016104251909484057
2020-08-31,MC.PA,0.04273458868867549,0.003170130541548133,0.002524461131542921,0.016084031431064554
2020-09-30,MC.PA,0.010956041631394,-0.0024278771597892046,-0.0014220476150512695,0.014510218796099534
2020-10-30,MC.PA,0.18261141056902733,-0.014561190269887447,-0.01771584153175354,0.014873436336880295
2020-11-30,MC.PA,0.06481142703994985,0.012526098638772964,0.009703969582915306,0.01933664535069061
2020-12-31,MC.PA,-0.006283243696461973,0.011773016303777695,0.00584339490160346,0.02087981054747977
2021-01-29,MC.PA,0.07498177413929187,0.0059060100466012955,0.010346842929720879,0.020551434869057122
2021-02-26,MC.PA,0.055389684523003586,0.007380714174360037,0.007607674691826105,0.022621014264475405
2021-03-31,MC.PA,0.1037938187474749,0.011287064291536808,0.010901985689997673,0.020197845222382056
2021-04-30,MC.PA,0.040374690315423234,0.023694664239883423,0.022438975051045418,0.02127544650114399
2021-05-31,MC.PA,0.03318573750916079,0.0018616323359310627,-0.0004571262397803366,0.02452673111635881
2021-06-30,MC.PA,0.033750545805095955,0.021598858758807182,0.019152430817484856,0.022562519456360466
2021-07-30,MC.PA,-0.07533019881295282,0.018621252849698067,0.02292354218661785,0.023397179900792917
2021-08-31,MC.PA,-0.00207616031879567,0.02603522688150406,0.021381856873631477,0.02107871989203569
2021-09-30,MC.PA,0.08808576556289384,0.009720291942358017,0.008719436824321747,0.025040236772418907
2021-10-29,MC.PA,0.029105829170251497,0.0029640384018421173,0.0021674223244190216,0.02811323214293493
2021-11-30,MC.PA,0.05841179889202791,-0.005327167455106974,-0.004854862112551928,0.029448007072881113
2021-12-31,MC.PA,-0.006070678014715457,0.003343030344694853,0.0031341880094259977,0.02780880808434786
2022-01-31,MC.PA,-0.14382494308850255,0.040618620812892914,0.025167565792798996,0.025300018154866575
2022-02-28,MC.PA,0.017872202048567685,0.01809839904308319,0.016471413895487785,0.02081688989694758
2022-03-31,MC.PA,-0.056743522941321574,0.028855804353952408,0.034184377640485764,0.017992845652738388
2022-04-29,MC.PA,-0.01775180033150238,0.03257245197892189,0.02895084209740162,0.017878334209382032
2022-05-31,MC.PA,-0.013825984010370128,0.04923643916845322,0.051696378737688065,0.014042763998374057
2022-06-30,MC.PA,0.1487577823501738,-0.0027115861885249615,-0.0016200820682570338,0.013297437967508645
2022-07-29,MC.PA,-0.018088418410087428,-0.0036530476063489914,-0.004314990248531103,0.018848565629515646
2022-08-31,MC.PA,-0.06294391101902433,0.00444693211466074,0.003633745713159442,0.01701460140556161
2022-09-30,MC.PA,0.04578985717160505,0.0034952345304191113,0.002613458316773176,0.013906821898135524
2022-10-31,MC.PA,0.09402899347523805,0.0009724769624881446,0.0011471683392301202,0.013612512164292045
2022-11-30,MC.PA,-0.07424455726265988,-0.0016420420724898577,0.0012611831771209836,0.016901589130598433
2022-12-30,MC.PA,0.16116478116443145,0.005671378690749407,0.005433579906821251,0.015312240523614426
2023-01-31,MC.PA,-0.009797854264882165,-0.005355487577617168,-0.0019372048554942012,0.022455424627699092
2023-02-28,MC.PA,0.04097418642932003,0.016911175101995468,0.014782614074647427,0.024348903590124243
2023-03-31,MC.PA,0.036162267756943325,-0.011345707811415195,-0.009198998101055622,0.02536941579898159
2023-04-28,MC.PA,-0.03623999130439347,0.004916011821478605,0.00202331249602139,0.024809986234247485
2023-05-31,MC.PA,0.049263893894997086,0.028531072661280632,0.026245707646012306,0.02178738531243465
2023-06-30,MC.PA,-0.01741620152429152,0.0002497760287951678,-0.001216716831550002,0.023403281783152333
2023-07-31,MC.PA,-0.045964257384256996,0.009362423792481422,0.006239103619009256,0.021943127854285573
2023-08-31,MC.PA,-0.0878718897841705,0.00492444122210145,0.004055722616612911,0.019083080440980234
2023-09-29,MC.PA,-0.06546955324540522,0.019847935065627098,0.018084902316331863,0.017175807790680755
2023-10-31,MC.PA,0.023444188508868893,0.031254272907972336,0.033458322286605835,0.009675312109473354
2023-11-30,MC.PA,0.0363763010457188,0.010903594084084034,0.006821776740252972,0.00975624356843125
2023-12-29,MC.PA,0.06389078440303254,0.02270055189728737,0.02114187926054001,0.010960655942667178
2024-01-31,MC.PA,0.08567489499326753,0.018367713317275047,0.01986907422542572,0.011375925231327714
2024-02-29,MC.PA,-0.010856092299297442,-0.003769122762605548,-0.0036249191034585238,0.011934286430096839
2024-03-28,MC.PA,-0.058148693370257666,0.004407770000398159,0.001985596725717187,0.008703561032722358
2024-04-30,MC.PA,-0.06702080178944345,0.010750418528914452,0.011260305531322956,0.005942527230790695
2024-05-31,MC.PA,-0.03165652858290605,0.00022857692965772003,-0.0031323074363172054,0.004256257406712451
2024-06-28,MC.PA,-0.08614545330335077,0.00821393821388483,0.011845136992633343,0.002331702306004102
2024-07-31,MC.PA,0.03668470930124512,0.018966900184750557,0.01996993087232113,0.0025423237569035776
2024-08-30,MC.PA,0.020840167171533103,0.0014475685311481357,-0.0007821227191016078,0.003411725323912836
2024-09-30,MC.PA,-0.08736790415066106,0.021789055317640305,0.020223138853907585,0.002011161703848346
2024-10-31,MC.PA,-0.028780121068948845,0.00655147060751915,0.01004342082887888,-0.0020898567957483077
2024-11-29,MC.PA,0.07938728595562206,0.0008701084298081696,-0.0010836923029273748,-0.0045118545724421
2024-12-31,MC.PA,0.11898869003877602,0.01967390812933445,0.017772823572158813,-0.0009818812995623866
2025-01-31,MC.PA,-0.01821750657267094,0.024122891947627068,0.025464287027716637,0.003241430892398157
2025-02-28,MC.PA,-0.1951535355167464,0.014433842152357101,0.012681636959314346,0.003937593113438467
2025-03-31,MC.PA,-0.14339957357142888,0.03368913009762764,0.026192791759967804,-0.0009536065343701426
2025-04-30,MC.PA,-0.013723572779607911,0.014902083203196526,0.007352156564593315,-0.0028124591591206136
2025-05-30,MC.PA,-0.0729585932181026,0.024139991030097008,0.022683035582304,-0.0038016355133049114
2025-06-30,MC.PA,0.06571863826517806,0.004776980262249708,0.016540760174393654,-0.007903226737073407
2025-07-31,MC.PA,0.06505435159670651,0.009919033385813236,0.008196826092898846,-0.008102310662105082
2025-08-29,MC.PA,0.03699802833012081,-0.013891799375414848,-0.011530688032507896,-0.0035845587955384162
2025-09-30,MC.PA,0.17299224777693825,0.027298595756292343,0.027606161311268806,-0.005155686209419358
2025-10-31,MC.PA,0.048782493144565245,-0.020629465579986572,-0.02064957283437252,-0.0021095973276959138
2025-11-28,MC.PA,0.014556194770208326,0.010140151716768742,0.00973440520465374,-0.0009164867579259322
2019-01-31,MUV2.DE,0.06950688520890413,0.003410439472645521,0.006038852035999298,0.00575186876484869
2019-02-28,MUV2.DE,0.018656560176356796,0.002057945355772972,0.004816477652639151,0.008293706102157442
2019-03-29,MUV2.DE,0.05531361285603321,0.005934313405305147,0.004632965661585331,0.008166914024556628
2019-04-30,MUV2.DE,0.009081319559319158,-0.0008210490923374891,0.00015781891124788672,0.01058455368223547
2019-05-31,MUV2.DE,0.03008433530869292,0.010614411905407906,0.012004740536212921,0.015027712724841219
2019-06-28,MUV2.DE,0.004971826478352825,0.0030079393181949854,0.0020090569742023945,0.01485981033314691
2019-07-31,MUV2.DE,0.0036664212665573144,0.012894759885966778,0.011615196242928505,0.012287800614749619
2019-08-30,MUV2.DE,0.08571038869293605,0.005727534182369709,0.007088266778737307,0.0111353542814554
2019-09-30,MUV2.DE,0.05490939660250066,0.0036159842275083065,0.0014580979477614164,0.011601394680888315
2019-10-31,MUV2.DE,0.045533787375360006,0.0056046354584395885,0.005255714990198612,0.01368311990925634
2019-11-29,MUV2.DE,0.009167275715129696,0.0032561502885073423,0.0026207882910966873,0.01406728877525196
2019-12-31,MUV2.DE,0.021813549676481542,0.0035484209656715393,0.0032043473329395056,0.01467242290439937
2020-01-31,MUV2.DE,-0.12844795952794863,0.009709084406495094,0.010172099806368351,0.014885868817970667
2020-02-28,MUV2.DE,-0.24041357715734007,0.056740738451480865,0.09822621196508408,0.010728524567233005
2020-03-31,MUV2.DE,0.13225066316552808,-0.08617740869522095,-0.05631128326058388,0.003372247607045859
2020-04-30,MUV2.DE,0.018747507688279985,0.035865698009729385,0.03003186173737049,0.007878201089902238
2020-05-29,MUV2.DE,0.1047737001183573,0.0046090129762887955,0.006923364941030741,0.007535419409861009
2020-06-30,MUV2.DE,0.01628843949845311,0.0286246445029974,0.027124252170324326,0.010421518154376728
2020-07-31,MUV2.DE,0.07248628262533179,0.006993521470576525,0.0028168947901576757,0.010654584696680248
2020-08-31,MUV2.DE,-0.10274364850980747,-0.003993708174675703,-0.005298578646034002,0.012462335854006135
2020-09-30,MUV2.DE,-0.0727595227431965,-0.010901767760515213,-0.011202079243957996,0.006699691871422682
2020-10-30,MUV2.DE,0.15130084070824557,-0.0026042351964861155,-0.004854715894907713,0.005423021374769145
2020-11-30,MUV2.DE,0.03862775640437956,0.04876919463276863,0.047718681395053864,0.010463334525168863
2020-12-31,MUV2.DE,-0.0841697281881835,-0.0031579448841512203,-0.0019568894058465958,0.010224093559240711
2021-01-29,MUV2.DE,0.11473155573414903,-0.011690854094922543,-0.01312336791306734,0.008486245803817441
2021-02-26,MUV2.DE,0.06838917051284087,-0.0014032708713784814,-0.003339651506394148,0.011362512469642176
2021-03-31,MUV2.DE,-0.04845625467403323,0.003132340731099248,0.0043699597008526325,0.011449513891129297
2021-04-30,MUV2.DE,-0.018876514760448486,0.007595041301101446,0.008837462402880192,0.010382909572638582
2021-05-31,MUV2.DE,-0.011284969715188643,0.00016861197946127504,-0.00019476524903438985,0.011392877954962848
2021-06-30,MUV2.DE,-0.004991867711501111,0.005926268175244331,0.004684076644480228,0.00963449951736211
2021-07-30,MUV2.DE,0.08713929587653793,0.00843625608831644,0.009016220457851887,0.009026397156896682
2021-08-31,MUV2.DE,-0.03223767490559469,0.002678598975762725,-0.0007234450313262641,0.010557492150333353
2021-09-30,MUV2.DE,0.07832037974795628,0.009037766605615616,0.006720104720443487,0.010634950567898723
2021-10-29,MUV2.DE,-0.06907657221082467,-0.0024730360601097345,-0.002406786195933819,0.011263631648588271
2021-11-30,MUV2.DE,0.08867071813536169,0.014408472925424576,0.006045464426279068,0.01036854127728764
2021-12-31,MUV2.DE,0.06878816960193601,0.0026801445055752993,0.0018681285437196493,0.011370029096572268
2022-01-31,MUV2.DE,-0.17137994582388602,7.403796189464629e-05,0.0007085538818500936,0.011800175949802292
2022-02-28,MUV2.DE,-0.001822382107748668,0.02150379680097103,0.014880063012242317,0.008147821845133458
2022-03-31,MUV2.DE,-0.03563070186398912,0.026407839730381966,0.022099727764725685,0.0059029620990337
2022-04-29,MUV2.DE,0.014413840022369612,0.022501029074192047,0.02069558948278427,0.005092016268440321
2022-05-31,MUV2.DE,-0.01951279156203826,0.004794069565832615,-0.0012874577660113573,0.004504304897523268
2022-06-30,MUV2.DE,-0.013923389645233462,0.007758783642202616,0.004798556212335825,0.004390462727160014
2022-07-29,MUV2.DE,0.05841393650733114,0.005956290755420923,0.003899927018210292,0.004220971459184788
2022-08-31,MUV2.DE,0.030186313751375236,-0.0031482058111578226,-0.002477288246154785,0.003730402995091506
2022-09-30,MUV2.DE,0.0773349890623208,0.003366013988852501,0.0066025457344949245,0.0032690282442769084
2022-10-31,MUV2.DE,0.12002438406926536,-0.01894129253923893,-0.02121545933187008,0.004373802431867949
2022-11-30,MUV2.DE,0.009253156618791948,-0.014354047365486622,-0.011654485017061234,0.007404190597034344
2022-12-30,MUV2.DE,0.08629834402179003,0.010112028568983078,0.007964625023305416,0.00672655496948835
2023-01-31,MUV2.DE,-0.010019955820211857,0.00412788288667798,0.0019988419953733683,0.01366474009418381
2023-02-28,MUV2.DE,-0.011411095095251714,0.021704819053411484,0.02234332449734211,0.01976067262008326
2023-03-31,MUV2.DE,0.038624381627867944,0.008611819706857204,0.008984219282865524,0.01553621455040324
2023-04-28,MUV2.DE,0.01653545286116041,-0.0036036972887814045,-0.0015240638749673963,0.015800491225199075
2023-05-31,MUV2.DE,0.013973752540148718,-0.0015361049445345998,-0.0021118351723998785,0.014048119426629065
2023-06-30,MUV2.DE,-0.0029146821107446695,-0.004242305643856525,-0.002462116302922368,0.013873998635123556
2023-07-31,MUV2.DE,0.04592281452483772,-0.0014804130187258124,-0.0013859219616279006,0.013081790779274356
2023-08-31,MUV2.DE,0.0299761096201672,-0.004872324410825968,-0.004693599417805672,0.01712665973454223
2023-09-29,MUV2.DE,0.028050472583054403,-0.0007462198263965547,-0.001035620691254735,0.0203728387717586
2023-10-31,MUV2.DE,0.023499777201746147,-0.0007590307504869998,-0.0003449529758654535,0.01649038597018309
2023-11-30,MUV2.DE,-0.033830978943073485,-0.007445350755006075,-0.007900568656623363,0.016566104190781812
2023-12-29,MUV2.DE,0.04814254478631736,0.010785621590912342,0.011672040447592735,0.017357489926443776
2024-01-31,MUV2.DE,0.08785656424960515,-0.004929469432681799,-0.00723348930478096,0.016510853789652634
2024-02-29,MUV2.DE,0.04963062793356375,-0.003233319614082575,-0.003727769246324897,0.016816865904144947
2024-03-28,MUV2.DE,-0.051667620349981964,4.00381104554981e-05,-0.0008045665454119444,0.0190145808212159
2024-04-30,MUV2.DE,0.10361224008766916,0.014869716949760914,0.013583219610154629,0.01874807296907304
2024-05-31,MUV2.DE,0.019464292926433098,0.0005013613263145089,-0.0003112228587269783,0.022281305217277548
2024-06-28,MUV2.DE,-0.034197059557966016,-0.0015555238351225853,-0.0021959501318633556,0.023112026797734348
2024-07-31,MUV2.DE,0.06890504191610439,0.00019395827257540077,-0.003295548027381301,0.02009017916865805
2024-08-30,MUV2.DE,0.010166797840507863,0.001769628725014627,0.002563404617831111,0.0231022877271283
2024-09-30,MUV2.DE,-0.04172432214983688,0.0019484597723931074,0.0026777524035423994,0.02171978328441646
2024-10-31,MUV2.DE,0.049984385447625686,0.012236897833645344,0.012302353978157043,0.022141538901005956
2024-11-29,MUV2.DE,-0.01467310650347466,-0.007921411655843258,-0.007459746673703194,0.021066918548568868
2024-12-31,MUV2.DE,0.077971711232686,0.0006950204260647297,0.0021227712277323008,0.018628980741080214
2025-01-31,MUV2.DE,0.07235621306038761,0.0010766001651063561,0.00034123240038752556,0.02405876702947007
2025-02-28,MUV2.DE,0.06344025659382597,0.008092478848993778,0.008692401461303234,0.026172643047757127
2025-03-31,MUV2.DE,0.032435189964274413,0.005613032728433609,0.00523466756567359,0.028431908514117983
2025-04-30,MUV2.DE,-0.03072863635405659,-0.0058851949870586395,-0.004250580910593271,0.02927909387453879
2025-05-30,MUV2.DE,-0.03708104543074868,0.0117433350533247,0.012417936697602272,0.029323376368109826
2025-06-30,MUV2.DE,0.04475181217616625,0.01404888927936554,0.0130690336227417,0.02838155148336706
2025-07-31,MUV2.DE,-0.05536139040785423,0.003188097383826971,0.0026720461901277304,0.027760023718834806
2025-08-29,MUV2.DE,-0.0007346461753499556,0.011387827806174755,0.010663180612027645,0.025066077905175108
2025-09-30,MUV2.DE,0.00513957991732389,0.010850226506590843,0.011860737577080727,0.02270224263769702
2025-10-31,MUV2.DE,0.007059264239872523,0.008485598489642143,0.009663536213338375,0.019491602189692283
2025-11-28,MUV2.DE,0.032908443524756956,0.004487657453864813,0.0025662011466920376,0.01895732248478415
2019-01-31,NESN.SW,0.05537678764522576,0.004376573022454977,0.0020158246625214815,0.007034402551553063
2019-02-28,NESN.SW,0.0686577316473211,0.006596955470740795,0.006119622383266687,0.00822147678344186
2019-03-29,NESN.SW,0.03741491827347673,0.003909974824637175,0.002932584611698985,0.008783045868463507
2019-04-30,NESN.SW,0.01687330563900024,-0.0013679550029337406,-0.0022769367787986994,0.00963027631857732
2019-05-31,NESN.SW,0.018724033048042266,0.0015503581380471587,0.004096119198948145,0.010600665489061873
2019-06-28,NESN.SW,0.04494925413343605,0.01085885800421238,0.00958133116364479,0.008900549125897132
2019-07-31,NESN.SW,0.05780519088534906,0.005454550962895155,0.0029132908675819635,0.010634573979769807
2019-08-30,NESN.SW,-0.019371495575151446,0.01351911574602127,0.009800559841096401,0.012889823557448412
2019-09-30,NESN.SW,-0.05111155412618286,0.015161944553256035,0.015520352870225906,0.013631213837484162
2019-10-31,NESN.SW,-0.010104050780324631,0.0015191069105640054,0.004610958509147167,0.013424856713684109
2019-11-29,NESN.SW,0.017998400960137544,0.002620259765535593,0.007122620940208435,0.011484760612137594
2019-12-31,NESN.SW,0.04339933010905045,-0.003301365301012993,-0.0011766916140913963,0.012172895786629846
2020-01-31,NESN.SW,-0.052841268739148566,0.002931472845375538,0.0032976074144244194,0.01228250221512803
2020-02-28,NESN.SW,0.015648491072354567,0.00503606628626585,0.010035657323896885,0.00939443312907024
2020-03-31,NESN.SW,0.04954791798757583,-0.010222265496850014,-0.011336090043187141,0.009173727444224166
2020-04-30,NESN.SW,0.010817803872523376,0.005999131128191948,0.0051905070431530476,0.008867548312326489
2020-05-29,NESN.SW,0.014225602080120343,0.006437751464545727,0.0050522880628705025,0.008104504280579454
2020-06-30,NESN.SW,0.04938197530652302,0.004997726529836655,0.003201582469046116,0.009999042146759804
2020-07-31,NESN.SW,0.00596675923752718,-0.00023931715986691415,-0.002509317360818386,0.012119940988786831
2020-08-31,NESN.SW,0.00872153271021932,0.0030011197086423635,0.0015779847744852304,0.01162845041658119
2020-09-30,NESN.SW,-0.04955417827625504,0.003910483326762915,0.002766550285741687,0.012225471475250303
2020-10-30,NESN.SW,-0.031424933158793904,0.0037735062651336193,0.0010529180290177464,0.010191421479829913
2020-11-30,NESN.SW,0.029261094565453127,0.0004479681374505162,-0.00032731646206229925,0.009746865503583205
2020-12-31,NESN.SW,-0.016221733402369754,0.0034127631224691868,0.0032175069209188223,0.011450273808077404
2021-01-29,NESN.SW,-0.04997817907579405,0.009225107729434967,0.00957490410655737,0.011601524848018723
2021-02-26,NESN.SW,0.0964132179662602,0.019548431038856506,0.014694911427795887,0.011305982207536066
2021-03-31,NESN.SW,0.06058085816396576,0.005808931775391102,0.004456595983356237,0.012512587215180004
2021-04-30,NESN.SW,0.020959001510824655,0.0036499013658612967,0.003272779518738389,0.013268801341872742
2021-05-31,NESN.SW,0.049724533652848436,0.003528331872075796,0.00543125718832016,0.01425938425317795
2021-06-30,NESN.SW,0.0035094888126381376,0.006946676876395941,0.003674796549603343,0.013464607420832343
2021-07-30,NESN.SW,0.02008385244000841,0.006023484747856855,0.005425598938018084,0.01334517425021474
2021-08-31,NESN.SW,-0.03237485491832272,0.00385200884193182,0.0031536950264126062,0.013470189628053575
2021-09-30,NESN.SW,0.08706664892988962,0.005979073699563742,0.00555135915055871,0.011707440019552534
2021-10-29,NESN.SW,0.014209773890561956,-0.012448673136532307,-0.009050535038113594,0.013698580141209898
2021-11-30,NESN.SW,0.08832425289077013,0.002911257091909647,0.002270528580993414,0.01577788823176851
2021-12-31,NESN.SW,-0.06810965632772163,0.0023234542459249496,0.0028057838790118694,0.015344487416367712
2022-01-31,NESN.SW,0.020457563319246495,0.010186798870563507,0.010255835950374603,0.012368418705328614
2022-02-28,NESN.SW,0.018731474540640645,-0.009081932716071606,-0.01058998703956604,0.010640001109627187
2022-03-31,NESN.SW,0.0721645900172686,-0.0004264370072633028,0.002046713139861822,0.009900226252846181
2022-04-29,NESN.SW,-0.0813058284007843,0.0007110289297997952,0.0006357278907671571,0.011629460137496711
2022-05-31,NESN.SW,-0.015071699987607198,0.007601263467222452,0.007209660951048136,0.008155601199679136
2022-06-30,NESN.SW,0.06826550626870531,-0.009441210888326168,-0.008387555368244648,0.006537079737971549
2022-07-29,NESN.SW,0.00205852870680175,-0.0010225219884887338,-0.001079877489246428,0.006927381266647492
2022-08-31,NESN.SW,-0.04420355550120398,0.0009846691973507404,0.00024393181956838816,0.00654669473073683
2022-09-30,NESN.SW,-0.01632734445457386,0.0017769892001524568,0.0015302934916689992,0.006322787011627066
2022-10-31,NESN.SW,0.030357798394304667,0.0003044210316147655,-8.177881682058796e-05,0.006132945867091665
2022-11-30,NESN.SW,-0.04598227659861822,-0.006112998351454735,-0.006079168524593115,0.006761653499822051
2022-12-30,NESN.SW,0.019928200325280164,0.0011250950628891587,0.0013252965873107314,0.004001175432681784
2023-01-31,NESN.SW,-0.04647012073392216,-0.0019801263697445393,-0.0020805702079087496,0.007043336795833232
2023-02-28,NESN.SW,0.04927376163195196,0.003368352772668004,0.005155620630830526,0.006304729541935197
2023-03-31,NESN.SW,0.06654748055048057,-0.003221374237909913,-0.0028085981030017138,0.005547526052672108
2023-04-28,NESN.SW,-0.005843928791826958,-0.0016065629897639155,-0.0019226584117859602,0.007462216860565955
2023-05-31,NESN.SW,-0.015745267926316635,0.004704917315393686,0.00725084263831377,0.005330486294758099
2023-06-30,NESN.SW,0.012125978413591438,0.004344897344708443,0.004883791785687208,0.0039442246108680745
2023-07-31,NESN.SW,0.0033277110625179944,-0.0014579151757061481,-0.0010702541330829263,0.004374269375446987
2023-08-31,NESN.SW,-0.032108685310202986,0.002440385753288865,0.0015022425213828683,0.004458156041200774
2023-09-29,NESN.SW,-0.046366682510337535,0.0058396244421601295,0.006659879814833403,0.004988191084413816
2023-10-31,NESN.SW,0.002802823712353679,0.007311419118195772,0.006896741688251495,0.004217162835527989
2023-11-30,NESN.SW,0.007478550512396311,0.013859997503459454,0.012383448891341686,0.0041216030845078805
2023-12-29,NESN.SW,0.015929081022388134,0.017159374430775642,0.017562653869390488,0.004557221666059085
2024-01-31,NESN.SW,-0.09055025885806813,0.01652592420578003,0.016815681010484695,0.006972811735922827
2024-02-29,NESN.SW,0.0149745854161383,0.021272610872983932,0.015656977891921997,0.0021958494469343443
2024-03-28,NESN.SW,-0.0063306510962439794,0.004677864722907543,0.005597663577646017,0.001259974447152448
2024-04-30,NESN.SW,-0.025220544739976383,0.010564171709120274,0.009258310310542583,0.00020812367848094875
2024-05-31,NESN.SW,-0.026889878474779267,0.016405312344431877,0.01732579432427883,0.0001843648658602031
2024-06-28,NESN.SW,-0.038585933253447856,0.014748512767255306,0.014904344454407692,-0.000607345442089402
2024-07-31,NESN.SW,0.04037171818161217,0.010179913602769375,0.009030546061694622,-0.001984348634896962
2024-08-30,NESN.SW,-0.07021813207233794,0.0022445512004196644,0.0007324282778427005,0.0004127442555990562
2024-09-30,NESN.SW,-0.01819136910970423,0.009192886762320995,0.008683113381266594,-0.00386020411784507
2024-10-31,NESN.SW,-0.05503065461691014,0.016040096059441566,0.01587299071252346,-0.005174682761286976
2024-11-29,NESN.SW,-0.030365590702572876,0.007787811569869518,0.0063046724535524845,-0.009156763525389201
2024-12-31,NESN.SW,0.04490956926468086,0.021039821207523346,0.020410660654306412,-0.007714480772142318
2025-01-31,NESN.SW,0.14025063065303778,0.008798002265393734,0.006581853609532118,-0.00732523737561857
2025-02-28,NESN.SW,0.006177091861022691,0.010540002956986427,0.009229917079210281,-0.004255436466678499
2025-03-31,NESN.SW,0.033736291259863355,0.011961357668042183,0.010357800871133804,-0.005786116711067966
2025-04-30,NESN.SW,-0.0027410350831565907,0.013241478241980076,0.013764727860689163,-0.002124343713367511
2025-05-30,NESN.SW,-0.10763328893984642,0.008145630359649658,0.008149259723722935,-0.0021785677087553276
2025-06-30,NESN.SW,-0.07981143224922364,0.017213663086295128,0.016856640577316284,-0.0070184532527441945
2025-07-31,NESN.SW,0.05128093645516548,0.017514584586024284,0.01596883498132229,-0.00997569213106337
2025-08-29,NESN.SW,-0.041688487014968835,0.004053755663335323,0.004923394415527582,-0.006572208103412327
2025-09-30,NESN.SW,0.08324542165806212,0.00239561777561903,0.004099848214536905,-0.0067481365996945935
2025-10-31,NESN.SW,0.03581971910274459,-0.006802621763199568,-0.014553558081388474,-0.0066473897096268365
2025-11-28,NESN.SW,-0.008916401724878812,0.004222156945616007,0.005760326515883207,-0.004116960620202947
2019-01-31,NOVN.SW,0.05842036832565544,0.00731380470097065,0.007043798454105854,0.006229827344491944
2019-02-28,NOVN.SW,0.1082116240053251,0.001255498267710209,0.0007501011132262647,0.007916919406532347
2019-03-29,NOVN.SW,-0.03838070275927274,-0.0009832134237512946,-0.006556712090969086,0.009933592368353228
2019-04-30,NOVN.SW,0.05743881371440705,0.0042588971555233,0.006843851879239082,0.007499736133365742
2019-05-31,NOVN.SW,0.05453436226638658,0.004084658809006214,0.005786354187875986,0.009391244119503464
2019-06-28,NOVN.SW,0.030505256718556438,0.0039570932276546955,0.004127305932343006,0.008464699166841276
2019-07-31,NOVN.SW,-0.02506469789910217,0.01918851211667061,0.01893703080713749,0.011157860908769775
2019-08-30,NOVN.SW,-0.022704153592503263,0.015191770158708096,0.012671098113059998,0.010507216572943685
2019-09-30,NOVN.SW,-0.005240970678861668,0.0053570023737847805,0.004678767640143633,0.01166821534262757
2019-10-31,NOVN.SW,0.07032531010662658,0.004258781671524048,0.0039250608533620834,0.011623032671857974
2019-11-29,NOVN.SW,0.008017354942263995,0.003874419257044792,0.0011655179550871253,0.01221463106015445
2019-12-31,NOVN.SW,0.019311457797183382,0.0006353522767312825,0.0015395268565043807,0.01331028026920073
2020-01-31,NOVN.SW,-0.10238585372346629,0.007819035090506077,0.006784152239561081,0.011135374116982769
2020-02-28,NOVN.SW,0.001391015057958325,0.01367068663239479,0.01786847412586212,0.008504799039881166
2020-03-31,NOVN.SW,0.029281765575682073,-0.012464690953493118,-0.016326073557138443,0.008446466080307068
2020-04-30,NOVN.SW,0.0010826929140242702,-0.00325794261880219,0.0018472024239599705,0.008842154476123465
2020-05-29,NOVN.SW,0.00815785831976608,0.006560243666172028,-0.001182679203338921,0.007085382901484083
2020-06-30,NOVN.SW,-0.07237543657563122,0.0056933206506073475,0.002691501285880804,0.00832908529033469
2020-07-31,NOVN.SW,0.035206905132877865,0.0036057077813893557,0.0032584834843873978,0.006928413067322158
2020-08-31,NOVN.SW,0.029310671202214627,0.0062749856151640415,-0.0011272256961092353,0.006801244680895923
2020-09-30,NOVN.SW,-0.10746443345439391,0.009663277305662632,0.010348157025873661,0.008482513744238017
2020-10-30,NOVN.SW,0.12782236329164312,0.004322765860706568,0.00435313954949379,0.005108760803903965
2020-11-30,NOVN.SW,0.015909240885407332,0.0004715829563792795,0.006453162990510464,0.008824982357622968
2020-12-31,NOVN.SW,-0.03130925363424975,0.007535921409726143,0.0077629704028368,0.007604878155422398
2021-01-29,NOVN.SW,-0.02888280750287713,-0.011738725937902927,0.0026187519542872906,0.008626169105696468
2021-02-26,NOVN.SW,0.08640965630550163,0.00614233547821641,0.006627372000366449,0.008624454642780043
2021-03-31,NOVN.SW,-0.03350663508316367,0.0026102447882294655,0.001372125931084156,0.010461987119058066
2021-04-30,NOVN.SW,0.016620283243537818,0.007958102971315384,0.006656053476035595,0.008881714784398944
2021-05-31,NOVN.SW,0.06952017510560406,0.003239954588934779,0.00880157295614481,0.010203589367290773
2021-06-30,NOVN.SW,0.007256555879590267,0.006134354509413242,0.00611286424100399,0.008711372420611374
2021-07-30,NOVN.SW,0.0035350608383986795,0.0031139859929680824,0.0034272545017302036,0.008857500357363286
2021-08-31,NOVN.SW,-0.09701576152405303,0.0015738258371129632,5.6320390285691246e-05,0.008387724688901144
2021-09-30,NOVN.SW,0.0018842590710336712,0.008475317619740963,0.013775280676782131,0.005229807076300645
2021-10-29,NOVN.SW,0.001504576491704068,0.002609789138659835,0.001661878195591271,0.003965149162975067
2021-11-30,NOVN.SW,0.0940003412648348,0.00202872883528471,-0.00036209431709721684,0.005904409876319054
2021-12-31,NOVN.SW,-0.0021297724528872297,-0.0005327441613189876,-0.0029243030585348606,0.007434359924965834
2022-01-31,NOVN.SW,0.01470172994478253,0.0046944585628807545,0.00442306324839592,0.005676819050047181
2022-02-28,NOVN.SW,0.06815394130295756,0.0007981042726896703,0.00012556399451568723,0.003062489937137659
2022-03-31,NOVN.SW,0.05650330932743289,-0.003780396655201912,-0.003408248769119382,0.0055489962187996855
2022-04-29,NOVN.SW,0.0026926699424727235,0.00010994711919920519,0.0010196738876402378,0.005953010500864374
2022-05-31,NOVN.SW,-0.042467229304928786,-0.005300190765410662,-0.00467627914622426,0.004685664864018532
2022-06-30,NOVN.SW,0.03495641483377752,0.00025036634178832173,-0.006313560996204615,0.003051776419330447
2022-07-29,NOVN.SW,-0.011014020805937327,-0.0022821163292974234,-0.0035360383335500956,0.004564707500862378
2022-08-31,NOVN.SW,-0.02630955075426392,-0.004738787654787302,-0.0055231694132089615,0.003826084944127888
2022-09-30,NOVN.SW,0.03421797989922206,-0.0016453892458230257,9.718007277115248e-06,0.0034812594380874756
2022-10-31,NOVN.SW,0.039437476597437675,-0.006637669634073973,-0.007110590115189552,0.0025612319216714832
2022-11-30,NOVN.SW,0.0006939851881529577,-0.008482936769723892,-0.009078883565962315,0.00355050520436917
2022-12-30,NOVN.SW,-0.02212329417256603,-0.0013324945466592908,-0.000654272676911205,0.002599992041739761
2023-01-31,NOVN.SW,-0.04022487735677795,0.007642172276973724,0.010616623796522617,0.005450733810287082
2023-02-28,NOVN.SW,0.08472818860482811,0.005442061461508274,0.0047440072521567345,0.005380413458588195
2023-03-31,NOVN.SW,0.10964329313072393,-0.0024795900098979473,-0.002929065376520157,0.005752943229971639
2023-04-28,NOVN.SW,-0.008791294726619655,-0.001352816354483366,0.0012370111653581262,0.008752718333325114
2023-05-31,NOVN.SW,0.01572923654150474,0.011864818632602692,0.010178744792938232,0.007268149208533309
2023-06-30,NOVN.SW,0.030658865209548972,1.5157183952396736e-08,0.0006032492383383214,0.01050268627642908
2023-07-31,NOVN.SW,-0.002926008223190499,-0.010168705135583878,-0.008997796103358269,0.01066671359497858
2023-08-31,NOVN.SW,0.04300677381116655,-0.0018023625016212463,-0.002298572566360235,0.009672196832647837
2023-09-29,NOVN.SW,-0.03638218421547958,-0.003522921120747924,-0.0033556476701050997,0.01381967001686129
2023-10-31,NOVN.SW,-0.0045075426410236255,0.0022284872829914093,0.001027112128213048,0.009530815196684417
2023-11-30,NOVN.SW,0.023231244983062206,-0.001299730152823031,-0.003414132632315159,0.008915642743209379
2023-12-29,NOVN.SW,0.08752149783008087,0.003245295723900199,0.0035827893298119307,0.009654521878591208
2024-01-31,NOVN.SW,-0.018055064113862363,0.004075113218277693,0.004937867633998394,0.012673535511631666
2024-02-29,NOVN.SW,-0.014651593360050145,-0.002724220510572195,-0.003147929674014449,0.010522701945084766
2024-03-28,NOVN.SW,0.017768689437125798,0.007614812348037958,0.00866712722927332,0.011053887729107512
2024-04-30,NOVN.SW,0.0021662167526334056,0.0026845086831599474,0.0057320138439536095,0.011217008092928459
2024-05-31,NOVN.SW,0.04977551799609444,0.004681287333369255,0.00787048414349556,0.010861613165961445
2024-06-28,NOVN.SW,0.022154580272411385,-0.0025789651554077864,-0.0043909624218940735,0.011935268554864794
2024-07-31,NOVN.SW,0.051941908060506366,0.000655554176773876,-0.00121433031745255,0.012696164627342243
2024-08-30,NOVN.SW,-0.051211920860207406,0.005057180300354958,-0.00017470872262492776,0.016756196029171232
2024-09-30,NOVN.SW,-0.01019404951628511,0.004049464128911495,0.0055968547239899635,0.015051842056047579
2024-10-31,NOVN.SW,0.003857976623648635,0.0111699802801013,0.012727244757115841,0.014583145963777423
2024-11-29,NOVN.SW,-0.05946176004328951,0.002354245400056243,0.00593225285410881,0.012079191390411149
2024-12-31,NOVN.SW,0.05131228305373309,0.0033907382749021053,0.006898547522723675,0.010679658780912545
2025-01-31,NOVN.SW,0.040486467409155555,0.003981614485383034,0.009730454534292221,0.012308600227703427
2025-02-28,NOVN.SW,0.017989311039779736,0.009215089492499828,0.008628403767943382,0.011335443698458094
2025-03-31,NOVN.SW,-0.025749580733900896,0.011192912235856056,0.01292024739086628,0.010017988955205843
2025-04-30,NOVN.SW,-0.011482433396966486,0.029002005234360695,0.025121966376900673,0.009161310743108823
2025-05-30,NOVN.SW,0.02149844717346639,0.01222585141658783,0.012578959576785564,0.010675319325495864
2025-06-30,NOVN.SW,-0.0101924749447311,0.007204811554402113,0.007571355905383825,0.009942426213499155
2025-07-31,NOVN.SW,0.06408310651716763,0.011240447871387005,0.01152823492884636,0.0100367319785164
2025-08-29,NOVN.SW,-0.01800787675665895,0.004025716334581375,0.004022647626698017,0.013848839033552496
2025-09-30,NOVN.SW,-0.004366050745981295,0.008622919209301472,0.008350481279194355,0.013033003275035746
2025-10-31,NOVN.SW,0.04433354828820178,0.01230329554527998,0.013172573409974575,0.011179915122775115
2025-11-28,NOVN.SW,0.052673458273616774,0.0056342086754739285,0.005104935262352228,0.01223537924621307
2019-01-31,OR.PA,0.061380227345638305,0.0010426873341202736,0.00037282516132108867,0.00969408586182241
2019-02-28,OR.PA,0.07757847000989908,0.007143409922719002,0.009338440373539925,0.01120308606534855
2019-03-29,OR.PA,0.037785353641471564,0.005216360557824373,0.004318630788475275,0.01228869510438408
2019-04-30,OR.PA,-0.01977826813411403,-0.004856185056269169,-0.007829868234694004,0.012483523071759903
2019-05-31,OR.PA,0.036353022164425056,0.015397927723824978,0.015403557568788528,0.01228485547473511
2019-06-28,OR.PA,0.002392351786480908,0.012368323281407356,0.013598604127764702,0.011389001900964072
2019-07-31,OR.PA,0.029719340305828568,0.0239398330450058,0.024392064660787582,0.011161008792143559
2019-08-30,OR.PA,0.03284174277927852,0.0074669234454631805,0.004773169290274382,0.012567297941220924
2019-09-30,OR.PA,-0.04906267165874772,0.006057209800928831,0.004431063309311867,0.01364675163100679
2019-10-31,OR.PA,-0.01191166499032553,0.0016447819070890546,0.0018376657972112298,0.014816221100915739
2019-11-29,OR.PA,0.017245153974978913,-0.001731799216940999,-0.0019045555964112282,0.012682949664695855
2019-12-31,OR.PA,-0.01680709762729422,0.0036380894016474485,0.0027156418655067682,0.013472383177562768
2020-01-31,OR.PA,-0.017621579504629198,0.006599273532629013,0.013885204680263996,0.011527958889233709
2020-02-28,OR.PA,0.02175328843004511,0.0021687059197574854,0.005563856568187475,0.009641532903326885
2020-03-31,OR.PA,0.10481621248510448,-0.022608626633882523,-0.010781567543745041,0.008440206929832852
2020-04-30,OR.PA,-0.0128984788976165,0.007144432980567217,0.01739039458334446,0.01036494054365532
2020-05-29,OR.PA,0.08557848137372387,-0.021210232749581337,-0.022219767794013023,0.009103401009350746
2020-06-30,OR.PA,0.025237192463999997,-0.01292594987899065,-0.013231474906206131,0.013669544434012297
2020-07-31,OR.PA,-0.021790688188699232,-0.002819158835336566,-0.00143178622238338,0.014311590850527923
2020-08-31,OR.PA,0.01647614671477618,0.0027832509949803352,0.002992375288158655,0.013124902688421999
2020-09-30,OR.PA,0.005388884188002584,-0.003934093285351992,-0.0038601760752499104,0.012163471365179776
2020-10-30,OR.PA,0.0996545213681,-0.013411430642008781,-0.013399498537182808,0.012478197411755501
2020-11-30,OR.PA,0.020645905773530638,0.001104750786907971,-0.0008144003804773092,0.01498604264077636
2020-12-31,OR.PA,-0.04710228488159534,-0.0009447397897019982,-0.0007596786599606276,0.016126696871544555
2021-01-29,OR.PA,0.05237833491944432,0.0029711630195379257,0.002759708324447274,0.014503021340499522
2021-02-26,OR.PA,0.07566386109044725,0.0007040795171633363,0.002527125645428896,0.016600436393461614
2021-03-31,OR.PA,0.0561774185259534,0.007033211179077625,0.003964901436120272,0.014878819902639112
2021-04-30,OR.PA,0.07511096914155202,0.006690876558423042,0.005250209476798773,0.014915914978216512
2021-05-31,OR.PA,0.039789743039587606,-0.00343125918880105,-0.005373933352530003,0.017109368115364874
2021-06-30,OR.PA,0.023926430210125093,0.014852866530418396,0.013139084912836552,0.01736270962603697
2021-07-30,OR.PA,0.028861676558857883,0.004680749028921127,0.0065050916746258736,0.01832572852009632
2021-08-31,OR.PA,-0.0869426979731009,0.012023872695863247,0.012323461472988129,0.01937360425549923
2021-09-30,OR.PA,0.10144362411802482,0.012738279066979885,0.001985612791031599,0.01877121509886807
2021-10-29,OR.PA,0.01719526728176755,-0.018863141536712646,-0.014182157814502716,0.01934648102881213
2021-11-30,OR.PA,0.05231788345614497,-0.004336324520409107,-0.005075203254818916,0.020829093164805957
2021-12-31,OR.PA,-0.10111912064641283,0.004145341459661722,0.0048857638612389565,0.02042198050561724
2022-01-31,OR.PA,-0.08902759882239458,0.008736683987081051,0.009622202254831791,0.01584290278899249
2022-02-28,OR.PA,0.039356192142479755,0.009027757681906223,0.007605656050145626,0.012168149090185881
2022-03-31,OR.PA,-0.053207535231873555,0.024268949404358864,0.02711034007370472,0.011663198631674051
2022-04-29,OR.PA,-0.05055437625131578,0.029489941895008087,0.027393730357289314,0.011444211619676558
2022-05-31,OR.PA,0.006673716322721472,0.03287935256958008,0.033018603920936584,0.008620122696419862
2022-06-30,OR.PA,0.11138558526404795,-0.009123737923800945,-0.007073064334690571,0.009029361746932783
2022-07-29,OR.PA,-0.05946232157486042,-0.00828658975660801,-0.032671969383955,0.012247188183895549
2022-08-31,OR.PA,-0.059723577090283406,0.001991184428334236,0.002448928076773882,0.00913517877713711
2022-09-30,OR.PA,-0.03748432144153872,0.0014407652197405696,-0.000547015224583447,0.0074002843522162414
2022-10-31,OR.PA,0.08839894483623985,0.006662573199719191,0.009524345397949219,0.0070106652537078595
2022-11-30,OR.PA,-0.061611370822502794,-0.0037339949049055576,-0.0015751313185319304,0.009381505140236439
2022-12-30,OR.PA,0.1310177342417953,0.005879309959709644,0.006186211481690407,0.007765227780248389
2023-01-31,OR.PA,-0.01613258648409057,-0.014450487680733204,-0.008514572866261005,0.013592328396037624
2023-02-28,OR.PA,0.07149574680849755,-0.0015657346230000257,-0.0008673656266182661,0.013490223225061425
2023-03-31,OR.PA,0.06029984675008506,-0.008732781745493412,-0.011273633688688278,0.013262066868614555
2023-04-28,OR.PA,-0.058525403497168706,-0.0032595305237919092,-0.004610178526490927,0.016560623816555455
2023-05-31,OR.PA,0.05057877223651875,0.02187466248869896,0.01606929302215576,0.01079132707974331
2023-06-30,OR.PA,-0.00917323956924351,-0.0017177106346935034,-0.0029061180539429188,0.011941836708794994
2023-07-31,OR.PA,-0.03376313590325834,0.0006800533155910671,0.0005913007189519703,0.012525589311343448
2023-08-31,OR.PA,-0.031541939848436826,-0.001953062484972179,-0.0028221611864864826,0.011270404086268214
2023-09-29,OR.PA,-0.002929120597219307,0.010846107266843319,0.00947626307606697,0.010661955857459906
2023-10-31,OR.PA,0.086285471645233,0.0018675102619454265,0.0014557664981111884,0.007985772273700823
2023-11-30,OR.PA,0.029149902531977055,-0.003644110867753625,-0.003593484638258815,0.00998302063830171
2023-12-29,OR.PA,-0.009699704461725626,0.004416635725647211,0.0022876926232129335,0.012656099346895327
2024-01-31,OR.PA,-0.006768992507012356,-0.011657108552753925,-0.016388488933444023,0.011522284931667503
2024-02-29,OR.PA,-0.006929079593231786,0.00029423958039842546,-0.00575123680755496,0.009395382416985528
2024-03-28,OR.PA,0.010348698388065531,0.002129699569195509,0.002611544681712985,0.007943591563771902
2024-04-30,OR.PA,0.0014773533361759467,0.0007583014667034149,-0.0010578869841992855,0.005884038237210929
2024-05-31,OR.PA,-0.09227342963119084,0.002272856654599309,0.0007869492983445525,0.006343780489131164
2024-06-28,OR.PA,-0.04348775084350561,-0.007392430678009987,-0.005101344082504511,0.0028988970621479896
2024-07-31,OR.PA,-0.00525527895678303,0.008052971214056015,0.005843502003699541,0.0014493913913739122
2024-08-30,OR.PA,0.013648276516074682,0.0057771941646933556,0.005278813652694225,0.0036452531230957894
2024-09-30,OR.PA,-0.12276995441263704,0.02297866716980934,0.02094234712421894,0.0018097844548431072
2024-10-31,OR.PA,-0.0463747650478295,0.01826806180179119,0.021784372627735138,-0.002786030939560054
2024-11-29,OR.PA,0.039378788500786986,0.004910468589514494,0.0026211875956505537,-0.005527493398003797
2024-12-31,OR.PA,0.0615447178405699,0.006008942611515522,0.009766976349055767,-0.0012169567521640445
2025-01-31,OR.PA,0.0015329431628357453,-0.008671040646731853,-0.013762952759861946,0.00148168729514052
2025-02-28,OR.PA,-0.029174963637204933,0.01393201295286417,0.014602657407522202,0.0011659159062217877
2025-03-31,OR.PA,0.12113155080143717,0.014196309261023998,0.01662924885749817,0.0009176236433763307
2025-04-30,OR.PA,-0.03755967273751525,0.01844804175198078,0.016653401777148247,0.006800473139578865
2025-05-30,OR.PA,-0.02529018271095264,0.014061606489121914,0.014257971197366714,0.004288220459889204
2025-06-30,OR.PA,0.028507427131548024,0.01185646653175354,0.011611396446824074,0.0019415324668115512
2025-07-31,OR.PA,0.021721996594442877,0.009178956039249897,0.009062894620001316,0.004053139136946641
2025-08-29,OR.PA,-0.08616634900201246,0.004334581550210714,0.004038495011627674,0.006609581275877963
2025-09-30,OR.PA,-0.0005428600461168975,0.016020866110920906,0.01559014618396759,0.005248296038568467
2025-10-31,OR.PA,0.041323730507682614,0.01705778017640114,0.015323738567531109,0.0020837249513043035
2025-11-28,OR.PA,-0.023299134209819043,0.01235460489988327,0.012268425896763802,0.004343827134556141
2019-01-31,PHIA.AS,0.029112302250666435,-0.0440341979265213,-0.04547732695937157,0.013185438561411585
2019-02-28,PHIA.AS,0.03688268966773116,0.0009288798319175839,-0.001555330934934318,0.01222363489604086
2019-03-29,PHIA.AS,0.04443386173941972,0.006947244517505169,0.006923608481884003,0.013236802576502407
2019-04-30,PHIA.AS,-0.04343850492072521,-0.00047326076310127974,0.0022275722585618496,0.014241490576105081
2019-05-31,PHIA.AS,0.09377029750306114,0.011171256192028522,0.012552106752991676,0.01647275925051021
2019-06-28,PHIA.AS,0.10741414084383578,0.007989443838596344,0.005387736950069666,0.014513292098692145
2019-07-31,PHIA.AS,-0.001648960436235337,0.0035021326038986444,0.003033989341929555,0.015861094287685524
2019-08-30,PHIA.AS,-0.009017994358981991,0.015945646911859512,0.012822737917304039,0.01558170306979397
2019-09-30,PHIA.AS,-0.09923547098022635,0.020921306684613228,0.018449855968356133,0.014231360164399496
2019-10-31,PHIA.AS,0.07065506435859137,0.02847295254468918,0.027367498725652695,0.011737214691059053
2019-11-29,PHIA.AS,0.033367696147283576,0.004450424108654261,0.0022549598943442106,0.012291906826018021
2019-12-31,PHIA.AS,-0.025482598098640345,0.002138053998351097,0.0021749900188297033,0.01414240294831833
2020-01-31,PHIA.AS,-0.0801837319761001,0.008520783856511116,0.008864892646670341,0.012538174261810364
2020-02-28,PHIA.AS,-0.05357943720927991,0.008444545790553093,0.013382305391132832,0.009576279781351955
2020-03-31,PHIA.AS,0.0731109466509904,-0.05326973274350166,-0.06363970041275024,0.00591914452102149
2020-04-30,PHIA.AS,0.026707954160809053,0.022393617779016495,0.017848964780569077,0.007792337492151345
2020-05-29,PHIA.AS,0.018340118575139116,-0.0073291221633553505,-0.005633335094898939,0.007322539510962289
2020-06-30,PHIA.AS,0.09636083108336554,0.003954469691962004,0.001254758215509355,0.008415479435290814
2020-07-31,PHIA.AS,-0.10197395966234155,0.00985791627317667,0.009802781976759434,0.010488374455976132
2020-08-31,PHIA.AS,0.017754946174127758,-0.09479590505361557,-0.09170766174793243,0.005662742624815352
2020-09-30,PHIA.AS,-0.001991982722996078,0.005064528435468674,0.0033330207224935293,0.005498277750070748
2020-10-30,PHIA.AS,0.08378789878419429,0.005810761824250221,0.008310544304549694,0.0073732405230682516
2020-11-30,PHIA.AS,0.022800717615960316,-0.00088684749789536,-0.0006273894105106592,0.010350460994424925
2020-12-31,PHIA.AS,0.0603826860194534,-0.0008495461661368608,-0.002595812315121293,0.008933186332670151
2021-01-29,PHIA.AS,0.017529576061532024,-0.008998771198093891,-0.007904304191470146,0.011458615193033001
2021-02-26,PHIA.AS,0.07135527117211522,-0.007739792577922344,-0.007736716885119677,0.012696365890671517
2021-03-31,PHIA.AS,-0.037574405041383374,0.002550077624619007,0.0005424584960564971,0.010745171440307276
2021-04-30,PHIA.AS,-0.0005656966129431398,-0.013474047183990479,-0.009716534055769444,0.008663289661663607
2021-05-31,PHIA.AS,-0.0937796939888314,0.0073089636862277985,0.006803213153034449,0.008682479271958064
2021-06-30,PHIA.AS,-0.07914582425316363,0.008452736772596836,0.012875248678028584,0.004165519366372377
2021-07-30,PHIA.AS,-0.018163377840551165,0.01784396916627884,0.01793333888053894,0.0021677398785590915
2021-08-31,PHIA.AS,-0.0003842150401521643,0.0014611250953748822,0.0057212417013943195,0.001237233557340832
2021-09-30,PHIA.AS,0.06034840002673535,0.007635021582245827,0.0075776404701173306,0.006712629443115396
2021-10-29,PHIA.AS,-0.24910695312646847,0.014401864260435104,0.014948599971830845,0.007379073919715891
2021-11-30,PHIA.AS,0.0443611895583388,0.0863613411784172,0.07895245403051376,0.0024999479301506134
2021-12-31,PHIA.AS,-0.10887652922376782,0.0020077312365174294,0.0017930299509316683,0.0013170093343441251
2022-01-31,PHIA.AS,0.00017018349791743278,0.009424838237464428,0.011261899024248123,-0.0031614093300007654
2022-02-28,PHIA.AS,-0.06836926540883564,0.009843563660979271,0.010556434281170368,-0.003132579397280079
2022-03-31,PHIA.AS,-0.10664345238632325,-0.00036388362059369683,0.0006764889694750309,-0.007030469555964474
2022-04-29,PHIA.AS,0.009634964652694129,0.07821989804506302,0.07489611953496933,-0.00870270335995027
2022-05-31,PHIA.AS,-0.15965424160900865,0.01430042739957571,0.014040721580386162,-0.010835618324881422
2022-06-30,PHIA.AS,-0.019651817788123895,0.036108843982219696,0.032542549073696136,-0.018013746978137277
2022-07-29,PHIA.AS,-0.18195447741456752,0.027807289734482765,0.034897416830062866,-0.01840841678211443
2022-08-31,PHIA.AS,-0.06233050660423387,0.006838901434093714,0.022883260622620583,-0.023958074396233455
2022-09-30,PHIA.AS,-0.22173839647667218,0.03536510467529297,0.02913585677742958,-0.0225415178849186
2022-10-31,PHIA.AS,0.09390500915295172,0.07380692660808563,0.08747595548629761,-0.03095761080740986
2022-11-30,PHIA.AS,-0.013335483577353988,0.06450321525335312,0.06377296894788742,-0.029085607664448083
2022-12-30,PHIA.AS,0.1727069233530513,-0.02474721148610115,-0.02229410596191883,-0.029077355987619995
2023-01-31,PHIA.AS,-0.04765264128465724,0.03099178522825241,0.03325189650058746,-0.022794745671511654
2023-02-28,PHIA.AS,0.005422111573548519,0.01641259714961052,0.01473564375191927,-0.020880336191728268
2023-03-31,PHIA.AS,0.1244920793181362,0.017278671264648438,0.012669573538005352,-0.021763503773997175
2023-04-28,PHIA.AS,-0.0021934104084228513,0.01719876192510128,0.020599544048309326,-0.01837693002998655
2023-05-31,PHIA.AS,0.09630914406336495,0.014251566492021084,0.013148118741810322,-0.020495874904663657
2023-06-30,PHIA.AS,-0.04650085739305906,-0.007170717231929302,-0.008092394098639488,-0.020503213910341996
2023-07-31,PHIA.AS,0.09296133755177535,0.03766681253910065,0.03661036491394043,-0.019401104815646386
2023-08-31,PHIA.AS,-0.09230522882676397,0.005747583694756031,0.005369691178202629,-0.01567166862227625
2023-09-29,PHIA.AS,-0.07691024896792986,0.016696622595191002,0.013942286372184753,-0.018335358507896766
2023-10-31,PHIA.AS,0.05065607208216113,0.008644727058708668,0.01097105909138918,-0.0217642026993173
2023-11-30,PHIA.AS,0.12480267300755785,0.007219132035970688,0.007066179532557726,-0.02115955044961609
2023-12-29,PHIA.AS,-0.056737277520631825,0.007553311996161938,0.007436980959028006,-0.01911793505527833
2024-01-31,PHIA.AS,-0.06659022539639949,-0.016188694164156914,-0.01611156202852726,-0.020566340084474357
2024-02-29,PHIA.AS,0.005605240399403697,0.0026694817934185266,0.002935877302661538,-0.023957215321349448
2024-03-28,PHIA.AS,0.31676172961421856,0.006616612430661917,0.0069887968711555,-0.023115323955227467
2024-04-30,PHIA.AS,0.0371538414483232,0.0735902339220047,0.07411444932222366,-0.014633157641382571
2024-05-31,PHIA.AS,-0.05919371331498941,0.002376206684857607,-0.0003721796674653888,-0.011236204993510475
2024-06-28,PHIA.AS,0.14276157624718874,0.024529213085770607,0.02561226487159729,-0.010459021637775382
2024-07-31,PHIA.AS,0.050468550576365165,-0.012782104313373566,-0.004361843690276146,-0.007425428180906326
2024-08-30,PHIA.AS,0.07809020431767492,-0.0008697669254615903,-0.0024774696212261915,-0.006848013057956483
2024-09-30,PHIA.AS,-0.1592053264551809,0.0059397267177701,0.0013706330209970474,-0.00582232140091257
2024-10-31,PHIA.AS,0.06694551373463739,0.040393054485321045,0.07775165140628815,-0.003975745768075911
2024-11-29,PHIA.AS,-0.05540381296724003,-0.011591547168791294,-0.010494852438569069,-0.0033484034298453874
2024-12-31,PHIA.AS,0.09605514156419272,0.00495366845279932,0.0058275144547224045,-0.0016332131641607751
2025-01-31,PHIA.AS,-0.0542962538548038,0.007318377494812012,0.007362642325460911,-0.0004017598681520024
2025-02-28,PHIA.AS,-0.07061761732141214,0.03343149274587631,0.03118073381483555,0.000630602463119054
2025-03-31,PHIA.AS,-0.04641809939148822,0.014794964343309402,0.015468587167561054,0.0019142349675637352
2025-04-30,PHIA.AS,-0.05573985652376571,0.03514353558421135,0.027677180245518684,0.0005032088456247882
2025-05-30,PHIA.AS,0.00787010874248363,0.014475170522928238,0.005681222770363092,0.0024374913140371066
2025-06-30,PHIA.AS,0.16825942919767842,-0.011114722117781639,-0.008166657760739326,0.002456982645012065
2025-07-31,PHIA.AS,0.01929309970612918,0.007484490517526865,0.008411490358412266,0.011801754270114689
2025-08-29,PHIA.AS,-0.02319687814247715,0.0038312976248562336,0.003440463449805975,0.013681833399654762
2025-09-30,PHIA.AS,0.038318826163292304,0.007073734886944294,0.007249174173921347,0.01866236013592515
2025-10-31,PHIA.AS,0.030286464711010142,0.009573924355208874,0.007695803418755531,0.01794592794309471
2025-11-28,PHIA.AS,-0.03994643134289553,0.004657746758311987,0.005202338099479675,0.018488282297043062
2019-01-31,RO.SW,0.057690843479564005,0.005234119016677141,0.006658014375716448,0.0017871298242587337
2019-02-28,RO.SW,0.03305463940623289,0.006241671275347471,0.004320039413869381,0.00468284973919755
2019-03-29,RO.SW,-0.03674667820144881,0.007520128041505814,0.008996911346912384,0.004615925417303169
2019-04-30,RO.SW,0.006288218806724249,0.0021239689085632563,0.0024883714504539967,0.003042631896615713
2019-05-31,RO.SW,0.06266430838665676,0.0036902776919305325,0.0027535096742212772,0.0036201821831977434
2019-06-28,RO.SW,-0.010117447014929231,0.0010291174985468388,0.0007374362903647125,0.004620668470869246
2019-07-31,RO.SW,0.022668802622065484,0.010384843684732914,0.009996677748858929,0.005274773247707026
2019-08-30,RO.SW,0.07646126137199172,0.0035355358850210905,0.0027186304796487093,0.005617760334474994
2019-09-30,RO.SW,-0.006167682645793033,-0.0025301503483206034,-0.0037227922584861517,0.00895397710608766
2019-10-31,RO.SW,0.04003445747361133,0.006647409871220589,0.004546521231532097,0.008701363448667973
2019-11-29,RO.SW,0.018901528569276002,0.004016780760139227,0.0015579642495140433,0.008915527378355338
2019-12-31,RO.SW,0.05961305882935112,0.0002329587732674554,0.00019886594964191318,0.009422681345122363
2020-01-31,RO.SW,-0.028773641629065715,0.0068954541347920895,0.005290013737976551,0.009917363857219245
2020-02-28,RO.SW,0.03751542815783095,0.009479504078626633,0.012104280292987823,0.007243014382124984
2020-03-31,RO.SW,0.07884502128375999,-0.024484707042574883,-0.05146003141999245,0.00816876800796789
2020-04-30,RO.SW,-0.010619326652307462,-0.00433379365131259,-0.002552173798903823,0.009892509000690818
2020-05-29,RO.SW,-0.014609722807928233,0.015342727303504944,0.01076375599950552,0.010785309034231904
2020-06-30,RO.SW,-0.004550289559400063,0.013899696059525013,0.010792158544063568,0.011605424360426934
2020-07-31,RO.SW,0.009334734892129343,-0.008751879446208477,-0.008323399350047112,0.01154002715065625
2020-08-31,RO.SW,0.015819661768382797,0.0039558373391628265,0.004056416451931,0.011336741957381893
2020-09-30,RO.SW,-0.05748266683435703,-0.001419114414602518,-0.0014044726267457008,0.013574608831149446
2020-10-30,RO.SW,0.008821999992444266,0.002777242101728916,0.003646175842732191,0.010265065667273613
2020-11-30,RO.SW,0.02674492290636465,0.011497355066239834,0.008887361735105515,0.010580274995323213
2020-12-31,RO.SW,0.030357045869953792,0.015174026601016521,0.013999980874359608,0.012482859843875538
2021-01-29,RO.SW,-0.038989926956360214,0.014492168091237545,0.012930644676089287,0.01372563806647357
2021-02-26,RO.SW,0.07117133565669097,0.005705212242901325,0.00297349039465189,0.012886101694108767
2021-03-31,RO.SW,-0.016216806735893843,0.0022608705330640078,0.002346159191802144,0.015022289916683343
2021-04-30,RO.SW,0.06493189018644255,0.009860305115580559,0.00987381674349308,0.013988170400053216
2021-05-31,RO.SW,0.11412786807116591,-0.0011352919973433018,-0.0016078334301710129,0.015742437619812533
2021-06-30,RO.SW,0.04976823886705035,0.007826796732842922,0.007710773963481188,0.016275517843581413
2021-07-30,RO.SW,0.05579937230480426,0.009593481197953224,0.008549109101295471,0.017052912275326806
2021-08-31,RO.SW,-0.08013850801665147,0.011013469658792019,0.012453108094632626,0.019116338550078153
2021-09-30,RO.SW,0.03962009927853049,0.01856679469347,0.015573699027299881,0.017715733691557014
2021-10-29,RO.SW,-0.005587951300268325,0.00015728376456536353,0.0003439736319705844,0.01682066934414091
2021-11-30,RO.SW,0.07652495467226111,0.005986850243061781,0.010163233615458012,0.018616798597851692
2021-12-31,RO.SW,-0.07331442792971836,0.004949851892888546,0.005337342154234648,0.018118024213520253
2022-01-31,RO.SW,0.016965103503577977,4.9366331950295717e-05,-0.0006801664130762219,0.014031717133320411
2022-02-28,RO.SW,0.10577440128124259,0.0009311848552897573,0.0011599214049056172,0.013742625535961641
2022-03-31,RO.SW,-0.03951583796091899,-0.002379271201789379,-0.000755209825001657,0.016787286827917722
2022-04-29,RO.SW,-0.04526241971218566,0.017768437042832375,0.01608646847307682,0.016020048425995408
2022-05-31,RO.SW,0.011600902576549098,0.0066136764362454414,0.0002582971646916121,0.013112866178198242
2022-06-30,RO.SW,0.07414792358696942,-0.012309357523918152,-0.009970325976610184,0.014244220189969984
2022-07-29,RO.SW,-0.022038494506048136,-0.002399282529950142,-0.0028890869580209255,0.015600730703127742
2022-08-31,RO.SW,0.0609617484438388,0.0017340853810310364,0.0018967899959534407,0.012469823604589307
2022-09-30,RO.SW,0.011889975686911195,-0.007738745771348476,-0.010126830078661442,0.013994465797258283
2022-10-31,RO.SW,-0.07560065766896204,-0.005849863402545452,-0.005096217151731253,0.01306479314617517
2022-11-30,RO.SW,-0.05289068716298749,0.004069726448506117,0.0038067258428782225,0.010878703477877399
2022-12-30,RO.SW,-0.06685330713366962,0.0013735891552641988,0.001569372252561152,0.00775108930010076
2023-01-31,RO.SW,-0.13414221857064054,0.011729119345545769,0.011249967850744724,0.00657744776699534
2023-02-28,RO.SW,-0.044057287763929295,0.03814171627163887,0.040243759751319885,0.002991376396960652
2023-03-31,RO.SW,0.10972326179270032,-0.011126610450446606,-0.008563768118619919,-0.001418314549487265
2023-04-28,RO.SW,0.056058065189596884,0.02922617271542549,0.02965177223086357,0.0018095288384453302
2023-05-31,RO.SW,-0.055346270510545324,0.01885734312236309,0.01810000278055668,0.003006791633289479
2023-06-30,RO.SW,0.003048224388026493,0.010050623677670956,0.010056935250759125,0.0022314768176770164
2023-07-31,RO.SW,-0.0362260957826296,0.013712686486542225,0.015814954414963722,0.0029750492438954295
2023-08-31,RO.SW,-0.03171871545529282,0.009075464680790901,0.008888178505003452,0.001404620483459857
2023-09-29,RO.SW,-0.037400273163196135,0.008212896063923836,0.008498655632138252,0.0027137384172735888
2023-10-31,RO.SW,8.37350372358969e-06,0.02142932079732418,0.013949870131909847,6.247581518190357e-05
2023-11-30,RO.SW,0.07156373486853797,0.01942254975438118,0.018984610214829445,-0.0001761014666912993
2023-12-29,RO.SW,0.0035170354447777888,0.021955205127596855,0.021766791120171547,0.00037045326848993295
2024-01-31,RO.SW,-0.08375264828784079,0.012940666638314724,0.013207965530455112,0.002391135849527437
2024-02-29,RO.SW,0.0010179477968314521,0.011779543943703175,0.009843582287430763,-0.0015546180095536372
2024-03-28,RO.SW,-0.006689080941437206,0.010485978797078133,0.008803111501038074,-0.0014467087958433605
2024-04-30,RO.SW,0.028982512331457325,0.02142917364835739,0.023827360942959785,-0.003754303254063698
2024-05-31,RO.SW,0.09509798980420801,0.00973935704678297,0.008659790270030499,-0.005179533925874274
2024-06-28,RO.SW,0.12353397826378658,0.0025570960715413094,-0.00016837830480653793,-0.0038978148477842992
2024-07-31,RO.SW,0.007586598133961864,0.0023754292633384466,0.0015759369125589728,-0.0018208951187663252
2024-08-30,RO.SW,-0.06490740846114967,-0.00046839602873660624,-0.0017776292515918612,0.0009555314893572555
2024-09-30,RO.SW,0.05100887731071335,0.008556610904633999,0.013579459860920906,-0.0024195187644249464
2024-10-31,RO.SW,-0.0699502110903546,-0.0013037632452324033,-0.0009915368864312768,-0.001819016488944916
2024-11-29,RO.SW,-0.00996189540874637,0.005559170618653297,0.0016085219103842974,-0.005887771093462021
2024-12-31,RO.SW,0.11179329946214633,0.0069863321259617805,0.007058657240122557,-0.0037846984761122425
2025-01-31,RO.SW,0.0625277162998604,0.008551164530217648,0.007742808200418949,-0.0013453992427334693
2025-02-28,RO.SW,-0.01978517191348959,0.005778498016297817,0.005740066524595022,-0.002502987979239979
2025-03-31,RO.SW,-0.04679518124124552,0.00980133656412363,0.00949560385197401,-0.0019845556466178632
2025-04-30,RO.SW,-0.0376693515361812,0.03331570699810982,0.027162661775946617,-0.0020796019048540484
2025-05-30,RO.SW,-0.019023682007243286,0.01560434140264988,0.014728275127708912,-0.002632047686369068
2025-06-30,RO.SW,0.005726922591271479,0.013400182127952576,0.013079153373837471,-0.006169522134489044
2025-07-31,RO.SW,-0.0021874122815979773,0.008442160673439503,0.008236996829509735,-0.005281793996420876
2025-08-29,RO.SW,-0.01905396229879969,0.014428382739424706,0.014339350163936615,-0.0043957356937369685
2025-09-30,RO.SW,0.014148648249586662,0.014557410962879658,0.014966407790780067,-0.00652145181600974
2025-10-31,RO.SW,0.15916854238131906,0.015076101757586002,0.014545970596373081,-0.004446110271091442
2025-11-28,RO.SW,0.053114966565396264,0.0083927558735013,0.005046422593295574,0.0010255159390631314
2019-01-31,SAN.MC,0.02921562857510329,-0.012599766254425049,-0.007698354311287403,0.007300055730733467
2019-02-28,SAN.MC,-0.03590233094484037,-0.022114023566246033,-0.018574358895421028,0.006179882261622132
2019-03-29,SAN.MC,0.0994365754064017,0.013456962071359158,0.010803007520735264,0.0016812798329460812
2019-04-30,SAN.MC,-0.12033516175529943,0.005374024622142315,0.004497459623962641,0.004672515768736699
2019-05-31,SAN.MC,0.04138831935184681,0.01081073097884655,0.011206059716641903,0.009237074649190463
2019-06-28,SAN.MC,-0.011213417646084167,0.009794562123715878,0.008273572660982609,0.006287576061390181
2019-07-31,SAN.MC,-0.11075383038088603,0.016847258433699608,0.002345732180401683,0.003912402786722561
2019-08-30,SAN.MC,0.08267777389940498,0.021742574870586395,0.021158110350370407,0.0004968225665519922
2019-09-30,SAN.MC,0.05973475037075489,0.015798214823007584,0.013635026291012764,-0.001290595562739293
2019-10-31,SAN.MC,-0.015986783543965544,0.02140904776751995,-0.00828129705041647,-0.0006226875490937318
2019-11-29,SAN.MC,0.05647502668587444,0.018062502145767212,0.01657627895474434,-0.005136433184796692
2019-12-31,SAN.MC,-0.01717055919861858,0.008086186833679676,0.010714997537434101,-0.005864602362680715
2020-01-31,SAN.MC,-0.0878815037706324,0.027368778362870216,0.028576256707310677,-0.005867141361045109
2020-02-28,SAN.MC,-0.4070443004759734,0.009084600955247879,0.01720021665096283,-0.01085424616500677
2020-03-31,SAN.MC,-0.08488213728874461,0.03821433708071709,0.04876682534813881,-0.023696937034717796
2020-04-30,SAN.MC,0.0,0.10534275323152542,0.10848010331392288,-0.025701932209361105
2020-05-29,SAN.MC,0.07991071121274364,0.02733687497675419,0.029746955260634422,-0.02559757584952635
2020-06-30,SAN.MC,-0.08190312233973689,0.1701986938714981,0.17195436358451843,-0.024064542143356005
2020-07-31,SAN.MC,0.029527119875905016,0.010733574628829956,-0.017411459237337112,-0.02769205446877377
2020-08-31,SAN.MC,-0.1569637987667688,0.03460400551557541,0.03657899051904678,-0.0279719138161455
2020-09-30,SAN.MC,0.03742517673572968,-0.028720542788505554,-0.03234364464879036,-0.033112764418479226
2020-10-30,SAN.MC,0.38833228606603587,-0.0007002957863733172,8.293311111629009e-05,-0.030074673792286587
2020-11-30,SAN.MC,0.06311561910005062,0.010433811694383621,0.010381230153143406,-0.019222792356453834
2020-12-31,SAN.MC,-0.04884933751777306,0.0534302182495594,0.049276214092969894,-0.020203959529680182
2021-01-29,SAN.MC,0.1898844703612175,-0.02840464748442173,-0.01578623615205288,-0.02017541431512148
2021-02-26,SAN.MC,-0.011628989489404898,0.052404411137104034,0.06183798983693123,-0.012732000371263949
2021-03-31,SAN.MC,0.11278781102444937,0.05115247145295143,0.05579468607902527,-0.013539986743064086
2021-04-30,SAN.MC,0.062982351056106,0.04463329166173935,0.042803481221199036,-0.008075379136314318
2021-05-31,SAN.MC,-0.044797072349609314,0.038256481289863586,0.037479788064956665,-0.004696318686754676
2021-06-30,SAN.MC,-0.025640631681084568,0.10142501443624496,0.10208237171173096,-0.007322759795750764
2021-07-30,SAN.MC,0.011432507439014585,0.020248228684067726,0.01199331320822239,-0.006560236442049983
2021-08-31,SAN.MC,0.009229722664061303,-0.0032936781644821167,-0.0034936729352921247,-0.006829033115364397
2021-09-30,SAN.MC,0.05856296758520767,0.02817508950829506,0.03368063643574715,-0.0039448277468227405
2021-10-29,SAN.MC,-0.16306671148401697,0.006729008164256811,0.006272989325225353,-0.003564254920369464
2021-11-30,SAN.MC,0.06083849349244502,-0.035372044891119,-0.029766790568828583,-0.0060633350670918655
2021-12-31,SAN.MC,0.051046776010810875,-0.006868716329336166,-0.006134278606623411,-0.006945919724082644
2022-01-31,SAN.MC,-0.08952633382264835,0.02116241678595543,0.02394956350326538,-0.006162342389828716
2022-02-28,SAN.MC,0.0847611120428327,-0.01132472138851881,-0.015251915901899338,-0.005890894664701767
2022-03-31,SAN.MC,-0.10498637980874416,0.036314915865659714,0.03583404794335365,-0.007877854803661072
2022-04-29,SAN.MC,0.08878527387092601,0.03467196598649025,0.029032202437520027,-0.006686588300061377
2022-05-31,SAN.MC,-0.09693695261964821,-0.005811240989714861,-0.005485977046191692,-0.005352869334554588
2022-06-30,SAN.MC,-0.09679920270393956,0.021778646856546402,0.02496589533984661,-0.007176996036565562
2022-07-29,SAN.MC,-0.013824765258595245,0.018382390961050987,0.020526569336652756,-0.006720279685808843
2022-08-31,SAN.MC,-0.0147964599897068,0.004312471020966768,0.0059853908605873585,-0.009042774932907402
2022-09-30,SAN.MC,0.11168864034614535,0.0018598345341160893,0.0009346841834485531,-0.009775620011894965
2022-10-31,SAN.MC,0.0782809658717266,-0.015861164778470993,-0.03348522260785103,-0.005585038739955272
2022-11-30,SAN.MC,-0.016982681566636404,-0.009746757335960865,-0.021674534305930138,-0.0045981454103825835
2022-12-30,SAN.MC,0.13107505370780723,0.001598832430317998,0.001004646415822208,-0.004808883581578222
2023-01-31,SAN.MC,0.14153853611393621,-0.0010140527738258243,-0.006116687785834074,0.0019095317834230715
2023-02-28,SAN.MC,-0.09622390560144464,-0.005189010873436928,-0.02413986250758171,0.01618868081032913
2023-03-31,SAN.MC,-0.08047353868318081,0.050447236746549606,0.0080987848341465,0.017399891043569156
2023-04-28,SAN.MC,-0.013904419047709145,0.0498550683259964,0.05555655434727669,0.01440026342443136
2023-05-31,SAN.MC,0.09291894017819359,0.007547474000602961,0.005020757205784321,0.012411697095341578
2023-06-30,SAN.MC,0.08450947355080839,0.002806541509926319,0.0006955091375857592,0.018039241997950938
2023-07-31,SAN.MC,-0.014217544209192282,-0.01065925695002079,-0.010006408207118511,0.021865959026309605
2023-08-31,SAN.MC,0.004570301429868196,0.0005850508459843695,4.5718930778093636e-05,0.02614797308493947
2023-09-29,SAN.MC,-0.013633973042524925,-0.013368855230510235,-0.010013329796493053,0.025388984416302492
2023-10-31,SAN.MC,0.09147344895505602,0.012956344522535801,0.011913907714188099,0.012393268576332913
2023-11-30,SAN.MC,0.013717538992664485,-0.0037934700958430767,-0.0018638672772794962,0.01374341833828198
2023-12-29,SAN.MC,-0.03226524945717962,0.008331733755767345,0.007759633008390665,0.014613253129567643
2024-01-31,SAN.MC,0.0290218381956463,0.008038664236664772,0.015057559125125408,0.009767963389373548
2024-02-29,SAN.MC,0.16194014800663098,-0.011655454523861408,-0.00624211085960269,0.010370346337133251
2024-03-28,SAN.MC,0.06918617052043449,0.0015273633180186152,-0.005742824170738459,0.013032601574954719
2024-04-30,SAN.MC,0.025049823926690525,0.0028238852974027395,0.013168979436159134,0.011059515872724622
2024-05-31,SAN.MC,-0.08343554129204128,0.0034160108771175146,0.014516962692141533,0.014528991755807871
2024-06-28,SAN.MC,0.03125785689775937,0.031915679574012756,0.030731825157999992,0.012886771882066479
2024-07-31,SAN.MC,0.0074917161303486,0.003735489211976528,0.010168984532356262,0.0131034724705917
2024-08-30,SAN.MC,0.022976978294513367,0.0031235648784786463,0.01101651694625616,0.01306156953928353
2024-09-30,SAN.MC,-0.02364444038107876,0.0022424706257879734,0.014688844792544842,0.012629483347349221
2024-10-31,SAN.MC,-0.026277393731040842,0.0006509491940960288,0.013861140236258507,0.017077859083933188
2024-11-29,SAN.MC,0.020136558247001134,0.012842406518757343,0.03426581248641014,0.014657973327725247
2024-12-31,SAN.MC,0.118666158458366,0.01538337953388691,0.021845649927854538,0.012684543161077286
2025-01-31,SAN.MC,0.23786143785831504,0.0035936282947659492,0.0031555478926748037,0.017580149786963366
2025-02-28,SAN.MC,-0.004187472644802168,-0.001488102599978447,0.007493213284760714,0.02297965144906175
2025-03-31,SAN.MC,0.0147137253848288,-0.005193836987018585,-0.00698157399892807,0.025352561695228384
2025-04-30,SAN.MC,0.12854482841191517,-0.013897515833377838,-0.008146378211677074,0.023305803934829616
2025-05-30,SAN.MC,-0.0005691161358794234,-0.01722141169011593,-0.019010571762919426,0.029275698371029897
2025-06-30,SAN.MC,0.09366584467217945,0.025534342974424362,0.027546191588044167,0.032816967218949666
2025-07-31,SAN.MC,0.07955258781959808,0.015084706246852875,0.015363069251179695,0.03510351112580387
2025-08-29,SAN.MC,0.06946656323741922,0.010296712629497051,0.008226274512708187,0.03630494879713427
2025-09-30,SAN.MC,0.011874322922286976,-0.012995943427085876,-0.011882655322551727,0.036987977719641414
2025-10-31,SAN.MC,0.05177470339632301,0.0106290178373456,0.009601784870028496,0.035014581170399316
2025-11-28,SAN.MC,0.09123989007691834,-0.00885172002017498,-0.01007562130689621,0.03617331100860859
2019-01-31,SAN.PA,-0.024296913000909682,0.006566714029759169,0.009006200358271599,0.004165259313519101
2019-02-28,SAN.PA,0.06886577660622828,0.0053245085291564465,0.006000112276524305,0.0051244281623971715
2019-03-29,SAN.PA,-0.016002504300810644,0.00945628248155117,0.007980931550264359,0.0038076783952998667
2019-04-30,SAN.PA,-0.014853770068071391,0.005866922903805971,0.0039027847815304995,0.003636996401957002
2019-05-31,SAN.PA,0.06160133629827287,0.006804047618061304,0.006871746852993965,0.004069351393703803
2019-06-28,SAN.PA,0.015554895564653436,0.00809677504003048,0.012026059441268444,0.003141863109755357
2019-07-31,SAN.PA,0.0333624949188822,0.005408736877143383,0.004061122890561819,0.006020215612709712
2019-08-30,SAN.PA,0.08511091438019888,0.003909784369170666,0.004584706388413906,0.007382391256683545
2019-09-30,SAN.PA,-0.01051832506665788,0.001446208800189197,0.0026080685202032328,0.009366983502015615
2019-10-31,SAN.PA,0.022618080912919877,0.005510135553777218,0.005331048276275396,0.005952305642983435
2019-11-29,SAN.PA,0.06015816302502651,0.010292403399944305,0.010225445032119751,0.006228498738776153
2019-12-31,SAN.PA,-0.01983387062939758,0.01736585423350334,0.017081178724765778,0.00844861678330417
2020-01-31,SAN.PA,-0.01576469669712539,0.009746559895575047,0.009901726618409157,0.005525717965414073
2020-02-28,SAN.PA,-0.04160154145334789,0.021140525117516518,0.015388178639113903,0.0035132159113726333
2020-03-31,SAN.PA,0.10699386820143868,0.004618634469807148,0.013633755035698414,0.0014099059658190744
2020-04-30,SAN.PA,0.017369281167248674,-0.007025533821433783,0.0025783535093069077,0.0029120898754413614
2020-05-29,SAN.PA,0.04479448781985971,-0.004252183251082897,0.004303945694118738,0.0030922947595812328
2020-06-30,SAN.PA,-0.008085592291047178,-0.0021264893002808094,0.010086730122566223,0.006135311503176317
2020-07-31,SAN.PA,-0.042446558357248705,-0.014257709495723248,0.0051551139913499355,0.005653453157650744
2020-08-31,SAN.PA,0.015317337224550115,0.003381941467523575,0.019644292071461678,0.0035627907525368485
2020-09-30,SAN.PA,-0.08687274919831303,0.0036869440227746964,0.003687360091134906,0.004566883659538477
2020-10-30,SAN.PA,0.09063468660167716,-0.02693314664065838,-0.03644547984004021,0.003626777865213322
2020-11-30,SAN.PA,-0.07155945000885901,0.006961839273571968,0.01948063261806965,0.007777003764839006
2020-12-31,SAN.PA,-0.0062454751602198585,0.007059602066874504,0.007664280012249947,0.005587647515117545
2021-01-29,SAN.PA,-0.009507185100960814,0.011584130115807056,0.015097105875611305,0.00799991845106001
2021-02-26,SAN.PA,0.10841646660323435,0.0071244146674871445,0.0073108370415866375,0.008506575794753371
2021-03-31,SAN.PA,0.03521803896221014,0.01123868953436613,0.012477902695536613,0.010598443543552919
2021-04-30,SAN.PA,0.034306470694093545,0.0021954411640763283,0.002123850164934993,0.010113561490042623
2021-05-31,SAN.PA,0.015516533888558214,0.004557232838124037,0.004765479825437069,0.009560638884972605
2021-06-30,SAN.PA,-0.02104376717934702,0.004281847272068262,0.011375563219189644,0.008107386222366434
2021-07-30,SAN.PA,0.013490472651598605,0.003819689154624939,0.002946896245703101,0.007425176109081247
2021-08-31,SAN.PA,-0.045650823253397435,0.002459130482748151,0.00205894373357296,0.007338770666190733
2021-09-30,SAN.PA,0.03953078495304002,-0.0010900517227128148,-0.0002541863068472594,0.006242472214278588
2021-10-29,SAN.PA,-0.00953281126850859,0.0031171783339232206,0.002591395750641823,0.005731681480240465
2021-11-30,SAN.PA,0.05723781782317212,0.0013607360888272524,-0.0010436398442834616,0.006764423004224023
2021-12-31,SAN.PA,0.04600162180452978,0.0013485986273735762,0.000986724509857595,0.00794857103889367
2022-01-31,SAN.PA,-0.008445278314283412,0.004878164269030094,0.009188858792185783,0.009661365137627042
2022-02-28,SAN.PA,-0.015851960038267793,0.0055863396264612675,0.004821990616619587,0.007973815646045749
2022-03-31,SAN.PA,0.0880016280277893,-0.006395448464900255,-0.008084221743047237,0.008120972446229176
2022-04-29,SAN.PA,0.03195664838398213,0.007508481852710247,0.00799387227743864,0.01102203052352271
2022-05-31,SAN.PA,0.014980784400079978,-0.004431531298905611,-0.0033682396169751883,0.010633487554752833
2022-06-30,SAN.PA,0.008990035124879777,0.0021197993773967028,0.0008430528687313199,0.009891529221893243
2022-07-29,SAN.PA,-0.1773754277409566,0.0020924557466059923,0.002848299453034997,0.009451580226344796
2022-08-31,SAN.PA,-0.05425665046913594,0.041078098118305206,0.04015100374817848,0.00219328201912044
2022-09-30,SAN.PA,0.10787010504081937,0.004636125639081001,0.007746500428766012,0.0009114237140148943
2022-10-31,SAN.PA,0.009799531427253285,-0.020137976855039597,-0.018937772139906883,0.004078313021804453
2022-11-30,SAN.PA,0.03811702828170515,-0.0013375243870541453,0.006025758571922779,0.0021191212148118734
2022-12-30,SAN.PA,-0.0005565540655935386,-0.0007311322260648012,-0.00030931696528568864,0.0035142148954844118
2023-01-31,SAN.PA,-0.014830018712735048,0.002568908967077732,0.0021197365131229162,0.004987679873609164
2023-02-28,SAN.PA,0.12772084289349328,0.003487016772851348,0.004052911419421434,0.00713881536379267
2023-03-31,SAN.PA,-0.03110529939033644,-0.005312493536621332,0.000905353925190866,0.006394485623460369
2023-04-28,SAN.PA,-0.010555579875606748,0.0025581298395991325,0.0027421261183917522,0.006277186629582987
2023-05-31,SAN.PA,0.030107111476805812,0.0007580259698443115,0.00046637171180918813,0.0041590084486720575
2023-06-30,SAN.PA,-0.011367917150078725,-0.001746658468618989,-0.00179240049328655,0.005610371235361974
2023-07-31,SAN.PA,0.026226414748426245,-0.003946730867028236,-0.003971535246819258,0.0064843289362011254
2023-08-31,SAN.PA,0.0283848943925511,-0.0019135724287480116,3.137146995868534e-05,0.006914618700992698
2023-09-29,SAN.PA,-0.1873797062648591,-0.0021896364632993937,-0.001985732465982437,0.010105420631759529
2023-10-31,SAN.PA,-0.009732007059408397,0.04492097720503807,0.05055560916662216,0.0033228202423733785
2023-11-30,SAN.PA,0.06160159372527044,0.004775356967002153,0.0056950100697577,0.005396160195580954
2023-12-29,SAN.PA,0.02952847972395093,0.017677225172519684,0.01410989835858345,0.006678902818037944
2024-01-31,SAN.PA,-0.060376877329463625,0.009668823331594467,0.008792993612587452,0.008725167432425598
2024-02-29,SAN.PA,0.03433375463805343,0.01192387193441391,0.009255610406398773,0.004467354420624181
2024-03-28,SAN.PA,0.0096280645054346,0.002254962455481291,0.00218389043584466,0.004250320473316366
2024-04-30,SAN.PA,-0.01874727353891413,0.002091400558128953,0.002325178822502494,0.0036865141974288373
2024-05-31,SAN.PA,0.02301730502410196,0.0006472850800491869,-0.00039452221244573593,0.003681492772053948
2024-06-28,SAN.PA,0.06291109293172548,0.008468677289783955,0.006520702503621578,0.003980266987555196
2024-07-31,SAN.PA,0.06212302736036072,-0.005306399893015623,-0.0062608844600617886,0.005448329962496088
2024-08-30,SAN.PA,0.016658917243922076,2.2561349396710284e-05,-0.0004851674602832645,0.008515391473505095
2024-09-30,SAN.PA,-0.02818754452716935,0.005586063023656607,0.0037323245778679848,0.008231673942974686
2024-10-31,SAN.PA,-0.053078061692383174,0.007124788127839565,0.007782758679240942,0.007319701330597303
2024-11-29,SAN.PA,0.017758644823285773,-0.0028197772335261106,-0.002622677944600582,0.00425537134405412
2024-12-31,SAN.PA,0.10020542521019982,0.0032591656781733036,0.0030370892491191626,0.0029061173166370236
2025-01-31,SAN.PA,0.03093420205948546,0.011155137792229652,0.009332778863608837,0.006316741375153652
2025-02-28,SAN.PA,-0.023658352422995084,0.007646971382200718,0.006493492517620325,0.0061195006626486095
2025-03-31,SAN.PA,-0.06088209681124208,0.012198619544506073,0.012337014079093933,0.0028604802038578736
2025-04-30,SAN.PA,0.001258981937177883,0.03484230116009712,0.02393772453069687,2.382717180202418e-06
2025-05-30,SAN.PA,-0.06259030624074219,0.03823040798306465,0.03390054404735565,-0.00024373928981422406
2025-06-30,SAN.PA,0.043324564613821455,0.012322308495640755,0.012144861742854118,-0.0019851492781754283
2025-07-31,SAN.PA,0.06921273411037708,0.02438175119459629,0.024554219096899033,0.0022906466938683095
2025-08-29,SAN.PA,-0.0763409907959763,0.005854018963873386,0.008472433313727379,0.005765261638302451
2025-09-30,SAN.PA,0.11269184474850802,0.02039971575140953,0.021871227771043777,0.0017007368095554277
2025-10-31,SAN.PA,-0.011596651161179777,0.005427722819149494,0.006598208099603653,0.003253185791817486
2025-11-28,SAN.PA,-0.032712109444856786,0.0143828010186553,0.014768877997994423,0.0018782665161221315
2019-01-31,SAP.DE,0.050134760539233054,-0.010910721495747566,-0.011976411566138268,0.008205050416232934
2019-02-28,SAP.DE,0.08930901320678626,0.0012157546589151025,0.003766565816476941,0.009158678631158502
2019-03-29,SAP.DE,0.10654416526776789,0.009753421880304813,0.009594196453690529,0.011879712201091432
2019-04-30,SAP.DE,-0.01657488971534164,0.015182482078671455,0.019936684519052505,0.013639017016608499
2019-05-31,SAP.DE,0.10185863152616091,0.017228299751877785,0.015735067427158356,0.01577736472918947
2019-06-28,SAP.DE,-0.0627073042127077,0.00022365787299349904,-0.005068151745945215,0.01361069021966177
2019-07-31,SAP.DE,-0.03035233385270593,0.0476175919175148,0.04465469717979431,0.011301972328417934
2019-08-30,SAP.DE,-0.006651934087842704,0.018734371289610863,0.014484168961644173,0.009474013151194362
2019-09-30,SAP.DE,0.09726328958162847,0.007963002659380436,0.006844825576990843,0.009079444133084516
2019-10-31,SAP.DE,0.03863779333459403,-0.017202967777848244,-0.06870348751544952,0.011826441807952634
2019-11-29,SAP.DE,-0.025924514688761773,0.002009454881772399,0.0019473721040412784,0.01239594502483057
2019-12-31,SAP.DE,-0.017945919339573794,0.005232867784798145,0.006347875110805035,0.010789491874797151
2020-01-31,SAP.DE,-0.059627781680653816,0.0036239076871424913,0.009917866438627243,0.009325151340904872
2020-02-28,SAP.DE,-0.08782666538536642,0.0001127305586123839,0.005776380654424429,0.007294313688127459
2020-03-31,SAP.DE,0.05801186692129905,-0.08219113200902939,-0.06021955609321594,0.004120915721096037
2020-04-30,SAP.DE,0.05544677282329335,0.03307792544364929,0.02453620731830597,0.004631408718841218
2020-05-29,SAP.DE,0.07581835521451911,-0.008094262331724167,-0.006604497786611319,0.005917888411496566
2020-06-30,SAP.DE,0.11563561137284223,-0.006148321554064751,-0.006204371340572834,0.010106938919237838
2020-07-31,SAP.DE,0.031346704152144876,0.012218291871249676,-0.008386420086026192,0.0128589127398637
2020-08-31,SAP.DE,-0.028510114811849004,0.00377850909717381,-0.007455093786120415,0.012623171308197111
2020-09-30,SAP.DE,-0.35315164980678,0.016306912526488304,0.00937940925359726,0.009819725406011948
2020-10-30,SAP.DE,0.10854721007515508,0.029288550838828087,0.02357223816215992,-0.00045368189768618054
2020-11-30,SAP.DE,0.05010596549064917,0.018565254285931587,0.016935739666223526,0.003151814834069924
2020-12-31,SAP.DE,-0.0016802180050537842,0.022376572713255882,0.016190655529499054,0.005401988272456674
2021-01-29,SAP.DE,-0.01383594399286638,0.007208155933767557,0.006498066242784262,0.007042330595154503
2021-02-26,SAP.DE,0.02171058253219469,0.010576844215393066,0.00813444796949625,0.006925452839011791
2021-03-31,SAP.DE,0.11169933238802743,-0.0024024208541959524,0.0009546715300530195,0.004688064544540108
2021-04-30,SAP.DE,-0.011569255697907796,0.01989855244755745,0.019409794360399246,0.006026030159608058
2021-05-31,SAP.DE,0.05334363860592497,0.013926577754318714,0.011757747270166874,0.005149748012334317
2021-06-30,SAP.DE,0.020158995813608464,0.0034100243356078863,0.0042463019490242004,0.005141754415968746
2021-07-30,SAP.DE,0.049089621691975255,0.007696853950619698,0.007010453846305609,0.005215273204466156
2021-08-31,SAP.DE,-0.07898416042799863,0.002660331316292286,0.0030525866895914078,0.005886291218737947
2021-09-30,SAP.DE,0.06972275000100617,0.017254283651709557,0.016157090663909912,0.0075843725489301355
2021-10-29,SAP.DE,-0.07040730906613442,-0.0014751502312719822,0.0007315793773159385,0.010428956298146897
2021-11-30,SAP.DE,0.08774740663268735,-0.045254409313201904,-0.03580368682742119,0.008929404494548389
2021-12-31,SAP.DE,-0.12340319832882021,0.004550616722553968,0.004846077412366867,0.010699181236863087
2022-01-31,SAP.DE,-0.11020336818527038,-0.01410297304391861,-0.014094294980168343,0.00564088275693596
2022-02-28,SAP.DE,0.020514577952425696,0.020488914102315903,0.017902342602610588,0.0011999360225213923
2022-03-31,SAP.DE,-0.04666123105177735,0.0094834566116333,0.004422332625836134,-0.0022384384606668473
2022-04-29,SAP.DE,0.0018126429733713906,0.020126936957240105,0.021699044853448868,-0.0027735867086723497
2022-05-31,SAP.DE,-0.028642135852221237,0.007506818510591984,0.005987589713186026,-0.005703105230593289
2022-06-30,SAP.DE,0.04223360399911419,0.003654911881312728,0.006477154791355133,-0.005068929707132932
2022-07-29,SAP.DE,-0.06975726700500255,-0.0017885881243273616,-0.008153642527759075,-0.0030127324450345645
2022-08-31,SAP.DE,-0.036812538519622566,0.010395952500402927,0.010379578918218613,-0.005025550790934573
2022-09-30,SAP.DE,0.14935001085797903,0.00592475151643157,0.009342293255031109,-0.008113342683569065
2022-10-31,SAP.DE,0.05391104852934942,-0.01683436892926693,-0.015683136880397797,-0.004681257439256169
2022-11-30,SAP.DE,-0.08040184464800512,-0.0005902849370613694,-0.006227357313036919,-0.002310999584152546
2022-12-30,SAP.DE,0.10536052402302144,0.007702996954321861,0.008906951174139977,-0.004470411246606891
2023-01-31,SAP.DE,-0.01637243453029297,0.0007342231692746282,-0.00045115279499441385,0.0008120965473850106
2023-02-28,SAP.DE,0.06414302825798016,0.006997182033956051,0.006687471643090248,0.003655277156443611
2023-03-31,SAP.DE,0.049585797142301165,-0.00916872639209032,-0.01292779203504324,0.003374012966385682
2023-04-28,SAP.DE,0.0088954783781021,-0.01911385916173458,-0.015781179070472717,0.0038247080980262885
2023-05-31,SAP.DE,0.009773642980552454,0.0012880529975518584,0.0007999654044397175,0.0016247659395179298
2023-06-30,SAP.DE,-0.005930903772790235,0.004047256428748369,0.00095952651463449,-0.0013456693817637008
2023-07-31,SAP.DE,0.03475862505252086,0.004060198552906513,0.003413716098293662,-0.0016691936184077705
2023-08-31,SAP.DE,-0.047696205663256976,-0.003494286211207509,-0.004436754155904055,0.0005555618838790139
2023-09-29,SAP.DE,0.022382353823946516,0.006058876868337393,0.006650492083281279,0.009637317675938784
2023-10-31,SAP.DE,0.13141847522513458,-0.007266792468726635,-0.009422480128705502,0.008227384837454802
2023-11-30,SAP.DE,-0.05757904349565946,-0.0072896298952400684,-0.006448272615671158,0.01016036575763045
2023-12-29,SAP.DE,0.1522643607196375,0.005733159836381674,0.004498401191085577,0.008712038864426125
2024-01-31,SAP.DE,0.07243631018824791,0.004237418062984943,0.004380303435027599,0.013960023297805903
2024-02-29,SAP.DE,0.04291150667029037,0.0016173293115571141,0.0026753051206469536,0.015918445629270153
2024-03-28,SAP.DE,-0.051392526581709765,0.0036686586681753397,0.0018946415511891246,0.013306164262238122
2024-04-30,SAP.DE,0.048000370453662705,0.024228103458881378,0.025809379294514656,0.012002834849346437
2024-05-31,SAP.DE,0.11227792725414307,-0.03431444615125656,-0.022708024829626083,0.010849597857454788
2024-06-28,SAP.DE,0.017573713807152076,-0.008288126438856125,-0.005817358382046223,0.014041277164943758
2024-07-31,SAP.DE,0.020303115292683232,-0.008088303729891777,-0.006951556541025639,0.013504497242478214
2024-08-30,SAP.DE,0.03322693852358142,-0.011092912405729294,-0.007574004586786032,0.015962505639338726
2024-09-30,SAP.DE,0.09156722320985071,-0.005021306686103344,-0.007236945908516645,0.01494542952725819
2024-10-31,SAP.DE,0.045948438603816644,-0.0005463877459987998,-8.2401093095541e-05,0.01937068455321896
2024-11-29,SAP.DE,0.04944636965848513,-0.0026838339399546385,-0.004304967820644379,0.01820960210797256
2024-12-31,SAP.DE,0.12607124340406264,0.011138668283820152,0.010530713014304638,0.02260086597067739
2025-01-31,SAP.DE,0.011295351204006458,0.0022184494882822037,0.0018608339596539736,0.028643993975134296
2025-02-28,SAP.DE,-0.08205496395916455,0.02665305882692337,0.02650114893913269,0.02840431495715554
2025-03-31,SAP.DE,0.043633105733200075,0.062352247536182404,0.058499038219451904,0.02784119668056495
2025-04-30,SAP.DE,0.036619178245768734,-0.0216850396245718,-0.010639533400535583,0.029291218440640348
2025-05-30,SAP.DE,-0.029579510705648,0.004659946542233229,0.004617395345121622,0.03045971606204952
2025-06-30,SAP.DE,-0.03829912963349491,0.010771792382001877,0.010840587317943573,0.03058080852826824
2025-07-31,SAP.DE,-0.07921234992217789,0.013120989315211773,0.015375062823295593,0.031029782569509244
2025-08-29,SAP.DE,-0.026901568400494735,0.017803436145186424,0.01482417806982994,0.029628998980923575
2025-09-30,SAP.DE,-0.015922482097059806,0.01080743782222271,0.002170632593333721,0.02446049908869995
2025-10-31,SAP.DE,-0.07179727192641217,0.012619559653103352,0.013120950199663639,0.022197751892341695
2025-11-28,SAP.DE,-0.0009594289186371754,0.010226460173726082,0.0098903588950634,0.02226306222421753
2019-01-31,SIE.DE,0.012038146905854448,-0.020128602162003517,-0.01991366408765316,0.005958645926064445
2019-02-28,SIE.DE,-0.0019783331431163283,-4.551263555185869e-05,0.0011382750235497952,0.0046206683170505105
2019-03-29,SIE.DE,0.10667301871967434,0.005420359782874584,0.0011315055890008807,0.003404645433278021
2019-04-30,SIE.DE,-0.03722166157677414,-0.003775002434849739,-0.0012866350589320064,0.005690316497417531
2019-05-31,SIE.DE,0.043971664734532546,0.014256942085921764,0.010466833598911762,0.007208036354796264
2019-06-28,SIE.DE,-0.033044837099457686,0.0024864005390554667,0.0034543254878371954,0.005618273886661202
2019-07-31,SIE.DE,-0.0952089480384701,0.01197891030460596,0.010647748596966267,0.0008405274543278452
2019-08-30,SIE.DE,0.07720525454139959,-0.006517130881547928,-0.0034571599680930376,-0.000564085272594772
2019-09-30,SIE.DE,0.0711956300493774,0.011107842437922955,0.006242877338081598,0.0007618929010486416
2019-10-31,SIE.DE,0.12478751338741116,0.003169746370986104,0.0029510643798857927,0.0020199895079972365
2019-11-29,SIE.DE,-0.004964455389453761,0.010080071166157722,0.009608724154531956,0.0033815869644993305
2019-12-31,SIE.DE,-0.024319351821807902,0.005906585603952408,0.006163759622722864,0.002323572590418241
2020-01-31,SIE.DE,-0.15862533649544514,0.017240045592188835,0.014362175017595291,-0.0003621697614912822
2020-02-28,SIE.DE,-0.21379895724123316,0.021996261551976204,0.027385013177990913,-0.004412968175306379
2020-03-31,SIE.DE,0.08898852001194554,-0.0416136272251606,-0.01826420985162258,-0.011587833922601504
2020-04-30,SIE.DE,0.15148167327897671,0.059503067284822464,0.050997521728277206,-0.007824207345457128
2020-05-29,SIE.DE,0.05114104021894737,0.01778087578713894,0.011676153168082237,-0.0035833119256846796
2020-06-30,SIE.DE,0.08942666403692232,0.008174204267561436,0.011635233648121357,8.514163459480726e-05
2020-07-31,SIE.DE,0.06556517458093226,-0.009168332442641258,-0.005169607233256102,0.0025719107623660697
2020-08-31,SIE.DE,0.04112474451809944,0.0029705006163567305,0.002157128881663084,0.003012841800620484
2020-09-30,SIE.DE,-0.06946958063935192,-0.009337126277387142,-0.015030914917588234,0.0036402846132697307
2020-10-30,SIE.DE,0.10635310388299025,-0.04799390956759453,-0.03930499404668808,0.002857148489499102
2020-11-30,SIE.DE,0.0481096604080566,-0.004734901245683432,0.0018297937931492925,0.004657835054177939
2020-12-31,SIE.DE,0.10507115359337117,0.008948403410613537,0.004119678866118193,0.00528305683444974
2021-01-29,SIE.DE,0.04879167645008611,-0.013707765378057957,-0.013497337698936462,0.009153501933826715
2021-02-26,SIE.DE,0.0742194704557023,0.01275290921330452,0.01600642316043377,0.012629854147519973
2021-03-31,SIE.DE,-0.008464180011016433,0.0073181758634746075,0.016060052439570427,0.013746795971589244
2021-04-30,SIE.DE,-0.04553947895677591,0.027257021516561508,0.02095990628004074,0.011334495481840352
2021-05-31,SIE.DE,0.014668657438810077,0.05284380540251732,0.04873128980398178,0.01055090450704372
2021-06-30,SIE.DE,-0.003298333414200969,0.008765235543251038,0.009993553161621094,0.008780836718521194
2021-07-30,SIE.DE,0.072119157653254,-0.0011513930512592196,0.0014112169155851007,0.010066641709265783
2021-08-31,SIE.DE,0.01815281764295991,0.0013449921971186996,0.0004366452048998326,0.012371206288283403
2021-09-30,SIE.DE,-0.011623154911149196,0.006039792206138372,0.007885195314884186,0.015584924452637297
2021-10-29,SIE.DE,0.03005422803253507,0.0036443781573325396,0.0029242485761642456,0.01460920986014459
2021-11-30,SIE.DE,0.07168837079599527,-0.04441158100962639,-0.04207969829440117,0.01666766363421241
2021-12-31,SIE.DE,-0.0875591482633424,-0.003222642233595252,-0.0028988150879740715,0.017698330678139453
2022-01-31,SIE.DE,-0.12143060336526162,0.017700349912047386,0.021757125854492188,0.01510227887955599
2022-02-28,SIE.DE,0.059760417328561174,0.026788976043462753,0.03055448830127716,0.01345179156982342
2022-03-31,SIE.DE,-0.0876048589912992,0.051603320986032486,0.0518619529902935,0.009994971671948443
2022-04-29,SIE.DE,0.0580541878954028,0.0435665026307106,0.04143926501274109,0.009229977308900924
2022-05-31,SIE.DE,-0.1885481040707621,0.014378968626260757,0.020548509433865547,0.009836461910868795
2022-06-30,SIE.DE,0.11148048342321393,0.029609382152557373,0.041870489716529846,0.00474750941223914
2022-07-29,SIE.DE,-0.05999136269363554,-0.02449043281376362,-0.01942787878215313,0.011066139955425687
2022-08-31,SIE.DE,-0.02829531669815548,0.01434827595949173,0.016612118110060692,0.006250893322954538
2022-09-30,SIE.DE,0.08918287628415358,0.004717690870165825,0.007306328509002924,0.004528245539474273
2022-10-31,SIE.DE,0.18466877624549047,-0.005943991243839264,-0.006876204628497362,0.003828911336447434
2022-11-30,SIE.DE,-0.012113963721646028,0.005744523368775845,0.010049163363873959,0.008757663509926659
2022-12-30,SIE.DE,0.09989977554102748,0.0036999895237386227,0.0026536593213677406,0.008473647801321994
2023-01-31,SIE.DE,0.045786470507246706,0.012838312424719334,0.01401063147932291,0.016256838647119305
2023-02-28,SIE.DE,0.010996669584990458,0.0076015726663172245,0.010913633741438389,0.02421091229603715
2023-03-31,SIE.DE,-0.013082612044917162,0.00033753307070583105,0.003160797292366624,0.020930971850161028
2023-04-28,SIE.DE,0.046581033736837675,0.003948850091546774,0.0007166475988924503,0.01652949155015144
2023-05-31,SIE.DE,-0.0181631933427285,0.007978125475347042,0.004932521842420101,0.016051670368379043
2023-06-30,SIE.DE,0.01586934532980212,0.020725952461361885,0.018173636868596077,0.013139797008344568
2023-07-31,SIE.DE,-0.10108240384617952,-0.002370022004470229,-0.0032507937867194414,0.012477721482111901
2023-08-31,SIE.DE,-0.023458559746240868,0.009651970118284225,0.007064597215503454,0.009125974956544337
2023-09-29,SIE.DE,-0.09229240351844183,0.0073870024643838406,0.007580611854791641,0.010748515125325141
2023-10-31,SIE.DE,0.20165963722782485,0.02731296420097351,0.027343709021806717,0.005177952445154979
2023-11-30,SIE.DE,0.08629677200131235,0.007584119215607643,0.006530093029141426,0.009814128859613809
2023-12-29,SIE.DE,-0.00353719994655324,0.0018210591515526175,-0.0006917830323800445,0.00980316295702657
2024-01-31,SIE.DE,0.1211557188097278,-0.004455693531781435,-0.005966808646917343,0.008296866656071704
2024-02-29,SIE.DE,-0.03323445292701101,-0.0037123505026102066,-0.004830908961594105,0.009577681974370403
2024-03-28,SIE.DE,0.0038352091033627793,0.023952946066856384,0.019231829792261124,0.008599431015984779
2024-04-30,SIE.DE,-0.0009099545677841139,0.011905349791049957,0.009131819009780884,0.009731875144191469
2024-05-31,SIE.DE,0.004867293403661466,0.01027907058596611,0.009770317934453487,0.01005349617932241
2024-06-28,SIE.DE,-0.03443364595349852,0.008564590476453304,0.006500517949461937,0.009729397132142456
2024-07-31,SIE.DE,0.00471090740325324,-0.0009023671154864132,-0.0015343837440013885,0.007378117058844551
2024-08-30,SIE.DE,0.06504600541542988,0.007926653139293194,0.0061149499379098415,0.007069886940316936
2024-09-30,SIE.DE,-0.001545228281839161,0.012046776711940765,0.011415941640734673,0.009578898373405285
2024-10-31,SIE.DE,0.026331955962678805,0.008513090200722218,0.015440491028130054,0.008840277519939606
2024-11-29,SIE.DE,0.029056088663427283,0.008253395557403564,0.009053951129317284,0.007580377107903023
2024-12-31,SIE.DE,0.08432518880161587,0.0003445851616561413,-0.0006948260706849396,0.010532618570525627
2025-01-31,SIE.DE,0.10855095917779402,0.00024868344189599156,-0.0018557627918198705,0.015286470846716515
2025-02-28,SIE.DE,-0.04295287036735446,0.0027793613262474537,0.0005730201373808086,0.017160063648849193
2025-03-31,SIE.DE,-0.04809427033549116,0.03921876847743988,0.02970024198293686,0.019419325417961247
2025-04-30,SIE.DE,0.05139232894345778,-0.0030202819034457207,0.0026323169004172087,0.017027638437637424
2025-05-30,SIE.DE,0.027245789245936607,0.008668270893394947,0.009393352083861828,0.02194341397910482
2025-06-30,SIE.DE,0.04228204029927626,0.011583606712520123,0.009152372367680073,0.023049179346969446
2025-07-31,SIE.DE,0.05071514283286549,0.001251579844392836,0.0010488620027899742,0.0239431888009207
2025-08-29,SIE.DE,-0.04495145523935804,0.004327843897044659,0.0038182337302714586,0.02663645133255886
2025-09-30,SIE.DE,0.06971983162153782,0.006491111125797033,0.006123479455709457,0.022026209326537885
2025-10-31,SIE.DE,-0.08208109559022715,0.007686489261686802,0.008266170509159565,0.019562395577315577
2025-11-28,SIE.DE,0.046430398837613546,0.010569106787443161,0.01308982353657484,0.01796893658626317
2019-01-31,STMMI.MI,0.05707842861747136,-0.10819444060325623,-0.12220560759305954,0.02916976954835553
2019-02-28,STMMI.MI,-0.08337321936856491,0.02596856653690338,0.02691064216196537,0.03147674516316156
2019-03-29,STMMI.MI,0.21736083948591112,0.02420259453356266,0.013082949444651604,0.02752151050310829
2019-04-30,STMMI.MI,-0.19263098102358173,0.007145676761865616,-0.006727570202201605,0.03274341546621299
2019-05-31,STMMI.MI,0.17561744915335023,0.023871947079896927,0.008744788356125355,0.029431062044509515
2019-06-28,STMMI.MI,0.09122253853025711,0.011854000389575958,0.010383019223809242,0.028931104246203078
2019-07-31,STMMI.MI,-0.035946533792280064,0.003436074126511812,0.00022682994313072413,0.026589261412061513
2019-08-30,STMMI.MI,0.09995394042662487,0.018213491886854172,0.023227935656905174,0.023869614193604123
2019-09-30,STMMI.MI,0.16698858188374363,0.011171714402735233,0.010629119351506233,0.026240023237879457
2019-10-31,STMMI.MI,0.09199709905764956,0.004526620730757713,0.0037476441357284784,0.023206474960336763
2019-11-29,STMMI.MI,0.07466124440776434,0.011434241198003292,0.01061212457716465,0.02119560913256586
2019-12-31,STMMI.MI,0.09845326212633194,0.03862296789884567,0.044970814138650894,0.0202379850871539
2020-01-31,STMMI.MI,-0.039125689184763404,0.0898008644580841,0.06436583399772644,0.016666882974541032
2020-02-28,STMMI.MI,-0.22492022459037367,0.05475623905658722,0.0661773756146431,0.015814571133604738
2020-03-31,STMMI.MI,0.17643419167546184,-0.1164669319987297,-0.12290656566619873,0.01030904551813034
2020-04-30,STMMI.MI,-0.07077186302779932,0.00259519275277853,0.03273611515760422,0.014482478039990317
2020-05-29,STMMI.MI,0.06403808977726635,0.012444541789591312,0.008298221975564957,0.015891375846587744
2020-06-30,STMMI.MI,0.014754084673423932,0.025346949696540833,0.021554196253418922,0.015148832155487433
2020-07-31,STMMI.MI,0.05435465652906334,-0.02243640087544918,-0.030931144952774048,0.015115041068146613
2020-08-31,STMMI.MI,0.042538017973312116,-0.0052550495602190495,-0.005518779158592224,0.013941938426469364
2020-09-30,STMMI.MI,0.010987236455860248,0.004611625801771879,0.006251310929656029,0.008844802375028925
2020-10-30,STMMI.MI,0.22672871984896217,-0.06646018475294113,-0.05603722482919693,0.008246762049046223
2020-11-30,STMMI.MI,-0.07053347347684545,-0.033118925988674164,-0.027698654681444168,0.01689424418029538
2020-12-31,STMMI.MI,0.10522948291722763,0.09315844625234604,0.08980107307434082,0.01345918333714571
2021-01-29,STMMI.MI,-0.0568931607024448,0.0047729285433888435,-0.008860691450536251,0.017042787513090567
2021-02-26,STMMI.MI,-0.0014535080461289234,-0.03826061636209488,-0.04408329352736473,0.01598815328848778
2021-03-31,STMMI.MI,-0.04320148888441232,0.01606731489300728,-0.007821633480489254,0.017193207913685234
2021-04-30,STMMI.MI,-0.01602116798483654,0.009883340448141098,0.009041061624884605,0.01265598336000304
2021-05-31,STMMI.MI,0.018956712095967557,-0.01092094462364912,-0.008935963734984398,0.013294638877764681
2021-06-30,STMMI.MI,0.13532677065624493,0.005693374667316675,0.005969076417386532,0.01410593032780975
2021-07-30,STMMI.MI,0.09273976260439769,0.030576635152101517,0.03160076588392258,0.01950217873219695
2021-08-31,STMMI.MI,-0.0036434960703749194,0.0024350860621780157,0.003072420135140419,0.024336739083236424
2021-09-30,STMMI.MI,0.07962507685721638,0.015909120440483093,0.011373981833457947,0.03232200821220743
2021-10-29,STMMI.MI,0.05019226450697077,0.0022052768617868423,-0.004314313177019358,0.03316551056967813
2021-11-30,STMMI.MI,0.017411479411526,0.012346632778644562,0.011088398285210133,0.036560515845468676
2021-12-31,STMMI.MI,-0.05906916975020915,0.008452371694147587,0.010494457557797432,0.03265824563330506
2022-01-31,STMMI.MI,-0.11171044525749031,0.042734161019325256,0.039566121995449066,0.030054749676834955
2022-02-28,STMMI.MI,0.08878075900112267,0.028860043734312057,0.020954929292201996,0.030994100380083447
2022-03-31,STMMI.MI,-0.1275981501253619,0.0239311084151268,0.028004178777337074,0.02524900139577065
2022-04-29,STMMI.MI,0.05599304252960959,0.03550081327557564,0.02821504697203636,0.027767301067449512
2022-05-31,STMMI.MI,-0.18682171177536777,0.013373097404837608,0.011503416113555431,0.024731397789803614
2022-06-30,STMMI.MI,0.20846246431543133,0.03810287266969681,0.03293071687221527,0.016871728817250596
2022-07-29,STMMI.MI,-0.05195603892168306,0.0002617109566926956,0.0013177953660488129,0.024578817499032617
2022-08-31,STMMI.MI,-0.08769137838604964,0.06201121211051941,0.057870931923389435,0.019264591761594094
2022-09-30,STMMI.MI,-0.02036090407373853,0.03240619972348213,0.02384761907160282,0.012967619929292542
2022-10-31,STMMI.MI,0.12325321398545289,0.019182438030838966,0.021257339045405388,0.010095022471039265
2022-11-30,STMMI.MI,-0.08648128239970157,0.004575877916067839,0.004569774493575096,0.011875555721732527
2022-12-30,STMMI.MI,0.27828336468745885,0.01885136403143406,0.01796528697013855,0.006269874192724981
2023-01-31,STMMI.MI,0.0582338775499742,-0.010381760075688362,-0.019047806039452553,0.016421508910423946
2023-02-28,STMMI.MI,0.043270251168076666,-0.0011513280915096402,-0.0027344024274498224,0.025478747653068123
2023-03-31,STMMI.MI,-0.2236543452391143,-0.022513138130307198,-0.018161984160542488,0.02066928350893878
2023-04-28,STMMI.MI,0.04066128119603372,0.05502055212855339,0.05742606148123741,0.016460659545651013
2023-05-31,STMMI.MI,0.09622481065804701,0.001513332244940102,-0.00024253844458144158,0.015640488692958383
2023-06-30,STMMI.MI,0.0654160281881138,0.003123981412500143,0.005103357136249542,0.017665545635289843
2023-07-31,STMMI.MI,-0.09787310704114843,0.00018506064952816814,0.0016904532676562667,0.018353237482853012
2023-08-31,STMMI.MI,-0.061887634222897885,0.001463943743146956,-0.0044053178280591965,0.014678088279332084
2023-09-29,STMMI.MI,-0.15059875070540651,0.006373757030814886,0.005514249205589294,0.013225423503744263
2023-10-31,STMMI.MI,0.17967687756460318,0.03052784875035286,0.02911250852048397,0.0027118389673068187
2023-11-30,STMMI.MI,0.026802393578965838,0.010158787481486797,0.010902226902544498,0.010263794261417127
2023-12-29,STMMI.MI,-0.09531014497930572,0.005758357234299183,0.005259732250124216,0.009253081895984307
2024-01-31,STMMI.MI,0.020207784154533476,0.02245827205479145,0.022881094366312027,0.007835897459384265
2024-02-29,STMMI.MI,-0.042757271131947716,0.012334814295172691,0.010640122927725315,0.007920923465816113
2024-03-28,STMMI.MI,-0.04559636907718566,0.021561099216341972,0.02336897701025009,0.006672393313903766
2024-04-30,STMMI.MI,-0.0043926333523718435,0.018548643216490746,0.018611358478665352,0.00624747578134039
2024-05-31,STMMI.MI,-0.03992498347222739,0.006782298441976309,0.007259096018970013,0.006322152748047175
2024-06-28,STMMI.MI,-0.17225730906190032,0.03559599071741104,0.03539026901125908,0.0034505834622493322
2024-07-31,STMMI.MI,-0.06811796046765356,0.0912305936217308,0.09031439572572708,-0.0053982505206771805
2024-08-30,STMMI.MI,-0.07294547733222798,0.010139035061001778,0.004177035763859749,-0.006872610265147257
2024-09-30,STMMI.MI,0.0026241045805323483,0.028191711753606796,0.029737358912825584,-0.011611313457499502
2024-10-31,STMMI.MI,-0.03042227390131824,0.0296957828104496,0.0284456554800272,-0.014507782066765234
2024-11-29,STMMI.MI,-0.0075564177836964395,0.007091305684298277,0.0008693785639479756,-0.015836497436566455
2024-12-31,STMMI.MI,-0.12376200288121039,0.033681537955999374,0.029765086248517036,-0.013949027368246448
2025-01-31,STMMI.MI,0.08578883337749173,0.04289108142256737,0.03831242024898529,-0.014724948436970562
2025-02-28,STMMI.MI,-0.16680739375961137,0.038051340728998184,0.0332680344581604,-0.01413401018538861
2025-03-31,STMMI.MI,-0.008942568433852913,0.0452519990503788,0.0460980124771595,-0.014853401416002948
2025-04-30,STMMI.MI,0.1288018798227447,-0.010820297524333,-0.007740328088402748,-0.016179067129811618
2025-05-30,STMMI.MI,0.16379899460384242,-0.007947604171931744,-0.0002706432424020022,-0.009473965696311143
2025-06-30,STMMI.MI,-0.12331472110304807,-0.021800553426146507,-0.021006053313612938,-0.006620064343651366
2025-07-31,STMMI.MI,0.034799506279498585,0.019232705235481262,0.018563268706202507,-0.012019855980879252
2025-08-29,STMMI.MI,0.03475617315464941,0.0018213411094620824,0.0032102325931191444,-0.009928238494174839
2025-09-30,STMMI.MI,-0.10421949399987157,-0.010277703404426575,-0.011017877608537674,-0.009777779411688163
2025-10-31,STMMI.MI,-0.06762109432863492,0.023051543161273003,0.02780509740114212,-0.013989550337135892
2025-11-28,STMMI.MI,0.13136104155264397,0.022719446569681168,0.021292703226208687,-0.013617599065651458
2019-01-31,SU.PA,0.1065517674886099,-0.03318362683057785,-0.032667241990566254,0.0059571166264092
2019-02-28,SU.PA,0.02197260110881564,-0.0006877450505271554,0.0024921048898249865,0.008673816596240645
2019-03-29,SU.PA,0.10705840029373058,0.010395294986665249,0.011397977359592915,0.0068857710157764025
2019-04-30,SU.PA,-0.05754822697453619,-0.004083526786416769,-0.0019804297480732203,0.009005551315281999
2019-05-31,SU.PA,0.13137503320651886,0.019547313451766968,0.018466835841536522,0.011520449798358066
2019-06-28,SU.PA,-0.006288399905355308,-0.002702167257666588,-0.008876259438693523,0.01115486414859136
2019-07-31,SU.PA,-0.04398618293935475,0.018985535949468613,0.017527945339679718,0.008503223258660597
2019-08-30,SU.PA,0.05542094687491507,0.011805248446762562,0.009545553475618362,0.00728944968065453
2019-09-30,SU.PA,0.054393944092006166,0.012352787889540195,0.011487302370369434,0.008779911860903803
2019-10-31,SU.PA,0.050812691621086245,0.012495978735387325,0.013032408431172371,0.009850199549417793
2019-11-29,SU.PA,0.04399511246072948,0.004243367351591587,0.0069155627861619,0.009814941090138746
2019-12-31,SU.PA,0.003926778171210786,0.007845052517950535,0.007182891480624676,0.009791587069473782
2020-01-31,SU.PA,0.018823151996684124,0.01866079866886139,0.018992969766259193,0.011265986409045008
2020-02-28,SU.PA,-0.133120911405858,0.018718555569648743,0.0104637136682868,0.010331719947035745
2020-03-31,SU.PA,0.060250150620996916,-0.037998754531145096,-0.03885083273053169,0.003697965850332737
2020-04-30,SU.PA,0.09913515560192322,-0.003575981128960848,-0.00806817039847374,0.006235032661439469
2020-05-29,SU.PA,0.0997420420856586,-0.010582183487713337,-0.01125280000269413,0.008545228755350144
2020-06-30,SU.PA,0.035955862919929076,-0.006791615393012762,-0.012815868481993675,0.013014775406367666
2020-07-31,SU.PA,0.05457069418522583,-0.0008719211327843368,-0.003060585120692849,0.012537625239438096
2020-08-31,SU.PA,0.04844585050065889,-0.003542442573234439,-0.002769073471426964,0.011917516068942523
2020-09-30,SU.PA,-0.03502415996192726,-0.0012359494576230645,-0.0069032590836286545,0.0119965343969796
2020-10-30,SU.PA,0.11286582546887375,-0.025454122573137283,-0.028877176344394684,0.012363038385583381
2020-11-30,SU.PA,0.03537205944412336,-0.0026334007270634174,-0.004488211125135422,0.01526159151490325
2020-12-31,SU.PA,0.042207264655503396,0.0035358767490833998,0.0018446702742949128,0.014214200828980629
2021-01-29,SU.PA,0.028928529046963584,0.005822200793772936,0.003823114326223731,0.016213107830911466
2021-02-26,SU.PA,0.027695937803987367,-0.0010120110819116235,-0.0021779099479317665,0.01791591291812914
2021-03-31,SU.PA,0.021043866234428648,0.0009270781301893294,0.0028220645617693663,0.017301137856721827
2021-04-30,SU.PA,-0.008138316543185743,0.012003772892057896,0.00964302010834217,0.017248049892933222
2021-05-31,SU.PA,0.04281080657309664,0.006694646552205086,0.006924556102603674,0.01940450425682975
2021-06-30,SU.PA,0.04509399120188458,0.0024149473756551743,0.00292442855425179,0.020564681536562372
2021-07-30,SU.PA,0.07785173068782249,-0.005453507881611586,-0.020367564633488655,0.021453733701000316
2021-08-31,SU.PA,-0.04349685969337236,0.004339882172644138,0.0028037764132022858,0.02385923059253768
2021-09-30,SU.PA,0.03415633812267623,0.0030557343270629644,-0.002276250161230564,0.025947298185628437
2021-10-29,SU.PA,0.015593144734746031,-0.0002941387356258929,-0.00010407278750790283,0.025918517285306725
2021-11-30,SU.PA,0.10225729723937088,-0.004933669697493315,-0.005271728150546551,0.029715447654175713
2021-12-31,SU.PA,-0.14380579999599302,0.003590548178181052,0.0032577491365373135,0.03078706857359291
2022-01-31,SU.PA,-0.1163111180609624,0.0608394593000412,0.057666126638650894,0.02398372278848752
2022-02-28,SU.PA,0.10180579516561278,0.009876254945993423,-0.004147940780967474,0.022036980384591353
2022-03-31,SU.PA,-0.13503462141568034,0.026565084233880043,0.0194778461009264,0.02091544689729329
2022-04-29,SU.PA,-0.02247656519291252,0.053858064115047455,0.05085623636841774,0.0197402553068818
2022-05-31,SU.PA,-0.1105056164225326,0.009421435184776783,0.013188506476581097,0.015436455719510947
2022-06-30,SU.PA,0.17535892355372928,0.009087071754038334,0.008617786690592766,0.012566282990222444
2022-07-29,SU.PA,-0.0958750787723583,-0.0035906746052205563,-0.0030220882035791874,0.018957186523456102
2022-08-31,SU.PA,-0.03967196117610864,0.0006559540051966906,0.0030919963028281927,0.012878552395379111
2022-09-30,SU.PA,0.0923983906815878,0.013012310490012169,0.013778451830148697,0.011289145909548227
2022-10-31,SU.PA,0.07955094075134271,0.009729628451168537,0.012144689448177814,0.012429958047484207
2022-11-30,SU.PA,-0.06084053498209248,-0.0035497969947755337,-0.0046832626685500145,0.013659286739235506
2022-12-30,SU.PA,0.11859847700162407,-0.008270642720162868,-0.005207851529121399,0.01132143828220432
2023-01-31,SU.PA,0.0347191797222158,0.00041341062751598656,6.944160850252956e-05,0.01579540045640942
2023-02-28,SU.PA,-0.02058906932664527,0.005573061294853687,0.004225496668368578,0.020104899258445018
2023-03-31,SU.PA,0.015111676624884147,0.009095598943531513,0.011248847469687462,0.019031032892523267
2023-04-28,SU.PA,0.059056520151815214,0.0031522209756076336,0.0025424272753298283,0.017511895680791367
2023-05-31,SU.PA,0.010113452790764012,-0.0009183322545140982,-0.0010153489420190454,0.015414366008465647
2023-06-30,SU.PA,-0.026911924868991143,-0.000569961208384484,-0.0006045775953680277,0.015204633152231011
2023-07-31,SU.PA,-0.009923192140081956,0.01019520778208971,0.009099108166992664,0.01364257676216179
2023-08-31,SU.PA,-0.01014090533296276,-0.0003980470646638423,-0.002009890042245388,0.012175102575467918
2023-09-29,SU.PA,-0.09439322650428397,0.00520702637732029,0.00443835835903883,0.013413707028261291
2023-10-31,SU.PA,0.1425949776849356,0.007356876507401466,0.0066392915323376656,0.007584933596422205
2023-11-30,SU.PA,0.05906753360876139,0.00036872082273475826,-0.006620989181101322,0.01098811185856251
2023-12-29,SU.PA,0.014852241834447845,0.0029054847545921803,0.0008637713035568595,0.01240567212010969
2024-01-31,SU.PA,0.13721512838105238,-0.004510165192186832,-0.00492484075948596,0.012419672334891522
2024-02-29,SU.PA,-0.0007152114973245212,-0.01081546489149332,-0.012406190857291222,0.015406878698358058
2024-03-28,SU.PA,0.030070507483928307,0.01310811284929514,0.012660694308578968,0.013647121978079923
2024-04-30,SU.PA,0.07022471894517732,0.0004089323047082871,0.002805003896355629,0.01505089530028335
2024-05-31,SU.PA,-0.009275653823623749,0.006437932141125202,0.0022272514179348946,0.016579135321811975
2024-06-28,SU.PA,-0.026656183936432997,0.020264338701963425,0.01761261746287346,0.014887154970283244
2024-07-31,SU.PA,0.033318021256187734,0.014840352348983288,0.014262659475207329,0.01210056586552456
2024-08-30,SU.PA,0.027904800232584653,0.0027589888777583838,0.003808389650657773,0.014412915628494623
2024-09-30,SU.PA,0.019495401775956083,-0.008640529587864876,-0.009982811287045479,0.014423962180766668
2024-10-31,SU.PA,0.026213319346810274,-0.002975565381348133,-0.004502566065639257,0.013208245845853167
2024-11-29,SU.PA,-0.01073507466848421,-0.00835357140749693,-0.009899253025650978,0.011095913126615361
2024-12-31,SU.PA,0.0004150380813962413,-0.00264286738820374,0.0006252013263292611,0.014516092000645592
2025-01-31,SU.PA,-0.06612942120148169,-0.041678622364997864,-0.034047286957502365,0.017235405572548917
2025-02-28,SU.PA,-0.10443477747485798,0.03250022977590561,0.029866795986890793,0.014251517966965652
2025-03-31,SU.PA,-0.03157266943143318,0.04809305816888809,0.0463283434510231,0.01384387139968557
2025-04-30,SU.PA,0.10317822682705924,0.01326050516217947,0.0077010951936244965,0.014561663531222903
2025-05-30,SU.PA,0.019904497731086428,-0.0003489672380965203,0.004125512670725584,0.01911653916090956
2025-06-30,SU.PA,0.05367088239253689,0.01013095024973154,0.010006931610405445,0.018067495329335926
2025-07-31,SU.PA,-0.08309590831577973,0.007983692921698093,0.009028460830450058,0.018255667185064117
2025-08-29,SU.PA,0.10904333358199321,0.01770649664103985,0.018263837322592735,0.018395630783166823
2025-09-30,SU.PA,0.08004263241341929,0.0002997542032971978,0.0010058850748464465,0.01767295808179465
2025-10-31,SU.PA,-0.0678761090350809,0.010040512308478355,0.010113894008100033,0.016919004386469243
2025-11-28,SU.PA,0.021202204366525278,0.012553639709949493,0.012287302874028683,0.016907204215497507
2019-01-31,TEF.MC,-0.0021368191724496347,0.006173767615109682,0.005624558310955763,-0.00046626848748207753
2019-02-28,TEF.MC,-0.0159387069214292,0.009718988090753555,0.007567513268440962,-0.0018632744339042162
2019-03-29,TEF.MC,-0.004966429316884837,0.009213970974087715,0.009677929803729057,-0.002768165200317597
2019-04-30,TEF.MC,-0.03310367440630887,0.006632611621171236,0.005342305637896061,-0.002941878553481954
2019-05-31,TEF.MC,0.04060722520605616,0.005216551013290882,0.005287802312523127,0.0020100076921769753
2019-06-28,TEF.MC,-0.0166169883545099,0.007699618116021156,0.007541047874838114,-0.001256659064686336
2019-07-31,TEF.MC,-0.09496340296301338,0.003063733456656337,0.003998566884547472,-0.002247665838554908
2019-08-30,TEF.MC,0.10534453365513301,-0.02369030937552452,-0.01880568079650402,-0.006324798650755871
2019-09-30,TEF.MC,-0.011637308776895042,0.0036841174587607384,0.004080234095454216,-0.0030932387746483996
2019-10-31,TEF.MC,0.011137825718106497,-0.0028633272740989923,-7.720406574662775e-05,-0.00037576817479759465
2019-11-29,TEF.MC,-0.0656829603222099,0.00812874361872673,0.0006042990135028958,-0.0032078628113414074
2019-12-31,TEF.MC,-0.010980106479449013,0.00508754001930356,0.004978514742106199,-0.006348105323073098
2020-01-31,TEF.MC,-0.13397573255290376,0.017384469509124756,0.016300158575177193,-0.00828988357595303
2020-02-28,TEF.MC,-0.2587515456944423,0.03593388572335243,0.05271187052130699,-0.014294292564029623
2020-03-31,TEF.MC,0.0015563239484900598,0.024330854415893555,0.03973253816366196,-0.020612751502263677
2020-04-30,TEF.MC,0.01448791675498626,0.044760994613170624,0.03332221880555153,-0.020117168521685345
2020-05-29,TEF.MC,0.05958945739323777,0.04372545704245567,0.03510633111000061,-0.018783856978013935
2020-06-30,TEF.MC,-0.10491589327310807,0.057176895439624786,0.05785676836967468,-0.017401866818580226
2020-07-31,TEF.MC,-0.06913382096472864,0.03123789280653,0.009498306550085545,-0.021111171374256464
2020-08-31,TEF.MC,-0.14189366539442402,0.025426631793379784,0.02478584088385105,-0.0228495290920464
2020-09-30,TEF.MC,-0.042781656763123004,-0.018343068659305573,-0.017773864790797234,-0.025631983876825182
2020-10-30,TEF.MC,0.26488300501013606,0.013416608795523643,0.020042281597852707,-0.02604349765084803
2020-11-30,TEF.MC,-0.05999493415002675,0.0021246031392365694,0.00044851552229374647,-0.01835216674806609
2020-12-31,TEF.MC,0.09964336189620791,0.02594738081097603,0.02681024558842182,-0.021061380024961548
2021-01-29,TEF.MC,0.032935019795800026,0.027520377188920975,0.019019193947315216,-0.017223657894577155
2021-02-26,TEF.MC,0.09489752977317609,-0.008405798114836216,-0.00508660776540637,-0.01630799192301547
2021-03-31,TEF.MC,0.009517123325303523,0.01601315103471279,0.011027402244508266,-0.016278486782888988
2021-04-30,TEF.MC,0.04230016062376774,0.004062354099005461,0.003404532093554735,-0.0135568234316521
2021-05-31,TEF.MC,0.02289130372162535,-0.0011121219722554088,-0.002314973622560501,-0.011873179354838453
2021-06-30,TEF.MC,-0.040917079468607856,0.007025468163192272,0.006422532722353935,-0.012052615834888227
2021-07-30,TEF.MC,0.09634437826356773,0.0007446281379088759,-6.628716619161423e-06,-0.011517414121176624
2021-08-31,TEF.MC,-0.02396039634044317,0.004076442215591669,0.003187601687386632,-0.007568966859950763
2021-09-30,TEF.MC,-0.0723608556098593,0.0037123204674571753,0.002515642438083887,-0.00831534355630512
2021-10-29,TEF.MC,0.05100762132392794,0.002456972375512123,0.001887405989691615,-0.013419885414241871
2021-11-30,TEF.MC,0.017132098398261138,0.02065238170325756,0.0220231581479311,-0.011196691700385552
2021-12-31,TEF.MC,0.06932166446245892,0.0020685018971562386,0.0006344721186906099,-0.012186274137722091
2022-01-31,TEF.MC,0.028416571413344707,0.00043421160080470145,-8.360794890904799e-05,-0.010286303612451992
2022-02-28,TEF.MC,0.01853616245903912,-0.005477003287523985,-0.006484937854111195,-0.008580596723192557
2022-03-31,TEF.MC,0.046416414590872215,-0.01100015640258789,-0.011049170978367329,-0.008009119104479205
2022-04-29,TEF.MC,0.06678887873115863,0.0067483652383089066,0.006445478647947311,-0.005583545626320858
2022-05-31,TEF.MC,-0.012496483669588348,-0.018159477040171623,-0.0166610274463892,-0.004016867940521344
2022-06-30,TEF.MC,-0.10966610886484784,-0.05084747076034546,-0.03894592076539993,-0.003294423458179158
2022-07-29,TEF.MC,-0.050604940873719334,0.023940354585647583,0.01583900861442089,-0.003264705812594421
2022-08-31,TEF.MC,-0.20741491118938632,-0.0025962055660784245,-0.002958024153485894,-0.008068511208153372
2022-09-30,TEF.MC,0.031776385775947505,-0.012751134112477303,-0.014141073450446129,-0.01303697029871298
2022-10-31,TEF.MC,0.029684407610895473,-0.002430180786177516,-0.0023261827882379293,-0.01210976260406146
2022-11-30,TEF.MC,-0.01311032687677654,-0.0008340156637132168,0.0013312742812559009,-0.00988564101223369
2022-12-30,TEF.MC,0.034551220002115975,-0.021447766572237015,-0.0175141803920269,-0.009717323974523628
2023-01-31,TEF.MC,0.11013841015244487,0.005317208357155323,0.006629028357565403,-0.004848626961626415
2023-02-28,TEF.MC,0.007248355704943378,-0.0002488819882273674,-0.0009559753234498203,0.0051430475616682444
2023-03-31,TEF.MC,0.018454441468585308,-0.012374353595077991,-0.01371174305677414,0.005682833287518103
2023-04-28,TEF.MC,-0.03754449401869833,0.0014708858216181397,0.0009196348837576807,0.006879003006086086
2023-05-31,TEF.MC,-0.033888647032300594,0.003400549292564392,0.002185033168643713,0.0036041456409057083
2023-06-30,TEF.MC,0.042413896055831624,0.003830448491498828,0.003273787209764123,0.006247756774952386
2023-07-31,TEF.MC,-0.02137726032839989,-0.012074473313987255,-0.010814765468239784,0.010405918742438364
2023-08-31,TEF.MC,0.011440712503302456,-0.007898579351603985,-0.005982088390737772,0.014986353398178618
2023-09-29,TEF.MC,-0.06875288727121757,0.00532324006780982,0.005135979037731886,0.014391137386166432
2023-10-31,TEF.MC,0.06426418399944095,0.008213652297854424,0.010554047301411629,0.006366212937138207
2023-11-30,TEF.MC,-0.04798997804424366,-0.007411892991513014,-0.010497266426682472,0.010879118326508777
2023-12-29,TEF.MC,0.06437954206704463,0.017059700563549995,0.0140252485871315,0.006054563326607374
2024-01-31,TEF.MC,0.00608228261080217,0.0027153976261615753,0.004501553252339363,0.007392742027310079
2024-02-29,TEF.MC,0.07514326425888641,-0.003603909630328417,-0.00386754865758121,0.00634106255554361
2024-03-28,TEF.MC,0.03814781761394801,0.0011270022951066494,-0.0032786503434181213,0.008392217959172573
2024-04-30,TEF.MC,-0.005722368441586601,-0.013469256460666656,-0.010541399009525776,0.007838830753874556
2024-05-31,TEF.MC,-0.0362893668879846,-0.001169878989458084,-0.0012195813469588757,0.007590290495570152
2024-06-28,TEF.MC,0.049991939874361936,0.012088418938219547,0.012791495770215988,0.007327634332737001
2024-07-31,TEF.MC,-0.024710511288967958,-0.002308204770088196,-0.0023012326564639807,0.005774102316437046
2024-08-30,TEF.MC,0.07117258325523673,-0.002019374631345272,-0.002081070328131318,0.006365922687785858
2024-09-30,TEF.MC,-0.009140770481738182,-0.0061158062890172005,-0.005734848324209452,0.010769512941598907
2024-10-31,TEF.MC,-0.006511768650615167,0.003760158084332943,0.003462407039478421,0.008411307233291995
2024-11-29,TEF.MC,-0.04940288063771056,-0.003943348303437233,-0.005032697226852179,0.007754533148600985
2024-12-31,TEF.MC,0.007338960849832965,0.009858878329396248,0.010002155788242817,0.004783070613196852
2025-01-31,TEF.MC,0.08100014414484706,0.010665838606655598,0.009767242707312107,0.003918044093953866
2025-02-28,TEF.MC,0.012247395974854443,0.006016000173985958,0.00582190090790391,0.006142742512446083
2025-03-31,TEF.MC,0.03697456629696365,0.004976004362106323,0.004666161257773638,0.0041379610295131
2025-04-30,TEF.MC,0.03351764441221925,0.025586403906345367,0.024356218054890633,0.0036787373451059374
2025-05-30,TEF.MC,-0.02319980004845387,0.006210606545209885,0.007587157189846039,0.005278459719600818
2025-06-30,TEF.MC,0.02481303686648969,0.006613089703023434,0.006566530559211969,0.006365396572168811
2025-07-31,TEF.MC,0.01186554489794299,0.005860626231878996,0.0045884451828897,0.008733856527224526
2025-08-29,TEF.MC,-0.052466739710524436,0.011512364260852337,0.010554172098636627,0.013243941436393491
2025-09-30,TEF.MC,0.022705288128426922,0.008635650388896465,0.008262054063379765,0.014157716632045327
2025-10-31,TEF.MC,-0.17899905316446504,0.008373123593628407,0.007863541133701801,0.011711712515358205
2025-11-28,TEF.MC,-0.021392401163815862,0.011832864955067635,0.017781713977456093,0.007881717348746268
2019-01-31,TTE.PA,0.03873549160369318,-0.011455198749899864,-0.010203035548329353,0.008896095033007935
2019-02-28,TTE.PA,0.0028731853921370757,-0.0018703944515436888,-0.0012164281215518713,0.010101133574541109
2019-03-29,TTE.PA,0.0005051156069883562,0.008523735217750072,0.00570877268910408,0.007812137038000717
2019-04-30,TTE.PA,-0.05625052751548632,0.006500097457319498,0.008166742511093616,0.007614206888171592
2019-05-31,TTE.PA,0.07840722461650913,0.014640259556472301,0.013588180765509605,0.007999130589153
2019-06-28,TTE.PA,-0.02496660178011607,0.01202722080051899,0.009810587391257286,0.008601306207642496
2019-07-31,TTE.PA,-0.044229366286928945,0.004159910138696432,0.004130158573389053,0.00709283776140521
2019-08-30,TTE.PA,0.06753851239660938,0.009279179386794567,0.006652336101979017,0.006664064489100137
2019-09-30,TTE.PA,-0.004500060218338474,0.010255789384245872,0.01057373732328415,0.0063708183009696506
2019-10-31,TTE.PA,0.010657222317771525,0.00538160465657711,0.004479648545384407,0.006158123555348074
2019-11-29,TTE.PA,0.031916236127492704,-0.0033513689413666725,-0.0026537126395851374,0.0035308030701154403
2019-12-31,TTE.PA,-0.07782337641118688,-0.0025990528520196676,-0.002537734806537628,0.004757977217400961
2020-01-31,TTE.PA,-0.12135735296906466,0.0004842910566367209,-0.0004074735625181347,0.00244013472151377
2020-02-28,TTE.PA,-0.11259307017603719,0.02785804122686386,0.031922854483127594,-0.0011437801774289867
2020-03-31,TTE.PA,-0.07447730123404811,-0.05107710883021355,-0.05872875824570656,-0.003494747990755529
2020-04-30,TTE.PA,0.02331810478205757,0.09010819345712662,0.07673809677362442,-0.005651543809885566
2020-05-29,TTE.PA,0.04667578105696507,0.025079600512981415,0.02665805071592331,-0.0033524076984829585
2020-06-30,TTE.PA,-0.045924804817703155,0.04667506366968155,0.04514710232615471,-0.0019589922117348385
2020-07-31,TTE.PA,0.05591496028890597,0.019058596342802048,0.01926364004611969,-0.004182282335612501
2020-08-31,TTE.PA,-0.1326103783138513,0.01663101091980934,0.015255710110068321,-0.004339305744255845
2020-09-30,TTE.PA,-0.15010653560301668,0.01785232312977314,0.015592087991535664,-0.007981334333911325
2020-10-30,TTE.PA,0.32749671858616114,-0.0045537506230175495,-0.011292178183794022,-0.011807043456677256
2020-11-30,TTE.PA,-0.006581377084028757,0.024814462289214134,0.02440655045211315,-0.0026436251236492646
2020-12-31,TTE.PA,-0.0024567039346395313,0.0028692083433270454,0.003907146863639355,-0.0035037122143424127
2021-01-29,TTE.PA,0.10697838242565823,0.011436429806053638,0.009178636595606804,-0.003343993585012546
2021-02-26,TTE.PA,0.0516883368303788,-0.02356298454105854,-0.017164498567581177,-0.00019050728182548295
2021-03-31,TTE.PA,-0.07706143129470074,0.007768247742205858,0.006817236542701721,-0.002253193348462918
2021-04-30,TTE.PA,0.02890578047596625,0.022297043353319168,0.01775304786860943,-0.003670015315337949
2021-05-31,TTE.PA,0.03491953021055161,0.019594619050621986,0.016713136807084084,-0.0035845570161963966
2021-06-30,TTE.PA,-0.017182707474604257,0.0013119811192154884,-0.0006015058024786413,-0.004267773264132992
2021-07-30,TTE.PA,0.027015887068194282,-0.007407011929899454,-0.007276427466422319,-0.006068781016251955
2021-08-31,TTE.PA,0.11181965293586962,0.002543149283155799,0.002137112198397517,-0.005911843698815983
2021-09-30,TTE.PA,0.048058171457078566,-0.008825008757412434,-0.010255876928567886,-8.739546888976897e-05
2021-10-29,TTE.PA,-0.05132935677852879,-0.000847417104523629,-0.000892300100531429,0.0025562353566378235
2021-11-30,TTE.PA,0.09718892944447499,0.00764049869030714,0.01492736954241991,0.002112235733152408
2021-12-31,TTE.PA,0.1329058253791595,0.00393307488411665,0.0038088695146143436,0.003729707495120002
2022-01-31,TTE.PA,-0.12430075298805578,0.011815539561212063,0.015451894141733646,0.0057201591227947525
2022-02-28,TTE.PA,0.01933723400998731,0.007812509313225746,0.01858319342136383,0.0030800330768332193
2022-03-31,TTE.PA,0.020428767647737895,0.004927751142531633,-6.54168106848374e-05,0.003609740328650579
2022-04-29,TTE.PA,0.15567714890899703,0.007532267831265926,0.008333433419466019,0.005884203419233223
2022-05-31,TTE.PA,-0.07374107007451067,-0.0016903190407902002,-0.0007910530548542738,0.008632570369553078
2022-06-30,TTE.PA,-0.01218425832127521,0.012115845456719398,0.011475097388029099,0.00743520919486054
2022-07-29,TTE.PA,0.08915276441754741,0.017774200066924095,0.014775393530726433,0.008869311671610635
2022-08-31,TTE.PA,-0.05489289039312661,-0.0165376216173172,-0.013180975802242756,0.006841815212803988
2022-09-30,TTE.PA,0.13223587815267387,0.010998427867889404,0.011056671850383282,0.006008753583419802
2022-10-31,TTE.PA,0.06737042142444247,-0.006213892716914415,-0.006639757193624973,0.009493221672890068
2022-11-30,TTE.PA,-0.010745467255010587,-0.00831356830894947,-0.006713903974741697,0.011319664223913629
2022-12-30,TTE.PA,-0.0008629926948840853,-0.004813898354768753,-0.00524397986009717,0.012406043108397597
2023-01-31,TTE.PA,0.017397876984290843,0.007055741269141436,0.016179660335183144,0.017071527354382124
2023-02-28,TTE.PA,-0.07162944602768898,0.005347653292119503,0.0028657775837928057,0.022669885061593693
2023-03-31,TTE.PA,0.011704548962684514,0.017231617122888565,0.02561301924288273,0.01984316486195645
2023-04-28,TTE.PA,-0.03888935607848328,-0.004213328938931227,0.002080141566693783,0.020626353029713544
2023-05-31,TTE.PA,-0.007885651956964841,-0.023893773555755615,-0.007434451952576637,0.01723699352070423
2023-06-30,TTE.PA,0.050284286808812896,0.002466264646500349,0.0038142132107168436,0.019089495883115013
2023-07-31,TTE.PA,0.04597693079403116,-0.007950758561491966,-0.0037767193280160427,0.019784716467422733
2023-08-31,TTE.PA,0.08228079974093533,-0.0026518802624195814,0.005781881511211395,0.024996764762872554
2023-09-29,TTE.PA,0.010854215962905069,0.0003634711029008031,0.006385606247931719,0.030457431869844086
2023-10-31,TTE.PA,-0.024344667998279425,-0.0004568195145111531,-0.0010798275470733643,0.019739105282032945
2023-11-30,TTE.PA,0.007739623855932497,0.006687165703624487,0.011965800076723099,0.0209227219304367
2023-12-29,TTE.PA,-0.007090663393932435,0.007980262860655785,0.007730898912996054,0.019927357668032542
2024-01-31,TTE.PA,-0.018641759709992035,-0.0017850938020274043,-0.002617213875055313,0.017329533508232742
2024-02-29,TTE.PA,0.08477472171693953,0.0063667623326182365,0.006714326329529285,0.01535619355724121
2024-03-28,TTE.PA,0.08715555792138586,-0.002937940414994955,0.0029339806642383337,0.019717629612858882
2024-04-30,TTE.PA,-0.04411391620232858,-0.005171195138245821,-0.004879101179540157,0.021358113633270177
2024-05-31,TTE.PA,-0.03942397886138898,0.0006712382892146707,-0.002308630384504795,0.02024178440849325
2024-06-28,TTE.PA,-0.00951084949810513,0.001214163494296372,0.0025263293646275997,0.01965445569566969
2024-07-31,TTE.PA,0.003674418011364866,0.007958834990859032,0.010882568545639515,0.018978341207649
2024-08-30,TTE.PA,-0.04848791024053821,0.003645379329100251,0.005092797335237265,0.016009498752792735
2024-09-30,TTE.PA,0.015267611715001454,0.011476187035441399,0.020393235608935356,0.013173398063040114
2024-10-31,TTE.PA,-0.04325674641971594,0.008124428801238537,0.023066505789756775,0.014424525258678902
2024-11-29,TTE.PA,-0.02953879200032138,0.016425250098109245,0.02011185511946678,0.010523256484673608
2024-12-31,TTE.PA,0.06586899966855093,0.020793398842215538,0.022298118099570274,0.005260325786053806
2025-01-31,TTE.PA,0.03107785944139182,0.004551917780190706,0.005008247680962086,0.010718624469922753
2025-02-28,TTE.PA,0.045419319099075664,0.002583693712949753,0.0015985588543117046,0.010329347741281298
2025-03-31,TTE.PA,-0.15370377043427877,0.014110676012933254,0.012925212271511555,0.012534961159935453
2025-04-30,TTE.PA,0.004874683777115616,0.031099773943424225,0.021703125908970833,0.002710820227158048
2025-05-30,TTE.PA,0.02417116620890596,0.00642172759398818,0.0069161527790129185,0.0053217714747095315
2025-06-30,TTE.PA,0.008219508584182,0.011613206006586552,0.010647797025740147,0.006441230061700005
2025-07-31,TTE.PA,0.028053374105283763,0.01081718411296606,0.012014403939247131,0.003833286553721146
2025-08-29,TTE.PA,-0.008446749589080956,0.003808650653809309,0.003954682499170303,0.008038762428254667
2025-09-30,TTE.PA,0.062103266952088135,0.013339709490537643,0.013362905941903591,0.0038236105896976877
2025-10-31,TTE.PA,0.04989285856050095,0.00950848963111639,0.004979303106665611,0.00302968715638674
2025-11-28,TTE.PA,-0.0070671311007672365,0.003433792619034648,0.0007024380611255765,0.0030881641045511377
2019-01-31,UBSG.SW,-0.0051804857764847665,-0.03770248219370842,-0.032293450087308884,-0.003423253084618118
2019-02-28,UBSG.SW,-0.03001678382072622,-0.005888139829039574,-0.0038925132248550653,-0.00459068554681351
2019-03-29,UBSG.SW,0.10166859288795094,0.011675536632537842,0.015158379450440407,-0.006520288170540857
2019-04-30,UBSG.SW,-0.09187290195956994,0.008180782198905945,0.009127840399742126,-0.0028039214648086785
2019-05-31,UBSG.SW,0.022702564492988016,0.018412040546536446,0.015037218108773232,-0.0007969288669746888
2019-06-28,UBSG.SW,-0.013658980966803583,0.004929551389068365,0.0056554777547717094,-0.0018713593388989382
2019-07-31,UBSG.SW,-0.047561381434672714,0.011699922382831573,0.011438161134719849,-0.003579649663113292
2019-08-30,UBSG.SW,0.0862905659769965,0.002084515755996108,0.003847871208563447,-0.0036416171245090925
2019-09-30,UBSG.SW,0.03749496208834835,0.006809053011238575,0.006614522077143192,-0.0027736641945985685
2019-10-31,UBSG.SW,0.04368747555113844,0.008038070984184742,0.007600795011967421,-0.006942718816868267
2019-11-29,UBSG.SW,0.018383152718458615,0.005589083768427372,0.006677518133074045,-0.00610856434448855
2019-12-31,UBSG.SW,0.002138169585172319,0.0017528848256915808,0.001119628781452775,-0.006986837378828967
2020-01-31,UBSG.SW,-0.1284832752950175,0.01958654634654522,0.01370144821703434,-0.004541355294915974
2020-02-28,UBSG.SW,-0.1504595795572823,0.0173219945281744,0.009670780040323734,-0.0077006158290220525
2020-03-31,UBSG.SW,0.13324382975264337,-0.10931079089641571,-0.058089371770620346,-0.013726336980722478
2020-04-30,UBSG.SW,0.024661274731950202,0.019230177626013756,0.04704621806740761,-0.008467627510960123
2020-05-29,UBSG.SW,0.053785693531001134,0.014905162155628204,0.02082432247698307,-0.007676424277202979
2020-06-30,UBSG.SW,-0.00899500996352749,0.00794074684381485,0.010949632152915001,-0.008200201445115414
2020-07-31,UBSG.SW,0.028474703083897917,-0.0035208852495998144,-0.0014127464964985847,-0.006026914873098069
2020-08-31,UBSG.SW,-0.08324774609014089,0.00586665328592062,0.0033838115632534027,-0.005487704731301138
2020-09-30,UBSG.SW,0.03461149003619964,0.015793971717357635,0.016017749905586243,-0.008456914555054484
2020-10-30,UBSG.SW,0.20657282137497684,-0.002964567393064499,-0.0015066209016367793,-0.006594527291190835
2020-11-30,UBSG.SW,-0.03385171660594828,0.010610983707010746,0.009146747179329395,-0.0025611378937264975
2020-12-31,UBSG.SW,0.04935923195930454,0.012483698315918446,0.010195612907409668,-0.005711180240532237
2021-01-29,UBSG.SW,0.09389072520617181,0.0027714937459677458,0.006931102368980646,-0.00339983294004879
2021-02-26,UBSG.SW,0.024621363059609387,0.007514040917158127,-0.002454860834404826,0.0016794196983868082
2021-03-31,UBSG.SW,-0.022552452408099055,0.012228799983859062,0.01254468783736229,0.00312406493176297
2021-04-30,UBSG.SW,0.05068927950876353,0.02128206007182598,0.016125276684761047,0.002018488893051081
2021-05-31,UBSG.SW,-0.020408242472376024,-0.009817084297537804,-0.01015371736139059,0.004409942467871581
2021-06-30,UBSG.SW,0.07441863050983538,0.006947224028408527,0.00651655113324523,0.002234462865365167
2021-07-30,UBSG.SW,0.027694070693844535,-0.004783872049301863,-0.008098560385406017,0.004655679603227202
2021-08-31,UBSG.SW,-0.0174647910721335,0.0019226201111450791,0.0010645160218700767,0.004143904815154081
2021-09-30,UBSG.SW,0.12155382769777821,0.01678703911602497,0.015385613776743412,0.00894489236725884
2021-10-29,UBSG.SW,-0.034765362931484085,-0.005949710495769978,-0.003972802776843309,0.01084494073876527
2021-11-30,UBSG.SW,0.03946047536930773,0.009529617615044117,0.011135299690067768,0.014667114087536872
2021-12-31,UBSG.SW,0.040318833268404235,0.004753015004098415,0.005917498376220465,0.012786312610818616
2022-01-31,UBSG.SW,-0.05645131323680475,0.010199622251093388,0.008976193144917488,0.01478727925357891
2022-02-28,UBSG.SW,0.09033846067859902,0.005852600559592247,-0.0029163348954170942,0.015766341347932596
2022-03-31,UBSG.SW,-0.07024611635545872,0.007570949383080006,0.009663349017500877,0.014662864268138369
2022-04-29,UBSG.SW,0.0831920762590135,0.0003899459552485496,-0.0005513648502528667,0.016000671789276368
2022-05-31,UBSG.SW,-0.11608239843535162,-0.004587436094880104,-0.003231586189940572,0.01761045346116309
2022-06-30,UBSG.SW,0.030529468113962753,0.031902775168418884,0.034566864371299744,0.015097050103731227
2022-07-29,UBSG.SW,0.008894760339752292,0.02151671051979065,0.021803541108965874,0.017752977323433516
2022-08-31,UBSG.SW,-0.04996553632995395,-0.0030479247216135263,-0.0020295900758355856,0.01498384355930011
2022-09-30,UBSG.SW,0.05880109830371065,0.005100344307720661,0.006744347512722015,0.013189486237783042
2022-10-31,UBSG.SW,0.09810526457140192,-0.011983868665993214,-0.010745513252913952,0.01348798108227531
2022-11-30,UBSG.SW,0.00024959543832548645,-0.0044326176866889,-0.006079280748963356,0.01560005034622732
2022-12-30,UBSG.SW,0.12591787754755135,-0.0039259810000658035,-0.004846519324928522,0.015116811842782834
2023-01-31,UBSG.SW,0.05149728097168431,-0.0026039546355605125,-0.0028385447803884745,0.021799111040865873
2023-02-28,UBSG.SW,-0.11066382114010255,0.0005505308508872986,-0.001005880651064217,0.02777763674353198
2023-03-31,UBSG.SW,-0.04311549953597163,0.013761150650680065,0.029020002111792564,0.022339982504454136
2023-04-28,UBSG.SW,0.0075330858984980955,0.017643900588154793,0.015821997076272964,0.020391097105252123
2023-05-31,UBSG.SW,0.030388326331617154,0.0004583109694067389,-0.0007217095117084682,0.018525576119319476
2023-06-30,UBSG.SW,0.08201328449204123,0.0011360562639310956,-0.000298894417937845,0.019930539591515903
2023-07-31,UBSG.SW,0.13798976113412892,0.0010873675346374512,-0.0006627656402997673,0.021357780815836343
2023-08-31,UBSG.SW,-0.041866868274083424,0.0035217138938605785,-0.0005686327931471169,0.029741274094921444
2023-09-29,UBSG.SW,-0.05147738592609987,0.023850690573453903,0.02202257700264454,0.02713929065920653
2023-10-31,UBSG.SW,0.11088458923499953,0.025201285257935524,0.01881261169910431,0.018936898791768395
2023-11-30,UBSG.SW,0.08414273837853631,-0.009927721694111824,-0.007629214320331812,0.02464094246503908
2023-12-29,UBSG.SW,-0.003377609950704527,0.002795300679281354,0.0020187136251479387,0.025050018252822614
2024-01-31,UBSG.SW,-0.04953243759987314,0.003078596433624625,0.0010648011229932308,0.023174980934580036
2024-02-29,UBSG.SW,0.06804531709707287,0.022862130776047707,0.018813325092196465,0.021462186746852765
2024-03-28,UBSG.SW,-0.09926167194186261,0.00012097510625608265,0.0008606093470007181,0.023781409045755122
2024-04-30,UBSG.SW,0.12564798819565956,0.01974983885884285,0.02184629812836647,0.019508980193134975
2024-05-31,UBSG.SW,-0.04207625206321609,0.000178787944605574,-0.0013109924038872123,0.024980689134328604
2024-06-28,UBSG.SW,0.011997971829824717,0.0045442827977240086,0.005706754978746176,0.02187345591616252
2024-07-31,UBSG.SW,-0.0037569577333479358,0.004253798630088568,0.004362151958048344,0.021097369229204167
2024-08-30,UBSG.SW,0.00214010704239079,-3.6968893255107105e-05,0.002007465809583664,0.021584989698030747
2024-09-30,UBSG.SW,0.09287522604112941,0.00354937557131052,0.0036804359406232834,0.018495471665911107
2024-10-31,UBSG.SW,0.0800732554187375,0.0075701032765209675,0.005538647994399071,0.019418885315528465
2024-11-29,UBSG.SW,-0.03591036378728956,-0.006193274632096291,-0.004811806138604879,0.020547018094679292
2024-12-31,UBSG.SW,0.15074223996822075,0.00033409116440452635,0.003553170245140791,0.018410998983591293
2025-01-31,UBSG.SW,-0.028146802296471984,0.005153949372470379,0.004144125152379274,0.023007057504752057
2025-02-28,UBSG.SW,-0.15873151166872745,0.014806633815169334,0.016609352082014084,0.02019303165315202
2025-03-31,UBSG.SW,-0.020900287011971535,0.03396446257829666,0.035132840275764465,0.01680098092542078
2025-04-30,UBSG.SW,0.053845260259339,0.010179897770285606,-0.007807832211256027,0.014714346612214551
2025-05-30,UBSG.SW,0.02388307067556733,0.015004712156951427,0.016239289194345474,0.018313827329901302
2025-06-30,UBSG.SW,0.13638732216454222,0.022472377866506577,0.023156436160206795,0.020991801081262012
2025-07-31,UBSG.SW,0.05447708156293415,0.0110373729839921,0.010517616756260395,0.022782227460741163
2025-08-29,UBSG.SW,0.00769253996098226,0.0015025387983769178,0.0014627478085458279,0.025187472434515922
2025-09-30,UBSG.SW,-0.048600747822597726,0.010343837551772594,0.009485574439167976,0.02379172402249847
2025-10-31,UBSG.SW,0.0033916274045750782,0.012544010765850544,0.010968533344566822,0.020249444719634066
2025-11-28,UBSG.SW,0.1800358410878385,0.013563642278313637,0.01369420439004898,0.02050460529955009
2019-01-31,UCG.MI,0.17222596929797648,0.03841979429125786,0.03835558891296387,-0.012919872618110548
2019-02-28,UCG.MI,-0.046002783941091294,0.004281011410057545,0.01253143884241581,-0.00897104642217931
2019-03-29,UCG.MI,0.09735564328368208,0.0039060672279447317,0.006262982729822397,-0.011331990141177178
2019-04-30,UCG.MI,-0.1896475598457018,0.01803666353225708,0.022580327466130257,-0.005587619530077174
2019-05-31,UCG.MI,0.04566290419785365,0.01495126448571682,0.016761258244514465,0.0028610641772862343
2019-06-28,UCG.MI,0.01921208139387233,0.0030471470672637224,0.01114785298705101,-0.0005695368809299033
2019-07-31,UCG.MI,-0.046091186789775675,0.0027792369946837425,0.0004545587580651045,0.0004832681886475478
2019-08-30,UCG.MI,0.07282914732752861,0.014693664386868477,0.008474119938910007,0.0002461658434984952
2019-09-30,UCG.MI,0.07853425642215886,-0.02559225633740425,-0.017571760341525078,-0.0006574853783839485
2019-10-31,UCG.MI,0.09987387606648392,0.006684997119009495,0.010538443922996521,0.005017009676929504
2019-11-29,UCG.MI,0.03581049836098524,0.015606970526278019,0.019964950159192085,-0.0021923934652045255
2019-12-31,UCG.MI,-0.050081297475090915,0.01682387664914131,0.017469579353928566,-0.0021649480666480945
2020-01-31,UCG.MI,-0.09109795938051757,0.04865996539592743,0.04342661425471306,0.00024230594780184756
2020-02-28,UCG.MI,-0.4613395730003403,0.04540414735674858,0.03500102087855339,-0.004727127032911362
2020-03-31,UCG.MI,-0.016648143009097637,0.07663241028785706,0.05725286900997162,-0.01940246961953191
2020-04-30,UCG.MI,0.08675043487919883,0.08902110904455185,0.07743050158023834,-0.02275627632091301
2020-05-29,UCG.MI,0.07450858991134944,0.007061670534312725,0.006229587364941835,-0.019548224637625098
2020-06-30,UCG.MI,0.004508720632370874,0.15265588462352753,0.14431177079677582,-0.019113012007776358
2020-07-31,UCG.MI,0.06626942058051526,0.010913796722888947,-0.003171005751937628,-0.02204097884252641
2020-08-31,UCG.MI,-0.1610227580318355,0.01592947356402874,0.012722860090434551,-0.019822225143338423
2020-09-30,UCG.MI,-0.11781852979961373,0.010789184831082821,0.021864334121346474,-0.024176469632897737
2020-10-30,UCG.MI,0.3002953743297634,0.023647334426641464,0.015637680888175964,-0.0258702651485154
2020-11-30,UCG.MI,-0.12230558653039807,0.03396455943584442,0.03275644779205322,-0.015676752814492358
2020-12-31,UCG.MI,0.002611780431214506,0.0068738930858671665,0.006721076555550098,-0.02248151212497029
2021-01-29,UCG.MI,0.15749101457185108,0.0332048162817955,0.03046512044966221,-0.021739583069109364
2021-02-26,UCG.MI,0.04812102150779046,0.012588739395141602,0.014071599580347538,-0.017194786560725095
2021-03-31,UCG.MI,-0.03714768975376691,0.0002504766162019223,0.004402342718094587,-0.01846516592135958
2021-04-30,UCG.MI,0.20404138251022635,0.010825463570654392,0.008202856406569481,-0.014214446947699437
2021-05-31,UCG.MI,-0.038839728699530764,0.0124112693592906,0.014189349487423897,-0.007259770057198812
2021-06-30,UCG.MI,-0.011828448663933552,0.04185226932168007,0.046362489461898804,-0.009917002467718353
2021-07-30,UCG.MI,0.038048035097691925,-0.0015621448401361704,-0.008696738630533218,-0.0060355248089800275
2021-08-31,UCG.MI,0.08451670013689722,0.0138236153870821,0.012638219632208347,-0.007092247602218271
2021-09-30,UCG.MI,-0.006630728771021343,0.02327992022037506,0.026745004579424858,0.002288652765591056
2021-10-29,UCG.MI,-0.07769666794676519,0.013104978948831558,0.01472530234605074,0.000891056250172791
2021-11-30,UCG.MI,0.2360442908328461,0.0339699387550354,0.036965932697057724,0.003987097376155022
2021-12-31,UCG.MI,0.032399186815753246,-0.008462484925985336,-0.006003102753311396,0.008038337526627193
2022-01-31,UCG.MI,-0.27786636872672144,0.02879597432911396,0.028581034392118454,0.005329076795059661
2022-02-28,UCG.MI,-0.10138764286379205,0.05000583082437515,0.09046123176813126,0.0011348853091594686
2022-03-31,UCG.MI,-0.07162174659956058,0.027531800791621208,0.02073660120368004,-0.005829724850234351
2022-04-29,UCG.MI,0.20361685074942984,0.046906713396310806,0.043556977063417435,-0.0017762852052103496
2022-05-31,UCG.MI,-0.13033851224995444,-0.013477040454745293,-0.0037192527670413256,0.0021844691507068394
2022-06-30,UCG.MI,0.055256891888733395,0.038266513496637344,0.06567312031984329,-0.0025589812325195133
2022-07-29,UCG.MI,-0.033541736340392835,-0.00438805902376771,-0.01437357347458601,0.0011106155970888785
2022-08-31,UCG.MI,0.03922852208256226,0.033933427184820175,0.023478681221604347,-0.0007608146122616165
2022-09-30,UCG.MI,0.18219400828186916,0.007282822392880917,0.0043346029706299305,-0.0006044072419159792
2022-10-31,UCG.MI,0.0323065185194851,0.010953702963888645,-0.01760990172624588,0.0020262511256919666
2022-11-30,UCG.MI,0.01886264749715716,0.013600453734397888,0.009928916580975056,0.002003774211980083
2022-12-30,UCG.MI,0.18229636937508953,-0.011636564508080482,-0.017466913908720016,0.0033505257420210675
2023-01-31,UCG.MI,0.05377269249960689,0.041088346391916275,-0.031142227351665497,0.014169147963486069
2023-02-28,UCG.MI,-0.1147767920500531,0.01043110340833664,0.009548688307404518,0.02701753118446618
2023-03-31,UCG.MI,0.06420582642398215,-0.03713354840874672,-0.03469179943203926,0.0271896959890667
2023-04-28,UCG.MI,0.03956363391701158,0.011257519014179707,0.02612798474729061,0.028019913470751
2023-05-31,UCG.MI,0.16463803393748194,0.06242319941520691,0.05582015588879585,0.02494398070776591
2023-06-30,UCG.MI,0.07843157184882452,0.020808281376957893,0.020991023629903793,0.029821905283923537
2023-07-31,UCG.MI,-0.017544195085314133,-0.002693870570510626,0.0024952837266027927,0.03220393866860604
2023-08-31,UCG.MI,0.0072855615438510695,0.030748112127184868,0.04475994408130646,0.035858720699051785
2023-09-29,UCG.MI,0.03288906209028102,0.000883036176674068,0.007777146063745022,0.038999647786490545
2023-10-31,UCG.MI,0.06948648418508628,-0.0015271990559995174,-0.0018354479689151049,0.029955421475108983
2023-11-30,UCG.MI,0.0017994178318635698,-0.0022978743072599173,-0.0026660047005861998,0.03632044307151842
2023-12-29,UCG.MI,0.09580971108229605,0.019357429817318916,0.020913727581501007,0.035564065469320616
2024-01-31,UCG.MI,0.12933449405598516,-0.005074378568679094,-0.0038516311906278133,0.03459678517236831
2024-02-29,UCG.MI,0.12925588065964913,-0.003191448049619794,-0.005371443461626768,0.037278177798301323
2024-03-28,UCG.MI,0.04947263828105211,-0.00444455211982131,-0.0035843069199472666,0.04241252070738956
2024-04-30,UCG.MI,0.04038233921538764,0.025686366483569145,0.019315320998430252,0.03762366759909988
2024-05-31,UCG.MI,-0.004959188986934249,-0.015114332549273968,-0.008831648156046867,0.04051567494270596
2024-06-28,UCG.MI,0.09068900609447322,0.055945709347724915,0.05499176308512688,0.040021769950408834
2024-07-31,UCG.MI,-0.028054169820951533,0.003911490086466074,0.004163135774433613,0.040194620442217756
2024-08-30,UCG.MI,0.05174130180227416,0.004210214596241713,0.0033068344928324223,0.03724358309116262
2024-09-30,UCG.MI,0.04203546558640968,0.0013403381453827024,0.01104032900184393,0.038700173104422156
2024-10-31,UCG.MI,-0.08860289729730692,-0.0003737662627827376,0.006681421305984259,0.041622449065431034
2024-11-29,UCG.MI,0.057150963411443934,0.030056770890951157,0.05341970920562744,0.03260447161737123
2024-12-31,UCG.MI,0.15134698711373593,0.0038673533126711845,0.004035222344100475,0.03371186880293226
2025-01-31,UCG.MI,0.15697685714828774,0.0029106191359460354,0.006460124161094427,0.042946864302189504
2025-02-28,UCG.MI,0.01801494291749754,0.007188064511865377,0.014162518084049225,0.05140204066844279
2025-03-31,UCG.MI,0.019112919553350875,0.0036459926050156355,0.010084795765578747,0.05253363600382918
2025-04-30,UCG.MI,0.10229509507969112,-0.02827543020248413,-0.017178606241941452,0.04755076680544335
2025-05-30,UCG.MI,0.0061690654639752224,-0.010966705158352852,-0.016206400468945503,0.053319465269269936
2025-06-30,UCG.MI,0.10166363808221283,0.006517327856272459,0.010528494603931904,0.05672755318298593
2025-07-31,UCG.MI,0.021581942114990083,-0.006354205776005983,-0.01518265251070261,0.058826641592804936
2025-08-29,UCG.MI,-0.03701834455737342,0.01246646512299776,0.013137406669557095,0.05447380514859649
2025-09-30,UCG.MI,-0.012486481384744813,0.02871759608387947,0.021483367308974266,0.051036547200299584
2025-10-31,UCG.MI,0.035402918786438926,0.016481466591358185,0.0151539770886302,0.048447064436525404
2025-11-28,UCG.MI,0.10126415348926701,0.005568615160882473,0.005674032960087061,0.04877018157102512
2019-01-31,VOW3.DE,0.03672784783590883,-0.0038938981015235186,-0.0046210382133722305,0.011093273878195671
2019-02-28,VOW3.DE,-0.07269153056555111,-0.0008576434338465333,0.006737577263265848,0.00865257399505628
2019-03-29,VOW3.DE,0.09975755764972531,0.013993969187140465,0.013702443800866604,0.004269846263874882
2019-04-30,VOW3.DE,-0.0457257974268659,0.010311919264495373,0.009799462743103504,0.005058602245767485
2019-05-31,VOW3.DE,0.07257080744146328,0.00721569312736392,0.008518650196492672,0.00955444030165764
2019-06-28,VOW3.DE,0.03304651908760019,-0.0024766167625784874,-0.002067804569378495,0.007428221491006736
2019-07-31,VOW3.DE,-0.03821948205959967,0.008366726338863373,0.007831196300685406,0.008231674874925574
2019-08-30,VOW3.DE,0.06594906874784148,0.0061586638912558556,0.003404487855732441,0.008312661711487998
2019-09-30,VOW3.DE,0.10478384223850236,0.00202871928922832,0.005974096246063709,0.007697730965892917
2019-10-31,VOW3.DE,0.02761758662398967,0.02017485350370407,0.016788849607110023,0.010585318734601617
2019-11-29,VOW3.DE,0.004321561907352745,0.019543059170246124,0.01998629793524742,0.008777729239221464
2019-12-31,VOW3.DE,-0.07198031493127548,0.009260538965463638,0.005318464711308479,0.0059710936267616255
2020-01-31,VOW3.DE,-0.08170694383514443,0.04884595423936844,0.03696754202246666,0.006071499775510223
2020-02-28,VOW3.DE,-0.34697273282887137,0.010442189872264862,0.008948732167482376,0.004624904828049287
2020-03-31,VOW3.DE,0.18241515969211913,0.007102353032678366,0.021699881181120872,-0.006416044764717713
2020-04-30,VOW3.DE,0.03283514437028552,0.047162286937236786,0.07361330091953278,-0.0004787535369553058
2020-05-29,VOW3.DE,0.015576096874457959,0.026703663170337677,0.03172243386507034,0.0011781971637751336
2020-06-30,VOW3.DE,0.019811310423389718,0.04410183057188988,0.04608907923102379,0.0012133829951812558
2020-07-31,VOW3.DE,0.10860321428934236,-0.07626987993717194,-0.10063829272985458,0.0010247353947166902
2020-08-31,VOW3.DE,-0.004315272667274823,0.01833108812570572,0.01738356426358223,0.0012141967197849054
2020-09-30,VOW3.DE,-0.04316986041151069,0.015495606698095798,0.012377412058413029,-3.809232847933824e-05
2020-10-30,VOW3.DE,0.12205492442436892,-0.10105524957180023,-0.09874526411294937,-0.005867468157074508
2020-11-30,VOW3.DE,0.07547144190658868,-0.013959179632365704,-0.00698886951431632,-0.0021886019007842806
2020-12-31,VOW3.DE,0.02526549688942761,0.041836608201265335,0.04092758521437645,-0.0023857228621330232
2021-01-29,VOW3.DE,0.11678808673487195,0.015868499875068665,0.016854947432875633,0.0009827847165162988
2021-02-26,VOW3.DE,0.28358444207406835,-0.005034249741584063,-0.0043434868566691875,0.005655038415293825
2021-03-31,VOW3.DE,-0.09627469431977626,0.0803416296839714,0.08167971670627594,0.011528811952765524
2021-04-30,VOW3.DE,0.05258448781643532,0.05126557871699333,0.06564348191022873,0.009131416422615451
2021-05-31,VOW3.DE,-0.05512584818105282,0.01677987165749073,0.017711490392684937,0.014634694993715874
2021-06-30,VOW3.DE,0.0037059045961452645,0.09601515531539917,0.0981525257229805,0.011113034001632549
2021-07-30,VOW3.DE,-0.022141162643811167,0.02706315368413925,0.02331721782684326,0.012948575268250946
2021-08-31,VOW3.DE,-0.026477768521429353,-0.0020610650535672903,-0.0016366697382181883,0.010506983870656059
2021-09-30,VOW3.DE,0.0009291528224848924,0.008510083891451359,0.008038423955440521,0.012211548282058393
2021-10-29,VOW3.DE,-0.1638977159787144,0.031274572014808655,0.032806240022182465,0.008931359876308503
2021-11-30,VOW3.DE,0.09178365149572702,-0.0031418551225215197,-0.00566162820905447,0.007084095304663881
2021-12-31,VOW3.DE,0.03237546657304739,0.06213103607296944,0.06204858422279358,0.0077303252266995364
2022-01-31,VOW3.DE,-0.10844449561089975,0.015542367473244667,0.0160233061760664,0.007981550325298705
2022-02-28,VOW3.DE,-0.11008964621533135,0.058064959943294525,0.055614542216062546,0.009555611433252132
2022-03-31,VOW3.DE,-0.0643177596790753,0.027153199538588524,0.024351827800273895,0.002924508215960131
2022-04-29,VOW3.DE,0.08615484498823327,0.03329705819487572,0.030831314623355865,0.00273071741183744
2022-05-31,VOW3.DE,-0.1400915878535906,-0.010271165519952774,-0.007964265532791615,0.004311922761143721
2022-06-30,VOW3.DE,0.07467964079556967,0.039404988288879395,0.031696151942014694,-0.0017253183225364298
2022-07-29,VOW3.DE,0.03787518073317195,0.01646726205945015,0.01872776821255684,0.0018923095443803798
2022-08-31,VOW3.DE,-0.10119475296453487,0.006351118441671133,0.009513834491372108,0.0005316793476470603
2022-09-30,VOW3.DE,0.022993076359493644,0.04470865800976753,0.040157053619623184,-0.005843422487868264
2022-10-31,VOW3.DE,0.06364892333667735,-0.004748302977532148,-0.003365254495292902,-0.005540009386686047
2022-11-30,VOW3.DE,-0.033374123679958595,0.013864507898688316,0.013309177942574024,-0.0032875113169991022
2022-12-30,VOW3.DE,0.08113904370783982,0.00515791168436408,0.004175466485321522,-0.0032001504593850674
2023-01-31,VOW3.DE,0.01221433742531792,-0.0006993593997322023,-0.0011515918886289,0.0029308032532378014
2023-02-28,VOW3.DE,-0.05212502258322978,0.0019448216771706939,0.0023579541593790054,0.012944932563446851
2023-03-31,VOW3.DE,-0.019287080505884815,0.0041836961172521114,0.0018685645190998912,0.006738642797279587
2023-04-28,VOW3.DE,0.04344986369704448,0.005546065047383308,0.0044419351033866405,0.003836567607666893
2023-05-31,VOW3.DE,0.048879985849211036,-0.001510042347945273,-0.0012477838899940252,0.005305408744218735
2023-06-30,VOW3.DE,-0.01954895975811298,-0.0013063594233244658,-0.003192173782736063,0.0061564076108738194
2023-07-31,VOW3.DE,-0.05840821092453764,0.0042817736975848675,0.00424225814640522,0.005117337006135308
2023-08-31,VOW3.DE,-0.03694447507198638,0.007451219484210014,0.009454497136175632,0.0036032170471453906
2023-09-29,VOW3.DE,-0.09426426602559458,0.008638553321361542,0.009583787992596626,0.004358224898969605
2023-10-31,VOW3.DE,0.0682378773684101,0.02490309812128544,0.027132458984851837,-0.0022507163090265494
2023-11-30,VOW3.DE,0.05893176510457888,0.015206771902740002,0.013686083257198334,-0.0016856249216118512
2023-12-29,VOW3.DE,0.04238068484240639,0.021697483956813812,0.019536977633833885,-0.001555998604132173
2024-01-31,VOW3.DE,0.044872589510507044,-0.0013259638799354434,-0.0008204689365811646,-0.002353874904146834
2024-02-29,VOW3.DE,-0.02014730841405602,-0.0071704331785440445,-0.008557822555303574,-0.009814836904897964
2024-03-28,VOW3.DE,-0.017160390925920605,0.02446568012237549,0.026628416031599045,-0.008394432903099725
2024-04-30,VOW3.DE,0.04790060091571,-0.007745725568383932,-0.009568032808601856,-0.01045552287700439
2024-05-31,VOW3.DE,-0.08102141285450053,-0.004520857241004705,-0.005830809008330107,-0.0064263334191051085
2024-06-28,VOW3.DE,-0.01049123235671577,0.015400427393615246,0.01159229502081871,-0.008517987846686585
2024-07-31,VOW3.DE,-0.07086339684188274,0.00957072339951992,0.007167721167206764,-0.008712826895506441
2024-08-30,VOW3.DE,-0.01066171140281552,0.010381224565207958,0.008571629412472248,-0.009975633571333464
2024-09-30,VOW3.DE,-0.06782262512630718,0.016072776168584824,0.01281187403947115,-0.010092685042275513
2024-10-31,VOW3.DE,-0.09697560555722591,0.017436668276786804,0.017927156761288643,-0.006793303436172633
2024-11-29,VOW3.DE,0.09809926980116519,0.0022047876846045256,0.004560064058750868,-0.012036616132087976
2024-12-31,VOW3.DE,0.09404339362015963,0.003246223321184516,0.004803760442882776,-0.01069676311906008
2025-01-31,VOW3.DE,0.0766681530483175,0.0013496746541932225,0.005056845024228096,-0.00659880291291046
2025-02-28,VOW3.DE,-0.1067490275989479,0.020715314894914627,0.018468398600816727,-0.000662286208039727
2025-03-31,VOW3.DE,0.019894953508054095,0.041781049221754074,0.03871161490678787,-0.002461075524419703
2025-04-30,VOW3.DE,0.06780581822388808,0.013947264291346073,0.01284654252231121,-0.004473951325105431
2025-05-30,VOW3.DE,-0.062080722603862236,0.0053421626798808575,0.004602735862135887,-0.00033749922136477254
2025-06-30,VOW3.DE,0.06375709516641495,0.013586652465164661,0.014116594567894936,-0.00031612328720124577
2025-07-31,VOW3.DE,0.07786924464976602,-0.0032266632188111544,-0.0055907717905938625,-0.0017067007315453916
2025-08-29,VOW3.DE,-0.08178487346970617,0.002731716027483344,0.004101196303963661,0.0009976617046027296
2025-09-30,VOW3.DE,0.00043488015534482637,0.031501490622758865,0.03243909403681755,0.0002681155948490844
2025-10-31,VOW3.DE,0.09830842504737505,0.008564699441194534,0.011005077511072159,-0.0011388571914440328
2025-11-28,VOW3.DE,0.051217106620211145,-5.8337871450930834e-05,-0.0006798606482334435,0.0013862915774186895
2019-01-31,WKL.AS,0.059586106314005044,0.0016950515564531088,-0.017670506611466408,0.014974521460682788
2019-02-28,WKL.AS,0.0458455316756152,0.008585597388446331,0.005722653586417437,0.01564580672900441
2019-03-29,WKL.AS,0.03430040976522567,0.008598617278039455,0.004635064862668514,0.017895251160936893
2019-04-30,WKL.AS,-0.0054829604451980376,0.00014038107474334538,-0.0022947783581912518,0.01711148826551972
2019-05-31,WKL.AS,0.03704129450568468,0.014872930012643337,0.01140083558857441,0.01813260267831756
2019-06-28,WKL.AS,0.04190857684547299,0.013929290696978569,0.011090531945228577,0.015968646461634824
2019-07-31,WKL.AS,-0.0031026407643005094,0.016928570345044136,0.016444990411400795,0.016984336609167674
2019-08-30,WKL.AS,0.022038578111518513,0.012119677849113941,0.01033755298703909,0.017207455233481005
2019-09-30,WKL.AS,-0.031238439634150517,0.0076791453175246716,0.006993521936237812,0.019174912698740373
2019-10-31,WKL.AS,-0.013111662872665804,0.008146796375513077,0.007153595797717571,0.019803197470331213
2019-11-29,WKL.AS,0.0015333462875436084,0.004123075865209103,0.002427949570119381,0.019201132202994537
2019-12-31,WKL.AS,0.05505400964921192,-0.0014599824789911509,0.0002702213532757014,0.01899325776218742
2020-01-31,WKL.AS,-0.018725411671112333,0.003698580199852586,0.005922519136220217,0.017253523726460128
2020-02-28,WKL.AS,-0.061567384076473906,0.0039253863506019115,0.005128246266394854,0.01697453234636738
2020-03-31,WKL.AS,0.05652131599962979,-0.015544942580163479,-0.03422447666525841,0.014793037492778011
2020-04-30,WKL.AS,0.0657295665078155,0.0022563287056982517,0.003782503306865692,0.0164763263989303
2020-05-29,WKL.AS,-0.04713127016596303,-0.018160909414291382,-0.015541402623057365,0.018280873665443866
2020-06-30,WKL.AS,-0.018583695693455863,0.0009646578691899776,-0.001758680329658091,0.019227703002256537
2020-07-31,WKL.AS,0.028602806140124906,0.0021559526212513447,0.0005184547626413405,0.018360864349991957
2020-08-31,WKL.AS,0.06993868460296962,0.0065711126662790775,0.004873341415077448,0.01781305862262662
2020-09-30,WKL.AS,-0.042630968313611996,0.002790312748402357,0.002024800982326269,0.01731852067314923
2020-10-30,WKL.AS,0.010294703510756816,-0.005118978209793568,-0.0018105074996128678,0.014919429846344768
2020-11-30,WKL.AS,-0.0057063598405642435,-0.01166351605206728,-0.011121642775833607,0.01456048456080202
2020-12-31,WKL.AS,0.009798465103658062,0.0020847152918577194,0.0015875183744356036,0.015206390400216813
2021-01-29,WKL.AS,-0.03660567221126317,0.0035828151740133762,0.004400619771331549,0.014909895186106192
2021-02-26,WKL.AS,0.11629311447867184,-0.006845786701887846,-0.0030662892386317253,0.01416988298659489
2021-03-31,WKL.AS,0.02687703152177907,-0.0017412902088835835,-0.0026997362729161978,0.015382469935961745
2021-04-30,WKL.AS,0.04138513006083481,0.003722560591995716,0.0052602957002818584,0.0143535298024103
2021-05-31,WKL.AS,0.07133602956220693,0.001618365291506052,0.001798086566850543,0.015485511435007994
2021-06-30,WKL.AS,0.12582943298839805,0.001068016979843378,-0.0013654595240950584,0.01504413656828184
2021-07-30,WKL.AS,0.024469089737253584,-0.009141741320490837,-0.006853563245385885,0.01687853964448755
2021-08-31,WKL.AS,-0.06356715046719566,0.003574286587536335,0.007315577939152718,0.01837486986811919
2021-09-30,WKL.AS,-0.010317448933839644,0.031023088842630386,0.026122041046619415,0.017607364829840228
2021-10-29,WKL.AS,0.10127026030009359,0.013583861291408539,0.010880048386752605,0.016329166597181446
2021-11-30,WKL.AS,0.04520481507715257,7.900748460087925e-05,0.0001236383686773479,0.02025988062765849
2021-12-31,WKL.AS,-0.13806476544919613,0.003025227691978216,0.002991988556459546,0.019023372033137937
2022-01-31,WKL.AS,0.02732743623808108,0.007460213731974363,0.009161926805973053,0.013732645767948429
2022-02-28,WKL.AS,0.0616992136413747,-0.0011780350469052792,-0.0029200217686593533,0.012866891289086394
2022-03-31,WKL.AS,-0.0311223554624295,0.015397951938211918,-0.010219256393611431,0.013392459428419996
2022-04-29,WKL.AS,-0.03927868388061708,-0.000589097966440022,-0.0002189175720559433,0.01384321525679819
2022-05-31,WKL.AS,-0.002825614615603203,0.000382813363103196,5.085764860268682e-05,0.011573558418060416
2022-06-30,WKL.AS,0.13558215032388712,-0.029706181958317757,-0.019434692338109016,0.011005733099028032
2022-07-29,WKL.AS,-0.021454903954970638,-0.0033569857478141785,-0.0032072393223643303,0.015340282430904401
2022-08-31,WKL.AS,0.01345586985091792,-0.008648999966681004,-0.007211084011942148,0.011871578310505919
2022-09-30,WKL.AS,0.07358599370883931,0.0006432623486034572,0.0006863577873446047,0.012844792176283882
2022-10-31,WKL.AS,-0.03068448864656518,-0.018534459173679352,-0.017032457515597343,0.01543020593211744
2022-11-30,WKL.AS,-0.07334764892396374,-0.020176095888018608,-0.018978703767061234,0.014722722085555695
2022-12-30,WKL.AS,0.021453783245889903,0.0017221987945958972,0.0030154851265251637,0.010960740468278059
2023-01-31,WKL.AS,0.09925100993085234,-0.002820843830704689,-0.0028650222811847925,0.012908658336728359
2023-02-28,WKL.AS,0.05206962586232206,-0.010268507525324821,-0.010902393609285355,0.01833362876601023
2023-03-31,WKL.AS,-0.017338979853238616,-0.004240844398736954,-0.004354489967226982,0.01641455219390172
2023-04-28,WKL.AS,-0.1047428943975109,0.0027147862128913403,0.002348086563870311,0.01729073161701813
2023-05-31,WKL.AS,0.0757118495208154,0.006189681589603424,0.005270785186439753,0.013816187215505347
2023-06-30,WKL.AS,-0.018221785161311843,-0.002634752541780472,-0.0024533604737371206,0.016240210652701068
2023-07-31,WKL.AS,-0.027307033231770684,-0.007596828509122133,-0.00844105239957571,0.015098224173689494
2023-08-31,WKL.AS,0.030553596567059145,-0.0007960242801345885,-0.0008278327295556664,0.01300631595606943
2023-09-29,WKL.AS,0.04519098577355419,0.00031259708339348435,0.0010286379838362336,0.015294205727383221
2023-10-31,WKL.AS,0.039268342140032664,-0.002315758727490902,-0.00227654492482543,0.01674279073920131
2023-11-30,WKL.AS,0.009456306167420863,-0.007914100773632526,-0.007489037699997425,0.017854975673755602
2023-12-29,WKL.AS,0.07627023272866243,0.0018465414177626371,0.000705823942553252,0.018425585083862505
2024-01-31,WKL.AS,0.06625401385801749,-0.0035942376125603914,-0.0030810192693024874,0.0216154870160837
2024-02-29,WKL.AS,-0.0044665358840984435,-0.009383789263665676,-0.008041944354772568,0.020397315156897713
2024-03-28,WKL.AS,-0.028289049958408728,0.013356016017496586,0.014513385482132435,0.019221176117532317
2024-04-30,WKL.AS,0.06180818334318739,0.002132729161530733,0.003366155084222555,0.017233476011878118
2024-05-31,WKL.AS,0.05007716635645363,-0.0010971331503242254,-0.00045547407353296876,0.016482988632821938
2024-06-28,WKL.AS,0.004190199854505687,-0.00202000280842185,-0.0021939321886748075,0.015158785685730826
2024-07-31,WKL.AS,0.00647471611197549,-0.0012228189734742045,-0.002127687679603696,0.013978057204347725
2024-08-30,WKL.AS,-0.01866144112385906,-0.007249137386679649,-0.006713632959872484,0.0158683508932916
2024-09-30,WKL.AS,0.05590916902912934,0.0008057017694227397,0.00022359694412443787,0.0153560564894447
2024-10-31,WKL.AS,0.02079096594512869,-0.001873822882771492,-0.0023673505056649446,0.013681770710512329
2024-11-29,WKL.AS,0.0153919990744493,-0.0029971948824822903,-0.0020171194337308407,0.013003608234622765
2024-12-31,WKL.AS,0.08740099450734094,-0.00046744701103307307,-0.0002873935445677489,0.017773824267783574
2025-01-31,WKL.AS,-0.1564291558656729,0.003630000399425626,0.003483125241473317,0.019693935984775916
2025-02-28,WKL.AS,-0.027822563814220224,0.04111834242939949,0.04113397002220154,0.013397095628977014
2025-03-31,WKL.AS,0.07964065188117164,0.010288698598742485,0.010479764081537724,0.01222146993428915
2025-04-30,WKL.AS,0.012924593908045765,0.015460856258869171,0.015778904780745506,0.015943292875019412
2025-05-30,WKL.AS,-0.09630234323028102,0.006806552410125732,0.005981866270303726,0.016258127778158136
2025-06-30,WKL.AS,-0.04539687501034779,0.013449272140860558,0.011618118733167648,0.010227582275645266
2025-07-31,WKL.AS,-0.2310965298428935,0.009430451318621635,0.009165091440081596,0.008952451858416262
2025-08-29,WKL.AS,0.05690026220152737,0.087226003408432,0.08412592113018036,0.003951805454795466
2025-09-30,WKL.AS,-0.09144337101777976,0.04162584990262985,0.040186621248722076,0.003670802465199463
2025-10-31,WKL.AS,-0.158899199067371,0.04169506952166557,0.03802391141653061,0.0015358563435927182
2025-11-28,WKL.AS,-0.026774487469154434,0.005747553892433643,0.010828983969986439,-0.0010586412987239797
