date,markowitz,hrp,xgb,xgb_sentiment,equal_weight,buy_and_hold,minimum_variance
2019-02-01,0.0009872612325503584,0.0017903262647883827,0.0011077275665774783,0.0019320489634680046,0.001217285145961621,0.001217285145961621,0.0023316625242860425
2019-02-04,0.0008879419623940676,-0.0002727214949419806,0.0024329093761610446,0.00419110571610628,-0.001768130856235579,-0.001768130856235579,0.0019282065948407414
2019-02-05,0.008948895297371156,0.01487876961907987,0.01235797979777278,0.011953165618976198,0.014870632737772128,0.014870632737772128,0.012925607904174435
2019-02-06,0.006256917687860599,-0.0002045028868958762,-0.004916015192520842,-0.0019801382776768357,0.0028689866631355252,0.0028689866631355252,-0.001734847602370212
2019-02-07,-0.01725567162544476,-0.014521008828901456,-0.009393556104915265,-0.00978248671480093,-0.01843699613067547,-0.01843699613067547,-0.007963201228415737
2019-02-08,-0.0049750252361827115,-0.0030211367645781827,-0.0022654361642200846,-0.0014440109388052244,-0.005278935061217503,-0.005278935061217503,0.0013495008864505614
2019-02-11,0.012140801112573887,0.00801192131122636,0.0052253194466771406,0.006204601505703342,0.009059288010709654,0.009059288010709654,0.0044113384524367685
2019-02-12,0.012000563152516398,0.007257760110319571,0.008174792344089748,0.00887343280024988,0.008971296348147442,0.008971296348147442,0.005830702861248631
2019-02-13,0.0028896462242493765,0.002896682963234637,-0.002757060283436668,-0.004000429429354115,0.0033612892953884268,0.0033612892953884268,0.002115716785253621
2019-02-14,0.001283259920590651,0.00034417853326964063,-0.004582430078437465,-0.004927545150078203,-0.0020829843073524473,-0.0020829843073524473,0.004376585685058252
2019-02-15,0.011554204506168918,0.013545121609657769,0.008707706597144187,0.009454514913211622,0.01682452807382873,0.01682452807382873,0.008462680262741527
2019-02-18,-0.0006075021920376235,0.0018127074862158712,0.0021844444025139425,0.0012594567214300155,0.0019635216225410757,0.0019635216225410757,0.002667894344253437
2019-02-19,-0.0016417330776146207,-0.000649530909943508,-0.0023168981345932046,-0.0004168818290302134,-0.0010693866222431943,-0.0010693866222431943,-0.00011990174444209955
2019-02-20,0.008672582319045323,0.005442575523800258,0.003635899808851753,0.002393821627484651,0.005892223480979614,0.005892223480979614,0.003455924019278416
2019-02-21,0.004112537973528179,0.0018230779644570637,0.003820987034514562,0.0022648854883755257,-0.00027660503015982155,-0.00027660503015982155,0.004089221417512925
2019-02-22,0.007533952584207774,0.0025227204577108996,0.001560234342847049,0.0013786356083123022,0.0034696827784786136,0.0034696827784786136,0.0002188986922005636
2019-02-25,0.005342548835250966,0.0022692275868395045,0.0030980235481721154,0.004516896798695552,0.004780269943956796,0.004780269943956796,0.0012340387553831829
2019-02-26,-0.0015881125528849189,0.0033138085511444744,0.004450487991391442,0.0035715848076199484,0.0031238890545902155,0.0031238890545902155,0.0037480148162008222
2019-02-27,-0.00750462778539859,-0.005324147710301582,-0.008657070432997719,-0.008135848814485992,-0.0027256663219230306,-0.0027256663219230306,-0.008374996918715048
2019-02-28,-0.002393239080327265,0.0025961918982838846,0.003334115174238305,0.0035271717553153783,0.003079521816718129,0.003079521816718129,0.003985899506287641
2019-03-01,0.007044809858045113,0.004765466279334794,0.002353599346624908,0.0023132232669443873,0.004429150465563169,0.004504629343473794,0.006196046954420511
2019-03-04,0.0024916655374280445,0.0008761476663677474,0.00014053888782982577,0.0010807413151295861,0.0009409289531849066,0.0009279817884487727,-0.0026868104853212107
2019-03-05,0.002008907376815542,0.0031104920214220636,-0.0023946743174073533,-0.0017256010918855,0.0009945724020827085,0.0008342653854200029,0.004460893364814908
2019-03-06,-0.005159512228324799,-0.00034976073628525224,-0.001677770556936296,-0.00330971450120319,-0.000840829723464773,-0.0008669477246005139,0.0006159733810265063
2019-03-07,-0.0016919735707201652,-0.0024206846064861206,0.00576774309576179,0.011574868659106435,-0.006877768778448979,-0.007023470218766367,0.0009491253218646212
2019-03-08,-0.006184109871210753,-0.004938332572167894,-0.0015639579503542046,-0.0007080800511973788,-0.0067473069108652944,-0.006841402959200509,-0.000458695737672876
2019-03-11,0.006432781126888026,0.005749373332581502,0.001876171572344746,-5.9456170597563794e-05,0.007853431654948931,0.007942057957594948,0.0026435446440640003
2019-03-12,0.00310107571950046,-0.001003040696288384,-0.003789259252819088,-0.001236299516841165,-0.001379460897899234,-0.0013778964503885062,-0.0018658267575209113
2019-03-13,0.004498663999179556,0.005099896063021448,0.004228781483436934,0.0031781786491291808,0.006221830062401184,0.00623662787508319,0.005206635007366903
2019-03-14,0.0065558339297792055,0.0056181719833343705,0.008141687320595182,0.007880496284407157,0.004783946467454141,0.004827932306874144,0.007251287526833919
2019-03-15,0.01123576201297485,0.010901508892390555,0.00902080459977594,0.010414058344243641,0.012216243916657394,0.012216736381291284,0.008121233875908407
2019-03-18,-0.0004560782929558275,0.001289397226867769,-0.002502489555243794,-0.00018837676901127184,0.0020775995631900053,0.002053589251679865,0.002402230917119267
2019-03-19,0.007562326640183534,0.005569015364561991,0.006228089410513304,0.00653640164411091,0.00661010733573401,0.006588113166141772,0.0038904327416732264
2019-03-20,-0.008379607162525126,-0.006729285749307179,-0.004876245008628698,-0.001505934484523328,-0.008960959355827901,-0.00896575541226224,-0.0025970317932638926
2019-03-21,0.009679396133208173,0.0014296211736278639,0.004170903988054905,0.005834188623664575,-0.0001570372923162187,-0.00022727045656747676,0.003458208207542195
2019-03-22,-0.01227957172180921,-0.013148308989669939,-0.00966089807808442,-0.01172573074812481,-0.016824467071378493,-0.01696313687536013,-0.009228498904264068
2019-03-25,-0.003976377873346307,-0.0008248367982809229,-0.0009044347444550048,-0.001102424632711388,-0.0014909183079262413,-0.0014448080956438543,-0.0004922678112130032
2019-03-26,0.013556388582146504,0.007128925906724562,0.00834381195248328,0.0048959652352429835,0.005073667767106118,0.005133083521045364,0.0061536565032139015
2019-03-27,-0.00844423272322181,0.00045662201257500794,-0.002167170356519263,-0.001062420427591487,0.0008065721178556098,0.0008327627255628402,0.0018304211520857325
2019-03-28,-0.0027961480619658635,0.0005986827151943977,0.0011499325900150746,0.0006174369752779574,-0.0010789424398571026,-0.0010176483608043906,0.0009857203040873285
2019-03-29,0.011976178313563492,0.008033205985681744,0.006761461488967335,0.00488715431007487,0.009329224109923488,0.009379609992068877,0.0048242134844977465
2019-04-01,0.005567511553947297,0.006970913614475188,0.00116466507601061,-0.001891180486458834,0.011744713441849646,0.011501047438011273,0.0012317820684826064
2019-04-02,0.0018201839003991328,0.0011046401609649593,0.006729427529602023,0.005186335206320572,0.0024528600755354597,0.002289226891520832,0.0017968971135805833
2019-04-03,0.010169275923957881,0.00827073991624663,0.005991090287086557,0.006974676524999403,0.011546700084667473,0.011302529237911951,0.003914151838968818
2019-04-04,-0.0009819317919991795,-0.0001234001049909968,0.003269294751511133,0.005649010944099261,0.001178681547681044,0.0009942169450150875,-0.0009600761220151736
2019-04-05,0.006127594691218142,0.0001400025135930572,0.0010889941463491089,-0.0012561300965173554,0.0003352421686998566,0.00032196939885875697,0.0004932134832133615
2019-04-08,0.0005935314718923256,-0.0006969440480488822,-0.0006700164460443309,-0.002242368190506417,-0.0010954349901282367,-0.001078421227664203,-0.0003020589426074797
2019-04-09,-0.005990839771410748,-0.004810153665500683,-0.002894555937104581,-0.002216846638705514,-0.005107283192968983,-0.005134041305657285,-0.002462386604576412
2019-04-10,0.0013449794332058,0.00130476255578637,0.0006386315929161994,0.00276585595989287,0.0008696492277697077,0.0008642589165636324,0.002853924671638313
2019-04-11,0.0036931759490195044,-0.0008197994255272067,-0.006485330271451018,-0.006115815132465062,0.002617690998517449,0.002509302571711201,-0.005798497874301923
2019-04-12,0.00010899304652957267,0.0001795377804675374,-0.0010447677433819513,-0.003241764732814861,0.005637904482535559,0.005337796555728599,-0.0058188804655091
2019-04-15,0.0011860297045247728,0.002203994902657724,0.002505355843642758,0.0063867995630513055,0.001863242612469388,0.0018753525125669943,0.005132085995120396
2019-04-16,0.00437036415771774,0.0023294787990301128,0.002011969923649254,-0.00025984111618526976,0.00439802910885148,0.004329639583347203,0.0001206897193513762
2019-04-17,0.004779363848301134,0.0031607572227298924,-0.0010104572709106136,0.0034180669149079025,0.005720151033483009,0.00546511417056242,-0.0019107179887048198
2019-04-18,0.0038158894552030548,0.0018912686838241893,0.0028684957928946054,0.0020726201484001765,0.0029974588268860325,0.00294525355379784,-0.0006090401368610263
2019-04-22,0.0,0.0003342579692948725,0.0,0.0,0.0003132665461027389,0.0003133831008693757,0.0005551367938693347
2019-04-23,-0.0010941292714197332,0.0017518064800242737,-0.00020119558771614565,-0.0007104688293306776,-0.001144217802795348,-0.0008128849896664301,0.0025439763805847446
2019-04-24,0.004122296908085945,0.00012511089658762272,-0.0010274545161539348,-0.005493510732981265,-0.0014091551929539402,-0.0011564808874191894,-0.0018996305868054255
2019-04-25,0.00036399882285360896,0.001860947490141315,0.0005817850130862996,0.006571114025646861,0.0004861736176221145,0.0006141097181286665,0.004685048524541869
2019-04-26,4.3822741883609235e-05,0.0023951240592911577,0.006181350605784765,0.000658949353645231,0.0008366500806019797,0.0008331078592527048,0.0036982156266131636
2019-04-29,-0.0003014387790173268,0.0015642741971084219,0.0027820890479398836,-0.00046830085021775086,0.002882559397587934,0.0028813798452602384,0.00011706471233842967
2019-04-30,0.0040505196089880915,0.0035233495660355967,0.003897006134909866,0.007013081253503075,0.0025458644192454007,0.002576980704097563,0.0035081519186517416
2019-05-01,-0.00041836644654538215,-0.0009981538948984309,-0.0038716514578804994,-0.0019755352788459815,-0.0007271979603693468,-0.0006606361366510942,-0.0014022570728638279
2019-05-02,-0.009300377048813337,-0.006833516143773518,-0.004287294930324422,-0.008943582371425254,-0.006104912799624465,-0.006113645002377312,-0.0047527631971580634
2019-05-03,0.004148737878273827,0.0038835295840637615,0.005674356194328709,0.0039431618171051775,0.002887688059838733,0.0028983841939769946,0.004655259736940266
2019-05-06,-0.011114421949620527,-0.008379876159292646,-0.011367146589992844,-0.0070347360061257455,-0.011060170940833492,-0.011175429182889645,-0.0045984130627040876
2019-05-07,-0.013073060035816495,-0.012112359980131028,-0.016256984443534336,-0.013975861217757415,-0.014548862637233395,-0.014689771980150167,-0.008423974521290636
2019-05-08,0.008803386482973938,0.0026666050452779744,0.0017339942328504858,-0.0004104167546368398,0.002693066267432379,0.0028994217700767802,0.0013550287100394698
2019-05-09,-0.021143316105370964,-0.014257844035778663,-0.0131785417369093,-0.013703800056163222,-0.016726464530547266,-0.016935750272932974,-0.010179418403824365
2019-05-10,0.0041760656660297475,0.0035250583553809722,5.3848641503892545e-06,0.003186351584452407,0.003385563838053698,0.0034801539236793424,0.003708473333441633
2019-05-13,-0.015668966080059375,-0.011959449139949282,-0.01266206910835,-0.00855811867980237,-0.0142452987633602,-0.014445782720878042,-0.00900205017959465
2019-05-14,0.022105003829144088,0.011526244491576342,0.011646772688786352,0.011556255052596968,0.012869888971012293,0.013177458347505357,0.006859630826952403
2019-05-15,0.01197027858369909,0.006424566086444915,0.002188377059239264,0.004771874700306498,0.0061593788985937585,0.006164123234531161,0.007887285556336384
2019-05-16,0.013129031595337992,0.014905661592180928,0.01829355042973452,0.01742654821966775,0.015107545131153984,0.015248879240148628,0.01411330295565209
2019-05-17,-0.005602738657360233,-0.002075127817966969,-0.006785415685120616,-0.006730245940785306,-0.003572116921100032,-0.0037712462883623763,-0.0006629907239538752
2019-05-20,-0.019099380780878337,-0.009678760687580466,-0.015256449777080513,-0.013816339135574833,-0.012581664721601408,-0.012966164866949799,-0.006021167865055332
2019-05-21,0.007715809297854187,0.0052143967601210855,0.0037391594976736247,0.0031591189848896484,0.0061936674833694295,0.006351977666908817,0.0009999423338456117
2019-05-22,0.0006972165187930917,0.0007862729247660468,0.0023113835022165645,0.0051768782662146556,-0.0013542720626615796,-0.0012670572617201163,0.0018798346912246335
2019-05-23,-0.017990063633483804,-0.01242034943787638,-0.018607883478562567,-0.0171641529304558,-0.014716038205792906,-0.014787352353493776,-0.008134314877183642
2019-05-24,0.007497616780530825,0.008883822940766822,0.005765931959705371,0.011674877104129292,0.008661534279618166,0.008696931050099612,0.008152459832216009
2019-05-27,0.0036414685210895566,0.0033556319963924247,0.0031016135152828334,0.004537125525874599,0.0030872063259331987,0.0030285042001261995,0.0033520967357594496
2019-05-28,0.0008699664167325424,-0.003692573158600724,-0.0076390555456643545,-0.004916332950718869,-0.0037554437272734804,-0.003762922450254198,-0.005970982717334195
2019-05-29,-0.01405645203543516,-0.014356494990635503,-0.010682285834004972,-0.011427564809249629,-0.013395324549053931,-0.01334002819365209,-0.01373810407354115
2019-05-30,0.0053377680829667035,0.0041441378732084075,0.0033900302644778004,0.002067161784846512,0.00418832282260573,0.004313465175035631,0.0043322224589973975
2019-05-31,-0.0016755179756933933,-0.008602750473638584,-0.010074331998674163,-0.010952245881630364,-0.00999261803353231,-0.009999287008073666,-0.005914604552968919
2019-06-03,0.009389925855428973,0.005759558989476646,0.0032616283726781417,0.007628154685504171,0.004657751964896695,0.004991661180411901,0.006424522065876561
2019-06-04,0.0036473122416955535,0.006320886347287593,0.010346307419224435,0.010911472256881237,0.010845384967922476,0.010289358374874234,-0.0011579519061342444
2019-06-05,0.008305035850566194,0.003414936262077373,0.0034919651762895555,0.00694254005100497,0.001314011952639428,0.0016750378915720522,0.004619627000406735
2019-06-06,0.004194102246009428,0.002326449642182918,0.0012832022657595205,0.002596776899301761,-5.4017883607858304e-05,5.0097576776162995e-05,0.005303323512615728
2019-06-07,0.013870152640962771,0.010283837463530822,0.010077320599324691,0.011569469814455807,0.009790651674639982,0.009956298412858004,0.009664109464797446
2019-06-10,0.000516298438803025,0.0008653764490616971,0.0004815564667164855,0.003183549859177991,0.0028291253271730613,0.002772088938792692,-0.0014230844670021384
2019-06-11,0.006547846260511453,0.005241659490364737,0.009148213536858301,0.006189960042572062,0.006547195499839553,0.006398798655131866,0.0007390130233480393
2019-06-12,-0.0004763416692631279,-0.0021211625520895904,-0.006518554806586048,-0.006731150641111569,-0.00448550883337411,-0.004210152660528996,0.0013594427211005506
2019-06-13,0.0004845680277906064,0.0015076542881881573,0.0016595160772945757,0.0013388293832964355,0.0021562537159574907,0.002164083432919819,0.0015498786545203379
2019-06-14,-0.0004402305898365136,-0.0036796232629378624,-0.006114776938087358,-0.008235923579861474,-0.005183710597448396,-0.005089966966615368,-0.0025443346382235054
2019-06-17,0.005157031643423115,-0.00026538253864638215,-0.0013714511343554485,-0.0020468081517115077,-0.00024101989480124024,1.2538995088686799e-05,-0.001006874593159097
2019-06-18,0.015728811234542662,0.01772830483614768,0.017721963416772,0.015128995566530823,0.01921845871867862,0.019096371163969644,0.015354377035139718
2019-06-19,-0.008021653123103956,-0.00012655918745560344,0.001295161068703524,-0.0019938340991969587,0.0019627713634919187,0.0016673329322477006,-0.0012272590015596505
2019-06-20,0.006574556624691668,0.004260513804959175,0.006272009433893406,0.0037753677658959057,0.0031950804590387765,0.0034360953321212057,0.00427944924804952
2019-06-21,-0.0012090227080187256,0.0008629603252828712,0.0032265344283610637,0.005730417386264933,0.00044426329404974037,0.0003849668236969218,0.0007614960258444639
2019-06-24,0.0008913594513346389,-0.0049714987217685,-0.0043238682772512235,-0.002288667325962201,-0.004864630422512642,-0.004588151419947429,-0.0073485102343789155
2019-06-25,0.0003792312054179959,-0.0021728507200046883,-0.002402051802187281,-0.002527211710221486,-0.001882639834836638,-0.0017125880053810445,-0.0063026659972687735
2019-06-26,-0.003766960379096711,-0.0030434344489699283,-0.0011078208903410333,-0.0005360273693993496,-6.43739845147403e-05,-0.00042328513070948146,-0.00510212991831472
2019-06-27,-0.005011785179540087,-0.0002828664352843959,-0.00283691699069525,0.002105924763887258,0.0009711800792832881,0.0007314226526131046,0.0011311997730387433
2019-06-28,0.007167858649958861,0.006090176093191628,0.007941781218060544,0.006903432153860004,0.006738022172890172,0.006872411825859763,0.003642717148639655
2019-07-01,0.005175920533725097,0.0053613440540483115,0.00011359426720817948,0.00048296301555812195,0.006691321124570741,0.006739451160176024,0.003868818138502498
2019-07-02,0.007275062197233702,0.004684674445830742,0.0074927294933973725,0.008653072661300082,0.002503059358431918,0.0026445098521477206,0.007681157998804047
2019-07-03,0.008289059605408561,0.008885116077261898,0.008014932673456848,0.012050572368808571,0.010103680836283786,0.009919246431797837,0.008780574750021777
2019-07-04,-0.0007993248030639847,0.0009096410810074354,-0.0015231314378763169,-0.0028041649633512283,0.0028927753433374507,0.002764278274191706,-0.001212539519617168
2019-07-05,-0.008039079262113911,-0.007360658606879472,-0.00749350467412139,-0.007131965202259091,-0.0074131935535034854,-0.007502077406168764,-0.008285926700466718
2019-07-08,0.0019080057658570713,-0.0010601640509520537,0.004627784355097585,0.0014310997343668559,-0.0025745152909450513,-0.0021442096650767756,-0.0015498987939236621
2019-07-09,0.00011504929244657834,-0.004079986878180241,-0.0015579949030265364,-0.0006594985481544291,-0.005313319064096078,-0.00516742251902542,-0.0031668121526545424
2019-07-10,-0.00017832762219967052,-0.0011803527708458407,3.5640717649838838e-06,-0.0018933121952424536,-0.0002719276887244937,-0.00030456829594846193,-0.002116035942284944
2019-07-11,-0.00011471066621744448,-0.002276474109746063,-0.0018180846754219365,-0.004374591192494683,-0.0011729109728138719,-0.0012223909408490953,-0.004099373060086108
2019-07-12,0.0003973062033211766,-0.0016365321761159578,0.0004029916129082602,-0.001809091254207567,-0.0008195469537445755,-0.0009174348469357031,-0.0024298324228682975
2019-07-15,0.00547426315428972,0.0029753265584624706,0.005137589755016898,0.0028389621905552313,0.0027250937635327735,0.0026995925119376487,0.003070734017659566
2019-07-16,0.003771554250808495,0.00294465087391993,0.0011033998566952908,0.0034178930276509267,0.004615859718895585,0.0046859324870707104,0.0009905840140499984
2019-07-17,0.002270444700851701,-0.00047122552355877677,0.0006311474947055173,0.002581535035887125,-0.0027615277779024353,-0.002442575644887349,0.0052941191777065395
2019-07-18,-0.000376515980896219,-0.0019875958545506347,-0.0034330333052531793,-0.0035789708880443073,-0.0029287498091184754,-0.0028005683941685717,-0.000978755132238598
2019-07-19,-0.0028724322929657214,-0.0031697658060706765,-0.004363894004168526,-0.003921391232366807,-0.003887845847276747,-0.0038516418354303176,-0.0020859744708556114
2019-07-22,0.0019656878200978462,0.0035431811067419285,0.0027292020388921074,0.004795223557210302,0.003604637997911611,0.00366450258780653,0.0022454559570085986
2019-07-23,0.006997598918962883,0.009077314494131964,0.008295177648823829,0.006402960808655988,0.012913996369061329,0.012565798419246774,0.00440996828870073
2019-07-24,0.001094522002993422,0.0008352482020668531,-0.00038112415544165276,-0.00020071405368906584,0.0018192832847015324,0.001861013578289893,0.0018212850447770846
2019-07-25,-0.010525276903126088,-0.006591685237367418,-0.0031824609204343826,-0.001682457601458414,-0.0074458396205389875,-0.0073611803429680985,-0.005180838710088624
2019-07-26,0.007930715598967648,0.0041074755988258545,0.005837483964716119,0.004970310996557213,0.002614556053137154,0.003020893546511023,0.00404574811415113
2019-07-29,-0.0020674706408847143,0.00024414644412559133,-0.007069913039750597,-0.004840203003652317,-0.002170499367214614,-0.0024476057966725407,0.0029167062494017087
2019-07-30,-0.014862753893936142,-0.01385929202551769,-0.010637152376440293,-0.012278833213023196,-0.015359684295612607,-0.015030984147226516,-0.013362234335536065
2019-07-31,0.0028897583102572666,0.0002595240721786468,0.0011838623081215712,-0.00013705720205283876,-0.00013079079684330525,-4.6990128113705526e-05,0.0025577518329802157
2019-08-01,0.010475502463050816,0.005323266921108401,0.00374298640292833,0.005399388701384117,0.004899464349237879,0.005502100091977138,0.0059256987092996755
2019-08-02,-0.029682184863855612,-0.02161997039055006,-0.01487410952379986,-0.013165013749789869,-0.026074241434671873,-0.026564738342579122,-0.011080956735099044
2019-08-05,-0.01805706944343342,-0.019871076698205727,-0.024359615917305018,-0.019274074005427015,-0.019889509992261724,-0.020332655963575072,-0.018636169342974178
2019-08-06,-0.00022381002089674951,-0.005571424260853361,-0.0032706238082219796,-0.0024142142399428187,-0.006325417431497775,-0.0060388545107068455,-0.005143987046527637
2019-08-07,0.011286550760136927,0.0034469616734329224,0.0032496735082949797,0.0071352707032927,0.0013290268880430912,0.001793639432823584,0.00590916495562272
2019-08-08,0.018027725383998154,0.01721677808868613,0.01971688874996389,0.017533763219038708,0.018415042319888674,0.018582061772906104,0.014263621970515322
2019-08-09,-0.007948274953193463,-0.008889444352211845,-0.01516971810671091,-0.013546049835285977,-0.012523613746440343,-0.012247087024354033,-0.0004640117495746997
2019-08-12,-7.531287782419095e-05,-0.002024990810452525,0.00036715252310275093,0.003580943192166926,-0.0032513817102850875,-0.0029160981694123394,-0.0008602522774408298
2019-08-13,0.006558155803836374,0.0061487746755475815,0.0022377386689595587,0.002328424250236194,0.008469519413145195,0.008376849249379441,0.0031089084736409278
2019-08-14,-0.021015373186394886,-0.01813006648071237,-0.01523964443091129,-0.012245376191499149,-0.02169689619874396,-0.02182648580893511,-0.010560602855466488
2019-08-15,0.00421502747129841,-0.00246441688975589,-0.0050249838164583,-0.00021996524856408893,-0.002814750508091189,-0.0025072486192119336,-0.002931516578589313
2019-08-16,0.012192384931029384,0.013969503571913776,0.020002411766787572,0.01856106736425885,0.015203368477592568,0.014959138830588288,0.012883741555885378
2019-08-19,0.013246150109352782,0.010092484657132448,0.008892634216227584,0.008820776059472978,0.01079189018370061,0.011034164362126052,0.006859160209718518
2019-08-20,-0.004534954754671766,-0.005423117629263669,-0.008255860198663267,-0.006592632117425019,-0.0065870753529347565,-0.006294813934855112,-0.0007941583548533664
2019-08-21,0.015156772961818466,0.012127339577964417,0.014723756685675712,0.012878606957638605,0.012318843778897632,0.012769650939723473,0.008878005273637461
2019-08-22,-0.01340309372720219,-0.004827660161222339,-0.008698617242832773,-0.009406030344658905,-0.003572316232229856,-0.004262396486196257,-0.004345985622345308
2019-08-23,-0.011533812030761193,-0.010359469346379517,-0.008600205813847052,-0.008059053299487095,-0.012677461104573096,-0.01263744316793752,-0.007530194499985975
2019-08-26,0.004865478452660543,0.003938347254702953,0.002792387817010149,0.002139873961476506,0.004846003865797842,0.0047765631671715224,0.0019129943681687402
2019-08-27,0.008200018932630738,0.006717139248770028,0.015674928735629434,0.014003462899222887,0.006117277237773396,0.006225412995755444,0.005329941581914169
2019-08-28,-0.0058330339299355214,9.762666809943593e-05,-0.0029301190491445,-0.00210901147970954,-0.0003151487707920951,-0.0005296462590735953,0.001401478349655321
2019-08-29,0.016257509240420843,0.011189730542289564,0.006955463782106577,0.006645056938662347,0.012447749909912757,0.012741387617684077,0.008279617420962677
2019-08-30,0.0031482445506456694,0.005485280283377712,0.0042978832466294015,0.0038681400315982396,0.005317660410055942,0.005313327949498366,0.005872310683503564
2019-09-02,0.006101282471653186,0.0030760475776754133,-0.0008332172868033181,0.0010250021373341112,0.001611253641411177,0.0018686897560966738,0.004547399572478915
2019-09-03,-0.004619152765778258,-0.001964488509884021,-0.0064087183539588855,-0.006064679586878034,-0.003022556988493002,-0.0030957405328882063,-0.0006724637005834841
2019-09-04,0.012702402697808922,0.008912459020007394,0.00886120768758223,0.008390925006823166,0.009883167800803196,0.009800299956476438,0.00813395758113706
2019-09-05,0.004442465082121678,0.007076176372251712,0.013182487334646073,0.010229514922705735,0.013057104071615543,0.012414372448155098,-0.00045368991273886454
2019-09-06,0.00232241590148229,0.0022315541740030283,0.002233453149651884,0.0014845007217597214,0.00201465526833166,0.002274031814804962,0.0018937232747328787
2019-09-09,-0.00933173958965273,-0.0005081413445472724,-0.002702308693557816,-0.0019941678047405765,0.0038915050958620973,0.002749100300485885,-0.002608375140108932
2019-09-10,-0.016350745128313946,-0.0002513079660049751,-0.007256913069572364,-0.007659408326085505,0.0020393640321227837,0.0007117296018660378,-0.001008110083471157
2019-09-11,0.0031811800230366026,0.005476450693632337,0.007385745779901242,0.008254398614302752,0.0053962312690817435,0.0054374763021986065,0.006522715933997506
2019-09-12,0.012104511040957942,0.004653182292250983,0.00310467009527047,0.004308920849649795,0.004787153775318941,0.005091925013018604,0.004200232483820467
2019-09-13,-0.008275869911023583,4.639950363940695e-05,-0.005545329306717317,-0.0019186844549239647,0.005139940728325336,0.004024117844914392,-0.003916658652061819
2019-09-16,-0.01784558064464403,-0.007976115498815387,-0.011897318738718994,-0.014362439607671309,-0.008724336629841055,-0.009136658413209002,-0.00675669262619564
2019-09-17,0.008093572164499937,0.00198266020207866,0.0023639765762950324,0.0008001882225364642,-0.0016238671300235616,-0.0005319069107915138,0.005646956497677472
2019-09-18,0.00563099581834907,0.0007629942634927624,-0.009097226403022952,-0.008004511560415874,0.0009093173506351364,0.0008806952662659025,0.0005172620922070281
2019-09-19,0.005528471082896019,0.0061789261085492195,0.008568085476404076,0.008824208572043135,0.00751024444580302,0.007237882835969547,0.003924015408402742
2019-09-20,-0.00919656509169525,0.0024814931636344363,0.0021075448051525534,-0.00390497280175619,0.002032575783110423,0.0015010269336172555,0.0026635107016017476
2019-09-23,0.0030120699295753013,-0.005079071142490907,-0.009137848820883681,-0.005569882786729627,-0.008776286659242351,-0.007985318421651353,-0.0009976615115598326
2019-09-24,0.007717975798844219,0.0017321311645314198,0.0035853807541562023,0.002245479308808852,-0.0011879779349936877,-0.000595101540022729,0.0039307511652966
2019-09-25,-0.007089840930616379,-0.005424396473125232,-0.005979200545330802,-0.0019427952398254516,-0.004689332404032859,-0.004907464254095208,-0.005897160283201497
2019-09-26,0.007999021254781226,0.008329410838620424,0.006745567909132373,0.004767614979911846,0.006788613693543165,0.007046527006318589,0.010437073913481972
2019-09-27,-0.002108136609902519,0.0035895795488726104,0.0035421227640555085,0.003759795975684693,0.005014816276732375,0.0043334268039179795,0.0026206216260191363
2019-09-30,0.009081682440890942,0.0044684696244290155,0.004784811314506201,0.005014503919029953,0.005000818267631164,0.005114823872088592,0.002398974524306646
2019-10-01,-0.015387123047591659,-0.01197558366296354,-0.02028150444096698,-0.018501911551411628,-0.012472933407843171,-0.012663644168773854,-0.00875819953434772
2019-10-02,-0.01963425670685371,-0.025860199696412893,-0.025556304330931992,-0.023434761018226218,-0.02755298603222494,-0.027387442845921105,-0.022959064638707477
2019-10-03,0.005895987619051007,-0.0008559596002772836,0.0013681421710266463,0.0013659854451143682,-0.0008098492812238927,-0.000491099805098618,-0.000597898732509192
2019-10-04,0.008614077423863727,0.008042099560393905,0.005971210145530239,0.006562992494036705,0.006862494511328101,0.007328848960291251,0.009601389154735025
2019-10-07,0.008966597640484792,0.0069817947725392,0.008036399325096606,0.008517083163761761,0.0070825023954529465,0.007191286642144028,0.005522260231240524
2019-10-08,-0.009753261329488451,-0.011091105980771914,-0.009201661211041445,-0.009565812904031268,-0.011913143236754211,-0.011959376931724492,-0.010187367327753294
2019-10-09,0.005494761601044417,0.006274658300445135,0.006737820431299821,0.007052062045890905,0.00705910649341128,0.007290171478305466,0.004064456757745879
2019-10-10,0.006099601267556021,0.004619228692870685,-0.0047049051687298275,-0.008779210628857826,0.009388492100778249,0.008853303876355734,0.0010538200668468256
2019-10-11,0.003393178062782546,0.017465236780520168,0.011630099260824815,0.009402510845592871,0.02246860213999329,0.021873631578258043,0.014029111268063558
2019-10-14,-0.004121977319315318,-0.004112759505663217,-0.002894548556890359,-0.0029728519993494932,-0.004598340753125502,-0.004512025820158852,-0.0022573456544226532
2019-10-15,0.008105394173502362,0.009796584997526007,0.006761448461690412,0.0042567711976630035,0.012330195941271266,0.012047422887810317,0.009137500350033426
2019-10-16,-0.010208372904880586,0.0008610163660893295,0.0016415372771867811,-6.754465383625998e-05,0.0018819336345878331,0.0013088072360732121,-0.0006648824745038898
2019-10-17,-0.007928455340958885,-0.0021321718953949153,-0.005678321331701177,-0.004856446904075099,-0.0028615733718138628,-0.002873600448546327,-0.000338927404071198
2019-10-18,0.0002714825477633054,-0.0016097351998944486,-0.0016566165933180046,-0.001529058123677865,-0.0009257366592349215,-0.000999280385317474,-0.0018886914377906684
2019-10-21,0.002057075790130179,0.0034413807932301473,0.005264202959488571,0.004308463137559009,0.007345125230228807,0.006947571907684513,-0.0013691030204761678
2019-10-22,0.003984193049695719,0.0016454430847154128,0.0011732044547542162,0.0020226097917176262,0.0008941756008799957,0.0007620142396744726,0.0020541737971240333
2019-10-23,-0.004781979272027776,0.0007190595006517513,-5.610176040785541e-06,-0.0019744830209779203,0.0005145750966236415,6.191196039414691e-05,-0.00027489055176397107
2019-10-24,0.01445770534507418,0.005985559512931841,0.0038999091964759857,0.00794548125169909,0.007421894754904007,0.007836156357973557,0.0033572587206229794
2019-10-25,0.004008108474808554,0.002476505400471822,0.006769624667680399,0.0067026112293820245,0.0023975301501162147,0.0023881284802735013,0.0017430712959927526
2019-10-28,0.002947240294068721,0.0015847426912658478,0.0006257664008993913,3.95291746636329e-08,0.0030695576443960627,0.003082483694433636,-0.00089686898237083
2019-10-29,-0.0009837711670463878,-0.0013710505461063658,-0.0033286129542948427,-0.0031200200175249704,-0.0010498347588825609,-0.0008894429505618064,-0.0017084103591236272
2019-10-30,0.008897135777287379,0.0022401270711194803,0.000886205582826914,0.00578849227753136,-0.0019724561162236696,-0.0012824282495299346,0.003125093285003698
2019-10-31,-0.0030448076145689084,-0.0033694666465291585,-0.0026955332163429917,0.0007703154074595401,-0.004474551738878843,-0.004473594606721334,-0.002926205043747061
2019-11-01,0.0013149211921120363,0.00420126801534468,0.0011893623542081123,0.001566514825060405,0.006470849862206217,0.00656800528485264,0.0018056176831715422
2019-11-04,0.0038320085702685546,0.007939835528020514,0.009101549846801608,0.007799905180283659,0.011670797727725023,0.011354702266468484,0.0028624456737370184
2019-11-05,-0.00227115095071308,0.0015598006945958818,0.0017125012053971454,-0.001317743474486774,0.0038890417621185213,0.0035439517731569946,0.0005058034274192252
2019-11-06,0.003368468481927462,0.005259519065991563,0.005831888925807226,0.0053917404926285975,0.0037925122578608772,0.003745833528820831,0.008429343399259994
2019-11-07,-0.005234850772923949,0.0029494682195931082,0.009649817636885485,0.0033781407309931427,0.006694127982303873,0.0062428217229260775,-0.0018972604062465937
2019-11-08,0.003222421391322182,-0.001653219432744719,-0.007402695748728629,-0.002065726023500425,-0.0032986389128316818,-0.0030672589531386112,0.0010214619253715912
2019-11-11,-0.00043927581906725156,-0.0006469145024688988,0.00019088181617480114,-0.0012101663420271266,-0.0015237896710275287,-0.0014862984677845232,0.00020705899944974213
2019-11-12,0.005027775251358841,0.0019343334615285893,0.0007486909187026604,0.003524450953420281,0.003209856684294604,0.003535715568066448,0.0001307840862854947
2019-11-13,8.751256554881501e-05,-0.0023131851985860115,-0.005906025727906051,-0.00377661113665064,-0.005437575287504035,-0.004907061017162066,0.0001341332992719901
2019-11-14,-0.0021076741512154567,-0.0031727023390131425,-0.002249679921110277,0.00022481410197740134,-0.0031704414395224375,-0.0030698875840429645,-0.00312827993975398
2019-11-15,0.005602992437225446,0.006327608870121294,0.009036663548418755,0.008038140291286591,0.00710995710225567,0.007168708280559351,0.0052359076297367685
2019-11-18,-0.000458385565124155,-0.0002767185955183296,-0.0040635183666498905,-0.0008702014036389288,-0.001902663504758654,-0.001756236958106739,0.0019509975062659496
2019-11-19,-0.004222301114307403,-0.0024199714495150757,0.0022734006978951705,9.330753151435287e-05,-0.001916723987714905,-0.0021148385809902645,-0.0025112243398062025
2019-11-20,-0.0018537202873540582,-0.0025669242161964942,-0.0031185424259458677,-0.0023879979012957886,-0.002656381680092291,-0.0026051688683820513,-0.0019837210816601282
2019-11-21,-0.0071802039271979725,-0.002091447865458753,-4.403560632156348e-05,-0.001691062581474981,-0.001582333337718548,-0.0019014401098066474,-0.0031462763977658254
2019-11-22,-0.0002683148375157273,0.0019930458561561,0.0033835605109243327,0.0011492435014729182,0.0031027108325623783,0.0029445870332453013,8.080888933228241e-05
2019-11-25,0.010206491302989163,0.008083634953435444,0.00831852365874352,0.007062956630169607,0.00792252234924154,0.008103342235188889,0.008018683158194297
2019-11-26,0.003499663239548606,0.0008553758276289358,0.001095555686596572,0.0017167135493311742,6.592618097086438e-05,0.0005285247945884252,0.0007122846385871448
2019-11-27,0.0023530236236751333,0.0022467627910421877,0.004010220924030311,0.004721193981118111,0.0018692076953310474,0.0018264157247792937,0.002883572221111455
2019-11-28,-0.0030163570472528352,-0.0006918083178928256,-0.00296861179005508,-0.0022774768406684594,-0.0015709377442116963,-0.0015510468686069064,-0.00022888619690545372
2019-11-29,-0.00030248265723893946,-0.0028863230136064026,-0.004396367814248522,-0.0022402770248728734,-0.00292936463206673,-0.0027737089823357654,-0.003703304173951862
2019-12-02,-0.02765586798771602,-0.017785557881205328,-0.022249886493779264,-0.022443920975635384,-0.01824992525518667,-0.018522629208364436,-0.015551293082654011
2019-12-03,-0.005833740008633823,-0.004708912310218746,-0.0034482749091450868,-0.0012915256083248317,-0.005549113160311755,-0.005503370879834368,-0.0032702021189400434
2019-12-04,0.012522394735395346,0.011239568416278723,0.01085851013158158,0.009497256781084387,0.012970103539674703,0.013155866473474874,0.00824093841209527
2019-12-05,-0.0006240493897399708,-0.0013208435415852807,-0.0024275631331948998,-0.0006000168531434181,-0.0018940257599804027,-0.0017713752213079335,0.000693347824248336
2019-12-06,0.014137990929166726,0.012191189621775452,0.011084250168963285,0.013314049663934622,0.012861880991632,0.013111451160039112,0.011745787262654805
2019-12-09,-0.0045752488347147405,-0.0032598968050303713,-0.009243933201583007,-0.007002712071504738,-0.0036860629828082817,-0.0035456102776514767,-0.0009349319420020564
2019-12-10,-0.0009079834153308993,-0.0005796729257648223,0.005677035523111351,0.003293429268075123,-0.0005565147739695003,-0.0004786787539531879,-0.003185107128196476
2019-12-11,0.005183239689560146,0.003724300466394331,0.007587228455549076,0.009513998790920939,0.004110984977298109,0.004363564142546228,0.0016244135426997596
2019-12-12,-0.0012149461509295594,0.0023967055269768526,0.006302095220849711,0.0033574078279215496,0.006072775179095237,0.006056270086393722,-0.0033696288967795156
2019-12-13,0.005686397203035216,0.003757054649292469,0.008143989410862465,0.007563966967590828,0.004434999908717109,0.004614851541675602,0.003820021027304852
2019-12-16,0.011776407965110779,0.013351473304095368,0.010061809078239382,0.010268420520467914,0.013188183622422961,0.012958261946059584,0.013077650223105787
2019-12-17,0.0015813775499160948,-0.003959290723485055,-0.0027110683899325984,-0.0018159734244458346,-0.004121360874727102,-0.004167620205450841,-0.0036722785920093592
2019-12-18,-0.0016573517323967269,-5.747986521123855e-05,-0.0007575619800602797,0.00159508437780455,-0.00046690898971782086,-0.000682644964839108,0.001216097095620548
2019-12-19,0.0009342361014731113,0.0025398376508356454,0.0010367033651619746,0.00108796829269064,0.001923044326684426,0.0018833959173290827,0.0029088236479561007
2019-12-20,0.016420036078727315,0.00871859203703303,0.006741419204123452,0.00892209215031151,0.008090013434509671,0.008362455009958752,0.007835960207409318
2019-12-23,0.002313173258098229,0.0009667159144563401,-0.0029112665721140393,-0.0007562402836907878,-0.00040002189361312645,-0.00017095019679191337,0.0032713791740495686
2019-12-24,0.0013633360192605568,2.48431453433641e-05,0.0010863385501935021,0.0003380585454664173,-0.00016538349734699414,-0.00020571473546847317,-0.0001927885254060881
2019-12-25,0.0,0.0,0.0,0.0,0.0,0.0,0.0
2019-12-26,0.0,0.0003912292195599631,0.0,0.0,0.00028247032003993086,0.0002718772739898985,0.00047748427966751476
2019-12-27,0.0007782024468853993,0.0017185026728778398,0.0005402594918804415,0.00152977415766682,0.0011091292906983412,0.0012067778515870717,0.0033009905739994827
2019-12-30,-0.010498391967632734,-0.008417091373566719,-0.008086917100745444,-0.007797166457497526,-0.008270543534676803,-0.00847593218685539,-0.008639823402279045
2019-12-31,-0.0022399584159922903,-0.0018355025591792623,-0.0027861661947073896,-0.004255029760353135,-0.0015877665660385537,-0.0013582393669798148,-0.0025161233996772166
2020-01-02,0.011398334040861201,0.008493691599481119,0.015889060271984633,0.016030406490717998,0.011833007632643697,0.011927877660947902,0.0058563551888713445
2020-01-03,-0.0011285668138641643,-0.0019912871587576333,-0.004519365988640484,-0.00288662786002085,-0.004078023702032482,-0.004037976304147779,-0.0008656184847166933
2020-01-06,-0.005709811282231624,-0.0023154974328694566,-0.0031226130955806734,-0.00521635863157462,-0.004073270642781396,-0.004416594939884456,0.0002170245369334978
2020-01-07,-0.0006244479826065345,-0.00010696076742101418,-0.0010136980902469824,-0.002778173593599385,0.001360845136245331,0.001764782899550018,-0.001753760775415943
2020-01-08,0.003594626701654341,0.002130233433519795,0.0022549429629994226,0.0045342411299943985,0.003003745180887947,0.0031476442748016938,0.000542148262261875
2020-01-09,0.007839767698991296,0.004796438011679757,0.005791964118614626,0.0026674983562400725,0.005264174682625229,0.005530917999545227,0.0028957144986862526
2020-01-10,0.0017181234206864234,-0.001687426421221767,0.00350168187984958,0.0004979049842998832,-0.002596751433542685,-0.0026787633464516116,-0.0014638760477400235
2020-01-13,0.0012660359178091262,-0.0021134029882347084,-0.004356469070755077,-0.002606531336659701,-0.002416307958136358,-0.0020468017258809218,-0.001543145155198895
2020-01-14,0.003527461548814994,0.0012194198468092042,-0.0001383519826724531,-0.0024368932156279563,0.0009922688027164106,0.0013989142958410273,0.002104953531468501
2020-01-15,0.006290405105437323,0.001198073009015957,-0.005829770717341315,-0.0014396584153703877,-0.0020751215567117306,-0.0018671686558525457,0.004566852247655329
2020-01-16,0.005987227638136665,0.0024263929685229132,-0.0028001628276208388,0.0011488299058814784,0.0021517294850080374,0.002024778218798038,0.0024698252005061626
2020-01-17,0.011397600068539697,0.011082991635102405,0.012867227654332175,0.013879015457430406,0.010557048796350076,0.010799373572219231,0.011126912565958342
2020-01-20,0.0002813073343894705,-0.0008150799228463171,-0.0033896259137666824,-0.0049780954468308675,-0.0013394185282542652,-0.0014919820040438692,-0.0007066199418547831
2020-01-21,-0.0014534709821432674,-0.0028090421202908358,-0.00289944093830991,-0.0034170326688259,-0.004056147597483618,-0.0038985460059061624,-0.0011869788759209627
2020-01-22,0.001503369748447487,-0.0019143708353475367,-0.012495265011757222,-0.008389933460724723,-0.0030722608513182896,-0.00284225635271494,0.0005581693655525825
2020-01-23,-0.002585821101535266,-0.005739191004275412,-0.002582244270909606,0.003039059871571602,-0.006110797869226187,-0.0056030792130245454,-0.003734761939251958
2020-01-24,0.017344857674984854,0.007382895710317914,0.007404433205315999,0.010426458441553476,0.007822235176587524,0.008619000225137856,0.00619318898644544
2020-01-27,-0.021223469977475092,-0.020578138583067476,-0.024932565564838593,-0.022868510749756717,-0.023245050981300065,-0.02393959296448619,-0.015308780505097867
2020-01-28,0.01452787449876656,0.011009965380658286,0.015035894085950161,0.013944369620484832,0.011173499432602065,0.011209543164411058,0.010075778898052647
2020-01-29,0.007184981099939605,0.0028647324136184447,0.0024674852597063954,0.01076431524600465,0.0034946058098527582,0.0036699216570774,0.0018368747271659334
2020-01-30,-0.007061429326507575,-0.00870145047920601,-0.014289064080059932,-0.008318513976851964,-0.010364236817310683,-0.010489199969446682,-0.004885554929154519
2020-01-31,-0.015467954700454286,-0.01217854250269019,-0.013909725528614903,-0.01452356861724289,-0.014185567456305923,-0.01462522176274935,-0.00902549533862215
2020-02-03,0.008955460673579796,0.0022028974977752656,0.001875720582932878,0.0029294060286185796,0.0036959772530569175,0.00459115530741748,-0.0008969966884317426
2020-02-04,0.01559086077139305,0.016663168194398555,0.02362151258177978,0.023589407897499685,0.019156677626109987,0.019354105721283738,0.01182274515400719
2020-02-05,0.011525996668231692,0.01207405721675702,0.019032071055699217,0.021769557623097718,0.014027086262822636,0.014085350875989892,0.00976895683907638
2020-02-06,0.007910837120951017,0.007761004399589578,0.017370295056648253,0.018096946785446592,0.009071682894629344,0.008840372142577801,0.005480887322779374
2020-02-07,-0.0015847306546564167,-0.003118721650250864,-0.009048103492105788,-0.008842109873595766,-0.0028842795951135977,-0.0027679623015587273,-0.004220150858651496
2020-02-10,0.002372316808169094,0.0005162238734215805,0.00036527018379449585,0.0020643980174384754,0.00011770629391870421,0.0005301231264706143,0.0023524747820274925
2020-02-11,0.0037499697649432204,0.008074183112494223,0.008513906897272583,0.010241719683668136,0.009025663919934823,0.009339188972450518,0.007010817226068813
2020-02-12,2.0266532511934842e-05,0.007782686231207191,0.017569147520729744,0.01198689992524051,0.009123532248146523,0.008312516960388643,0.009126547022275434
2020-02-13,0.00250430774496367,-0.0010142880136797257,-0.0025716622329447015,0.00011134652981163815,-0.0020479468443520567,-0.0013007740550501842,0.00042346874713052583
2020-02-14,0.006872767742823138,0.0011172078852795186,-0.0017722925826216963,0.0007087795565790195,-0.0006179870070377425,-0.0005626784480371823,0.0064437007504525735
2020-02-17,0.00382249751809283,0.003330295512724233,0.008573626951081034,0.008793802196573731,0.0032612317098282577,0.0027623031216845195,0.0043497425909945825
2020-02-18,-0.0021796823744207484,-0.002613240501289698,-0.007284466906231662,-0.00864364507512192,-0.004585328774248892,-0.004268500128651881,0.0002189611259447835
2020-02-19,0.015111057215876463,0.009783259581461512,0.009157074815589496,0.009725369421539098,0.008965816208182193,0.009788048415181725,0.012193337092645697
2020-02-20,-0.015069857000515902,-0.00961760396612933,-0.011988280048269314,-0.010905201528213188,-0.009197002847214978,-0.00941230122648325,-0.009087239564820583
2020-02-21,-0.0008093131876721442,-0.004221826182002604,-0.019202993167108422,-0.013334237642170402,-0.006395128492308635,-0.006055819719968497,-0.0011149391557742812
2020-02-24,-0.03678695286804741,-0.03800612996038035,-0.04296603594589527,-0.0428901729365717,-0.040120837032112874,-0.040415824923254955,-0.03521583354468865
2020-02-25,-0.019010699451524816,-0.02051724268166944,-0.01417592761996799,-0.014749571527206646,-0.020787004904934247,-0.02063288814730991,-0.017971480894480196
2020-02-26,0.016518856450557312,0.002691492315874807,0.004592803211655859,0.013038646818285567,0.003119546837449491,0.0035504664596101125,0.0018773647691792549
2020-02-27,-0.029418952486891088,-0.031906172007389925,-0.03752411871119328,-0.03830192842676043,-0.033939514250151834,-0.03422305744160781,-0.03297019799284799
2020-02-28,-0.037851348036181384,-0.032003417630560825,-0.03183379477549974,-0.029486968428596997,-0.03248900324010347,-0.03232805627244504,-0.029846347763519618
2020-03-02,0.015346511933127041,0.0050010569221005125,0.0007009420892922008,0.0014811730486835916,0.001304061163117535,0.002281648441500578,0.010047775336086966
2020-03-03,0.01915969651193118,0.006953664084424462,-0.0006693376305263893,0.0006955893909342647,0.006118105998092907,0.007391636105687877,0.007572089767178426
2020-03-04,0.03071969272884705,0.019857415440085027,0.015594686782039858,0.013828698108041944,0.015613563083051325,0.015881885974298383,0.026736743301699152
2020-03-05,-0.007624715463201992,-0.014942325960313052,-0.020642468546764995,-0.020289962469968628,-0.017414477092334846,-0.016286917420988714,-0.011023559126278757
2020-03-06,-0.036398246189169634,-0.03315366013307986,-0.03676958422334723,-0.03827503802132319,-0.03406383178858614,-0.034557236915910935,-0.029417012276286722
2020-03-09,-0.062010144458038007,-0.07829564358718047,-0.09470690256606383,-0.10043574458245169,-0.08599701893122312,-0.0834453960045157,-0.06610730107369392
2020-03-10,-0.02901656866183426,-0.01279785646086745,-0.013822874893329659,-0.015980764664479813,-0.010397736071239502,-0.01086962092378833,-0.015140470698082139
2020-03-11,-0.005587166020967533,-0.01005395119659754,-0.00464806436621429,-0.006351428592540459,-0.006680034763460344,-0.006833903980444461,-0.01565616704870665
2020-03-12,-0.11325218711046409,-0.11557985860238605,-0.1325402728922987,-0.13685513763899856,-0.12376495061599574,-0.12237562971072347,-0.10040615710663253
2020-03-13,0.02192216745578062,0.02436733045357884,0.016345013312579357,0.021503890607785344,0.02386641092086565,0.024501935737512644,0.03056505288825389
2020-03-16,-0.017679997851192404,-0.046444668846702265,-0.060835404982776696,-0.06516561514906889,-0.05494019609306853,-0.052371602240501566,-0.03644971344193876
2020-03-17,0.029330688620577042,0.0363871097932155,0.04869738335850575,0.05309438213662338,0.03296183606869013,0.031087895583347357,0.04209511021642815
2020-03-18,-0.03144066087680158,-0.03188307698760071,-0.05164563654652124,-0.04948987555749219,-0.04054223567055627,-0.0414647064371135,-0.015514125352693841
2020-03-19,0.04253862316006675,0.03277841512064723,0.04060228406167074,0.04769969972535884,0.030841901610992966,0.03212237969986886,0.031059800152414302
2020-03-20,0.0007606134599812669,0.010853581330016737,0.0035605113540861343,0.006035217348400084,0.021427008266486147,0.02059126395345436,0.0006530562049498422
2020-03-23,-0.019073200347547222,-0.02870910375893635,-0.0220759514165187,-0.025125569942807065,-0.02684818300799336,-0.026651361400373233,-0.03506517925764413
2020-03-24,0.06406835341693684,0.07287781789637232,0.11081749817218367,0.11211915826029961,0.08770180680635443,0.0856759397857867,0.05231066741866559
2020-03-25,0.02651783499779708,0.023893661862288,0.024699008276160665,0.024484042769986197,0.025446750603630726,0.025716490449462462,0.020221005896559372
2020-03-26,0.013022208519751406,0.01886793292139461,0.005874995418905158,0.005659447002042479,0.018186012187670297,0.018598981514182978,0.01709941728418295
2020-03-27,-0.03487487374709679,-0.02961947317471298,-0.031564120388709205,-0.03669199616141386,-0.035721588363898944,-0.03525029339106647,-0.016092816811521263
2020-03-30,0.0285936442906933,0.013378235975654214,0.004702453338189859,0.0036456701499079838,0.008615522879687929,0.010303769045177236,0.014703304677572172
2020-03-31,0.0016623234941009822,0.01045892072397223,0.015453839644196853,0.022068517466617945,0.009632011711676181,0.009042193186322555,0.008675468279689156
2020-04-01,-0.023899670076133923,-0.028421777057852923,-0.034898809997909216,-0.0386874370538977,-0.03495592922742095,-0.033173144357807494,-0.013673235051860935
2020-04-02,0.001780534015975479,0.0059003153169944755,-0.0012333969130644302,0.00037679128025276215,0.004716588409959007,0.004203992306460042,0.004128189126786829
2020-04-03,0.010850518282422717,-0.0035864812175944957,-0.0140346855354621,-0.022168242465590484,-0.009899362958399173,-0.007452613239085932,0.008045888578857827
2020-04-06,0.021685684493822768,0.03864023414225638,0.05123519735009448,0.04460741711775046,0.048273857066425375,0.045328281279654145,0.026911478858644942
2020-04-07,0.011822078411487053,0.01663956755687121,0.024987693018669634,0.018453232715213375,0.02206963965346796,0.02028488571777356,0.005335452298744185
2020-04-08,0.00029929346455171476,-0.002823316508651382,-0.005232708059667989,-0.005421452818688614,-0.0018595381897777439,-0.0014653032292470081,-0.0016423624843593832
2020-04-09,0.004997605413840124,0.013134503592189093,0.017997130343110734,0.018925579467305956,0.016768092480398022,0.015613173743226514,0.0037668499715767636
2020-04-13,0.0,-0.0014441214724525415,0.0,0.0,-0.001312570222566753,-0.0012956034858080721,-0.002030486341089149
2020-04-14,0.01056585070284805,0.008074194038742911,-0.01365027151881568,-0.010372764866044371,0.003971599862308676,0.0070385526926768395,0.01370494503866776
2020-04-15,-0.015753021336815134,-0.0282163900648133,-0.040015671419513316,-0.03497422894413235,-0.03755008878241182,-0.034244932675914566,-0.008902300616303614
2020-04-16,0.011519660247899605,0.004052738632315881,-0.0005079649518130126,-0.004100671460196362,0.0015170558975685672,0.003864078066478564,0.00983098693516911
2020-04-17,0.013110028412036949,0.022188809450057467,0.027573606737977978,0.02074426595729254,0.02566580869891833,0.024584840149138684,0.018853228073789655
2020-04-20,0.007959333918185273,0.0078326412355376,0.002589299798717944,0.005983331107328675,0.005268809912294418,0.006971848501148555,0.011505936789037847
2020-04-21,-0.024735895630859674,-0.02964690053725564,-0.037502347197109744,-0.035990720668405335,-0.03552570743146908,-0.03454903470727094,-0.018045888255795724
2020-04-22,0.017714472273117537,0.014103033661392962,0.016230447534730272,0.016711016198031396,0.017409237148429166,0.017101045858837205,0.009923981268024788
2020-04-23,-0.006303539572370524,0.004664562786053221,0.014869963687435265,0.020006366466649925,0.009701257383888705,0.007592736260231905,-0.0004312721839545956
2020-04-24,-0.0007306747330716795,-0.0071309218982915255,-0.022361206927462254,-0.01859862970414476,-0.01261657522111924,-0.009925985127272585,0.0051285706278967015
2020-04-27,0.010747791214496028,0.01884578730710812,0.03554939269695555,0.03447793941266503,0.023506717053960534,0.022241792382832033,0.008668756290054147
2020-04-28,0.009632505031233609,0.015413426860226783,0.025905610198539736,0.029027837883054984,0.021811104521675145,0.019058249231378187,0.0061632476231791074
2020-04-29,0.00755788070160238,0.016074305825542604,0.030013915981711797,0.0287450657283287,0.024922136760951362,0.02055783775783771,0.0023043725113229105
2020-04-30,-0.01842394367553423,-0.02049807358165531,-0.02946356629053576,-0.030100998681735765,-0.02504905967612922,-0.02354385952156285,-0.01788453135267794
2020-05-01,-0.00035682477324933435,-0.0017234007019158114,-0.0019925944992019028,-0.002040124225862085,-0.0018305938564182808,-0.0017189322748143668,-0.0025468185704793475
2020-05-04,-0.01580195314963921,-0.02565795760635362,-0.05202120939141386,-0.05331261821234841,-0.03345865988132343,-0.03171495663797971,-0.010147707732924373
2020-05-05,0.013818895245315817,0.01766068472782501,0.034578369570911975,0.03793462604179942,0.020403822608806646,0.01949166737900063,0.009730994973303105
2020-05-06,0.0014598187953671045,-0.005091155938893414,-0.01772132515520824,-0.015850917618116498,-0.009522548258628786,-0.006962436571164324,0.0021948804933002307
2020-05-07,0.009176010318593573,0.011939182804269277,0.010358374810899644,0.015005150449447915,0.01308447790837667,0.01264810059312479,0.01351191659489882
2020-05-08,0.0023951170104629664,0.0064321452758043605,0.010236432312598272,0.00803354722133275,0.00950734640285573,0.008372865064785991,0.0031220459054959885
2020-05-11,0.002732366561117561,-0.0030357632228903172,-0.008806758146811651,-0.01063944477011938,-0.007363936254185629,-0.005933050801419037,0.006728500367442148
2020-05-12,0.004813630790035976,0.006229783389077172,0.00677319901621826,0.011313922390561405,0.003737609581097594,0.004288261847826817,0.009294334665407874
2020-05-13,-0.013090125109269643,-0.019366402842005775,-0.029008616744826972,-0.032529040943578405,-0.024059418670082544,-0.021904915426388047,-0.013243689759532242
2020-05-14,-0.01994555388396977,-0.018024885936141447,-0.013363463381729224,-0.013716277132216136,-0.016296861725078764,-0.017955184972612146,-0.01929173825378065
2020-05-15,0.005232803080511535,0.002040889896364347,-0.002312585964081891,-0.001408495791092878,0.0022971355124028737,0.002251488073782148,0.0021557275769814328
2020-05-18,0.023868630739440434,0.03600125118676126,0.05809375689750265,0.05969366899617781,0.04676864763669085,0.04307924214886863,0.014864098683243097
2020-05-19,0.0012674751157306682,-0.008152863269950647,-0.01963381959849649,-0.02013928196173002,-0.009259294539108533,-0.006629973686300807,-0.005483721347984788
2020-05-20,0.007723062847659085,0.010049822952214928,0.012408811231234555,0.012820059015438496,0.01245014197978919,0.012427071589942556,0.004373413337280426
2020-05-21,-0.0032900555072007606,-0.006351688137315748,-0.01411531171915772,-0.014362170582880716,-0.008732315424034354,-0.008697589469164598,-0.0024075498833670047
2020-05-22,0.0010394796976718503,-0.000522127437035783,0.003581028496322491,0.0020749227662858255,0.0004815264585735302,0.0005147173715695365,-0.0008958642053021634
2020-05-25,0.01157743648172458,0.01663339135376832,0.015174345956385994,0.01479288153878496,0.01803675903261679,0.017390304463164412,0.009974166477307346
2020-05-26,-0.008410437497502626,0.005768622243397499,0.026311851415313173,0.025012037342033562,0.014659151760444553,0.010952214048768012,-0.0051128491668362384
2020-05-27,-0.0016717214827035596,0.0075543215102210366,0.03489704180026472,0.03090104708304446,0.013445860306847038,0.00886382647501022,0.0028887854724748826
2020-05-28,0.019745920445127303,0.01613051847167551,0.007047048130446015,0.0067920777925277245,0.012786847143725653,0.014512102459329781,0.017466657524430267
2020-05-29,0.0022671115652686457,-0.009315410712857755,-0.025364422826197455,-0.026398805541780705,-0.013829628618145993,-0.010712833448781703,-0.0029856820625927204
2020-06-01,-0.0005760706388641633,0.0052217880958274265,0.01663887097797001,0.013316466305841934,0.00807536730312694,0.006218034084478556,0.0039848532193508925
2020-06-02,0.005848909720486629,0.018619995760101336,0.02723644446854949,0.03543322155464052,0.0262830889973048,0.022906339351542217,0.005742396884579644
2020-06-03,0.019073615937443028,0.025559558057765556,0.03432503927041212,0.0362816130202644,0.033260678202590745,0.03164914667893669,0.01448801027397984
2020-06-04,-0.010657457939212875,-0.006376015070598748,-0.001208541530075249,-1.2074616922377705e-05,-0.00391984158631537,-0.005203314198849436,-0.01066769218416765
2020-06-05,0.009874027096011144,0.02178371065145426,0.04910863664626841,0.05214809730403734,0.033450545162599654,0.028142836535804072,0.005707791330863812
2020-06-08,-0.012113741952646622,-0.0014075625982260778,0.004417194031642468,0.007128151583518282,-0.000597209954662347,-0.0038806508200684518,-0.002726967107684989
2020-06-09,0.008376441179203605,-0.0061378178675284166,-0.02347147298300572,-0.019753265893274113,-0.013001620701687944,-0.009012448913243239,0.005421112376576369
2020-06-10,0.0023804328491602122,-0.0043581347570463115,-0.008943029751555892,-0.010975244413026728,-0.007400779961015257,-0.005822436413818942,0.0008759665829836515
2020-06-11,-0.02541431043579617,-0.03954442417744483,-0.05902112807459079,-0.05892443448530671,-0.047930735008827746,-0.04324243386877764,-0.02812859585359285
2020-06-12,0.005705045929926761,0.004896905288421256,0.007569675646398603,0.01231844620046205,0.00573013941742962,0.0052932652221739035,0.003065935068102975
2020-06-15,-0.007113691198379817,-0.003404868696058569,-0.009970002872777665,-0.0068590916436103815,-0.004148365908945986,-0.003683442775772947,-0.0029108805518370164
2020-06-16,0.01904295338660756,0.024646645539116014,0.032191020697984886,0.0249044941267882,0.02808468722000588,0.027083195182767417,0.017681449006122854
2020-06-17,0.0163871789585432,0.010830832335246876,0.007751512898579444,0.004862706141147654,0.007206381229378772,0.008927356723944607,0.019446796511794748
2020-06-18,-0.003672727313262115,-0.004950701609203206,-0.015626477587024307,-0.010481475254974448,-0.005676467154237535,-0.004482800997785841,-0.004413019352661529
2020-06-19,0.010962067214668995,0.006557804788324401,0.0027239765932144788,0.00994343278437021,0.004825493669584107,0.006280678470026255,0.006842054033861635
2020-06-22,-0.002479800320571434,-0.0041996360927758335,-0.009672273659091008,-0.012528211421687366,-0.005029110162232502,-0.004903509156418823,-0.0007940770910510706
2020-06-23,0.013598784013370236,0.012032807396335199,0.012512955766020925,0.01466418294642843,0.015611504814980916,0.015011281131276462,0.006690371883080212
2020-06-24,-0.023886797705579332,-0.026491917892631008,-0.035949287387329464,-0.034213949371844084,-0.029848559190520194,-0.027990905960954576,-0.023837682997148384
2020-06-25,0.006393960634091726,0.009399715584824674,0.012900122816148126,0.011919190557557757,0.010503508265314347,0.009466976473625764,0.008157972042515832
2020-06-26,0.0011745009438125186,-0.005000708956373815,-0.017373961357136192,-0.01356630479779904,-0.007106831564879459,-0.005066037783931405,-0.002662680417600133
2020-06-29,0.0033772491384605175,0.007312329906072312,0.01935308848262733,0.013895386114797558,0.010834224585205252,0.008647088738331973,0.0015206274073700913
2020-06-30,0.0040524550009453045,0.00018532555287687993,-0.011315363507475928,-0.006813418717885703,0.0008757524532654732,0.0021487981120385637,-0.00132608107684082
2020-07-01,0.004572634631695384,0.001448064773435705,-0.002709768532055079,-0.0009406819817578266,-0.0012110699980199075,-0.0005386915090033515,0.003434394928424415
2020-07-02,0.01298437855732289,0.01858228598353209,0.038211155695496046,0.034237544631662294,0.024228740941891137,0.022143551525080372,0.008192435310131177
2020-07-03,-0.004382047451167022,-0.006260873158606863,-0.012493820697650933,-0.012054237055854011,-0.006892488355137805,-0.005860629147945582,-0.00567292281604229
2020-07-06,0.010484979741206005,0.013722856944078522,0.03361494569534465,0.031212891739134406,0.018164363061639332,0.01685780661265609,0.009334279204307155
2020-07-07,-0.00025573056988511535,-0.007181965341154591,-0.013512665915832923,-0.013268183250139374,-0.007800418076321987,-0.006839566316555138,-0.005414627916713621
2020-07-08,0.0062722452414391006,-0.00307317745476847,-0.018080363759220654,-0.01571324684258421,-0.007257682704900467,-0.0056178052656138495,0.0019185498183024292
2020-07-09,-0.0055379316613486515,-0.00810785918502936,-0.022334989410358237,-0.020627820060923698,-0.009274324437584542,-0.0074689179568766684,-0.007103479116287621
2020-07-10,0.009204764879322987,0.011053274377559232,0.025507598634187355,0.02417320171754333,0.013718227370077607,0.012938175244238051,0.009780520809618186
2020-07-13,0.008769759531773776,0.009091886539867281,0.017360800745871128,0.01578959201038623,0.011208729732513339,0.010967895898600297,0.005353139613703775
2020-07-14,-0.009545315945506148,-0.0039029519189434586,-0.009673027148927404,-0.010325222928906613,-0.005300764823211866,-0.00686075730287305,-0.0022781434024512666
2020-07-15,0.007488520716935456,0.013914508566027127,0.023807107484027434,0.023580123119106705,0.014873273705809412,0.01436877099810843,0.013151946884509887
2020-07-16,0.000982266122051483,-0.002880073444334756,-0.0054517901701162325,-0.006270861620555838,-0.0029250620665351077,-0.002996054532470533,-0.0030775603703627895
2020-07-17,0.004665230383144684,0.0024878262754590144,-0.009091847685495537,-0.007644280073368856,0.0017056863419908088,0.0028115720326994677,0.0014156946821207075
2020-07-20,0.008299486442285038,0.007148621354273144,0.001481770692718595,0.0015233307310471324,0.006481901857140974,0.007849203816208461,0.00464292771377725
2020-07-21,-0.0036262239833780943,0.00033108237422870327,0.009075751964043682,0.007614354692299248,0.003080952564246981,0.0018323747785560249,-0.0019410675680584157
2020-07-22,-0.007526176855626871,-0.006692100301079303,-0.011380727409782524,-0.009514498493477875,-0.007047493453170289,-0.005910575507526453,-0.00475571059674755
2020-07-23,-0.004282724818660867,-0.002159695310454786,-0.014488681469186134,-0.013394385191368525,-0.0031477904451079355,-0.0026417981168725666,-0.0022417125620062804
2020-07-24,-0.01999867652749763,-0.01635249696014131,-0.011468043842974415,-0.011914039275223737,-0.01603704798202257,-0.01738343328755494,-0.01617475171311694
2020-07-27,0.001516445960161089,-0.0013482749254885825,-0.015386409168082569,-0.01274204697925255,-0.0027711701145134403,-0.0005952882638225172,0.0006400539009792753
2020-07-28,-0.0014620325005693818,0.000351010466831223,0.0049930696337248046,0.004664893345925188,-0.0013155322532645724,-0.0025760695200415227,0.002980951350187366
2020-07-29,-0.0008133965412654037,0.003739112806710288,-0.016826346348679546,-0.01522917497380011,-0.0007401365456427718,0.0004185203047798344,0.008348042604209271
2020-07-30,-0.01785143002096109,-0.02305360963855333,-0.029585528242777187,-0.026809968350042932,-0.028056425225465288,-0.026535169146547948,-0.01668115381049724
2020-07-31,-0.010353801509794768,-0.01256868549773314,-0.018871769429580815,-0.01956708420977424,-0.01343306083471388,-0.011954169050383148,-0.011588968717724316
2020-08-03,0.018781108489574035,0.018366123544320264,0.011050203283197009,0.006155832453289696,0.02162728297964967,0.02195762678642307,0.015435151413584886
2020-08-04,0.0002815294055268403,0.00071697833598662,0.0095473902322913,0.01121477694626884,0.004793845896474059,0.0021212188444036826,-0.002669808857089915
2020-08-05,0.006645214094011471,0.003354713452050793,-0.003483760030261981,0.006863697263489838,0.003462790161923823,0.0031942399757059893,0.0074835229695167935
2020-08-06,-0.008894560695605232,-0.008389068469969552,-0.004604757949222988,-0.011209109365086989,-0.007911000532307772,-0.007612031995067748,-0.006765258362711132
2020-08-07,0.0051641708027213434,0.0023751828553039175,0.0026893316174573735,0.0014339385115589075,0.0011474919911401752,0.002467023022217686,0.0038781606256683733
2020-08-10,-0.002596642796166141,0.0038307447498840638,0.019136202974711674,0.008910855087384123,0.005898701303369319,0.0030796281991307337,0.0019829194340654404
2020-08-11,0.005609593166657724,0.01461838144504639,0.038513520086257254,0.026062679081595864,0.021415427713925097,0.018578140290497928,0.005303531851331596
2020-08-12,0.014802667324653594,0.012906798752850291,0.0001851133192806347,0.010336077756494172,0.01091578033517646,0.01203466648692283,0.01419328203323747
2020-08-13,-0.001731896557549358,-0.004836314626781567,-0.009874337777719162,-0.0036424505126473605,-0.007221805460458,-0.0060115085355204,-0.00182113144014007
2020-08-14,-0.011246298285963869,-0.010926115925501592,-0.010052652025526868,-0.010759944898024221,-0.010522066710378811,-0.011258923376889399,-0.010528908383040932
2020-08-17,0.006487331735880304,0.001678012950321648,-0.0050693564143349575,-0.004732939889654371,1.0710878407549807e-05,0.001694347786947044,0.00593960822438625
2020-08-18,-0.0036776294816930725,-0.004283202804210001,-0.014309732206877878,-0.01008496261620974,-0.005463445119872414,-0.0048632934392731034,-0.001288077581560858
2020-08-19,0.008048526418028862,0.0074707871952931085,0.011902514490844044,0.007295254560217462,0.008728780211691455,0.007775859300839768,0.006558564356317385
2020-08-20,-0.008558843344720575,-0.010800533874988093,-0.02030213743180593,-0.014125694303115112,-0.013556729943191216,-0.012294296082678883,-0.006943531376520313
2020-08-21,0.002178656974590614,-0.002966812107485699,-0.006063966978288426,-0.0007884043783359218,-0.0039838566369386815,-0.003082658864144982,-0.0005873388536847633
2020-08-24,0.009492815367722398,0.017221574949916045,0.028969929474812944,0.0223661758949924,0.021040081167870994,0.01937533385124107,0.010863207620933141
2020-08-25,-0.006049064609501971,-0.0038349270730838434,-0.0016302150230604745,-0.005297203221324064,-0.002509916926129319,-0.001974169937425823,-0.005246183559939588
2020-08-26,0.007557550843289452,0.005750195178751586,0.002023845839525083,0.0019771065952166903,0.007410125298652697,0.008129191460985558,0.006356310895084522
2020-08-27,-0.010648178344952911,-0.007879711364905976,0.0009256839522009171,-0.002120802184652198,-0.0076189198704309374,-0.008496101261550877,-0.007867688376288234
2020-08-28,-0.009229409893120181,-0.00423481103859694,0.003918581348192994,-0.00020735626981967497,-0.0005408083457741355,-0.0022959225987635276,-0.009000527792560206
2020-08-31,-0.007312854948601566,-0.011007909199107692,-0.02812812873131617,-0.012933820398964164,-0.013718451678228353,-0.011995550840361316,-0.008567821875706105
2020-09-01,0.004804568697733189,-0.0005866059124141473,-0.008225705986188003,-0.009502020568887493,0.0007010073237232458,0.002018970460699647,-0.002050976711194797
2020-09-02,0.019163062748578492,0.015830627240125298,0.0030816321983691483,0.003766018868775411,0.012782069188424849,0.014953240021911028,0.018836671235684548
2020-09-03,-0.016097661113749516,-0.010970178430097796,0.002905146303337294,0.003288131601347869,-0.00983816807026707,-0.012864696928005532,-0.012192961217111735
2020-09-04,-0.015904937945474686,-0.008237455236409603,-0.001376675550555819,-0.004167438348937925,-0.005644467483211282,-0.008495053621901113,-0.008253306248621875
2020-09-07,0.010841728120006236,0.01269996561525612,0.013492501394110783,0.014927137749805065,0.01398314275645734,0.014362497370327888,0.007882299870461528
2020-09-08,-0.008477813403868897,-0.010186749120342247,-0.021140069093379742,-0.018771186463338804,-0.012425893984821796,-0.01215370213175466,-0.004712704663981991
2020-09-09,0.020495468451175582,0.01924306536526058,0.011342211021728395,0.013897579847711042,0.01846431793506771,0.020019527780429997,0.020510930280896955
2020-09-10,-0.0009382456395654783,-0.0033770324081740396,-0.005690714726719374,-0.008704166360602568,-0.002669108911152955,-0.002684982626523585,-0.0036038963577085968
2020-09-11,0.008086455947344744,0.0037843004085096636,-0.008012799847816165,-0.005203588501032702,0.0010482184440366899,0.0024406882052297007,0.006166790262555118
2020-09-14,-0.003113377470265975,-0.0006612891607291732,0.005299960540725252,0.002355010888267105,0.0016050807780280695,0.0014890103345437695,-0.002762475966035398
2020-09-15,0.008485569145563691,0.006190449949649939,-0.00281808842591779,0.0025702188037127205,0.003129253802481047,0.004336692535140169,0.00968623070593625
2020-09-16,0.0019387958446838505,0.0021036621891280085,0.0029474098304825055,-0.00023346347365006985,0.0027438521580869053,0.002593340612570602,0.0019327795767810627
2020-09-17,-0.009149006470001449,-0.005349999219645779,-0.006089132380536431,-0.006213539150077834,-0.006729487715480661,-0.006992362355058716,-0.0022385608792074956
2020-09-18,0.0009161818322514005,-0.006915815126942602,-0.023045771319807305,-0.019861996942373106,-0.011070667095745725,-0.008399305328073734,0.00017288327745176407
2020-09-21,-0.011780764936858394,-0.029365926632921292,-0.046485089414608535,-0.040599993732948564,-0.037358308785775625,-0.03466004998784347,-0.01821086928118909
2020-09-22,0.003426299744450685,0.0007710119370238673,-0.003967194515311594,-0.005007856015999384,-0.00014067024301107862,0.000664696534605875,0.0015927041625731033
2020-09-23,0.005978235263961101,0.00321326281444707,-0.009400149817684325,-0.004694984705940819,0.0008707456493235047,0.0025127207036632912,0.004008059832171058
2020-09-24,-0.006706075921834594,-0.006072511005289704,-0.007333815432010046,-0.00435812471614573,-0.004420816019205798,-0.004940430579789138,-0.007891909302240463
2020-09-25,0.0010703300670496477,-0.0043874190339614795,-0.0053277046493639185,-0.005051356678224598,-0.00718141395910336,-0.0069906555943037765,-0.0001383501533963416
2020-09-28,0.007828060591137298,0.02055905350031362,0.03428067834222937,0.028237410351806408,0.027028179860781404,0.025519219363387247,0.010328058636680845
2020-09-29,-0.0006852961671877342,-0.004461956775523515,-0.01984110363358285,-0.01881995625832639,-0.005346543591311357,-0.003091716971365845,-0.005815138003903108
2020-09-30,-0.009783308764386281,-0.0057145252206699595,0.0025535982284281846,0.001587269399601619,-0.004122470376787448,-0.005664278843976106,-0.006959808096724685
2020-10-01,0.008801005937734299,0.004336590541282814,-0.0007636620734310729,0.002055779636029439,0.00409730521253439,0.006560153371409113,0.006549801439017792
2020-10-02,0.00040122521113307956,-0.0005057248201644695,-0.002931376208366643,0.000871853387217601,-0.0008886396146083274,-0.0012847429681712803,0.0009557424040480216
2020-10-05,0.0015810645047655114,0.010701400292023117,0.009714226061329961,0.012136773073129277,0.013549307435652221,0.010979782233850138,0.005758465263338173
2020-10-06,-0.010036474544712154,-0.002348016627842242,-0.0027628622929701287,0.001999029809700589,0.004594952848363215,0.0003329413999105056,-0.010806390642497986
2020-10-07,-0.0006942554799452697,-0.0001209817247133726,-0.0009487014768072132,0.005058512577339413,-0.0005007984239457325,0.0009489447443980237,-0.0008750304811606527
2020-10-08,0.002091819746603831,0.006965696435525498,0.014020518942220186,0.009953663798908566,0.00839155178293998,0.007419028081787502,0.004676956280593986
2020-10-09,0.00883399417686171,0.004155636749244344,0.004669891220655711,0.0004951729162371964,0.0018029724832980478,0.003956640653919176,0.007110216975323167
2020-10-12,0.01267398880113468,0.0057721675685587495,0.00018077872073280605,0.0030938343203667624,0.004869583590956158,0.007330387166614451,0.003699481031359202
2020-10-13,0.006371812394788328,-0.004478633018053452,-0.007708630179737183,-0.007471138793514284,-0.008552289684019308,-0.005026015735106619,0.00047547371687786514
2020-10-14,-0.0039434390804844845,-0.0015648774418191456,-0.0003606936033785272,-0.0011712546583308456,-0.0013410645959917953,-0.001670328378478907,-0.004979549060271001
2020-10-15,-0.020436732765969405,-0.02119154119881357,-0.021961514759615868,-0.023778814801595292,-0.022407978504085147,-0.022794572641032778,-0.018456827025860385
2020-10-16,0.013883087526014042,0.01480039188262599,0.009802679123034671,0.008422965493307375,0.016100308151995025,0.015531843863050602,0.013527809317773932
2020-10-19,-0.005999341342109223,-0.003182185397353269,-0.0006874231298968686,0.0008435442202630991,-0.0011193850192585768,-0.002228998229699618,-0.0036369948925038774
2020-10-20,-0.004016607930859903,0.0005755319136391326,-0.0039374362457318636,0.00573296275544495,0.0020959415518734927,0.0001508882179860518,-0.002823286992485123
2020-10-21,-0.010885530934745837,-0.013250893001614042,-0.01455706310468595,-0.015387525156552175,-0.014345281258164887,-0.01361047585455999,-0.012695156545577235
2020-10-22,-0.0076855258892082196,-0.0021442412885670364,-0.0031161693417621813,0.0012831665725168105,-0.0010359074051043838,-0.001905276632372489,-0.0029632890033070283
2020-10-23,-0.0006509399178936085,0.008237194292629504,0.010911629774598225,0.010556804374955748,0.010661446875115896,0.008260380478820868,0.0032748955200610236
2020-10-26,-0.006028649208799032,-0.016424616517070615,-0.04984089514788295,-0.013498725681148717,-0.020977967246089354,-0.022158729840940184,-0.006763994463589812
2020-10-27,-0.003507901224778551,-0.01189288867362604,-0.017909035768119204,-0.020647364871631615,-0.014784264578146848,-0.012711187284012439,-0.009873331563136684
2020-10-28,-0.01785013919278132,-0.030009500584375428,-0.03427624147668022,-0.03364761425615936,-0.03375489264973557,-0.033423686486572575,-0.02188095258337859
2020-10-29,0.00209896266318578,-0.0018869506120328733,0.0014396220597644093,-0.005581668971838305,-0.0013456410959174327,0.00037036279610881706,0.0002911576084919416
2020-10-30,-0.006202423108001792,-0.0010028960601564103,0.0008758075437910449,0.0023525671846773124,0.002612307922185229,0.00012924747475878527,-0.004993167305264433
2020-11-02,0.021844485346632782,0.02122519223380859,0.01044921437731185,0.010205508665795745,0.02302108659011864,0.021688604489758474,0.020905670009286198
2020-11-03,0.015472945081016168,0.023366802453794237,0.02435205963122707,0.022732878568460024,0.027521479477626,0.026116931616877618,0.017401337808261468
2020-11-04,0.019915476381441036,0.019464817030557417,0.018636674087320424,0.021331925923114017,0.014236167669677625,0.01691950971158885,0.021036504778861858
2020-11-05,0.011526612977410578,0.010343692142177695,0.00958281521825759,0.010743303464225248,0.014217972438123902,0.015310436974147142,0.00536323809931962
2020-11-06,-0.002300424672961535,-0.002468570639513036,-0.012288153618933402,-0.01423862173689408,-0.003355477032612716,-0.0018228815403619856,-0.003986142011829741
2020-11-09,0.003456801791436875,0.042635746253946845,0.086435894864212,0.0847468084220908,0.06322980382172534,0.052321795255299834,0.009614857890893143
2020-11-10,-0.015242883629301172,0.009057454403961104,0.027579142813728093,0.03097330134011284,0.01778632510641037,0.00986868371960466,-0.0034215398276759078
2020-11-11,0.018796155534205956,0.007601017519620734,-0.003225308289837377,-0.0025921619226035417,0.004144257796038006,0.0064120176209774065,0.012197482988212858
2020-11-12,0.0007545499920192611,-0.007941388114047602,-0.011131820072246654,-0.009939214847590819,-0.00945392290979379,-0.008981740694701519,-0.0028708939366254168
2020-11-13,-0.003316966763500924,0.0010825357791894588,0.00801746438337655,0.006675038773528142,0.004070435862431413,0.002365587433469718,-0.0013310878300821626
2020-11-16,-0.004271443568889595,0.009674444297542,0.020075473426803145,0.020326657543744246,0.016811040923365005,0.012714641001070228,-0.00101175080702833
2020-11-17,-0.0017858628776533244,-0.0008118640219970436,-0.0028154591386588715,-0.0015971947411523558,0.0005057324533403798,7.924925010697842e-05,-0.0017182643910023596
2020-11-18,7.610687503957698e-05,0.0029847216350156894,0.007033246630460257,0.00432155355784116,0.004409334908523641,0.003900023484834287,0.0004963083001025899
2020-11-19,-0.0003717193240683216,-0.0057888161467625565,-0.010756776429562753,-0.011703605385271171,-0.006608035991587386,-0.005487602993698223,-0.003759431298558418
2020-11-20,0.005975186568127537,0.0034430079652621095,0.00042247431768787074,-0.0024010034195711817,0.0038160288406171128,0.004570127956305041,0.0006810997395172921
2020-11-23,-0.012382254674805977,-0.0041488880084234936,-0.0035882062254407768,0.00017935922386672423,0.0005167034908010763,-0.001686518099706341,-0.009829463213411889
2020-11-24,-0.004052726633918127,0.012386005397529477,0.03060762092739685,0.02639553240760957,0.02092317392310103,0.015093228483622757,0.001606252040214874
2020-11-25,-0.00032539875719167857,-1.1031722340859541e-05,0.008072935945971015,0.005467473250584356,-0.0011982874592724824,-0.0007640421349660185,-0.0015353430670578111
2020-11-26,0.004969660552914885,-0.00038284187363941215,-0.006867471836460157,-0.007205097205614152,-0.00344428641092603,-0.0016810550446026097,0.003538002038808508
2020-11-27,0.008282547134356295,0.005001330765858069,0.008906040049318949,0.007717968813068459,0.006431107597197208,0.006275575804282211,0.003004979563779573
2020-11-30,-0.004574354899761492,-0.008594812542552918,-0.01769111279197442,-0.016240969529081214,-0.012585878550341243,-0.010695144250784069,-0.003671553669891664
2020-12-01,0.0014621410479869886,0.0038029587978928095,-0.0025098813157486207,0.0002124561008352596,0.008800845564809269,0.009183619708628937,0.0005575911034963307
2020-12-02,-0.0046057417456383245,-0.0025788649632418146,0.002930585854486418,0.0022723609766253277,-0.000757142818579774,-0.002709961632847565,-0.004601639769780096
2020-12-03,-0.0037084960684131245,-0.0029175761609401495,-0.0031761620667344623,-0.005057450390138188,-0.0018772342134867285,-0.0019400231211961741,-0.004659754859237381
2020-12-04,-0.0016119042750663269,0.005068342396792328,0.009295021913287866,0.00790923388765204,0.009158729106932146,0.007579477891005781,0.0003363235373160429
2020-12-07,0.0041367006856763925,-0.0016045299355484071,-0.0033654337969065175,-0.003243809380178493,-0.0038704083448760336,-0.002346743978887451,-0.0005864848910299442
2020-12-08,0.004351635768742999,-7.256181606821483e-05,-0.003318388833049708,-0.003676792412233409,-0.0009812925059621152,-0.0009256357764011616,0.0010663310019359547
2020-12-09,0.003294807108851823,0.0030117868867606265,0.007688564611693616,0.00580422478315259,0.001031017560359618,-0.001567512204554625,0.00629852953916245
2020-12-10,-0.002295365822076909,-0.0030081365137110466,-0.001089916310749063,0.00047642098039406625,-0.004773679664047545,-0.004536439515721412,-0.0024952954961796913
2020-12-11,-0.005368437613737882,-0.010549100575232024,-0.010216636244570984,-0.013859575408420671,-0.01233464260306991,-0.011185160152276727,-0.009296257185437128
2020-12-14,0.003062657726373264,0.004565650729753927,0.005345868497402385,0.004882927879824658,0.005100053053215797,0.005363609360891003,0.0036457071626597483
2020-12-15,-0.0010266448332686977,0.0011198626866644576,0.006088081606019243,0.0020362525156453286,0.006606522692167418,0.006464930334792545,-0.004294179022358555
2020-12-16,0.007646648973344997,0.006182235819327319,0.0057963528546354426,0.0070707398715965965,0.004187305455246181,0.004980282811506283,0.007427470708500569
2020-12-17,0.002086924904976261,0.0022429944046030103,0.0048830299807998715,0.0040368227337861775,0.002095645530046286,0.0027448755670719483,0.002776683856017775
2020-12-18,0.001967619508611315,-0.0030785465375423047,-0.010536353004070043,-0.00788880141876329,-0.004732303069139389,-0.003440650357664146,-0.0007394311870816154
2020-12-21,-0.01876820486452461,-0.023342233261549116,-0.025688870441318467,-0.02470918046566801,-0.026297358837612896,-0.024961779815062625,-0.018025929666047286
2020-12-22,0.010373701100452243,0.009261709151519923,0.006928885844188354,0.007635172372848998,0.01071839911087691,0.011275595501930243,0.0050015952557651375
2020-12-23,0.004121980602726498,0.009434711876149431,0.01136951708626428,0.008795684589293033,0.013892725711493466,0.012004272242061787,0.002916791755402945
2020-12-24,0.0027266537963406773,0.0013163006682548927,0.0022480088848660725,0.002300548313637984,0.0015202127977940343,0.0012925727246484561,0.0026970054051001363
2020-12-28,0.012334037184255856,0.010167708339162883,0.005550590664233563,0.004944068418535063,0.007983334138136507,0.009491098430057571,0.009996172309399077
2020-12-29,0.006063985139421638,0.0047530203113958355,0.006871999039159222,0.00658571158601153,0.0020907749164470295,0.0021499325848170765,0.009407566978193163
2020-12-30,-0.0008965633485288559,-0.001194980655960838,-0.0009137205840310263,-0.0014052283567048758,-0.0012663709056418694,-0.0005101038440323881,-0.0015332157358401632
2020-12-31,-0.005047998130373865,-0.0043641149868836986,-0.003339384261728098,-0.0034142612824738963,-0.004606722948927088,-0.00444094684804871,-0.004232005819163774
2021-01-04,0.016028466925237406,0.007527079529629977,0.0023137069454287405,0.0054256652021979716,0.005757346902257099,0.0075329370953014785,0.008596230264850895
2021-01-05,-0.008737908823589421,-0.0032296791708748504,0.0010044222858931725,0.0007106317505929011,-0.0018899161573701002,-0.002553003168805447,-0.0032720429228158786
2021-01-06,0.0038286281174616708,0.01265559016889258,0.02794943759168263,0.028770886892214298,0.020055782104029134,0.017161268892087266,-0.000518296864918722
2021-01-07,0.001820546896859908,0.0036604650303807525,0.009142445333738147,0.010643050172287663,0.005553295581499482,0.005120947897930959,2.958889784568028e-05
2021-01-08,0.011529423496948757,0.005101888525766937,7.343668105569932e-05,-0.001717421127196052,0.004342201627876084,0.006279136447676078,0.0045585850204061295
2021-01-11,-0.0007356692845238025,-0.0037554187807294455,0.0036121737144505575,0.0028051598739162525,-0.005058584791688409,-0.004599610235607598,-0.00014817870342334312
2021-01-12,-0.0050234786789749315,-0.0016176854070475506,0.006059370197456677,0.007379882405710674,-0.00021015667610518768,-0.0009086020926376049,-0.0010102717692927604
2021-01-13,0.006103372743025168,0.00282483200077485,0.009833644857576446,0.0112477353593666,0.0004644196088114429,1.0383191709855183e-05,0.002452659556301485
2021-01-14,0.008891056626270067,0.0049158058089554535,-0.002302184673851449,-0.0006331441284282344,0.00481196977865064,0.005722523866441239,0.0073287623261509855
2021-01-15,-0.003287255474365593,-0.006450705837365723,-0.008583876025436171,-0.007805254993283184,-0.01028390910715469,-0.01009697657291231,0.0009201321567734249
2021-01-18,-0.004883716101265588,-9.411773534661142e-05,0.0013446520011603344,-7.901149179615798e-05,0.001389441187390991,0.0012639984498979454,-0.004922979787734333
2021-01-19,-0.0014433617722245512,-0.000879340170454024,-0.003073665106673319,-0.004110486190907325,-0.002220695461613729,-0.002008096260297944,0.0013842860536345861
2021-01-20,0.005701605324108119,0.0040945659515475765,0.01125526165271377,0.009692871128047485,0.007272233389100515,0.007903268069910407,-0.00012626653452108678
2021-01-21,0.004905259574331712,-0.0015169426845100095,-0.004304167230089374,-0.0038789028874706708,-0.0016129026419505698,0.0005591087505797568,-0.00029262356723703544
2021-01-22,-0.0017128067684721512,-0.0036991978826321505,-0.0070429904324472905,-0.007297239038553336,-0.0056175917696489105,-0.004965952754818882,-0.0021657010765326356
2021-01-25,0.0024048061024762365,-0.006184542682923818,-0.016809082700108405,-0.01664132023251518,-0.012622122799169251,-0.010918092191941217,0.0018613741589656966
2021-01-26,0.000526237249940718,0.007037592497819174,0.01809084327857723,0.01416629589703556,0.010316368408915647,0.009049952082560965,0.0037727985635552354
2021-01-27,-0.007787497035327794,-0.007797509978907683,-0.01708800090495754,-0.015500693528297287,-0.012605695402566458,-0.013910071452856027,-0.0010753978131306761
2021-01-28,0.003198120317128643,0.001364591252865459,0.004913346533606076,0.004831942713093446,0.00510814553331094,0.006542151300686033,-0.0011244018821965234
2021-01-29,-0.024876071018790632,-0.021285418835332956,-0.017833710259665195,-0.016108139151711474,-0.0204514964347022,-0.02012586808351093,-0.024575161632063264
2021-02-01,0.015681217886643877,0.012115541894597938,0.007863238389397132,0.011384539592963696,0.011359274180243035,0.013225573831654687,0.01302934111205832
2021-02-02,0.004214399313446261,0.010439531048844954,0.004340290535743335,0.008471991309657433,0.01564081934454157,0.014222462914587775,0.005039018523612101
2021-02-03,0.002151424865491098,0.0038108806397656987,0.012242589778354369,0.004892076967414347,0.007402959354372058,0.0061178397262259265,-2.5020910082268174e-06
2021-02-04,0.0015937160930093004,0.0056987627782108,0.008698344692769627,0.012436040006727586,0.008642199361395283,0.006783939890346497,0.0035968676305597152
2021-02-05,-0.007515785247452245,0.0008332859295203826,-0.0021732678605158643,0.0031772219989765296,0.0034102989761852546,0.002164958420895875,-0.004976266726420557
2021-02-08,-0.0017005585271842134,0.0010476952753612897,0.004685214340832336,0.008137260383469107,0.003699391746636503,0.00363838117054278,-0.005271088363582062
2021-02-09,0.00011252927959555189,-0.0006061214980309827,-0.005156355187072207,0.0017162851428126765,-0.0017794072636216345,-0.0008248045769102927,0.001163900397462836
2021-02-10,-0.004237031518946281,-0.004003107611351551,0.0039004130738691033,-0.0035080794549311356,-0.002883092440044063,-0.004173828292861154,-0.005920642446555746
2021-02-11,0.009653328056230235,0.003708395300388676,0.004116293924320023,0.004498613382201491,0.003278221766911114,0.0058539337061848315,0.003752916960900585
2021-02-12,0.009927503744409032,0.006581495188922828,0.0010275870643655966,0.006380337517948639,0.006588824338650207,0.007266977393498748,0.005115952663609426
2021-02-15,0.0019523646239837946,0.007727861053674237,0.008030472255036714,0.0058225304744373135,0.01122296296543528,0.008948977528044801,0.006787997554807926
2021-02-16,-0.0017577989299584892,-0.0024094485853292263,-0.004401176173911531,-0.0010653681215479617,-0.0014945623542068234,-0.0013811814554973282,-0.0021961504321523274
2021-02-17,-0.01240682357679964,-0.008584005650299287,-0.0077510884494534135,-0.011181715752518851,-0.00781490098949006,-0.009104477382641547,-0.013149396801293095
2021-02-18,-0.009711321289235395,-0.005673714270448695,-0.008723471421504037,-0.007142777248127964,-0.004984842398702061,-0.004547298190739891,-0.0055905277481415085
2021-02-19,0.00019561731838183688,0.0022081309385155084,0.002355070915855452,0.005803298278272899,0.0075244204475207795,0.007721765887623151,-0.005529866926874376
2021-02-22,-0.01051680682068132,-0.006365319598192401,-0.005384463080670433,-0.004548595769734049,-0.003949111251585156,-0.005785126683550588,-0.006860829021714966
2021-02-23,-0.010558881396707704,-0.0036844525710582783,-0.009466020992135556,-0.0057196592802758305,-0.0015682513239937887,-0.00444002675442774,-0.005001972741121294
2021-02-24,-0.007977148544034423,0.00017327193961003362,0.004369695715066143,0.0041571321700934255,0.004422693138519699,0.00317535531118869,-0.005235912342593829
2021-02-25,-0.002265897231655258,-0.004173571000084825,-0.009862077976580553,-0.00802089767854694,-0.00274564695223026,-0.003377201172567246,-0.00410762013148638
2021-02-26,-0.0069014459902993226,-0.010686587290862824,-0.012606139443389758,-0.007666587470481671,-0.01258497733270943,-0.011869231061830434,-0.009056614035977307
2021-03-01,0.01491263950214315,0.016079890138957584,0.01663619429738394,0.01332929676646298,0.016714744263855223,0.01660655226530375,0.013348675928984909
2021-03-02,-0.0018456172722645266,0.0013695782013189186,-0.006567427384446718,-0.0033179267736989466,0.0021811447066290555,0.0016010694606967482,0.0006619122571328791
2021-03-03,-0.01179380305213586,-0.0032162045369389628,-0.0053532464656064725,0.0032670272483398773,0.0029137677468005167,0.0013775892621854563,-0.006980368861685883
2021-03-04,0.001049937425402752,0.0034145484230359113,-0.007509647474893944,-0.005686608517912843,0.0009732071027270364,-0.0022881343256816004,0.011138410158298284
2021-03-05,-0.010097585479404396,-0.003388535440366241,-0.0013376283303141489,-0.002511928967818529,-0.0039145387227389385,-0.005686952046078256,-0.00015837927901008386
2021-03-08,0.017165246141884128,0.019116711751777028,0.014370923808704333,0.019860682709707457,0.023151455222414144,0.023394423755185946,0.012630525890948024
2021-03-09,0.015033089606130534,0.008529214960104402,0.009794946624641972,-0.002658387723638185,0.004034104478879307,0.005927914074371854,0.01360395128339904
2021-03-10,0.01164165339565965,0.010878861327355547,0.003900674782184212,0.0004595044172560663,0.008166672328384389,0.00725324450113302,0.016555285242188515
2021-03-11,0.006052526085085309,0.0022004786607155444,0.0016983976613062066,0.0013520490646247625,0.0014062780910457922,0.00356254804581232,-0.0027811265547713114
2021-03-12,-0.007542271362952659,-0.0020351195980433104,-0.0007483904576589199,0.005693853448093887,-0.0007379278607112533,-0.0026360532028835617,-0.0001728619093831125
2021-03-15,0.00500593968545231,0.0021541782522879744,0.0007531303578650202,-0.0058308069308861,-0.0011257742239794899,-0.0007549298293028163,0.009141524667079175
2021-03-16,0.009228401504532413,0.006837550472528422,0.005774441838353409,0.00292801016980278,0.006923671631909799,0.007809613381825551,0.005544018115224389
2021-03-17,-0.0019749637083425016,-0.0002630567521601635,-0.0007913738305314348,-0.0017057716135106564,0.0032177432334238474,0.0024307414225551373,-0.0017475305971627222
2021-03-18,-0.0015638412858667893,0.001743927198980007,0.0017796071757604126,0.011226365447433176,0.005071266200789002,0.004743557812614392,-0.001442621761241744
2021-03-19,0.008227755631801979,-0.0016638279854974732,0.0021237279318626775,-0.009140621294522238,-0.007968025619344595,-0.006392591605957955,0.004502363528483779
2021-03-22,0.0052984821681732255,0.0007284410688639089,0.005975735766926463,-0.008788092792955195,0.00035176409816382913,0.0027418995400492778,-0.0010555461403731954
2021-03-23,0.0038508400806026586,0.0012764293680407471,0.0027130476172602886,0.004664900591787342,-0.0022290813185311606,-0.002980931475799726,0.004370331450456624
2021-03-24,0.000441961908368901,-0.002571357650016243,0.003712828656046888,0.0018347293187112941,-0.00011051744855511886,0.00021034224473934855,-0.0063804194982948585
2021-03-25,0.005097644864847253,0.003405524872062205,0.0011430523405536255,-0.003171372246705526,0.0024623779121676088,0.0027772636410843057,0.0035000590409699434
2021-03-26,0.008296590384019658,0.007213648739245046,0.013599647587537417,0.012577372756672688,0.008311727439515831,0.009693402647013544,0.004886929402920983
2021-03-29,0.005462645987482656,0.003961115547012491,0.003248992699329139,0.002001569074150367,0.0015025902153675734,0.0017078287342976832,0.006773252475220093
2021-03-30,0.004516746315607226,0.005548989513109946,0.00743511850920759,0.013995502073412573,0.010276062139430334,0.009982191456227816,0.004046472106782964
2021-03-31,0.0013182618498242134,-0.0015071432443577583,-0.004405349303169217,-0.009015145407778721,-0.0026211268913345427,-0.001682433051273192,-0.001827285207671712
2021-04-01,0.004729355691719479,0.005383553590855203,0.006659810453755258,0.0037503040287360425,0.006149627372994812,0.007267170396750063,0.005083809897823596
2021-04-05,0.0,0.0012210096249859797,0.0,0.0,0.0009461549344840261,0.0008898584502184086,0.0011935766224764957
2021-04-06,0.010067905432542955,0.0055516079874124635,0.013983937632578682,0.012090430131905658,0.005975445622465788,0.006494935987654933,0.004321396206653451
2021-04-07,-0.003934226543332711,-0.0018845057491954373,-0.006500263828118434,-0.0039988852300422584,-0.0021037361309467094,-0.0029466650685066164,-0.0005135421302331924
2021-04-08,0.015198250811971648,0.006217286901304484,0.0014938239894144102,0.0025030532378667635,0.0027818594874888837,0.0041032493122668675,0.008224953289344113
2021-04-09,0.00231237845135651,0.00030082336586919267,-0.002329314632729048,-0.005277272328927849,-0.0002661976376939826,0.000636370377336554,0.001106062318864132
2021-04-12,-0.0064166757626106475,-0.004902973239006346,-0.008805124318601846,-0.004739893462194436,-0.0041155575624205396,-0.005074815782578262,-0.00659832350068682
2021-04-13,0.00048714565656971995,-0.00013630487629214688,-0.004057619320475601,-0.008936519029198568,0.0002192066846070597,0.0010990963780813051,-0.0027340685592617056
2021-04-14,0.0032379680398008804,0.0004354325183867979,0.010534458258083603,0.005170434817151674,0.002303960233895314,0.002028120243678856,-0.0005655619991485573
2021-04-15,0.002770058641740407,0.0036369814586165164,-0.0005284682070475404,-0.006817711640479599,0.002126249696188176,0.0031476957158111567,0.0018899182407323212
2021-04-16,0.007914303593051885,0.007614548061928833,0.009740086387936732,0.011251327405393672,0.009379225681970886,0.009919466592449099,0.0059586432545992475
2021-04-19,-0.0010713195322406364,0.002191063028008835,0.0017698617365418338,0.00837363615463362,0.0006147071776128776,-0.0016241996457428223,0.007685038678346554
2021-04-20,-0.011373606605197838,-0.01689042585400462,-0.022506656982338516,-0.02190791437084619,-0.02130259738762668,-0.02062095238553904,-0.011358921891980017
2021-04-21,0.01792571846098682,0.009945187412545381,0.00813247512873676,0.00431353508338308,0.007251925490960635,0.008406176368139678,0.015866032485087528
2021-04-22,0.011272521210437897,0.0056952796684000065,0.005886350613818711,0.01123129823248193,0.006272343018515654,0.007149293332808719,0.0049172681405188975
2021-04-23,-0.0004231472579573094,-0.0014595190715976695,-0.000639535272205032,-0.0036628747896487986,-0.0006046268042937334,0.0006062041955342516,-0.00505749422717364
2021-04-26,-0.007455218922475271,-0.001323222761098114,0.0040999496488904105,0.006360212372221604,0.0026967088937678617,0.0015272972312419355,-0.0052301526922565456
2021-04-27,-0.0016326117650833907,-0.0021286280362546603,0.0014200185826413535,0.007117913484678624,-0.0006846293645484599,-0.0013583527111521011,-0.0023619118393571163
2021-04-28,-0.006507495564045788,0.0014235865468245927,0.004409095852098065,0.004580486520432711,0.0026126537445796314,0.0011323178494481658,7.075923904888425e-05
2021-04-29,-0.0013220549495135546,-0.0012184905595069057,-0.004433875993950887,-0.0016051343720781593,-0.0014472876809308922,-0.0024355119919363026,0.0019779428083461763
2021-04-30,-0.005212240320954253,-0.0046170122765260965,0.00034538903225800853,0.006243655765532441,-0.005141139420813514,-0.006149940772302624,-0.0015383974944755824
2021-05-03,0.007883306630927718,0.008674568927415164,0.006616186488928231,0.00631636439556527,0.008205040907515383,0.00799421198702964,0.007927997591895596
2021-05-04,-0.01865292974549418,-0.011910176760205731,-0.021762151070531796,-0.022646399429352638,-0.014142549794223172,-0.01637833402120913,-0.006992539244147465
2021-05-05,0.02067400964859572,0.018099771604605443,0.02300822272689849,0.022456173499375776,0.02016803348490313,0.021283883379031632,0.01534634681751809
2021-05-06,-0.0038234333427379754,0.003936830481173086,-0.00510947910693587,-0.005279564316438676,0.003471153539691011,0.0017691551855225749,0.004463693725525787
2021-05-07,0.010529096911628176,0.006515119609604181,0.0062944130710049975,0.007129126004773709,0.006665876943454438,0.008057972591766709,0.0059688350745148305
2021-05-10,-0.008683120213896642,0.0001933738839854468,0.0020702288052414273,0.0002773203197523671,0.002092238558552257,-0.0010015414273689097,0.0005470556310876982
2021-05-11,-0.017298082813342948,-0.01580320413419421,-0.01762099753109773,-0.017060219619933252,-0.01656087508380444,-0.01710080762529819,-0.014145742088722352
2021-05-12,-0.0029610990288393463,0.002070150402679417,0.005458209352720115,0.004229261933788898,0.0016040481295086753,-0.0005238646193513097,0.007669458504659022
2021-05-13,0.00650877567958876,0.002158194493500455,-0.004721323714002294,-0.0030790874401344613,0.00042891141686793744,0.00196886639740094,0.0011778250435027918
2021-05-14,0.0144591641111047,0.012307571232618034,0.01858800240246474,0.018507236850259588,0.014985820227335623,0.0153353450927291,0.008760030369507444
2021-05-17,-0.0008018880068770524,0.0031036498843826843,0.005310619198138783,0.005569757974283073,0.0012421759255286959,-5.623763804237875e-05,0.008610953272537341
2021-05-18,-0.0004609341534396284,-0.0007056810556861393,0.005290214090916274,0.005464677031510619,0.0007241288287434967,0.0006598131034093903,-0.00022798783275868728
2021-05-19,-0.008228239387781493,-0.012200137619653544,-0.01824494238419709,-0.016026330564911817,-0.015445205565300836,-0.015871663790251348,-0.00715981692770568
2021-05-20,0.015510076172147317,0.011420502711846098,0.014910820574326427,0.01582811403516123,0.01124601933354492,0.012737816178457555,0.01046182401030169
2021-05-21,0.00595630369112401,0.005912114200793172,0.0066042679507462825,0.007416564640974269,0.0067392216003741845,0.006362672364207861,0.004122802474934659
2021-05-24,0.002994621513383201,0.0014976639660162884,0.003963989281645146,0.0033632686196761337,0.001960568228031152,0.0027362137052709206,0.00014407817607884797
2021-05-25,0.006580073976842575,0.0015009257649160734,0.005229414580645551,0.007745333929946269,0.001463073771336903,0.002612502843265638,0.001599296056901775
2021-05-26,-0.0020140329207342187,-0.00045338762551638736,0.0010600527128001593,0.0014689520098539145,-0.001127849799892193,-0.001201375832130378,0.0013737800429600852
2021-05-27,-0.0016433117687344781,-0.000446447112706695,0.011898135173880718,0.010819630181124845,0.0038128589775529337,0.0032487539941631546,-0.0030907597408085393
2021-05-28,0.0052871101504397555,0.005793836080790012,-0.0005088598417031984,0.00065359598401671,0.006479378237661791,0.007210336938587883,0.0036881383222720126
2021-05-31,-0.01118641923966517,-0.006165273034115757,-0.004783064126889357,-0.005400149408314206,-0.00576826874283354,-0.005973133811394042,-0.006343293805686916
2021-06-01,0.00042260890552643367,0.005278546624939388,0.012499647481164913,0.011761396618519864,0.008946379517276877,0.008587829479074592,0.0010411051727198424
2021-06-02,0.0015870135311906832,0.0027509527215810615,0.005406886480171954,0.005584067086860697,0.003776851836332849,0.004035369654599343,0.002920854212239784
2021-06-03,-0.002483880954498713,1.0624687068280211e-05,0.003834698714248708,0.003961423940294567,-6.423193124293876e-05,-0.0011785474023126245,0.0019810796793888383
2021-06-04,0.005338898567095879,0.004214697760181538,-0.00237793390654843,-0.0018318674980015365,0.0022508657645867068,0.003297471551526872,0.0063102887280525165
2021-06-07,0.005319216412783326,0.004385466767885517,0.005843873449993638,0.005753501561341626,0.004348874134899318,0.003625614071264405,0.005740677308868676
2021-06-08,0.003985301947418423,0.00041653873724633873,-0.003895748762913635,-0.004294211865467931,-0.0013742894881159505,-0.0011774405663233013,0.003596285254899593
2021-06-09,0.009442986382526802,0.002925215712577788,-0.0019197540283674693,-0.0011948696668595067,0.0005098542613936101,0.0009162171660961314,0.005751083872336604
2021-06-10,0.0005620275285385073,0.0026930814370213427,0.003091339567056658,0.003947822467251698,0.0018801116596566156,0.0014614300143022956,0.003524864576770652
2021-06-11,0.0071864868193131535,0.004274001050051998,0.005630311744132821,0.005207029800768186,0.005480610646707422,0.005962152935478966,0.0030042939200006966
2021-06-14,0.005841369979938815,0.0031135509346017567,0.0024716019907117387,0.0020228523791442216,0.0029127858234967254,0.002699065797183066,0.003229305418375385
2021-06-15,0.0032082512277012234,0.0020735401485954923,0.005352190459447217,0.005068212400482971,0.00139815070665459,0.0017195056679027172,0.0018420870995977871
2021-06-16,0.007903781305361866,0.0008881067597567017,-0.004282848158350954,-0.004842309183000889,-0.0005333031338145663,0.0002285898109350813,0.0011457759624961062
2021-06-17,0.002837447444285368,0.0009652642896655092,0.006792727018251166,0.006694354150025087,0.0008671457354006252,0.001373904727964611,0.004502670938134991
2021-06-18,-0.01280448257013757,-0.014197819592009015,-0.025404184101340176,-0.025001152569791022,-0.01876252993567011,-0.019343011752745533,-0.009014424943009185
2021-06-21,0.006597693972081056,0.008341252070619089,0.01227658766969667,0.011454635727688064,0.008806696990568158,0.008948576439035141,0.008595101472304275
2021-06-22,0.002055547780241076,0.001730797083482952,0.0044520797593117205,0.004106479955060742,0.0017294364869556852,0.0023061520768401906,0.0024583666600444193
2021-06-23,-0.014459458360438496,-0.010392683439814018,-0.005992450493474083,-0.005985907368287819,-0.010049217433134437,-0.01027941466204528,-0.008800151395951578
2021-06-24,0.00966244400991667,0.010241856675039511,0.005976070948352641,0.006278196770807227,0.011304886057422171,0.011713884258961521,0.008426253869513164
2021-06-25,-0.0013415852884529674,0.00041539346303788984,0.00375978737146735,0.0037860967052241183,0.0006289646634547227,0.0002915535573991327,0.0017926753580638452
2021-06-28,0.0012959730455004434,-0.004892703287137168,-0.013195704805392852,-0.013077318982422207,-0.008858094163127387,-0.007413952377105169,-0.000598993233704066
2021-06-29,0.0034069298400322126,0.001883588603370856,0.005241143591064852,0.004338679176163014,0.002962077578305984,0.003099148389653179,0.00041729670825797126
2021-06-30,-0.010943116652526078,-0.006870104936570404,-0.009513927936900392,-0.01007297119729546,-0.008475073387395043,-0.009506997151409357,-0.0030119356065539133
2021-07-01,0.0011281300960229103,0.00468057665957609,0.008573197663525697,0.008493109419360885,0.00634139760757335,0.004959555751246652,0.004738933468005132
2021-07-02,0.0036372156689402227,0.0007298554058545478,-0.006480999493139558,-0.006653404516595759,-0.00038723598853420376,0.0008620276856105869,0.0015738089306179116
2021-07-05,0.00024860418668118145,0.0016338839539850893,0.00868864670937312,0.008446364291699168,0.003370713698039213,0.0030875171854338893,0.0004066038772301229
2021-07-06,0.0005721849319637414,-0.006909615061587278,-0.019852302615117057,-0.019526802847479638,-0.011426408940131434,-0.009885345094178991,-0.0033454953385960336
2021-07-07,0.0114879715204643,0.008028203894885268,0.003097965727737181,0.002444852164062261,0.005677374583828208,0.006913669279161356,0.010654728511881647
2021-07-08,-0.01825142160257639,-0.016895720427659716,-0.022941485396021803,-0.022858507302902252,-0.019520804689478897,-0.020004477973134847,-0.012306343372505043
2021-07-09,0.013593547918451077,0.013410949172871283,0.02673981468730284,0.027209094036156276,0.01832537145241969,0.01914352782621187,0.005311486067716387
2021-07-12,0.010942234124958903,0.0080849934837819,0.008606509729671783,0.009355826400086113,0.00709993549020066,0.0076538992540078005,0.00944081106333993
2021-07-13,0.005031836269756886,-0.0002901939506191925,-0.00805358528296093,-0.008172624735645766,-0.0023163435570110764,-0.0009369385568950301,0.003101613880334914
2021-07-14,0.0023667189294364396,0.0009513436820482498,0.0052542813867590635,0.005500575831046407,0.0018931678488464379,0.0025093685522320102,-0.0003665171571106375
2021-07-15,-0.007655556194423237,-0.009580542932491285,-0.005919971484994001,-0.005988752768983,-0.009635678960158928,-0.009977070103150671,-0.009069810511914342
2021-07-16,0.0014114500674449564,-0.001131510448472589,-0.012228584424551294,-0.011753321807713827,-0.005190553772869941,-0.005588989610756467,0.005145019649121893
2021-07-19,-0.0124836849225788,-0.02104977066967611,-0.024025822457145147,-0.024391854133345908,-0.02551919284278961,-0.024495011108053247,-0.016426437778241737
2021-07-20,0.006539572298974992,0.00682194655383463,0.011168893406582607,0.010967766158601323,0.008620263035479239,0.00839623969147403,0.004463102523864747
2021-07-21,0.011440824052384696,0.014036636108900833,0.02456760118739266,0.024576803063726428,0.01797884580550675,0.017875627793519377,0.0095733153271912
2021-07-22,0.0050640667769787946,0.004261719090441816,-3.100810407938683e-05,-0.0005128994325742059,0.004141958999951135,0.005849811113138523,-0.0007572272229590677
2021-07-23,0.016444427681133394,0.012234608892239384,0.018506045083332527,0.01878728112581271,0.013503568630612512,0.014652976180179095,0.011101748697755548
2021-07-26,-0.006546429975801808,-0.001634828967024757,0.006491517839127877,0.006375413491436532,0.0021062996741661017,0.0010079169351073717,-0.0054129771045857205
2021-07-27,-0.0032300384734332546,-0.004570676035839904,-0.010143456284532778,-0.009644944796537762,-0.006453561512457198,-0.0074652095138340625,-0.000979709730451577
2021-07-28,0.011189017309435048,0.00535196860352536,0.00043364011961180386,0.0012328691553719368,0.005490130560769132,0.007339118326758507,0.0037195440695093106
2021-07-29,0.0018424295214312448,0.0036056144518703884,0.009751633715329505,0.009162866140295906,0.006711140609271947,0.006567555907179703,0.0018178189432813256
2021-07-30,-0.003931270760002046,-0.0029375235932272204,-0.004168769904426323,-0.004730114660421722,-0.004396540393734856,-0.004759316048562027,-0.00026797773464483387
2021-08-02,0.006683920308026135,0.003833482847944908,0.0043556398228655115,0.00724665358504452,0.0036617083925977356,0.005193935402169555,0.0037542195711220356
2021-08-03,0.0028118463766604565,0.003031379510160743,-0.007546666223273756,-0.006030745657025072,0.0028059324216225144,0.0023512983127954397,0.0028906946497247515
2021-08-04,0.004854703836839433,0.0009813262883531678,-0.0005127881055349494,-0.00013735493523261456,0.002873999436000117,0.004476448142611854,-0.0028297140206355854
2021-08-05,0.000705852423608313,0.002460050196821559,0.0033547884125972012,-0.000799089964603192,0.0036912301721505852,0.0033931519012048435,-0.001406260577254841
2021-08-06,-0.00560908407710456,0.001077953277622443,0.005629762153249401,-0.0005938406756719474,0.004228417641386248,0.002686793642356603,-0.002638867154832421
2021-08-09,0.007810201336550174,0.004677812259220116,0.005416458740922104,0.00639390923165141,0.002832208543498487,0.003051495370955926,0.007538738450120627
2021-08-10,0.0011628772832002509,0.0014530877459872445,-2.2270398825966625e-05,0.002185395743605781,0.002285688881003058,0.002234928090959453,0.000492147639168302
2021-08-11,0.003339309471381809,0.005844320316509094,0.001060939686377405,-0.0012430057451613282,0.006319471742407448,0.005304141111273162,0.006310690221155867
2021-08-12,0.005693102312984396,0.004542206078875604,0.0045447668350494025,0.0058063481946011505,0.0036304178371533526,0.0037599656124807377,0.007395525494762434
2021-08-13,-0.00047360185960324853,0.002308728219629274,0.000603832846553758,0.0007574939431350539,0.0017502306674233008,0.0013919582755936763,0.003543799698414519
2021-08-16,-0.0015457903739370595,-0.0038429987900638024,-0.00503969207617246,-0.005251675546243499,-0.006342042841357986,-0.005924578268993106,-0.00045234665088646523
2021-08-17,0.005567215883086958,0.0016845825539018166,-0.0018798846377582246,-0.0002389346634630767,-0.0024300970670581294,-0.0020568245508005185,0.008214421819534082
2021-08-18,-0.005069915675269517,0.0018416537939095188,0.0002467220008454292,-0.005409225998225825,0.0015848689758956595,0.0006279559497373716,0.0023694333954668726
2021-08-19,-0.008197223336423223,-0.011115881037649954,-0.016459969284726574,-0.021669102811134197,-0.01632212121137812,-0.016053909390482887,-0.007474558469673434
2021-08-20,0.005221749968290151,0.0039250131828414475,0.0008902157017987892,0.0016435076403704101,0.0032818704690144554,0.003848479263709402,0.0036817770065154893
2021-08-23,0.004867050392712821,0.00457936134751056,0.00536915608462382,0.012549100091903805,0.006300307232966887,0.006765779464877605,0.003736918996222827
2021-08-24,-0.005054604386068385,-0.0022025640957855424,0.006722521660503062,-0.001559018449919914,0.00022316504375781957,-5.143337504192564e-05,-0.0044564332489405835
2021-08-25,-0.0038306913670967152,-0.0026621457470471593,-0.0003556030062840856,-0.0030397158103889145,0.000641736600612711,-2.489635520785724e-05,-0.0053643368621015455
2021-08-26,0.0017413465813228223,-0.002395141461282694,-0.0005404802959559547,-0.0012587219087095642,-0.0038811517337748584,-0.003119310054558652,-0.0004059314392164015
2021-08-27,0.004824724471793074,0.0031600703736105987,0.004563906381285653,0.005576294895388811,0.003865140558307067,0.004612135645905069,0.002387240640844898
2021-08-30,0.007205102399339788,0.0017132014161854222,0.005719130296121552,0.004224663692119596,0.0006456065879682147,0.0018348796326381554,0.0024460068518296846
2021-08-31,-0.006265739598987874,-0.003948993822972727,0.003232049486870374,0.00208458386190652,-0.002848899330693843,-0.0033344531772615503,-0.007875077805742472
2021-09-01,0.004000624055367252,0.005701686437927602,0.011542699406215249,0.009710709427895505,0.006636038725698902,0.007000695478319821,0.0039779251697326865
2021-09-02,0.0008991979637166849,-0.0003899141010636356,0.00045054266009650535,0.000591267401164289,0.00022180608812036857,0.0009685792040761571,-0.002568618086334436
2021-09-03,-0.005309665423604681,-0.0069271626641054795,-0.012627513342258034,-0.011349751117920366,-0.007045464689346083,-0.006395891837247863,-0.006708241621818633
2021-09-06,0.0065778603072250644,0.004929903458985674,0.00958854929198763,0.007652545659746974,0.005782938838442582,0.006833896477072109,0.0037460987487031487
2021-09-07,-0.005118831531253797,-0.0039608500632663385,0.00017137741912492862,0.00169879118913434,-0.0032067287880195162,-0.0037765638214692578,-0.004160746407802948
2021-09-08,-0.004090140497172686,-0.007788020622748666,-0.005261993802153432,-0.0054795966988062704,-0.009979625645505879,-0.010512659638044281,-0.003917214531818817
2021-09-09,-0.00563738461669199,-0.0035952333880724403,-0.0019441149250510482,-0.0025441025534269626,-0.001535633539011443,-0.001022342930903792,-0.007735203568737961
2021-09-10,-0.0010755025294435791,-0.004487695310427044,0.003915582563582917,0.003283066313755698,-0.002877240183435604,-0.0008926954875048524,-0.006209804028441015
2021-09-13,0.0010001757280215591,0.003965534723333576,-0.0050242528512957465,-0.002255345892617403,0.007109358640194953,0.005557035770255034,-0.00014983031322640715
2021-09-14,0.005369286542650612,-0.00037109090416244806,-0.0057222444833005025,-0.006163871780412663,-0.0007779100258029329,0.0011441600244228684,0.0013117095048039756
2021-09-15,-0.011108255148571076,-0.008978687234707015,-0.01920900522249186,-0.0210890574700013,-0.007444609737297444,-0.008603627853734497,-0.005534604805895847
2021-09-16,0.001721321178828541,0.003139963119152886,-0.0005965278149975598,0.0007059297467872068,0.004228384920241417,0.00447761129015273,0.003497977519786884
2021-09-17,-0.011783978200809357,-0.007696162783099078,-0.0030266762182373777,-0.00542630129327391,-0.009504705796375265,-0.010865007389721484,-0.003885518131664855
2021-09-20,-0.010707891382744972,-0.015388471650899275,-0.017874206990559537,-0.018822771858632844,-0.022394204386200746,-0.022242903128171468,-0.005801446684344333
2021-09-21,0.014060015961638885,0.010790730612924706,0.014883336735975401,0.017396232409418892,0.010858264784799117,0.011930941880019199,0.008862827301416649
2021-09-22,0.003705430100525446,0.007868797346004167,0.009476882128221183,0.006655822759142167,0.013033465797157459,0.012211836364813246,0.0045378208272360415
2021-09-23,0.00704863218870256,0.00900391615173945,0.014627279596791432,0.01394253288383937,0.011154484029029675,0.01145547503703734,0.005329507172927824
2021-09-24,-0.012643902661788328,-0.009650964757788887,-0.013164737151742743,-0.011824858801204962,-0.007234798219704087,-0.008748268474430138,-0.011075449179834327
2021-09-27,-0.016295350000298296,-0.0014036319958579898,-0.0054046451954252485,-0.009614581030346231,0.004908576476814047,0.0008097211379713894,-0.0074063808877840535
2021-09-28,-0.02393069917406386,-0.016886530941669944,-0.022670605501467773,-0.023312541970848054,-0.018080669883305943,-0.022037990064390892,-0.012550772455073777
2021-09-29,0.0033529602194929545,0.006553380122686265,0.00926276491661305,0.007370999433678646,0.007640538552144854,0.005796740652129261,0.011348571279481122
2021-09-30,-0.003981484576968253,-0.004108481129471342,-0.0027876126514350926,-0.003992632581016361,-0.004040769785040052,-0.004036575122297203,-0.0011271486039887216
2021-10-01,-0.0011558526098008305,-0.0009043537466173808,0.001533904079281763,0.0010830889679482127,-0.0020248000910157906,-0.0026950510817065937,0.00019531613587837185
2021-10-04,-0.007455695850964884,-0.003033624778233539,-0.0036617819685589355,-0.002547184391757445,-0.004507831357687604,-0.006916848512810313,0.001230897350638222
2021-10-05,0.0146867575085259,0.009592367673364873,0.0063631091944615645,0.00986833498153741,0.013900760091924669,0.014713177552605537,0.005600953948278944
2021-10-06,-0.010932103449500002,-0.012256003003551688,-0.009317007921337862,-0.0067255925706208725,-0.013312559943318522,-0.013442060936564542,-0.011836414273083476
2021-10-07,0.016529021646036965,0.01714988662887367,0.031574836362267274,0.028991528231343298,0.01837695641364951,0.019528426576406525,0.0127205515914231
2021-10-08,-0.010161196227584934,-0.002578590854795171,-0.003981779197371687,-0.00017759911176616204,-0.0016080921691640833,-0.0037848157552302277,-0.002655751468090162
2021-10-11,-0.005547769475283597,-0.0031924044330461053,-0.008420057551405668,-0.009445271592805959,-0.0008318214697648132,-0.0013133540505110039,-0.0049652185136599535
2021-10-12,-0.002656557531028436,-0.0016932320124748417,0.004584876017812586,0.005254198722301288,-0.0015532366320367963,-0.0019281370188451432,-0.0037848921476110946
2021-10-13,0.008512818501945789,0.0062963429092898725,0.015564458087878066,0.006623251184029942,0.003838468231728056,0.006561344059725016,0.003544623972866703
2021-10-14,0.01619838208058715,0.011149505322082982,0.01657948031156023,0.010142211510013441,0.012015648276990743,0.014084964063342488,0.007374707206749856
2021-10-15,0.003964051382880094,0.004600291195466125,0.001900172834278643,0.0028210324860736768,0.0067967449959592295,0.00702500259368,0.00410571799382201
2021-10-18,-0.0037908396119439806,-0.005702334656420416,-0.003508690954962015,-0.0025497588265007065,-0.006051402262121012,-0.005968493456144739,-0.0033575119452462195
2021-10-19,-0.004487084878446363,0.0013850049571170224,0.008115695127549682,0.007396091529048023,0.0021815648072206623,0.0026771437115810487,-0.005273858064843238
2021-10-20,-0.0022249688405039077,0.006208827785993904,0.0040279877775956235,0.006436569343019715,0.0036163151832507216,0.0014208617041590922,0.00790796105794762
2021-10-21,0.009370722744088752,-0.0016666162054721685,-0.006307000076079382,-0.007659572372790394,-0.004220698423567256,-0.003132629131452988,0.004512446007702455
2021-10-22,0.012748049579192648,0.0052420720976375824,0.005125878513280168,0.0003917023371398597,0.0052038177102542655,0.007350942106564569,0.0028789489932459825
2021-10-25,-0.0036635538998578674,-0.00043630798243543865,-0.00477360096106845,-0.004310808993751322,0.0015933897717576577,0.000749090736758916,-0.0016958519266737856
2021-10-26,0.0025196462645161845,0.007108934513410363,0.009993086120108506,0.009177748511054178,0.00738162185088063,0.007164350197393153,0.005366614043808731
2021-10-27,0.003224605333679806,-0.0014810988392711317,0.001087152491271386,-0.0005289871286911444,-0.002117531038276828,-0.0006355660096648417,-0.0022495209592776053
2021-10-28,0.009501168577886082,0.004933014883130908,0.013440356777243978,0.008518589723605542,0.004240255621321236,0.006225605562960819,0.005903223180825059
2021-10-29,0.0006056318144475126,-0.0003129475809018144,-0.0035506173913333774,-0.0031322439194588197,0.0017178791170097414,0.0015029078724128077,-0.0012349086520776838
2021-11-01,0.00603656528244623,0.01112781562918888,0.008485943261209362,0.006740724531403049,0.011300903198050445,0.010286984361551335,0.011396065643423384
2021-11-02,0.012572909767635355,0.0036877999131516436,0.002269456965315552,0.0029158727527219836,0.0022384284453979136,0.003945352815858373,0.007082554104952591
2021-11-03,0.008128453861852668,0.005187252954962572,0.0013466618359019387,-0.00024790911904206715,0.0031196237370738037,0.004045676304312035,0.007257383236488727
2021-11-04,0.013193306078454035,0.0029198249871820073,0.0018332426227683362,0.002530826936684334,0.0017165147733798855,0.004077766649342829,0.005531295564101165
2021-11-05,0.00042465494299344494,0.0030358727507493947,0.0026139051238605977,0.004427542327278177,0.0063098831895924586,0.006209448371811555,-0.004252924768944242
2021-11-08,-0.002388282161032872,-0.0030033746334229916,-0.009187354212090288,-0.009451043796108657,-0.0015591186137249673,-0.0007403527822564841,-0.00645323368907697
2021-11-09,-0.0012887003866904419,-0.00046759124857935345,0.00047955056949699907,0.00013150660864281972,-0.002351523611617405,-0.00256722537835441,0.002773461247197168
2021-11-10,0.0018894132675018977,0.005187174996334703,0.011378738605168573,0.010910752502901605,0.003435668525137956,0.001092765875178496,0.01016015528799757
2021-11-11,0.00022368653323879206,0.0007068273475196504,-0.0032684270166554357,-0.0036459098240202914,0.0026172021794668198,0.0038185764223961417,-0.0036584986695979847
2021-11-12,0.014273535508439433,0.006848179870025978,0.010967931370853098,0.009795996283842139,0.005086379127327667,0.006879806095152936,0.009192881361235073
2021-11-15,0.006314399749198854,0.0019247485251325297,-0.013537173457108774,-0.01107816452933784,0.0015810045793396062,0.0027448485824679535,0.006194163747283855
2021-11-16,-0.0009497131297421752,-0.00014218827573115513,-0.007141449784803727,-0.00716533798321902,0.0007987454724148476,0.0014168356597095927,-0.0033350980673381323
2021-11-17,0.0035150971552036724,0.0014871594979654864,-0.000562142362661143,-0.0006247458696323348,0.001539499042623288,0.00272830650636281,0.00023573798281555948
2021-11-18,0.0016433384911300666,-0.0029246594052424984,-0.0021763575344952235,-0.0011653573680129325,-0.0042213168733820075,-0.0031563510978596257,-0.0008372723091473661
2021-11-19,0.0016099570288953355,-0.005889785395279834,-0.0060221597121295645,-0.00889528256500604,-0.009524641630826086,-0.008137270819103334,-0.003063531944809038
2021-11-22,-0.002536591505179725,0.0026657694950446937,0.000973958437660398,-0.0004281137836817392,0.003175698971283477,0.0009429206669417714,0.004831453030884145
2021-11-23,-0.019056055707058057,-0.007537561043138097,-0.008053314650534452,-0.006373498942696194,-0.008097532884057821,-0.011437535771708425,-0.006052543419668891
2021-11-24,-0.00010097468974388116,-0.0012826900548634952,-0.003546435887212877,-0.0034339595079637825,-0.0013990263397451622,-0.001616657248880206,-0.002259328349387659
2021-11-25,0.005202509856148025,0.0028488204967192284,0.0025439735360103083,0.002239921331167431,0.002118735459141681,0.002673004087267886,0.0034900508737557346
2021-11-26,-0.024505807453193865,-0.03190783149029343,-0.029478890733551498,-0.03242487974170975,-0.041932264116370015,-0.04068858240527812,-0.017042835208810767
2021-11-29,0.006894543271449609,0.003730611827026829,-0.004721293219740267,-0.004636590374409771,0.005521462030458043,0.006843248420818639,0.00359592500278381
2021-11-30,-0.007533006193594543,-0.01183650906322833,-0.01600228812638261,-0.01493009025652529,-0.009691013529520988,-0.008564243295603279,-0.017093634971731192
2021-12-01,0.0149596568060614,0.014343404689668748,0.011490158065593982,0.01518085441492772,0.019764759173062876,0.02159030083482798,0.006850085642303731
2021-12-02,-0.014549831571411634,-0.010708188758831262,-0.014451476882204285,-0.017628925853072977,-0.011322285627244329,-0.014451378134730719,-0.005211641566548481
2021-12-03,-0.0004932157043054188,-0.002960836196749329,-0.0018571843057536763,-0.004569570374549003,-0.004279657790269324,-0.004411727355070579,0.0002521443866637971
2021-12-06,0.006904812960988696,0.017198872615617863,0.02236425303277531,0.014817469303133997,0.01758856818973247,0.014262222356039762,0.016361915597345372
2021-12-07,0.032837171619679105,0.020952559345810255,0.014760469940967441,0.024391005014146483,0.023986811856097055,0.028490256619034867,0.015306244621526601
2021-12-08,-0.004115587965869106,-0.005433179054492044,-0.007002174701533331,-0.008487856366142176,-0.006475651061160116,-0.007117998888173061,-0.003994387769596024
2021-12-09,-0.0006741646657391547,-0.0033725467836254954,0.006580969007581936,0.006434990122658756,-0.0035814009744398667,-0.003951378565112865,4.938208296864795e-05
2021-12-10,-0.0014896344651270088,0.0007873618119693432,-0.0024086007373942285,-0.0022262084012921275,-0.0005325547827851396,-0.0011537595572021072,0.003082904594928793
2021-12-13,-0.002355951632847475,-0.0028324713971978415,-0.005237006616042077,-0.008008154752239314,-0.0040569107615562395,-0.0038376213870901597,-0.0017646682968360118
2021-12-14,-0.015365440749982437,-0.0037614905300926427,0.013259025495434298,0.009116068981448486,-0.0029703082157151893,-0.0067720218489041185,-0.004458509050522171
2021-12-15,0.011452138788503445,0.0030747775317109746,-0.005290021746816748,-0.0005967249426454863,0.001040145107645548,0.004015772656801,0.004215181370754755
2021-12-16,0.0038559186545989413,0.009568820056331521,0.008396469060644078,0.004623512753968525,0.011025038680401372,0.009177764043014047,0.009755479314015826
2021-12-17,-0.010852123801573223,-0.006680572449106521,0.0003047574596813296,0.0001409940072128696,-0.00900777877942486,-0.010707824727461634,-0.002614780557113574
2021-12-20,0.0007673088688132325,-0.00772014989790637,-0.012022357299899714,-0.012024134067837977,-0.010216725547302604,-0.009182701255044062,-0.0016384288908912726
2021-12-21,0.006653660313092615,0.011093538254701118,0.019070117769739374,0.02357398988056071,0.015081933641406852,0.01480571829710469,0.005023570752622115
2021-12-22,0.005208526500496089,0.005042216945068846,0.0032875678055984438,0.005488756883026327,0.006796589110489192,0.007903221799631426,0.00024173446121173868
2021-12-23,0.005797559092823504,0.00822272925611365,0.008202015106313666,0.007619738692499304,0.010023687103038526,0.010115780690363976,0.004324160859458626
2021-12-24,-0.0014105092017035231,-0.0007815136885875396,-0.000981307177055359,-0.0019192667067353647,-0.0009799625599157063,-0.0011938512817286644,-0.0003148557786479114
2021-12-27,0.009561953621486277,0.005849279532927798,0.005405423751423579,0.007932579897126153,0.006549130793759242,0.00741805699362331,0.005573044494785439
2021-12-28,0.00826456733113008,0.008176987883143692,0.01188498216103239,0.009272604383064802,0.006951605964695093,0.0065640547142044895,0.008939002848750969
2021-12-29,-0.0027711236951375373,-0.0027969963404514664,-0.004921907783187773,-0.007150863302594835,-0.003687922815971606,-0.003989806918144403,-0.00015172296732659921
2021-12-30,-0.0016365150735083145,0.0002704317815058472,0.0006018183764378356,0.0007832078715746756,0.0005177852933420963,0.0007466591921070435,-0.0024806498314114676
2021-12-31,-0.0019447674248671168,-0.0010953101538557965,-0.0010812196819993433,-0.0018917938916294449,-0.0008336845663730192,-0.0009644148483787416,-0.0017283726893701768
2022-01-03,0.0029464246306285472,0.007553320632419103,0.00763697628291557,0.006671281239419524,0.008863791744824986,0.00783644323140553,0.006579109769934238
2022-01-04,-0.001832911597225402,0.004907518738882442,0.010594257950092011,0.010199275263027377,0.010200164329882471,0.008020171326526389,-0.0022634564637391903
2022-01-05,-0.0012909659837512235,0.0016804414204177522,0.01077531261859131,0.011525835787567246,0.004389144789981601,0.004052674338286884,-0.002197898394940578
2022-01-06,-0.02255092234827368,-0.011675155591478192,-0.009959786840274053,-0.009235609041674005,-0.010068142619172753,-0.01316600230626563,-0.01188394825945727
2022-01-07,-0.006081309615212777,-0.0020958445220475444,-0.010172077854304493,-0.011570814757045448,-2.9992409019625305e-05,-0.00038920501170398554,-0.0028737375942123203
2022-01-10,-0.028701591282741617,-0.011070513617676815,-0.011639154922917784,-0.015076566688227423,-0.010262540838546292,-0.015739713707892497,-0.010402972557949575
2022-01-11,0.00806377164360762,0.008392616935996924,0.00936856677355575,0.007412889965040082,0.007938210071957249,0.008537554583474395,0.007585567143429564
2022-01-12,0.005334187922331994,0.00021391666990725736,-0.00047873744684656904,0.0001907016835353616,0.0030140592896092887,0.005026450106254809,-0.0025551684728594083
2022-01-13,-0.003284162987928966,-0.001942342676281572,0.003237682389397257,0.004338783567599482,0.0012294463797012292,0.0014225199354573508,-0.004257080604346592
2022-01-14,-0.015915514151351073,-0.005560658349903308,-0.0008119628899193722,-0.0014186723959713971,-0.005516385532296244,-0.009008170824229732,-0.0045567725240063485
2022-01-17,0.010020965655450149,0.005759995435601765,0.006486071489640998,0.006198989613386381,0.005308799781574345,0.0071397153707362555,0.005695872431187768
2022-01-18,-0.013629814601761357,-0.007670751737515714,-0.007191884544922211,-0.006031298371791732,-0.007672252961580151,-0.009888473512956259,-0.0062341225037308165
2022-01-19,-0.0015084866129123722,0.002007551512558747,0.015658951820308135,0.014727835829844034,0.001618379199963463,0.0016328739735095906,-0.0033188347453608938
2022-01-20,0.0058214630288724815,0.003225462199133112,2.4939350269625234e-05,-0.0015770540747154333,0.0021187774441952215,0.003464408119731864,0.0005294644845365059
2022-01-21,-0.012355218265172104,-0.014380901529509375,-0.01884585939513909,-0.018274867975012786,-0.01588018538158436,-0.016419857871493616,-0.011332510320533982
2022-01-24,-0.04335142694286799,-0.030636155187800867,-0.037060545888615445,-0.0402020178814038,-0.03459573859796386,-0.037557109339721,-0.02763301256972222
2022-01-25,0.00045888671623759065,0.00722280732298824,0.008860644730430417,0.00786661795916418,0.009107445282079756,0.00669643048547594,0.005787590664230399
2022-01-26,0.007864616798481484,0.011310980801839727,0.018377634501317467,0.018245775053808477,0.017469417393528093,0.017747213075609895,0.0020467897964871642
2022-01-27,0.00434188788022139,0.00832080576160507,0.01034706220541042,0.008610563943116496,0.007359927126735699,0.005881094356974704,0.00983427041784531
2022-01-28,-0.0031554135033864993,-0.005538706251417113,-0.005899989152626215,-0.007053880891405084,-0.008517502069085359,-0.009268905877607111,0.00034008324021860535
2022-01-31,0.014343075021067856,0.004686511466391687,-0.00036221825009236477,0.0016754464743914295,0.004820648336334578,0.008465781640833399,0.003108929619683761
2022-02-01,0.0067312090891992315,0.008334358510194035,0.011605127425621146,0.010243152538504892,0.01192569375555472,0.012316162758986187,0.0018747151058351827
2022-02-02,0.00654553357291178,0.0030867613203763144,0.007742915016262404,0.00709316310638195,0.0017156432038646608,0.001988088984058652,0.006315969254133078
2022-02-03,-0.0253605230544742,-0.014838788844470369,-0.02691191983514455,-0.026829307544263145,-0.013093354383507493,-0.016114301917759262,-0.016456735784020713
2022-02-04,-0.016149075487266035,-0.01446697319888143,-0.018992821610870503,-0.020876553778917777,-0.014542911767067145,-0.015517929018937608,-0.01488436352671266
2022-02-07,0.002656710163532646,0.002900571862067629,0.0038985861463281006,-0.0004322302109338121,0.004345764611260964,0.004617550068030207,0.001310327112771803
2022-02-08,-0.0021392617988211255,0.003628642933312362,-0.003050406197508337,-0.0025876917905403463,0.006359467710504374,0.004900318521111625,0.0023380668583626533
2022-02-09,0.021015475948374718,0.015163201374532519,0.02439791318721161,0.024307185010876052,0.017244805203392718,0.018868833698977273,0.012650719122281301
2022-02-10,-0.0015467918035057902,-0.0021510655696174662,-0.005869142237355748,-0.00391992930052991,-0.0005671870989430555,-0.0011951837033136615,-0.0023417339547894844
2022-02-11,-0.013923179488877113,-0.0066146648592414255,-0.01480305480489237,-0.011768025106109213,-0.0062187118995319516,-0.00794298856221258,-0.0020373032676791287
2022-02-14,-0.016842508432547615,-0.017357666445080414,-0.018204639983006823,-0.01968737856068179,-0.019771418570087088,-0.019748954537874574,-0.012440474265281486
2022-02-15,0.01883054145497666,0.01570929472711474,0.014359151417244302,0.013565587419702646,0.016183145662583703,0.017069282194421765,0.012499394842954098
2022-02-16,-0.015159188398494974,-0.005460620068986298,-0.01648844406390256,-0.013001461905041083,-0.0037652608882906796,-0.003862648206602006,-0.012869899710543609
2022-02-17,-0.002587243130936549,-0.005535479888653334,0.0016714997098358393,0.0025378149339526103,-0.006835658955529353,-0.006326214585562137,-0.004387343817451364
2022-02-18,-0.000566974545993307,-0.00381965514150852,-0.0009985785203480962,-0.003865010172749001,-0.005671934841627239,-0.006120066327143112,0.0006555163567346259
2022-02-21,-0.015177692757088218,-0.014422746155139905,-0.019042120532013762,-0.018060496221838335,-0.015696832522435082,-0.01675964508403488,-0.008726098702808051
2022-02-22,0.007632304102985713,-0.00013038530146540535,0.007343153531666095,0.00944767737944532,-3.898185771349457e-05,0.0008822705229054764,0.0008869829373583705
2022-02-23,-0.0015263473513737222,-0.0030272405152704327,-0.0028095592672593033,3.53863918351766e-05,-0.004482533971530553,-0.004511653170424326,-0.0005804961491177214
2022-02-24,-0.018662427887239,-0.027506162374601132,-0.028431693295001507,-0.02120300377702669,-0.03604437595212871,-0.034966695071860156,-0.01700720271701942
2022-02-25,0.03685528514631245,0.0336728571701508,0.0410521519836138,0.042201631787627265,0.035415071788654086,0.03667394831673547,0.028118278392704726
2022-02-28,0.004992708458027978,-0.006100748319740949,0.0029077188393021825,0.007495842080256323,-0.013445165675935384,-0.011817946755581708,0.0018132118175684761
2022-03-01,-0.015372576902096943,-0.02372745047523696,-0.044066856756835165,-0.048605253729133026,-0.03393675800171889,-0.03366222793120241,-0.006447934639561924
2022-03-02,0.007072984154244138,0.009738523470055277,0.007149652529192469,0.004211227547711791,0.012271107223181598,0.01181998678187505,0.002743600121766909
2022-03-03,-0.013185894899844182,-0.01889567138235783,-0.02227526634485368,-0.02675270560027905,-0.021330355409657196,-0.02040060929730021,-0.013224708609224142
2022-03-04,-0.0317119520768116,-0.03331429868946976,-0.05044720365288523,-0.04420314301119361,-0.0454505029548775,-0.0462314877646191,-0.014733834863836066
2022-03-07,0.002152844271616591,-0.007252680982267188,-0.013819669483117854,-0.006452154550712797,-0.012521075676112048,-0.010381388129936336,-0.004541449610601539
2022-03-08,-0.027011530638413085,-0.0027016763731501237,-0.007563073446191023,-0.005792707488484532,0.003086409047699135,-0.0011565892250103385,-0.013387927346231081
2022-03-09,0.058197924445782936,0.052539246496544026,0.07525833288843971,0.0703413547104622,0.06193516857455549,0.06415034536830147,0.03947436263181018
2022-03-10,-0.023559309278110726,-0.023998124770182316,-0.035971374905699155,-0.031906800046379025,-0.02699486426765792,-0.027427058129170186,-0.01880747347566725
2022-03-11,0.001936478390846617,0.00556153210091057,-0.00042481469013138924,0.0030304387272037173,0.0059865886322352825,0.005848149105464701,0.001732031001305807
2022-03-14,0.01001060669683375,0.014661139313587685,0.009119638698971184,0.006145261086529793,0.01568921582801908,0.014275638262231896,0.01540495866552315
2022-03-15,0.004851196559715765,0.0020665202134363685,0.0018053399382220716,-0.0008640750866401028,0.0006644747360936945,0.0007009994599127103,0.007190853160150129
2022-03-16,0.03212154904302089,0.021579440143217082,0.04200754934744179,0.0330707275044379,0.030518116029488552,0.03450307779130775,0.007673093288465881
2022-03-17,0.009302494553350641,0.003418202485806649,-0.0032230757539235644,-0.0030871042877894895,-0.000711061562333242,6.710178649694997e-05,0.009183529660301542
2022-03-18,0.012917264626158052,0.002905268723317269,0.009059912063511436,0.008360418997982047,0.0025342564054587125,0.00502718159406706,0.0042459672084737875
2022-03-21,0.0012773127542384792,-0.0014322730106661383,-0.0046409677842194135,-0.0027369714571207114,-0.0007191024860400108,-0.0006452186292497351,-0.0007582453750645749
2022-03-22,0.007130509238151234,0.00672669126958505,0.012025581351547913,0.010163889261517445,0.009882821243641638,0.010343514530094144,0.0013466561376981093
2022-03-23,-0.00966997220282294,-0.01090148794289916,-0.014679662256885714,-0.017353251503327942,-0.0125018535918461,-0.012479398758308464,-0.008225576617341636
2022-03-24,0.009132187960019748,0.004250983782884657,0.002571113269766145,0.000802730129368762,0.0006687921865447059,0.0011728013735218187,0.01081692495969642
2022-03-25,0.000838345341130919,0.0022608352958171855,0.003924534503411215,0.003657385513115994,0.0013916367411754358,0.001089373090173762,0.002485645836246315
2022-03-28,0.006432639149839229,0.005418147432087497,0.004898219511129853,0.007443805870824419,0.0051433830815085175,0.005516099645518945,0.004001083181848699
2022-03-29,0.017319279188972737,0.018029843303533723,0.031674014612225354,0.03141623700813179,0.0264103892121246,0.02661499066837312,0.007230999860833774
2022-03-30,-0.01347931998688824,-0.006953042124348139,-0.01380006482056282,-0.01170047719410297,-0.01044465164974764,-0.011324574945343679,-0.004143444719501887
2022-03-31,-0.010285868319122746,-0.010774205659463727,-0.02221647792203721,-0.01767696579202047,-0.013376800671959543,-0.013208502280530884,-0.008804861884823198
2022-04-01,0.0024178364246394283,0.006703527088050033,0.005642445117160735,0.008347562866258148,0.006800968558990763,0.005500812712861767,0.007023292335813541
2022-04-04,0.014274205556444425,0.008347927011262421,0.0029569542821553194,0.0024529874925960492,0.006430641838422202,0.00796635587431934,0.009055659424186152
2022-04-05,-0.002173206868617127,0.002715604902856704,-0.006456746237813688,-0.007695808780693282,-0.004865287955490784,-0.006446815121137602,0.010498265151658767
2022-04-06,-0.013979079669062703,-0.0076105392259865935,-0.018771138586531306,-0.021610860198156143,-0.014930831830614017,-0.017316811848513074,0.004166432732626161
2022-04-07,0.0006645015825404502,0.0005000902762677123,0.0006521811240286293,-0.0007491080975087193,-0.0030858260489554745,-0.0037052359380548836,0.006814513747488877
2022-04-08,0.00911776495285752,0.016059207666259043,0.00859212130510368,0.008720193516410136,0.015835104966142835,0.014284527146678244,0.016276504862710865
2022-04-11,-0.003641508180677441,-0.002115911219630667,-0.0061826594594549915,-0.007089919588530837,-0.0032420189603265064,-0.004921618699369114,0.003871604236432178
2022-04-12,-0.01028733000742114,-0.007972385904397267,-0.0003050814706868695,2.0037841869366088e-05,-0.004730916811005136,-0.003937379987327613,-0.01294616830916324
2022-04-13,-0.00010357760529415006,0.0006460284048524427,0.0016927977050297345,0.0010965578896866808,0.001811981609246812,0.0017744880760558878,-0.0005550530966142533
2022-04-14,-0.002832526003072355,0.0029163511720941577,0.00601567215553067,0.005041546339590457,0.004312969688524573,0.0031526843392233714,-0.00047643681148880573
2022-04-18,0.0,0.0004138311640251967,0.0015062127954320755,0.0015141427039305395,0.00046519826096358684,0.0004401010370501827,0.0003542084910906022
2022-04-19,-0.009785872001333814,-0.004678321020820206,-0.00013666448390298918,0.00056601277226381,-0.0010719583483831264,-0.0018821001868851678,-0.008432808825135547
2022-04-20,0.007233235425062333,0.005032277102499527,0.011386615920533447,0.011552508884326136,0.009498634459384859,0.01100525813022892,-0.0013316727230728072
2022-04-21,-0.0016221216677960388,0.001556591317543217,0.008126073387543249,0.011037703785460309,0.004015605496712878,0.0038997525125668794,-0.004298700207995813
2022-04-22,-0.008613379102784344,-0.013961880609575388,-0.023442769577518636,-0.025570507942147637,-0.017718024560213104,-0.018194534249613505,-0.004290956841576726
2022-04-25,-0.01313953747569913,-0.01215281935338517,-0.013007969521469105,-0.018001225146241355,-0.017121782887798948,-0.017962747742687656,-0.0002504353504161059
2022-04-26,-0.011844912833531887,-0.0068507701588899385,-0.015484238348988585,-0.01715307572274786,-0.009963890218367659,-0.010010841989277909,-0.004723312917067058
2022-04-27,0.009394496362032021,0.008008068574333494,0.004499197783404702,0.006615947653550258,0.006307665881144636,0.007376597711362188,0.010148041679419456
2022-04-28,0.013514633032586505,0.009016355917370612,0.015694519756588185,0.016075921155841638,0.011204767067886444,0.012668398021288876,0.0029537389306559954
2022-04-29,0.0004470010538880564,0.00248279122546278,0.004666754190416214,0.007519479460518478,0.005612603879210715,0.0054335292029084265,-0.003895607333339125
2022-05-02,-0.019233835208299674,-0.013838682699403162,-0.02162599351252595,-0.02192487955814763,-0.015240999848227651,-0.016644999731661052,-0.011741634319373395
2022-05-03,0.008932202394093446,0.00820765744169109,0.004022575755608863,0.005660396424840495,0.011007857117922853,0.009984369175105638,0.007047156818483123
2022-05-04,-0.010313322501373968,-0.0074690465549140635,-0.012646631499433826,-0.015580419844873598,-0.007196644187726631,-0.007690288047025851,-0.006950696650884686
2022-05-05,-0.0003062275340171945,-0.005940953660138808,0.00014569184634439505,-0.0013450350025552853,-0.00665049835148878,-0.006928665034969636,-0.0034142742363400644
2022-05-06,-0.01837363877018314,-0.015862516213115598,-0.017801779143166756,-0.018581246121212838,-0.01495030301384897,-0.015495095573601186,-0.01614882687679679
2022-05-09,-0.024820874345508077,-0.02080335492009227,-0.033543760878322816,-0.03440045327173487,-0.023744204925140858,-0.026126317577376205,-0.012550925728725246
2022-05-10,0.0005972647400968981,0.005927837188440165,0.0060292304865196275,0.004141120362807131,0.008619515124995973,0.007969108005656355,0.0028909786418414548
2022-05-11,-0.001602301474732929,0.01055056512455805,0.013854722893766078,0.013729426879514776,0.02032386416662391,0.020963796390876442,-0.005973827875847939
2022-05-12,-0.0024275803679450142,-0.0028580834085466657,-0.010404718626707601,-0.009943394786066933,-0.004603726091189936,-0.005063405508476485,0.0029997518960543867
2022-05-13,0.019479092095184072,0.019799631045490707,0.024778319910845878,0.023388193770453175,0.02242310888417807,0.02343591903869764,0.013505686372833392
2022-05-16,0.0012135819235056919,0.0017840519060163093,-0.002127428862367641,0.00043151120156531943,-0.0016508272894744454,-0.002830520547608687,0.009138293521419687
2022-05-17,0.0050430863646251005,0.007889345182669425,0.016443568658497217,0.015281355803802008,0.013464348231136012,0.014379306679164051,-0.004194857807531029
2022-05-18,-0.016821285991461155,-0.01315539608890997,-0.014524067631527554,-0.01426214253695622,-0.012604865151687015,-0.014002687542656196,-0.012563076765826454
2022-05-19,-0.018728913557201347,-0.01073980651858457,-0.015339646788855698,-0.013694368958954404,-0.00832046038498765,-0.008860297669321832,-0.017457338444531338
2022-05-20,0.005713301011317404,0.004511768783239396,0.0007932759166512125,-0.01298884830350708,0.0021418935013924278,0.0011574266385791124,0.006554505165768841
2022-05-23,0.01462698136940583,0.01400945147403025,0.015893381305182714,0.0146950837465731,0.017459876593344314,0.017085678281950074,0.011823999479094589
2022-05-24,-0.005155916287082245,-0.007181612464265372,-0.008539316465929415,-0.00639710456250947,-0.008570037627199175,-0.009758770806460466,-0.0025625447812656723
2022-05-25,0.0014220086082301585,0.006165181895445445,0.0020927531845945286,0.00370895715175409,0.007849422700891293,0.006455396539543997,0.0036529048139957087
2022-05-26,0.004916878178191388,0.010518827785363765,0.022003288377016463,0.019213614770276735,0.013557050402516936,0.012774644962849298,0.006211202289762524
2022-05-27,0.018320766033402665,0.011751127568652946,0.022382780656316714,0.027864837105348407,0.013006628795058501,0.015755479304898328,0.006757613989852409
2022-05-30,0.00852724445283817,0.0049941047542424255,0.02093804600068615,0.020980374856069718,0.007738645132652233,0.008704000964821249,0.0001108936276153832
2022-05-31,-0.015806107349810323,-0.00926549581346377,-0.01633223757868176,-0.015453979052880921,-0.010316232986964657,-0.011875947572270352,-0.006210697852933913
2022-06-01,-0.00887854676593533,-0.010103941274747839,-0.01198534588404004,-0.011495921282288737,-0.008539009813784778,-0.008021479752357357,-0.01104701722057157
2022-06-02,0.0063233686320205516,0.008304680424752254,0.018812381099337618,0.018434921129245746,0.008931055361037499,0.01011313374593112,0.004299373917095799
2022-06-03,-0.0065538926569575955,-0.004111132229948376,-0.006575823414118182,-0.00680955431956203,-0.004941722309386478,-0.005385241679323049,-0.0025492956833692753
2022-06-06,0.007067836912458297,0.008678965745926677,0.00874972523515299,0.008067204522052812,0.01100839156915482,0.010675055167811996,0.004451652104876712
2022-06-07,-0.008636337153075983,-0.005241403554030952,-0.005072354655621831,-0.004235987465717829,-0.0055081251921530626,-0.005851061305427838,-0.006760005552498711
2022-06-08,-0.007169071763409092,-0.006871799413682012,0.00541197890264929,0.008347738953340903,-0.005561644512577505,-0.006077990865563545,-0.00794102046631623
2022-06-09,-0.020788519457056412,-0.015139775906481958,-0.019112966002866393,-0.01832003474076572,-0.01680182793237096,-0.017415359484480166,-0.011807489133990472
2022-06-10,-0.01403833132716804,-0.02323997019194146,-0.023464107408932507,-0.025404613725978485,-0.03169965839222342,-0.030918385945878764,-0.005978800833015371
2022-06-13,-0.020290547123869608,-0.016764564767094727,-0.02246438634139564,-0.022812780457439466,-0.022064818775514524,-0.023339844582283602,-0.006550766523515812
2022-06-14,-0.01197219477365062,-0.012705816849395755,-0.013010155471359312,-0.012845734868344243,-0.008609029832066243,-0.00931148439746378,-0.018120348153475414
2022-06-15,0.01001938325872238,0.013264993410393677,0.013856264240344408,0.013539843839092224,0.01629295205879356,0.016408215209672436,0.004638072255299075
2022-06-16,-0.028083607787873343,-0.022620125886884796,-0.024750883877443817,-0.025630249988786498,-0.027818975814747123,-0.029131785957616035,-0.009214839373304798
2022-06-17,0.006364551970686401,0.001671953872079239,0.0006170065692332038,0.0005125194539533824,0.0013011626812881138,0.0014167401791010728,0.004169560605021622
2022-06-20,0.006297306089755926,0.0070922568962094356,0.0035508963755376227,0.0038315344575679663,0.009093629025017268,0.007917873819567421,0.005546244380861883
2022-06-21,0.004129614181844125,0.0021977840817404325,0.012548546846678292,0.012853744273392325,0.005520318925060987,0.007002881404346049,-0.005252586752612927
2022-06-22,-0.0022446525593779265,-0.005529858705701597,-0.006980059581693304,-0.006503100082940904,-0.0075667963653203605,-0.00765989847141371,0.0006007680244978445
2022-06-23,-0.00640325179903908,-0.005811940561708323,0.0018745353280573435,0.00175676479042919,-0.011403097982725346,-0.010534024715856391,-0.0020284965521871197
2022-06-24,0.042012901388762555,0.028955676073289496,0.036040337835359454,0.03566753480982571,0.02685190953109541,0.02856334382929085,0.03099751900201572
2022-06-27,0.005835506638214512,0.0021553119788519912,-0.00019769960530396382,-0.0005455689905396956,0.0018754391937512694,0.002042496314303684,0.00655074456862016
2022-06-28,-0.008048458916175352,-0.0003296777286712425,-0.0006198781597678781,-0.0009184386201083635,0.0006031694854685362,-0.0006421602425793197,-0.0031576593967390394
2022-06-29,-3.351513058460717e-05,-0.0034346556951442477,-0.0031880137297836384,-0.002674079355511217,-0.00814324099278591,-0.008282735763991687,0.005083889912342727
2022-06-30,-0.00967458849807085,-0.01153440077502783,-0.00619372547177437,-0.006670867814651444,-0.015167068039264691,-0.015544657973033997,-0.005172262684740426
2022-07-01,-0.006428996929070754,0.0021268520497079264,-0.012988033122780723,-0.004648069667409905,-0.001004349787756183,-0.003005998893997635,0.005759749632134642
2022-07-04,0.008541818372824138,0.003808365547873915,0.001369082650272088,0.0047263730105235385,0.002417808132284612,0.0022832891664550173,0.006959418237790064
2022-07-05,-0.018544090494365503,-0.019069199347573177,-0.026855525219609107,-0.025543380636693765,-0.025878067439281394,-0.02534493974022447,-0.008876032843415644
2022-07-06,0.01791894914745569,0.01711444733366337,0.01887146702830344,0.019107250984196383,0.01457499457613954,0.017085651156519794,0.017761764638004898
2022-07-07,0.01668711650628924,0.014554189841408079,0.026370167779079932,0.01830010262260145,0.021140330467156715,0.021167759868514262,0.006875634953183019
2022-07-08,0.006162075176805639,0.006127984354963874,0.013951681609611884,0.011334592813815941,0.009170668564623723,0.008346785946147389,0.005515194902116999
2022-07-11,-0.0038448516284055032,-0.00534341360604522,-0.018939389555262493,-0.014747883672741973,-0.010167318407891441,-0.009440434334593406,-0.00039673189180554846
2022-07-12,0.004907357714843161,0.005084286003035038,0.005225090014698297,0.007214625902330095,0.004042875729752525,0.004572413578561782,0.0059100012165755455
2022-07-13,-0.0039646961452948935,-0.00918082147452367,-0.007331962736788886,-0.011839970310135506,-0.00970442170122105,-0.00901365224190522,-0.007878003837727047
2022-07-14,-0.0069933533127747366,-0.014702310251975628,-0.020639270966929968,-0.014846323877503016,-0.01798672799518156,-0.01578510911748286,-0.009688471180467433
2022-07-15,0.020649402313177825,0.018147017200772816,0.015659913154909052,0.018963230520793024,0.020355958483954405,0.020831782115072556,0.01474742505108741
2022-07-18,0.009202666114711289,0.005070855012897306,0.015186852907364665,0.010461732871716246,0.009135249357003003,0.009384685690906568,0.00027728267451937385
2022-07-19,0.00398948573829133,0.013932068791463068,0.02337404378447071,0.023150902596820778,0.020127879756756163,0.018617303967183207,0.005386096799011094
2022-07-20,0.0013319265798663461,-0.007592146258278965,-0.007336701130252045,-0.0042234085074385795,-0.006138188816817197,-0.004150553888186027,-0.010536024045282366
2022-07-21,0.015525674744470894,0.004902177722745495,0.009803489160412342,0.013395005155683074,0.0025302650634323213,0.005557021794172888,0.009115735978292471
2022-07-22,-0.0007399679631687542,0.0006172692567894271,-0.00351983242420915,-0.003883224383847258,-0.0012772032725656846,-0.0011623433350388182,0.003893592607473595
2022-07-25,0.00927429751796522,0.00319349641898839,-0.0029047496864725002,-0.006580305833393135,0.003992980695709859,0.004782669145929857,0.006740247019771545
2022-07-26,-0.013514419816453523,-0.0040796364587897095,-0.006088812039084234,-0.012776551564689174,-0.008442934609919676,-0.008940958516126493,-0.0016804134175326239
2022-07-27,0.006176651311979883,0.0072125204856171715,0.01648041276686459,0.02035909394728999,0.01101440029551496,0.01200341052217437,0.00400458354989458
2022-07-28,0.011546980724111396,0.005200198459521568,0.010143886235929652,0.007755094110077596,0.007646348558944387,0.010553680567911141,0.0009040466471329088
2022-07-29,0.008964462878776312,0.010752571799185682,0.016422030513713017,0.017199280739568883,0.01638342699578542,0.01651192102095378,0.0022865899595920277
2022-08-01,0.0012527154318832225,-0.0034368836394981514,-0.010455719889591727,-0.008122659789405243,-0.0028968772152818787,-0.0012226911720494068,-0.005338753811808706
2022-08-02,-0.002834927425567659,-0.003717139658051183,-0.0117227133697658,-0.009627880710326017,-0.004298394636210518,-0.004987618561311266,0.001210935929242558
2022-08-03,0.010162194283432673,0.005474125074469037,0.014340053931900937,0.011068200159519568,0.009010291940306994,0.009944133267736847,0.00025809371179625934
2022-08-04,0.0010605539608533365,0.0030494725904296805,0.008569868083896773,0.009826460880367118,0.0044368849694968295,0.004856156875478301,-0.003989977404735091
2022-08-05,-0.012322270905488965,-0.004238215601516938,-0.009154531726859363,-0.007809612070597414,-0.0038191160191546206,-0.0068071721738138125,-0.002637977335852453
2022-08-08,-0.0003589437855415951,0.006594930712143766,0.008153306604744628,0.009717967569441538,0.008010862716971564,0.007019170088647186,0.001986890567332023
2022-08-09,-0.012749813419602045,-0.004404694004144073,-0.010531023311108133,-0.007314702158374413,-0.006521696737156191,-0.008862868476054404,0.003077233229812892
2022-08-10,0.013786083462626941,0.006873889798184539,0.008852800690771904,0.0066859869304792,0.008895720555330304,0.010063915974138107,0.0028311250550560347
2022-08-11,-0.0027480547228696346,-0.0008265443006810086,0.0010674417840557046,0.0020923363729041774,0.001252102764950812,0.0014873073303482537,-0.005148626073687108
2022-08-12,0.0008840142447077275,0.001154380754440573,0.0012304096831956405,0.0003930908846380048,0.0038748667745773773,0.0034476789564696774,-0.0035721932472943647
2022-08-15,0.009751806977928452,0.004192578302734993,-1.291119552366605e-05,0.00226121551904319,0.0023614368289785297,0.003377522798650447,0.008649471928960447
2022-08-16,0.0023574296990527986,0.0057036068411595135,0.008359733022987016,0.007657806192078284,0.005527662453525544,0.004427377197976135,0.0050537260079712865
2022-08-17,-0.01402806705826364,-0.010463447322753215,-0.015369397477092093,-0.01319988202058255,-0.01299386094683342,-0.012802751921944248,-0.00472604317528388
2022-08-18,0.010379606125124036,0.0018174718340567128,-0.003239957439718015,-0.002767921605595714,0.0034905138129704017,0.005097537105325667,-0.00037347900630632587
2022-08-19,-0.003922933265116543,-0.005085325323160842,-0.0091665186726759,-0.007752482287737543,-0.010520031297817655,-0.009918252703501383,0.004682102534414735
2022-08-22,-0.011161648787239542,-0.010239944362253516,-0.01702272529612939,-0.01392552373097653,-0.016100640339072037,-0.016839855153480222,0.0018526505873938497
2022-08-23,-0.007154836812314675,-0.004476102879752318,0.0025963797972122717,6.212529249287178e-05,-9.525318816846378e-06,-0.000689313273976707,-0.012112419583009985
2022-08-24,0.0017635436178922975,0.00043918090150581824,-0.0017607409718000298,-0.0003274736748959746,0.00013610052576476324,0.0017014165569452715,-0.0004993428091757538
2022-08-25,0.00080284054076727,-0.00023120979910987128,0.0041866005143887984,0.004090701817175144,0.0006513116297279124,0.0013432459415728525,-0.0029229091183480887
2022-08-26,-0.010998575559433092,-0.015102731262047872,-0.024383752760105175,-0.021197817015032008,-0.01715362174966756,-0.017056592133326155,-0.007619111221001085
2022-08-29,-0.009142642200104287,-0.004287081436895931,-0.0005819735882898354,-0.002599129096274475,-0.003291001349040282,-0.005323894190352808,-0.003778452665762496
2022-08-30,-0.005919216468475692,-0.0050590214872489455,-0.00785914326886205,-0.007483431069065436,-0.002698538266920852,-0.0037591485586870284,-0.007755720133404609
2022-08-31,-0.017600805276325928,-0.012119854932838252,-0.008053606905714862,-0.010880087170019228,-0.011420700507234491,-0.012518504502168903,-0.012864642204143975
2022-09-01,-0.018660468809937783,-0.013238157967837599,-0.021789729560268496,-0.017612859189433443,-0.0150237120846842,-0.016118098308093055,-0.010041567224281516
2022-09-02,0.023757284406252462,0.01847387666911605,0.022179725263490182,0.01593617506547832,0.024084373627709425,0.024722914139814478,0.010932313988336315
2022-09-05,-0.005998526372729507,-0.007326753974550071,-0.007559150607753508,0.0011641527989769036,-0.012143016453523623,-0.012240404516517358,-0.0019501121153730734
2022-09-06,0.005080774685407726,0.002007807973701166,-0.003639926082214732,-0.0029687257649691733,0.0041062928748356094,0.0040221261314688245,-0.0007909168962795458
2022-09-07,-0.0007485331164258018,0.000778919142972966,-3.6418482436414035e-05,0.0015724487659481844,0.000826757507270941,0.0014862059350821463,-0.0013272429052805417
2022-09-08,0.006913716802793924,-4.9338414739661906e-05,0.008131276541631849,0.004412250576407641,0.0024574521330404503,0.0025260951779636017,-0.0029225268654792494
2022-09-09,0.01697637581042873,0.016095984906141204,0.019804945690476035,0.018917046301591904,0.017805510815904875,0.01847138279322146,0.013141354527750684
2022-09-12,0.009757721730284984,0.016083326714585656,0.01515620571687708,0.014996737359444508,0.020995162179185782,0.019088081444056985,0.010221143764019213
2022-09-13,-0.010131253179944164,-0.012331259038144544,-0.023253861313779395,-0.020776296186291295,-0.0144105068418667,-0.015039582110557228,-0.006227466775961074
2022-09-14,-0.0032203361582751337,-0.006840749533441676,0.0021289344228831854,-0.006471170009102306,-0.003949699869331686,-0.003689915222462441,-0.010943423769602913
2022-09-15,-0.008388016527830652,-0.004239948739392834,-0.009141705852371297,-0.004628107803340433,-0.003276166086583696,-0.0052871488350710455,-0.0029212022459128473
2022-09-16,-0.00969013039863302,-0.010370609816404683,-0.006983402491545146,-0.002715348256305819,-0.012034698328360273,-0.012584156806093708,-0.008882174217699792
2022-09-19,-0.0001432879471500072,-0.0005483834192457524,-0.0010589701837185684,-0.0035570820148483626,0.0004287030683537696,0.000398872268705573,-0.0020647206355630127
2022-09-20,-0.011728102894876581,-0.013519709408065001,-0.01104248483430805,-0.012868621729611684,-0.013098772304348461,-0.01267471867331852,-0.014143186929119419
2022-09-21,0.007902651753428249,0.0036765963882468902,0.007130727890656337,0.0013911988041227356,0.00504523145276649,0.0070699624251715516,0.0012015090884200754
2022-09-22,-0.01900722920875703,-0.008123061675365638,-0.011811759726622404,-0.015748991862399708,-0.009818345573369863,-0.013025334057677201,0.0008307441675871534
2022-09-23,-0.02013367180779757,-0.021681370524341652,-0.027103281479596134,-0.025571124497526607,-0.02588701887223499,-0.024528224119096532,-0.015016845660512264
2022-09-26,0.0008057458203690556,-0.00405338027017745,-0.001807909193805673,-0.00336189312174957,-0.0029320311431239943,-0.0016368654634358998,-0.005139114385780819
2022-09-27,0.007318612808091521,-0.0032818921760031016,-0.007842585268776684,-0.007204936574001115,-0.00605915157030719,-0.003865538211411125,0.001800142152457833
2022-09-28,0.009291424619654515,0.005840481298968336,0.004747157757149243,0.007056642481477478,0.0032605083269983677,0.004060080097818186,0.006334736391604246
2022-09-29,-0.014560888982162165,-0.014764430923154834,-0.0231298183486044,-0.018798166794781516,-0.017352649699630015,-0.017512786524680315,-0.010163886994479485
2022-09-30,0.0044594169221762086,0.005885300826606533,0.005907862243127812,0.00837754875060436,0.009113005161166825,0.008712979271855131,9.579343954354869e-05
2022-10-03,-0.002422308611037784,0.006479268929731931,0.013012140168005525,0.013436215299846685,0.009518993607948145,0.007920886583249204,0.003289793188909728
2022-10-04,0.03355607988244505,0.02827163433135279,0.03382403077714021,0.029390722605890828,0.03611017326063754,0.037387311016606695,0.01257828100209402
2022-10-05,-0.0062222178351360674,-0.01209848858467214,-0.022616242349218392,-0.02252774145073036,-0.013711902671810538,-0.011891381106250478,-0.009371745862420091
2022-10-06,-0.004120103258275268,-0.008827541624980877,-0.009746690800606582,-0.010257229010872521,-0.007055410352554257,-0.00569675806411078,-0.01222156563097042
2022-10-07,-0.01971955063466914,-0.009907436223387953,-0.01913818748439581,-0.014479902241873704,-0.01219883743240433,-0.014662090118414175,-0.00242184156876405
2022-10-10,-0.004159463890954022,-0.0002967530415705118,-0.005301203776703525,-0.003234252849052684,-0.0017761431456223525,-0.0035111947448925934,0.0026584998448501563
2022-10-11,-0.00456930849569351,-0.002159286503795891,-0.008200763743574098,-0.004853507956414916,-0.006907809650250713,-0.007568309601160719,0.005450965102510037
2022-10-12,-0.0016055975638747878,-0.006034260459115738,-0.02517021974258837,-0.025002254225249643,-0.005816292101501316,-0.003476225444786321,-0.003127906711094502
2022-10-13,-0.0009171710371463681,0.006322264932068022,0.015026652647309591,0.014456421006419288,0.012522650377416561,0.010620820848075033,-0.0026239585775438144
2022-10-14,-0.002656427852682609,0.002073976180386385,-0.006252451092877535,-0.005432917785358609,0.0012896025092901191,0.00014370783235472483,0.004316250586242128
2022-10-17,0.0121552281969541,0.016549310402354522,0.026401002776382666,0.023742799431667752,0.018661454526577678,0.018277115685547546,0.012490016944465174
2022-10-18,0.006278547334798981,0.0057197388238457315,0.009053635625215373,0.009175845017745826,0.008064940748672067,0.007578403925353559,0.003535307459511082
2022-10-19,0.004411836861217466,-0.0061792619530593625,-0.012699806369494408,-0.011998199978474278,-0.0031839665604946393,-0.001811781591126643,-0.00893708549528844
2022-10-20,0.005536820020460919,0.0021075989436683666,0.006089178015790291,0.0032525672777442586,0.005453014921328802,0.006334165889120861,-0.005539100666125914
2022-10-21,0.00021543641278354286,-0.0039006602627142226,-0.002997119266623511,-0.0013679041577266157,-0.0028312406232624504,-0.0021442817372600417,-0.0018069376477585857
2022-10-24,0.021877447255579566,0.01309625118576327,0.0034173198339433066,0.0016069292957205535,0.014121095416338776,0.0150850990168283,0.012941937305460949
2022-10-25,0.027236782721874474,0.015586626417705316,0.014648505312197595,0.013205145838064897,0.015244064696961912,0.017435019493314018,0.012142728892015169
2022-10-26,-0.0032070261691525643,0.0035044542793385334,0.005142365772431818,0.004596934516373994,0.0037565725399348457,0.003175757224242441,-3.061924045917857e-06
2022-10-27,-0.01151872629805102,-0.0035599360387146774,-0.00477472309196554,-0.0021928961091478524,-0.0029141711045250333,-0.0060501254901792825,-0.0017009079579145088
2022-10-28,0.005323561915205284,0.007019398636784936,0.0037501604322195624,0.004309896159858729,0.004156380387751454,0.0036751420555417567,0.012192204206984882
2022-10-31,-0.0049836115686941,0.0024883228515239944,0.0006606848896487284,0.004397603973606809,0.001175159534880253,-0.00033214759155211846,0.005402963285176302
2022-11-01,-0.004364928424087745,0.0026913499791221766,0.003694644546946031,0.0033706252349117913,0.007314944620826623,0.00666290563833163,-0.007180867948825291
2022-11-02,-0.004009921214724388,-0.003422320718732392,-0.013285804643359614,-0.015816843842138967,-0.00576102247807303,-0.006507443711057955,0.002503068337408442
2022-11-03,-0.011113613601180176,-0.007665069007442194,-0.02019656263539636,-0.020412922410356464,-0.006874119634932068,-0.007298545904493372,-0.006475135900596601
2022-11-04,0.008279765237627362,0.018448469161210533,0.03082094738710628,0.031375638639422956,0.02539538442535338,0.024810445976454112,0.005600378686625251
2022-11-07,0.0026042848277416045,0.0002392257475357284,0.0045881441041774945,0.005836856666480878,0.0029413934856063607,0.002789047220938336,-0.005776391232284947
2022-11-08,0.012043696435864662,0.007130273065150036,0.016488476311270137,0.016497763053017405,0.007934310215485246,0.009559646397353374,0.005823364033820673
2022-11-09,0.0035850036807311683,0.0021671055829387852,-0.0024772794677903756,-0.0017381340124268843,-0.0018108277092512828,-0.0015989263536349532,0.009276469927113314
2022-11-10,0.02594737368219265,0.024773692550926842,0.045542401867599794,0.047574523068234675,0.028776660256736187,0.031737054022450834,0.011840094764252403
2022-11-11,-0.0077116566841667475,-0.0036226704228057662,0.01633747800993723,0.020564511420029477,0.005089327379999681,0.005446387294282292,-0.023545723730232983
2022-11-14,0.003017488637058174,0.003742959593201325,0.005948597779389379,0.0063197771292690655,0.004332890482665325,0.004286865306239703,0.005281927159235297
2022-11-15,0.007406525429760056,0.0023538986095157904,0.002304788030560981,0.0009375621852739072,0.00370708352825568,0.004735940868193772,0.002402285632212055
2022-11-16,-0.009349414296011724,-0.007375082684438486,-0.010434329025957746,-0.010789304663831902,-0.010507640819313687,-0.011284232676520086,-0.0012424065759488092
2022-11-17,-0.0048248412715944594,-0.005574889438862495,-0.004267426104348491,-0.004084858711230887,-0.004022148862449246,-0.00312332943594179,-0.005207927088792315
2022-11-18,0.004753788818784705,0.010133433689824617,0.006895483477534066,0.00671611222225325,0.011104320491278921,0.010701395068740249,0.010023771853611061
2022-11-21,0.003647540897398856,0.003670639421234374,0.0016915442121070356,0.0008083403000783986,-0.0005368459247825238,-0.0009495705584469681,0.012327900399897517
2022-11-22,0.004591427280435384,0.005818307369693914,9.93837677892288e-05,-0.0010748075003045804,0.007518697342217426,0.006858257288511781,0.004194335147346904
2022-11-23,0.0075446990410273935,0.0027895707602965244,0.0034351676288551193,0.006335783652128375,0.002691942558805202,0.00397706557948153,4.896226729125266e-05
2022-11-24,0.0012892447071900896,0.004821815082774035,0.005809608413045386,0.00513094897967685,0.0047802700366821925,0.003952898562321215,0.003494397702887968
2022-11-25,0.001101244105642398,0.001222589391336089,-0.0008620936304047006,0.00023351194849936872,0.0007421394353737833,0.00010635890898344085,0.0020022368231457457
2022-11-28,-0.003971998727969592,-0.005486984321581948,-0.00822680015924877,-0.007373652737415656,-0.008634479467790905,-0.007916563001246647,-0.0015195993620018306
2022-11-29,-0.0072753553869768055,-0.0027059852647342043,-0.011111033960825484,-0.010687369091308666,0.001046227988686289,-0.000249860698246021,-0.0069632243942325004
2022-11-30,0.004522900824561109,0.004594287243907859,0.004035416554770162,0.005037022550388278,0.005706170461168336,0.006500072119036027,0.0006288199843785831
2022-12-01,0.005710641354674964,0.008015546676518912,0.004807043387170865,0.008212975843462955,0.005046826044951968,0.006067336271281808,0.01083417300574351
2022-12-02,-0.0037635645470803013,-0.002790566397681633,-0.0050370194491723445,-0.007988042639804061,-0.0019890908556097504,-0.002585747159240674,-0.004995053469703387
2022-12-05,-0.00403988673563309,-0.005342163069870711,-0.009866934432515854,-0.007526605082132463,-0.004913659776460833,-0.004502850583844458,-0.004840460682205876
2022-12-06,-0.001544150835078174,-0.004254964975080216,-0.01146362914178791,-0.00992339926624956,-0.004903236194158743,-0.00480471955808144,-0.001545841847928535
2022-12-07,-0.006858090657008815,-0.002260625143645167,-0.0033512150740220674,0.008534013280312756,-0.004369226241221272,-0.004500672823752157,0.0012475094423864837
2022-12-08,0.003849674373235007,-0.003324814353888618,-0.0003356836810511275,-0.004445855038145225,-0.002746413573261357,-0.001111290905849227,-0.004431181111333116
2022-12-09,0.005944838905639139,0.005738102311495697,0.00515439361760836,0.0037225022948928145,0.0066353675149336796,0.006754811764566199,0.004288473700385954
2022-12-12,-0.005723293731552739,-0.00325105228823047,-0.00011481545479399011,-0.000788774416729966,-0.0034156775247418604,-0.0037601637881413017,-0.0017436684294825978
2022-12-13,0.01120869090775908,0.00866823310456775,0.018677602321403027,0.017180313807955084,0.012240579223674606,0.013528562385461957,0.0012854171513655712
2022-12-14,-0.004485403598134912,5.5517294226685513e-05,-0.005980081300416712,-0.0021776603539552467,-0.002335569483206507,-0.003283706376750509,0.0034418269950937342
2022-12-15,-0.02624391433284953,-0.026256254113308702,-0.03512106535123766,-0.032687659428121706,-0.029592135411620424,-0.031288880085064474,-0.019258438585528347
2022-12-16,-0.011298690238437001,-0.00964042026232253,-0.012467250530637602,-0.015629243372128405,-0.006878366313177745,-0.007552541734901687,-0.010624935646963065
2022-12-19,-0.0004246622412177151,0.0021592683582961373,-0.0022843710003427886,0.0019675975322203353,0.0021973523799316635,0.001487982726615177,0.0023281368473803063
2022-12-20,-0.006528509136832685,-0.0027615539678482455,-0.00820252579473372,-0.0065440903624171785,-0.0004181544381242196,-0.0013364338318037495,-0.0036260381970607235
2022-12-21,0.018647914978282932,0.017037308349639603,0.022530557219537384,0.02375131048331547,0.017931714898771205,0.017960767730230504,0.014391506889784576
2022-12-22,-0.009570072764330995,-0.0060318015814990154,-0.006699925931162211,-0.005263128306883744,-0.009135315073516061,-0.011076857398668946,-0.002065788154659502
2022-12-23,-0.005650033775543895,-0.00017914159183234906,0.005208833097289711,0.004259048497876337,0.0004630835665914662,-0.0008963198913433965,-0.0026343748005100576
2022-12-27,0.0005896675123099522,0.00038342337517303476,-0.006183187099909721,-0.004251284420058327,0.00189578752647483,0.0021980171054161632,-0.0035887889406082526
2022-12-28,-0.0032615030249262466,-0.0031627528394989907,-0.006395264994805482,-0.006413722845827995,-0.003910721792407795,-0.004278006411117293,-0.00277742816538506
2022-12-29,0.0069266176879369,0.008245612358610977,0.01780984590803871,0.01820410639883221,0.009145512029069412,0.00965101401212594,0.005327232101794347
2022-12-30,-0.01628699925218783,-0.012862273039090525,-0.01712402220364379,-0.016438290615808957,-0.01224628019276596,-0.012838196559668032,-0.013835487281617175
2023-01-02,0.012427472159254431,0.012009473943384514,0.011773064514744826,0.014505294270869776,0.015000228803412504,0.014247242601701788,0.007379792981391873
2023-01-03,0.013468773549170459,0.00987671568031379,0.008051494825375576,0.00671018728572486,0.010674462550726873,0.01091815410538752,0.010899257686232833
2023-01-04,0.013519970217955752,0.020408328043345924,0.028428647163641886,0.0222972494542611,0.023913947305253484,0.024195872396555462,0.013596968207307391
2023-01-05,-0.004760334011669424,-0.004233570532937554,-0.0034448859780764262,-0.004301109241620099,-0.0012831131716109568,-0.0014762126692789226,-0.010745045211663126
2023-01-06,0.012120238061467233,0.012708701454493947,0.016337890180722063,0.012681796462458591,0.014330482088420016,0.014876160896372614,0.009343346104183914
2023-01-09,0.011520821510324767,0.003479478627379616,0.021966570280325753,0.018826851414739193,0.006148167700129328,0.00883468085995828,-0.002474150442360181
2023-01-10,-0.0016981364067145482,-0.004963282430264064,-0.007699714116497052,-0.008095161318779158,-0.003958038413329228,-0.00403747730347377,-0.007475965726306988
2023-01-11,0.007469536534225438,0.007320436916102102,0.007688276754673112,0.011057812537122506,0.007471124359844142,0.007974797819839079,0.0061442586092220605
2023-01-12,0.0021761155522163145,0.00498013970730812,0.00974774234974406,0.01076567621522005,0.007558283108821379,0.006610631040661989,0.0003739992559177842
2023-01-13,-0.0012126217684649704,0.00163096484644588,0.006023096113318358,0.004837091417142161,0.001581450777635562,0.0019727163343432087,0.0015180000147979687
2023-01-16,0.007354050383129532,0.006712924451204671,0.005632357003656301,0.004717811318085148,0.004255148621184776,0.004361502375625351,0.009886068374806493
2023-01-17,0.001525164548503881,0.0006687321596197447,0.00035810811119670397,0.00012152060714415262,0.0007270692423600733,0.002187582412014483,0.0012449039153947896
2023-01-18,0.00439230956121844,-0.0005002013397209786,0.013559352107220302,0.006625762968249849,0.001914187556472558,0.002842269647329229,-0.005165787560483175
2023-01-19,-0.015763246814132333,-0.00951106592863658,-0.019236167784817293,-0.016514588035479748,-0.014026235432941058,-0.015367348567572405,6.261551401205582e-05
2023-01-20,0.0008118220905658885,0.0025159680745238805,0.0011338412040300353,0.00020704061052352396,0.0052523263773416266,0.0047102265375971375,-0.0020840666319234214
2023-01-23,0.010663468499487128,0.005200947854781495,0.01588918682679066,0.01783545462658418,0.007153624886457289,0.007951412314686929,0.0019664051882063004
2023-01-24,-0.0037887083581870777,-0.003124654019509187,0.000859990227980111,-0.00309319239488589,-3.168392410483097e-05,0.00043763639372034076,-0.0078099744195082406
2023-01-25,-0.00733286036062322,-0.002097800665320317,-0.00040515364867564933,-0.0015942829562442134,-0.0016347893258210576,-0.0012625930079182546,-0.0037607552912372914
2023-01-26,0.0052839569576030145,0.0010603903151604156,0.010681879281616631,0.007495866570559253,0.006699348663552953,0.007868928498877485,-0.008400716419395915
2023-01-27,0.0033618321948216366,0.0011754170036699428,0.004768635515789382,0.003488458970669169,0.0017872559249016374,0.0022079729198447072,-0.0006304439038026859
2023-01-30,-0.004929156449668754,0.002821274627731576,-0.005110161289036169,-0.005521108297555621,0.00026927965006971917,-0.0015196382284338003,0.006202316789832237
2023-01-31,-0.005616015294557833,-0.0009826456570336346,-0.002383999921640319,0.00032669000540795656,0.0012281507299458122,0.0011993969582563071,-0.0010329415567132984
2023-02-01,0.0030504768047867467,0.000643700336485674,-0.0007278137353938377,-0.005798294783757549,0.004653333181426915,0.005096344808191404,-0.0022984602062259044
2023-02-02,0.01304704613884264,0.004258670998527189,0.004174953691013162,-0.00028555343347628484,0.008560082417933445,0.009014967789657024,-0.005345685002080739
2023-02-03,0.010628459900311714,0.003730970759904778,0.005909468201303993,0.009023861276043798,0.0025438984541964207,0.004448130619059668,0.005567136420683471
2023-02-06,-0.012824367309420315,-0.006438978559337463,-0.009608120763867176,-0.010461203295514095,-0.008531361958127046,-0.009757132783045628,-0.002834572523708772
2023-02-07,-0.001926784949305104,0.0019044568033946866,0.0009027402969330583,0.005551998874816609,0.0025458534396279975,0.001736150784197245,0.0001574955160173119
2023-02-08,-5.44894568036186e-05,0.0041416495209404035,0.0053252754516608875,0.0009275598640704078,0.002387434449319087,0.0015645001675066244,0.007552385817254866
2023-02-09,0.010019546837803766,0.0044479533378915664,0.015195867558294591,0.011923891327349678,0.007793398104568597,0.009583109378243401,0.00041732060010094647
2023-02-10,-0.011596699545064242,-0.010658731206142587,-0.020423813740777237,-0.01397569130046258,-0.011526532120840238,-0.012588188549661103,-0.00876088588123039
2023-02-13,0.009778416243376328,0.00772151833483441,0.004022271032948072,0.0037933908493651075,0.008351589319871216,0.009416120591559187,0.005821457109732853
2023-02-14,0.0018830618778723014,0.002057985959454144,0.0011926970167781378,0.001907038056312138,0.002345069114660177,0.0017266044969224707,0.0013412529305536255
2023-02-15,0.017901501655808116,0.008849161592121797,0.0005163565844643187,0.0021985250362877066,0.006563345716221622,0.007165721204130896,0.013562051163936337
2023-02-16,0.00021410131810075208,-0.00022532605502125646,0.0022404212131497203,-0.004055911255033196,0.00491826547699806,0.004524871169057748,-0.008155334229627591
2023-02-17,-0.004852377990056922,0.0020171931986467592,-0.002936352701589052,-0.004167766928478447,-0.0009411700180471847,-0.0021117441196912626,0.009050212369326821
2023-02-20,-0.0009185438053327497,0.001011695895756967,-0.0015599729757239905,0.0020386541239963436,4.9380665164784545e-05,-0.0007470437888265605,0.0005304950140745129
2023-02-21,0.0016960635319887927,-0.0009494680469026276,-0.00010238735941492594,-0.00022443723069720707,-0.004339367958641092,-0.004762624245896307,0.006006700896958475
2023-02-22,0.005461861555995456,0.000793239129653912,-0.004830278635590558,-0.0018496574205702028,-0.003044309077631099,-0.00323667006386754,0.008490826035243666
2023-02-23,-0.001940807717630917,-0.001300194972067572,0.00239487655189495,0.0008852248065605584,0.0022618243682217005,0.0023862288523618927,-0.00637335380179285
2023-02-24,-0.015011456516526873,-0.010529449354380644,-0.01365085072325729,-0.012335533583785424,-0.01419304295276761,-0.015420834781911228,-0.0028323132070084602
2023-02-27,0.010984380185130472,0.009545763455032736,0.010783471471050042,0.0076038965715750926,0.013219324996208587,0.01398682025647863,0.003563666631057847
2023-02-28,-0.006858332280392086,-0.005914731059824914,-0.006665738778904709,-0.008723281568216924,-0.0012887679637676327,-0.0016285059707645485,-0.012038863838013895
2023-03-01,-0.0023434361902108835,-0.007054625827355862,-0.004393923795677815,-0.0036744801482178893,-0.005462700753138197,-0.004726055362805858,-0.009388945347555546
2023-03-02,0.0062816479578235405,0.005566993835927691,0.005939415945241588,0.004240173000673283,0.0025909856172745237,0.0018172320010559598,0.008068659878986043
2023-03-03,0.009285572407793872,0.008151134875960905,0.008618746808786808,0.008944326276025625,0.01333778323833852,0.013310893794522589,0.004146294370560415
2023-03-06,0.0030907948103519683,0.0003825382664165261,0.0002522233098053474,-0.0029552279285690397,0.0024485140647732026,0.002892998122801085,-0.0042591273631305895
2023-03-07,-0.004016634794917615,-0.005360256235245271,-0.008669894491085645,-0.010138114110996858,-0.008615687356321955,-0.00901245447126595,-0.0030465830373456924
2023-03-08,-0.00019785645251981638,0.001999937625962802,-0.001300574533255723,0.0008283482351203286,0.0035360284129693255,0.003908610681340286,0.00254628581972896
2023-03-09,-6.529248946593154e-05,0.0012242727736777037,-0.0005619660979544019,-0.0006448425806740588,-0.0014083506278952003,-0.001085792051971692,0.003801660447406355
2023-03-10,-0.00761030190298044,-0.008064597117322981,-0.009081648792300863,-0.007264515785978944,-0.013271810083466595,-0.013962477362249433,-0.0022876089847629014
2023-03-13,-0.025022630154794855,-0.016815441674153924,-0.019768872289913152,-0.01719864652081559,-0.02814489656690442,-0.029341574598241094,-0.0011182376188039204
2023-03-14,0.01560391369714229,0.013300347399922967,0.014372138536452736,0.01360301095789329,0.01739718002369174,0.018871928749397086,0.006909613775127367
2023-03-15,-0.026068774065780825,-0.021570004945037843,-0.03683900287637938,-0.03700429273563751,-0.035190130203074196,-0.03602941667555899,-0.007639967589860164
2023-03-16,0.011133409754889956,0.0157338637733594,0.02078608524275216,0.022416760527216723,0.017949758310980522,0.019453568600902037,0.01509683940684301
2023-03-17,-0.011435425993246782,-0.010959748411553547,-0.011599456727428403,-0.010042196286458818,-0.013578875179895804,-0.01319359342861069,-0.008883255508647998
2023-03-20,0.011515302572576281,0.009108070920003977,0.009579093556143958,0.007344827190139347,0.01076135674695074,0.011337752582404997,0.006846954731604751
2023-03-21,0.016269746124125063,0.009570082466933253,0.010489804741328681,0.009831361542211037,0.017129952769876597,0.016753076348048946,-4.539858864133716e-05
2023-03-22,-0.00010813258790646108,0.0019316019110690557,0.004569700462269855,0.005280290499255465,0.0014983580053113843,0.0019933667899484264,0.001835767528723563
2023-03-23,-0.005123530983810003,-0.0013420172363872384,-0.008588059113523052,-0.006712869955124326,-0.0029589250032732604,-0.001885174916086869,-0.002772328154420466
2023-03-24,-0.01302787985631827,-0.008680497009004948,-0.011315388135964768,-0.010792172467500862,-0.01557984341822537,-0.017140532258839856,-0.0022210396615631686
2023-03-27,0.010532143808636648,0.012769359093468331,0.01252480913113117,0.00715543617131405,0.011608087439847507,0.011279018778989134,0.012823935638914557
2023-03-28,0.0031926634726615047,0.0025416528684277305,0.0013729086364659528,1.89356838579402e-05,0.002247463606909763,0.001194068118126628,0.002416538142318161
2023-03-29,0.007898194715514454,0.009602765055434628,0.011734804446509069,0.012760999168499296,0.012656080574699155,0.013894320851701572,0.006684514761180054
2023-03-30,0.00878262395626249,0.008937857203507314,0.014711964050314438,0.013011184174431898,0.013491756251162404,0.013850780380036,0.002359093609467949
2023-03-31,0.006364200297982932,0.007433478848854605,0.007469988396988415,0.007042941814702744,0.006267176140219558,0.006244425222516343,0.008421836821374928
2023-04-03,0.005250047693899036,0.0016447067814292329,0.004305007241765464,0.006578506542024857,0.002124220451469357,0.0006890466944082432,0.0037163263635837567
2023-04-04,-0.00048388816451602843,-0.0010964248565229504,0.0009587245944508005,-0.0026553753501654606,-0.0011012275992676318,-0.0013484170173809207,-0.00026559908880957
2023-04-05,-0.00010447068934877268,0.005444504759922176,-0.0004007201001536788,-0.0011695777105053915,-0.0017391085054933035,-0.0043061652222893924,0.014513299137392046
2023-04-06,0.0002951487357082717,0.008213747333479177,0.021488013436611025,0.01777324879129191,0.007367643295406358,0.005566092794083875,0.010125142783989821
2023-04-10,0.0,-8.284187116604042e-05,0.0,0.0,-9.46842842233065e-05,-7.789591747053624e-05,-0.00014910559109935568
2023-04-11,0.0072788002618725195,0.003772419815445631,-0.004108104263736169,0.005369653210441421,0.0053148882561708825,0.006401875739489736,0.0008980166288456294
2023-04-12,0.0016380669609627235,0.0025660991687512583,0.006443913805532694,0.009692384898302655,0.0031382387172908697,0.0023986789492554256,0.0021786276257125437
2023-04-13,0.0025417252221817833,0.0005108732576027536,-0.0014493057549769795,-0.0004993232388069512,0.002725972431816031,0.004693177289812664,-0.0042640316351172155
2023-04-14,0.006163351060173053,0.0021838854365937477,0.020310294063963993,0.020764234339712192,0.006331573194750496,0.006937542699085332,-0.001969798776705148
2023-04-17,-0.004702949510596868,0.001287231666724535,-0.008983171023066193,-0.012324919874157486,-0.0033795248117224727,-0.005580784639080962,0.005443289393419439
2023-04-18,0.00586877346750567,0.002741919103015291,0.015708711716581513,0.011875867510798164,0.00655445730712143,0.006923686632136603,-0.0013342586366720582
2023-04-19,0.0024573506033964345,0.002425622125438323,0.007921442510171905,0.0027879045949041007,0.001139282316169088,-0.0006358305961295176,0.004204265661760852
2023-04-20,-0.0023267675981125547,-0.0010191943212684322,-0.008634743764287816,-0.01020619211323669,-0.00385850238926563,-0.0033453808520277246,0.0024097379970131325
2023-04-21,0.005946737252447128,0.005828567505898099,-0.0001981042699548952,-0.0029949823642799684,0.0035685064898779736,0.003995667187225372,0.006108905823318012
2023-04-24,0.0014890341143354103,0.003370017180805891,0.025296971076980677,0.019643742422200433,0.004243866154453504,0.002008174693492933,0.0006637440546271988
2023-04-25,-0.0007343599924636735,-0.00103370362835251,-0.024464329881938248,-0.020567744814339588,-0.006098789214962364,-0.005218048458787711,0.0020969762234416883
2023-04-26,-0.008544289866613675,-0.0059849763351495725,-0.003998656081217575,0.0028056504083583517,-0.004235952926972193,-0.005476139003292421,-0.005444673385509748
2023-04-27,0.0011757135281095098,0.0008305720138767185,0.012239521336303204,0.006218359352914072,0.0030167084984741447,0.002224923824290408,-0.002745713565901937
2023-04-28,-0.004749183508726305,0.0026153653828733417,-0.015643185135145107,-0.011545103183237383,0.0008179031925784194,0.0005499702265799349,0.0037778202006174466
2023-05-01,-0.0005223209812813656,-0.00016162371521564274,-0.0019732465857918075,-0.0026741896493811365,9.336127996964681e-05,0.00011925306346626281,-4.699239014239567e-05
2023-05-02,-0.014875790850294772,-0.010342847378383795,-0.0026641543960894817,-0.0025878208244302123,-0.012216559398433661,-0.010912746478012046,-0.00774383798238148
2023-05-03,0.006073250385772833,0.00474827988374359,-0.0007842089258882933,0.0016849161901084518,0.0041318090826555345,0.004356287641620951,0.0066460370490250735
2023-05-04,-0.008866886566764815,-0.003779026217473057,-0.00827959333368368,-0.007246464657431709,-0.005986511358866323,-0.006316244764974043,-0.0035785960612169077
2023-05-05,0.007505817816927729,0.011239254492426319,0.01917731392719857,0.01687407731710997,0.01599501382751291,0.015329805825978333,0.005984879422111594
2023-05-08,0.000580010541893048,0.0005573638916272888,0.004419608866247555,0.0020466391124017596,0.00223281497099352,0.00272823155902797,-0.0013849226908630428
2023-05-09,0.00551592973334196,-0.00017640029629856409,-0.00028705187101991627,0.0019695433139456293,-0.0022007387676907532,-0.0019526906738172166,0.004297080279608449
2023-05-10,-0.006109873940985224,-0.005981460018044145,9.3658936394167e-05,-0.003361162796833009,-0.003909222743644634,-0.0034432540475614246,-0.008761616202647239
2023-05-11,0.004415200964588611,0.0007157526374741731,-0.0006345477671968547,0.002593426509023923,0.0006743711044556564,0.0009298174031883691,-0.000319443895363211
2023-05-12,0.008978798644799507,0.004591813275029826,0.005958330046519256,0.0052157166627063165,0.0058524490227490995,0.006338805841762646,0.003080984623116463
2023-05-15,0.00027223432625954704,0.0016877844408154856,0.0005266665967080824,0.00028356841709412225,0.001093388588925973,0.0004975355708633437,0.0023172839649738676
2023-05-16,-0.003030998502561709,-0.0027776196579761413,0.002949298303352612,0.0015506280311080745,-0.002873098322461384,-0.0021915631936137952,-0.003692168723519882
2023-05-17,-0.0018389042513003908,-0.003728824266654915,0.0028208956869714176,-0.0002680704152520541,0.0006698922622218048,0.001049466932635089,-0.008147525912095319
2023-05-18,0.005444200100467887,0.002966087932355815,0.012571918247900911,0.003390831544449916,0.006947440395638553,0.008816828274243124,-0.0017725831541427028
2023-05-19,0.0008557872828718332,0.005806915854225465,0.006596835710164837,0.0050543547507679015,0.006478423341670386,0.006911612339872907,0.0025521197251299624
2023-05-22,0.00024104255827674483,-0.0006058356550142437,7.618103128959421e-05,-0.0004203526294523114,0.0005396833234207635,0.0006069354749783712,-0.0008462037171430805
2023-05-23,-0.004398199128961097,-0.003965985690636887,-0.0027562722912972096,-0.0005082741801574074,-0.005661418671254286,-0.007509779123788472,-0.0012378591953986359
2023-05-24,-0.011007724255140235,-0.0117339173413585,-0.022243150619835,-0.02100028625014743,-0.016474612845338372,-0.017641073188991982,-0.005667565479715291
2023-05-25,-0.007646911430122475,-0.008270113465045394,0.0027011161593616384,-0.00596638851400572,-0.003262199778595622,-0.00046221612467566546,-0.01347263809727094
2023-05-26,0.01112647585999325,0.010371387894154297,0.019875953429685206,0.01400824359078346,0.012827586970640638,0.014518004564238324,0.007727161155553777
2023-05-29,-0.0011749209275018861,-0.00036684829808802716,-0.006047450024548932,-0.004706739299583098,-0.0017549608408447394,-0.0022108010841166517,0.0012162959742015216
2023-05-30,-0.010031613194517402,-0.00868213178409349,-0.0024992225011480802,-0.00300063081624713,-0.006729588092138214,-0.00555511506804608,-0.012280410599897932
2023-05-31,-0.015569735553616845,-0.010795412380102263,-0.017435247646290973,-0.017512890415815264,-0.014180410201305775,-0.014373689096745922,-0.00715703801110174
2023-06-01,0.009594919663011937,0.008772980218418018,0.008455764604853283,0.006411618050594224,0.012143919869824197,0.012107558826347838,0.006490571067261241
2023-06-02,0.012465271044944696,0.009028122670241468,0.01617666585348552,0.014640993700868472,0.013464124175796522,0.01272459951833469,0.004502388432700787
2023-06-05,0.0004571321605543226,-0.0004446531702935803,-0.005910045586129125,-0.005175693944783252,-0.0033199625726489084,-0.0037512811524666395,0.003309031820537861
2023-06-06,-0.0002776636851647503,0.002449960581135705,0.003143105429256641,0.004636090570942952,0.0025976103439539163,0.0020626047949282196,0.0028209327512294085
2023-06-07,-0.0011756103738837231,-0.003442158116798402,-0.007065640364823787,-0.008588415112930107,-0.000543065167192588,-0.0002833195298558289,-0.006784441373001054
2023-06-08,0.003577985256553942,0.0011468844445773041,0.0028995601853370294,-0.0005931952483222065,0.0024934771922559603,0.0021399378033373296,-0.0012065826919469393
2023-06-09,-0.0021627101155697517,-0.002264280493243655,-0.0018987744018417053,0.00025701745651700905,-0.002941346092139932,-0.002235586643126891,-0.0012150328605714132
2023-06-12,0.00662357687085654,0.0031747055209494046,0.008011826314666896,0.005533126337232717,0.0057434467897694375,0.007144205266083391,-0.0009252064769979748
2023-06-13,0.004887739454926175,0.001546203350199843,-0.0008466459519700675,-0.003916128423240587,0.004461740738554838,0.00527725878491345,-0.0016563069598079408
2023-06-14,0.003678879917308681,0.002873696080753404,0.002632714566635044,0.0028175510387609317,0.0057214309363093395,0.005614327351947246,-0.00032788456405683105
2023-06-15,-0.00024103511755451583,0.0014896781344469674,-0.0010006474539291134,0.0008277151019987954,-0.0014377540424954413,-0.0022263353244763432,0.004860883829302682
2023-06-16,0.01175309780578502,0.006117581781296084,0.015833543820904062,0.014693935193066244,0.004959728819273396,0.005251021785558288,0.006218409684723918
2023-06-19,-0.006870962390931448,-0.007744447229156744,-0.0055885825783839665,-0.0059452913238019316,-0.0065184971749107385,-0.0065493013402247325,-0.007709000155949826
2023-06-20,-0.0023505598577842238,-0.002673932651341957,-0.00034895490427844364,0.0008345397189187208,-0.004245965826801676,-0.004450434704720817,-0.002559181884067224
2023-06-21,-0.0018049251074504842,-0.0032552143237284128,-0.0033582322332458827,-0.004878761624648854,-0.003182105704540416,-0.004255648335547259,-0.004076168307336987
2023-06-22,-0.003733800603108004,-0.0037883802280481113,-1.3256861658105228e-05,-0.00251420694181049,-0.005395773689674752,-0.004347302550274857,-0.002015215175738992
2023-06-23,-0.0008224605042614244,-0.0006389208959200379,0.0006331412840785979,0.00038624111871461914,-0.005334299643284637,-0.006127725247611697,0.004479219304502913
2023-06-26,0.00027122853577148283,-0.0010202736902727016,-0.004013563392198298,-0.004684684830695986,0.002304378795862676,0.002786228012782584,-0.004502118328229504
2023-06-27,0.0039042628709412414,0.003100199953468469,0.004112078688465022,0.004155107721456974,0.004798900369275784,0.004621248130884166,0.0025033758015756444
2023-06-28,0.004913633780568186,0.0055161902173271,0.006431151763429617,0.005699197126618964,0.006788339873222338,0.007344541055860849,0.0022475814500082765
2023-06-29,0.0015078999056252597,0.0014461531810874555,0.00709643958038522,0.005517517126079787,0.003460658623485057,0.003216559733169918,-0.00037763102835894726
2023-06-30,0.010713480405269357,0.01080893439510983,0.010442410253784807,0.009878707111120077,0.011503709697216249,0.011259862343186829,0.008491094745363102
2023-07-03,-0.0023570898492421928,-0.001729243821332782,-0.0014652821606247202,0.0014546776970159533,0.00050097212738432,-0.0004327439928356768,-0.0023592315955237556
2023-07-04,-0.0030956562342354804,-0.0012761756633615214,-0.0037188691054595856,-0.0028740364017260504,-0.0019052061580121704,-0.002318709216057682,-0.0018033479752775337
2023-07-05,0.0005763144323717691,-0.005009515222116651,-0.003612089090853538,-0.006711202980223938,-0.0063952174162755365,-0.0060991112562591866,-0.0027107532932482362
2023-07-06,-0.02039136690119364,-0.020427904542532252,-0.020358282260017485,-0.01946167787090535,-0.024803340108902748,-0.026084912734184333,-0.012074855559103159
2023-07-07,-0.008948716712907668,-0.003794937601275001,0.004499899534574592,-0.00033899475120156776,0.002265884993929562,0.0018703969179869537,-0.012355589756851082
2023-07-10,0.002252514901532562,0.0013570980185216666,0.0008672808733109023,0.00048201134440966373,0.0019171938644597906,0.002630545230188018,-0.0005981469012702725
2023-07-11,0.0024636743035671943,0.003516804962607034,0.007086631611640599,0.0058202907112740844,0.006279209195369134,0.006006599957312175,-0.00033761954451505993
2023-07-12,0.011084724510350063,0.012840533710676191,0.01888699133851576,0.017515189177350288,0.01698631476622279,0.01804406666613215,0.007395812275363532
2023-07-13,0.0035304915681176243,0.0045139241970899874,0.005587214248156553,0.0070937330977599525,0.005437160470734018,0.0058740908969885,0.004003267890592633
2023-07-14,0.002937464836158552,0.00043739478845076574,-0.003604827684331316,-0.0025018569315288924,-0.0008919709987108026,0.001247741857888926,0.0012411861343605154
2023-07-17,-0.01686567797289045,-0.005216794084411997,-0.0064358012204541485,-0.00735707416921306,-0.006740667304891438,-0.00940679950480864,-0.0035984282389131847
2023-07-18,0.011415363660677334,0.005058176449908361,0.0062577974292870545,0.003924819008457625,0.005498027536703694,0.004983173555607805,0.003557325147171655
2023-07-19,-0.002199195844074377,0.0012913211975442772,0.0006264261514882875,-6.531404408282964e-05,-0.0009459133008280224,-0.0026287458057291883,0.005163117198679162
2023-07-20,0.006991252182114239,0.008049387843791897,0.009823725818141976,0.010961157116058714,0.005368409658802185,0.003384901061486761,0.00872873994394932
2023-07-21,0.0030396383115218607,0.0031024846738024257,0.0002576837476614515,0.0020057839440739116,0.0030890985546482615,0.003457308592694556,0.0033957506204358376
2023-07-24,-0.00025700667596264084,-0.0013452569829097178,-0.00024118440268761326,-0.0010777607721035843,-0.0013023753008243417,-0.001530189450724787,-0.0004130391925329072
2023-07-25,-0.0006424604527798545,0.0011031520067152733,0.01022288720504749,0.008857389374926401,0.0021341641102747408,0.0033558330052346256,0.0007614562112924486
2023-07-26,-0.00498763578240908,-0.003078256926581662,-0.0016831842595544197,-0.0018398036859835632,-0.004349624217278609,-0.00612624269031279,0.0016551889177572631
2023-07-27,0.01894486043469823,0.015080348461932274,0.01425296700663923,0.013247778689766104,0.016798455276211946,0.020682285371893823,0.01214390494917175
2023-07-28,0.0021192620025636917,-0.001876894533604374,0.0002788009954223119,-0.0024524535758511565,-0.0002953709794875758,-0.0014106803118159531,-0.003304194785857803
2023-07-31,-0.002195234654094924,-0.004539259014430736,-0.0022588910618200984,-0.002278626962462716,-0.003140497005343759,-0.002392081503507241,-0.007333436912192116
2023-08-01,-0.010651059026534144,-0.007460203017171716,-0.011507627001206763,-0.007411673466996961,-0.009496456949627972,-0.009581889644673117,-0.004644222128091567
2023-08-02,-0.013163538270512889,-0.013408679180102325,-0.013678836479673922,-0.01800060467813121,-0.014947738688798753,-0.014429014781289976,-0.010515594195012587
2023-08-03,-0.007401843656773916,-0.00850934623445376,-0.008416345101134464,-0.007809609412653084,-0.005489388180204149,-0.00664664712069251,-0.011386447630211544
2023-08-04,0.0053445700200801805,0.0028607566271218097,0.0032194182262859777,0.0028066859063712204,0.003962037921391996,0.003745325407024297,0.0012486253208200252
2023-08-07,0.0031006270969467916,0.0003308760091632066,-0.004245588999110993,-0.0055405198887548196,0.0002825199103928037,0.0003347112866789265,0.0007549313331218731
2023-08-08,-0.00951890235185279,-0.0032520346319091075,-0.008186736444837011,-0.006421611767063104,-0.010319300820788916,-0.011320999638123887,0.0021234748078798583
2023-08-09,0.007904753352522595,0.005650891853742552,0.0041007418791022465,0.0038967075703981854,0.006921988948950414,0.006404849781723522,0.003242619083065278
2023-08-10,0.010123126709020495,0.008553964607968787,0.0074609373315567004,0.010238790409511308,0.010770389140080201,0.010526752185884258,0.005139813055851256
2023-08-11,-0.007543384269530783,-0.007797501889130734,-0.012679868461003798,-0.011611775453933621,-0.009357664050614382,-0.010274957148029172,-0.005914643537865952
2023-08-14,0.0007976607492900371,0.0030831343021144176,0.00545766410490486,0.005787654944076249,0.003440994623650459,0.003291112937711508,0.000564990660980962
2023-08-15,-0.007525857359392643,-0.008027768706696768,-0.0062008322966136155,-0.00888941731787517,-0.00818972685814509,-0.00834171918607606,-0.008893699625080475
2023-08-16,-0.004653425188771799,-0.0008742674826886945,0.003540789740955724,0.00390758138108667,-0.0008271486705781779,-0.0010844073703082766,-0.0011920142235227226
2023-08-17,-0.00502549625757166,-0.004968580228048466,0.0020850848526592154,-0.00029355123505071627,-0.005680794066436582,-0.007637760962199556,-0.00434012820329008
2023-08-18,-0.002582326002270127,-0.0015089675596557013,-0.003328579332486666,-0.0026268787434319783,-0.0025889142662482087,-0.0027133460801291227,-0.0003479374290548269
2023-08-21,0.003755505471538222,0.0011630289747174675,0.0048963637534691655,0.0035155690880734197,0.0024015398184002996,0.0026073702672480647,-6.291622036392675e-05
2023-08-22,-4.2647308170992455e-05,0.003652677003327164,0.00842925682126583,0.006909458021263961,0.0054230286454936055,0.006714211718319312,6.325411310855377e-05
2023-08-23,-0.002373968358163126,0.004223858809568852,0.0017066900816101653,0.004618719663726209,0.0028341698738144935,0.003240781636536868,0.006092458725188926
2023-08-24,0.0010866963453565277,-0.002971799389322428,-0.009761830355455744,-0.005760329532532119,-0.0044848594531233694,-0.005646617462080065,-0.00014061471608863344
2023-08-25,-0.0007474617397900052,0.0019905989525941417,-0.0016404705057312386,-0.0006314065788853057,0.001192315254658888,0.0005212925062333899,0.0021213013357085455
2023-08-28,0.01152122392593877,0.008837511491451506,0.0066583640705998115,0.0066721470531847585,0.010855227971694942,0.011713730958141278,0.006821119168857296
2023-08-29,0.00665507542028494,0.008423447321589046,0.014958973884229964,0.017107611262787367,0.009487737758793323,0.009672988257648337,0.0066719985044809554
2023-08-30,0.0008024922010764638,-0.0013105027325473221,0.003575371786179078,0.0002842321288119569,-0.0007217873214519419,-0.0011151676239414823,-0.0014684721356886764
2023-08-31,-0.007349450042641186,-0.002404338678086668,-0.0008222140602240479,-0.0023737255057817933,-0.0023823555269530464,-0.0027522746958116113,-0.0027249483944692407
2023-09-01,0.0036660364374486005,-0.0011758440038816794,-0.0001551077897403233,-0.0033632796580802087,-0.003428294614934444,-0.003165062324005483,0.0021871307077939474
2023-09-04,0.002100230385747589,-0.002099200440910092,0.0008648198873331623,-0.002048118523518925,-0.0008817673153306083,-9.685492675993047e-05,-0.00268619906215145
2023-09-05,-0.009802349300317701,-0.005562409379557853,-0.007645352083404281,-0.005161307449841933,-0.0036865704468240536,-0.0038757363798224012,-0.010099244405950935
2023-09-06,-0.011164366645840376,-0.0035211091200021286,-0.006522882557514673,-0.005031989489332668,-0.006942916399266354,-0.0078039968418362315,-8.961375851010097e-05
2023-09-07,0.0008042416393052407,0.0023864244925370028,-0.002954641376631717,-0.0002504756893916245,-0.002704676284329274,-0.004660971657580455,0.007025790851045845
2023-09-08,0.0011141550056949542,0.0022230331314814656,0.003831626387609182,0.005617712232899898,0.0025718795380590092,0.0025693389618981696,0.0022844046889279115
2023-09-11,0.00588669687479582,0.005449704492425384,0.009230058001588414,0.007341255124096481,0.006028874984302059,0.004839694390616082,0.004419627597252066
2023-09-12,0.003782948804708805,-0.000331593332934072,-0.005496276630457781,-0.001161392012650063,-0.0015911266492741175,-0.0016684452147996348,0.0014873893538129867
2023-09-13,0.002579034590176555,-0.002954453488525469,-0.004244640948950223,-0.0022213174229012045,-0.0029394496467494936,-0.0033396388284847277,-0.0026363490272544128
2023-09-14,0.014111797901525117,0.011006179789483896,0.013350345100162885,0.014200633866033346,0.011810566503034556,0.012184456377679653,0.010487344729741756
2023-09-15,0.006833459514788591,0.006122817820209968,0.00814216242216669,0.0064479115799817195,0.005334603720262298,0.0049495974997726495,0.007329573699457769
2023-09-18,-0.004968957090497854,-0.007441765568713873,-0.010904427207930452,-0.009914758295371324,-0.009619105389819757,-0.009844965764367533,-0.0042638764948186875
2023-09-19,0.005556964774102134,0.00017793600045076796,-0.0038571295152066898,0.0018642845140154313,0.0007872653365820907,-0.00019704021207729612,0.0002823224657824973
2023-09-20,0.01131072113375972,0.00922903228697582,0.009799716357301489,0.01016958980649286,0.010373887669265109,0.010585426446182787,0.008477206362318817
2023-09-21,-0.0043724759879240245,-0.010400238018978903,-0.014831070435037941,-0.018407078973201742,-0.010782472361929857,-0.010060792391181964,-0.00828093300772132
2023-09-22,-0.005409822293382114,-0.005961880309356066,-0.006756640926583938,-0.004888553679306186,-0.00549320030641437,-0.005504731574808489,-0.00840096687934785
2023-09-25,-0.004419317390046317,-0.006060270995850137,-0.005972748077512174,-0.00852323630026267,-0.006671524746953433,-0.006235265879356169,-0.005720785979240425
2023-09-26,-0.004813867885033611,-0.005945193255550264,-0.009429905928748624,-0.006005961040833662,-0.007781694283552867,-0.008779259996651629,-0.00469379960923188
2023-09-27,-0.0033879772470633103,-0.00575220819080601,-0.0013256083693301353,-0.00586229251068358,-0.0024093498773376555,-0.0018275983150944516,-0.009957168835266136
2023-09-28,0.009589325920800052,0.003649656948001119,0.008893152567548045,0.00505838386717668,0.006613205674120796,0.007122604383593874,0.0013598207412392092
2023-09-29,0.0010433873948935716,0.0027248895491924934,0.004265759283694761,0.004291363151845654,0.002246195619973038,0.0029723404305470004,0.003691586823442621
2023-10-02,-0.01054478551675751,-0.009631367288382394,-0.017431674271390668,-0.021523660577354015,-0.009741502541565751,-0.008996759610334682,-0.009703388517530977
2023-10-03,-0.005846352820888978,-0.008430035181955444,-0.007436578297194626,-0.01106094732223064,-0.00972654615696709,-0.009940257391606578,-0.004772014659415729
2023-10-04,-0.0021321749514464474,0.0006541841210569942,0.0017060060527404968,0.0015427285901947463,0.0004627819368238071,0.0014105931589209547,0.002685732780585461
2023-10-05,0.003199260754630358,0.003603803593067629,0.005279151310695861,0.005434962451736682,0.0018709988488798328,0.0013755150937454718,0.006460472487409188
2023-10-06,0.006940786760273266,0.0042299336790695636,-3.484401261940164e-05,0.0015151729702767513,0.00807061157561417,0.010139091364676958,-0.0029342475446174398
2023-10-09,0.002823813470880797,-0.0010197376918214464,-0.004397516307258006,0.0008308070492084077,-0.005916415784956151,-0.007174309237615586,0.00584751094624278
2023-10-10,0.017554191633282888,0.018288843787569606,0.022248095978643745,0.021562076499595014,0.020891120172188353,0.02168318446470989,0.01562978584086568
2023-10-11,0.0029943550194610757,0.0025861235892596993,-0.004568510635162332,0.006922931848957103,0.0008915651238075855,-0.00019659988584046686,0.005646245255792448
2023-10-12,-0.0013064272419584823,-0.0035816133950553426,-0.00911923325314725,-0.005810172292307615,-0.0025609476964805005,-0.0013783942683130803,-0.008640438308115781
2023-10-13,-0.004686953450327125,-0.00826031745149428,-0.010481821375524749,-0.008136340697451342,-0.011872534598656044,-0.013347385785029494,-0.0031278250979271454
2023-10-16,0.0029552257851658548,0.0032928130620487293,0.005888272628832809,0.0038903846481817463,0.004903990901279332,0.004533747626899701,0.0016728526443793657
2023-10-17,0.001096740917318886,-0.0013969164452945653,0.00029689197420626045,-0.00024039273667140926,-0.00036158620260656716,-0.0003978966663774132,-0.0031843524277151546
2023-10-18,-0.0004163039161831026,-0.009639744765156682,-0.008394175162371795,-0.009534945957323359,-0.011401951926443905,-0.012700593787081996,-0.005675725901588361
2023-10-19,-0.009853279124617479,-0.009778600536544467,-0.010401494008938715,-0.011606718512848163,-0.007252035355417408,-0.006520419392790246,-0.01358585600950524
2023-10-20,-0.009196373833121864,-0.011787675149647096,-0.008691436287757755,-0.007189324356162451,-0.014860306524515424,-0.015982046918414813,-0.008010976318924383
2023-10-23,0.003120028656482452,9.648615344420484e-05,0.004307820407913773,0.0001904825671411427,0.0023583194106341298,0.0033357752128933098,-0.004537661631865852
2023-10-24,0.0005480088849212299,0.003511934808543165,0.006491478065807421,0.005322430045458809,0.0025501148802533286,0.0026007491665518143,0.005056811832750042
2023-10-25,0.003992365881422901,0.004499984946301327,0.0024129782150892707,0.006067177562640494,0.002083344155731655,0.0024228141323994626,0.006626067057230095
2023-10-26,-0.0009344908326391953,-0.004685514359960919,-0.00409821828191696,-0.0029147928970897964,-0.004374221954968833,-0.004176093931338358,-0.004913611547967318
2023-10-27,-0.010129824360116975,-0.011836358881582878,-0.003160223053436192,-0.006687166914850932,-0.008144619634596905,-0.008249480731631842,-0.010985785000311693
2023-10-30,0.0065977475989616435,0.006254201678597711,0.010271639048466412,0.008446168653730074,0.004821668889264934,0.0031100576924838735,0.007381721355586272
2023-10-31,0.0009599780019145868,0.002518503036644292,0.0031328183325626735,0.003545261681587006,0.005617181767649525,0.006183206328815414,-0.0028958432952685847
2023-11-01,0.002953125087734653,0.00626289830985638,0.005971453028962778,0.0037250704704443016,0.006755462608381773,0.006947856887727389,0.004391775685223503
2023-11-02,0.005160044415397096,0.014880856103402484,0.01863863876737174,0.020700666955073235,0.017078645854995925,0.017526378349694387,0.011811037675802938
2023-11-03,-0.01719902275980681,-0.0014381664219914525,-0.0014579513180727102,0.00044920270188528676,0.0026210186710665245,0.0018159830439895548,-0.00558196403470433
2023-11-06,0.0019674744902136404,-0.003216887059655552,-0.0029866735873169507,-0.004369675520169944,-0.004670266962540642,-0.004545016308385756,-0.00028172730727104277
2023-11-07,-0.0032075571442386113,-0.0018594508819896713,0.00019783814606316426,-0.0011364935338182946,-0.0010952906366270964,-0.00028805498486793996,-0.0018747438351787115
2023-11-08,-0.005536361948705591,0.00011408884643729997,0.006741919841029142,0.008254068727701428,0.003500166723502427,0.00441967433639222,-0.006191909169462353
2023-11-09,0.008080081538264502,0.006989135537220493,0.006011103497854084,0.008063072325698969,0.008237176654819097,0.00957157235083317,0.0052657079980859
2023-11-10,-0.0001662406973309133,-0.005313460375830802,-0.013439425058167906,-0.012062886669882767,-0.006144722244602092,-0.006318966617045622,-0.004191148273206921
2023-11-13,0.011179570566613445,0.005885906644506787,0.004218427035831098,0.005580326176207567,0.006525521012354977,0.006116562470141303,0.003932231960703371
2023-11-14,0.00043946115285930685,0.010405301668937472,0.011393152639800393,0.01272202561437901,0.014627433870432678,0.014944453437929012,0.0039653070921896825
2023-11-15,-0.003950792757655513,-0.001648802707023042,0.007097862683652452,0.007484725306483565,0.002785472614989808,0.004003925056091044,-0.005198618009186352
2023-11-16,-0.005100691357007727,-0.0013569379923565532,0.004883176834061272,0.002617601935932005,-0.002332403028999948,-0.002217314721303926,-0.0018195523899263745
2023-11-17,0.005868011506085191,0.007614681761702866,0.009785865291876104,0.008653587337305556,0.009034304072534572,0.009097070932146675,0.0049575076632937705
2023-11-20,0.006114202987395437,0.0027529593956486195,0.0010956033785443878,0.004320661374485365,0.003034443163294615,0.002935618599834478,0.002068887828474642
2023-11-21,-0.0005503537483777096,-0.001229822987619221,-0.006935472417046309,-0.004541150561553008,-0.0031479332850492805,-0.0034039193183001294,0.001144805880763255
2023-11-22,0.00019770254583940678,0.004681192810547502,0.005148058695923484,0.003769482446884808,0.004813845924267337,0.005316039235119939,0.0054288691245480735
2023-11-23,0.009151489413967097,0.00399173733116438,0.004820639975985868,0.003947326573924679,0.002868786400930773,0.0026371293103723,0.005730898019230487
2023-11-24,0.004444264800223795,0.003843651455067083,0.0012068299120009567,0.0020543092595541766,0.003667553734302454,0.003402964838699907,0.0038593366125265786
2023-11-27,-0.005280185891294007,-0.003527615887053767,-0.006318498328499316,-0.004909322780626829,-0.004249607653439005,-0.004384494385961087,-0.003994523020835659
2023-11-28,0.00011332040580166753,-0.0015762621774485371,-0.0045314188931919715,-0.004304683559220198,-0.0006042315769550471,-0.0009240015500172716,-0.0029831003006444553
2023-11-29,-0.0023760333048791034,0.0020107732710896364,0.008464013303465228,0.007137245263204623,0.005643334732896064,0.007016638546254825,-0.001139906381338142
2023-11-30,0.0034343520114683782,0.005538386867656776,0.012924501226498386,0.009600820858175005,0.004293351705811573,0.004502709785554204,0.006994330056486947
2023-12-01,0.00757488207012015,0.008539922890933522,0.0033788956892123806,0.0025685631135146597,0.009148727432252868,0.009416986267890724,0.007589778613427307
2023-12-04,0.003965905919577063,0.0049173477644315925,0.013634167898002435,0.012248151948691447,0.002892409820504678,0.0023338536832369612,0.008364038566877157
2023-12-05,0.0002955293285447154,0.0034864303019059694,0.006434077004377568,0.0065901596971860155,0.004889840153245838,0.005702205845753342,0.0020629014109500767
2023-12-06,-0.0003405602024331819,0.0013841447778215003,0.004014620518280629,0.002627998906756533,0.00469784049018571,0.0051433409998926476,-0.002523934821038563
2023-12-07,-0.005316302714641529,-0.0002430073788903394,0.003909393698421129,0.005016114179512652,-0.0008496345053891855,-0.0015453459030021995,-0.0007838387652868433
2023-12-08,0.008011691969859375,0.0071195680735080345,0.010915863904820505,0.010477242368507163,0.009033949923275247,0.009239169084055966,0.004913311069161004
2023-12-11,0.002965606315553569,0.0017138168056890133,0.001672081847041466,-0.0007161529829541193,0.0028742034123158335,0.0036346843462933746,-0.00039317996869133603
2023-12-12,-0.0032217063356785054,-0.0005951747567911825,-0.0006899634174230766,-0.002029937610262645,-0.0009051822180762698,-0.0002688846578294594,-0.0013897924476306608
2023-12-13,-0.0014682628242701883,0.0002696363772638242,0.005838700008580766,0.0043788976503005925,0.0005519522994929239,0.0006795408708042019,-0.0024190320960192917
2023-12-14,-0.012656106684490444,-0.0014364530437508025,0.000502769865804991,-0.0006475697289939446,0.0037289714813528913,0.0032986939205147028,-0.0066885472482161356
2023-12-15,-0.005983530575551494,-0.003956513825491641,-0.0041219194791813326,-0.0030591088451315603,-0.0020237909653138893,-0.00038024516436681094,-0.006764710173110534
2023-12-18,0.006783162576796705,0.001162491558834363,0.003789999843490045,0.0039147729718449166,-0.001931488580787869,-0.0035147415431942093,0.004360410597122871
2023-12-19,0.0012381660976652897,0.0017148558157334076,-0.0019470444011205391,-0.0013832581475916352,0.0039676230258630756,0.0040896773142849435,-0.003767845376287019
2023-12-20,0.005856901846292469,0.00026988843905799783,0.0028358210636380116,0.0024796891196839322,-0.0005362549193014354,-0.00029118723274460125,0.001241024775795255
2023-12-21,-0.0024370137250177403,-0.0014471221303616639,-0.0011257594212313285,-0.00048115856574785127,-0.001640213945244502,-0.001371087034001208,-0.0014747084767775943
2023-12-22,0.002356989979134472,0.0016614049200953415,-0.00016856825900097682,0.0012065827952701157,0.0009337635862602644,0.000799622953047895,0.0018410884552015712
2023-12-26,0.0,0.0003508075255988078,8.723301419838976e-05,0.0,0.00041032369765438357,0.0003523323457503925,0.0002567107901547066
2023-12-27,-0.0013341575918224822,-0.0008643370148509496,0.00042987265976755806,0.00016707448138863297,0.0007401213454011607,0.0008770806423486437,-0.002950264469507941
2023-12-28,-0.0029686655662867437,-0.002214737368942847,-0.0011746818834445592,-0.0018467299471965587,-0.00313929598293252,-0.003102273521187612,-0.0015889726101553335
2023-12-29,0.005207599964755741,0.0033917569654358715,0.005545451829484102,0.005345423452383152,0.0025466287126751793,0.002482976855347274,0.004280796835094253
2024-01-02,0.006227650883361483,0.002872765736466826,0.007139036249145825,0.00684988228215155,0.0015525677685892534,-0.0005298669671190384,0.007168120383608357
2024-01-03,0.0015714156330880605,-0.0003314976366009075,0.009790953221037502,0.0092433294302535,-0.009591155033497724,-0.012161255456664116,0.012022252170352202
2024-01-04,0.012887970154309805,0.007460859192389436,0.004339368088860844,0.00473604140763836,0.007216860440817479,0.006377278053161279,0.007397929476919248
2024-01-05,0.00043053126231487235,-0.0026605479971624755,-0.002758527341989333,-0.0028945220661897495,-0.002580554440640821,-0.0032091919203008764,-0.0021303762092493347
2024-01-08,-0.0019592453893489577,0.0030308675563095844,0.0044250275579350035,0.0041831476829364625,0.004810713816571231,0.005145510366164515,0.0010432232937841023
2024-01-09,-0.00446734001499603,-0.0020533328645857495,0.0027229969182966593,0.0018003596088412932,-0.004837235342010862,-0.005115056733447983,0.0014048786080235955
2024-01-10,0.002338586191135886,-0.0011694296408276648,-0.004899159973648781,-0.004793105989471505,-0.0011828334365320222,-0.0008336182329158233,-0.002462265982766507
2024-01-11,-0.0039931069224587185,-0.004492924699628767,-0.003411216691518688,-0.003772064356392684,-0.0057709827482726106,-0.006049587072465367,-0.0033417201195529694
2024-01-12,0.007962646777811205,0.0078048842802100294,-0.0008286917203738516,-0.0007147506367087262,0.007134759186341302,0.0074026948080313385,0.006588884098712161
2024-01-15,-0.0016468185275145238,-0.0018749073467557336,2.2357536251741122e-05,0.0005800483240277195,-0.003029124841885314,-0.003404011161847452,0.00023648304680673476
2024-01-16,0.004099286556644898,-0.0016972297436786382,1.5072247407830341e-05,-0.0005686275041017689,-0.0032943349706762146,-0.002474005033501001,0.0011850065390223848
2024-01-17,-0.0023754806314533845,-0.006202840999275965,-0.007762835391785027,-0.008094704733136615,-0.008054535059369858,-0.007840325027057882,-0.004381194169791882
2024-01-18,0.002893845028465856,7.636446585205541e-05,-0.008809336018205776,-0.008815808006362115,0.0069889348698274085,0.01010290311011542,-0.007267114496656066
2024-01-19,-0.0040409359121996065,-0.0031179784829557956,-0.0036421919565856643,-0.0035484512434821687,-0.0032530286862852463,-0.003142961939050307,-0.003111872123958666
2024-01-22,0.004346759494734576,0.005678400474087317,0.004035932539389669,0.004104029125721043,0.007510616744411057,0.008926703550594961,0.005634296910989711
2024-01-23,-0.004222714453312845,-0.005249339529716732,-0.004282254183650407,-0.004098543884500623,-0.00273633870330584,-0.0027143698451973946,-0.0055580654138421
2024-01-24,0.01076657297142041,0.009018046834407307,0.0032030264269270565,0.003545043091429882,0.013183816419734764,0.016742162778358213,0.0047630894338855576
2024-01-25,-0.0013970236346449953,-7.925517341264628e-05,-0.0038689931397582634,-0.003903188890373681,0.0006601977183322671,0.002288359386476306,-0.0005340899112390002
2024-01-26,0.0021357825102647867,0.006803817927869922,0.021903467662391873,0.020998218738025612,0.008340573070151276,0.00803732056267473,0.006029311396713148
2024-01-29,0.004388864776856207,0.003355730490015193,0.005317459490494308,0.005231567496855011,0.0012894320239385773,0.002210493166285689,0.005132387375890563
2024-01-30,0.004997540310294386,0.0022448240723684392,-0.0003305439230441795,8.659644819855876e-05,0.005282946254186945,0.006255677481107362,-0.0023208892804803486
2024-01-31,-0.010511958541168823,-0.004075735180209149,-0.00016789605562556379,-0.0002092299494934986,-0.002771668945550886,-0.00368640054407431,-0.005750332937904387
2024-02-01,-0.0023467663794808206,-0.006007610077881012,-0.01835916214426204,-0.015408387024144534,-0.006855341351452165,-0.0052624229481475025,-0.0032808490132682903
2024-02-02,0.00017181629115071246,-0.0013500569854737537,-0.00038560973984612737,0.002361630154623516,0.0010397618326806008,0.0019295421078309775,-0.0023346389463535138
2024-02-05,0.01154083890820744,-0.001628578406991057,0.00037324063136038926,-0.0034154428976682343,-0.0013843627024190319,0.0009486392113520107,-0.00033515095366815897
2024-02-06,-0.0003336139124118509,0.0028366761368481637,-0.003610646164993417,-0.005420786213641674,0.004730843107002206,0.004393933127004942,-0.0004656834000884745
2024-02-07,-0.0057638223300678065,-0.006346668467143208,-0.005225181003068435,-0.008248283264171387,-0.005862020549448272,-0.003937205845374789,-0.007811875423921311
2024-02-08,-0.0034605860221263566,-0.0022635427248736783,0.0027967075952975767,0.0007825095555117881,0.0018833034122267196,0.0033886291455069908,-0.004211068523678472
2024-02-09,0.004154841478376873,-0.0021378587951971137,-0.002373840766431121,-0.002071875861976492,-0.0009775502861346062,0.0007577619452770159,-0.003552406520090469
2024-02-12,0.0036462896059586366,0.005124691836020838,0.00834778796757184,0.008680194705761504,0.006293083957411182,0.006123893713246326,0.004023371283752004
2024-02-13,-0.006688763107390099,-0.00745444183755159,-0.012167350678109413,-0.009755111699086471,-0.009197449888729229,-0.010669450181607091,-0.006913422693518024
2024-02-14,0.006448239233684746,0.002961054405240326,0.0014252568181691186,0.002001178741777394,0.004658980323346169,0.005809702060767974,0.0018900645476168372
2024-02-15,0.000917131710189266,0.006304483050622532,0.009491696837468446,0.008151054990945976,0.006427691859951267,0.006345842861030427,0.006095692375783647
2024-02-16,0.0035812479980207425,0.0029168912147724845,0.0046306175116563745,0.0024512719292980765,0.0035265932807946963,0.004969701058770405,0.002840607105356075
2024-02-19,0.004486339716630934,0.003535550922639388,0.004377128966069304,0.006416169598234949,0.0009372414583765031,-3.4418267607183735e-05,0.007815765164478322
2024-02-20,0.0037749355223145936,0.004981094154865207,0.005553677197294183,0.007562749365306008,0.0026144368583758165,0.0010296881516926306,0.006726483181605821
2024-02-21,4.3504902511161246e-05,0.00031701766417376417,-0.0007495283360591127,-0.00045617140110513425,0.0020721295020383326,0.002069949785392849,-0.0026298018173156468
2024-02-22,0.0033783814448802097,0.004097756706258638,-0.002483321404850693,-0.007118374952028293,0.00956051530669348,0.012100867578831045,-0.003920580786792537
2024-02-23,0.007646662089813904,0.0030382374163431558,0.0020524926206316086,0.0002468386095494991,0.0037673462863709083,0.0037500691592383473,0.0027430095277357156
2024-02-26,-0.002532973923261281,-0.006677690367190927,-0.01443863130627092,-0.012872922192993706,-0.003810431241079553,-0.0027167747742593683,-0.01152795274900283
2024-02-27,-0.0011844666660001614,0.0007780462462449706,0.002284500622273694,0.0022318850125533,0.0026064478772103473,0.0025792870335071263,-0.0017057162285371676
2024-02-28,-0.0011213456783337407,-0.0029336523257376948,-0.006498320003104583,-0.00506303212670123,-0.0009570339242153845,-0.0010755182486311024,-0.005330127715098346
2024-02-29,-0.003031571020639796,-0.000108084905059558,-0.002622176908857173,-0.0005452119849975733,0.0004684332094503197,0.0011661746600194413,-0.0025531939784871924
2024-03-01,0.0013431499636129452,0.0029832466437969976,-0.00029105493473404625,-0.002964144659929316,0.004586029919706185,0.005807719352881092,0.002171586613334285
2024-03-04,0.0038566958315627586,0.000740220680079772,-0.0036200950639461733,-0.0014557208548859034,0.001636507410185582,0.002922297171236219,-0.0014299785563577103
2024-03-05,-0.0013019890535804293,-2.186188503505267e-05,0.0034128483472468285,0.005742284977151393,-0.00132081985138481,-0.003303366486508265,0.0013520991741841214
2024-03-06,0.004326215912626656,0.004260791352391511,0.004288719092896046,0.004684859594755264,0.005216534774127334,0.0054255846764808425,0.0033696183043689133
2024-03-07,0.005684703398202574,0.009331606569561302,0.009839816935482245,0.011505019252577346,0.01029962202588148,0.011732614763335104,0.008348355394285025
2024-03-08,-8.549696653871523e-05,-5.305229709047843e-05,0.0035351193779142704,0.003133649957314584,-0.00044232964225438107,-0.0012091376402285042,0.0004358805012513315
2024-03-11,-0.0043527105305336605,-0.0007518085726286027,0.0033628151599976908,0.0033557703917325905,-0.001574260742685552,-0.004096754559405002,-0.00041730720811662507
2024-03-12,0.0091691898917657,0.006263913161078104,0.005422347990655354,0.001984949081122275,0.009967617809548229,0.010877426646154691,0.0011780583860093766
2024-03-13,0.002841148122941142,0.003218387955055184,0.0008169287796785189,0.0027315360930755955,0.004385386512437661,0.00415715228446283,-9.378090869589047e-05
2024-03-14,-0.0012092249850420768,-0.0042012471312378,-0.005952983621603564,-0.006371697273712375,-0.004315119041381708,-0.003226449308412197,-0.002848952417179647
2024-03-15,0.00028061483085561705,-2.3685168026010275e-05,-0.0013824632851140314,0.0013968548072260784,0.0010946390439728526,-0.00024020147348127437,-0.0016234757134663293
2024-03-18,0.00024621802626782616,-0.0035282428313336456,-0.005605489575892463,-0.0045897317815452076,-0.0022105956902992953,-0.0013225039184547403,-0.00550645736633903
2024-03-19,0.007857995819356003,0.0038193658548444902,-0.003724088707658287,-0.002095650484811744,0.0044541066969197565,0.002821228417544763,0.002469914635399571
2024-03-20,-0.0012897473006274096,0.001037469726359262,0.0018252875192432045,0.0018459308185049552,0.0005400435056089754,0.00018932569639003562,0.0009772908092264014
2024-03-21,0.009233314652726952,0.002137405002003548,-0.0033128608213410073,-0.00237074202427662,0.0049466381966730205,0.006977657224919296,0.0005330272036407416
2024-03-22,-0.0032131523715832077,-6.092347993124063e-05,0.0033269911631854223,0.005060232018756565,-0.001132895349010957,-0.0033248186303357972,0.0021362277712298292
2024-03-25,0.002359121107686275,0.003743128526241589,0.008966704943585346,0.009556699078742986,0.0034208740309182952,0.003068186534925263,0.0031226239646733774
2024-03-26,0.00409287989331556,0.003265030733067226,0.004496609028220455,0.004268649027024661,0.00364954330852041,0.0024247243289944446,0.0027102147401938843
2024-03-27,0.001871867037944556,0.005175682313543065,0.004914518015306883,0.00611402046013382,0.004935077346733176,0.0034366990374432795,0.005617619020971907
2024-03-28,0.004521120694731641,0.001961551131692862,-0.0014471619937310054,-0.0027172376639255317,0.001883963782890229,0.0016894582154105336,0.003082029998836785
2024-04-01,-0.0005588731298905406,-0.0001320517158311521,-0.0021127961268425817,-0.002287602764917913,1.5348316462243146e-05,0.00010661994093955327,-0.00013815738331221346
2024-04-02,-0.0027011922058538095,-0.007342233468008597,-0.010241301953727702,-0.01090918124604509,-0.0062843373472383935,-0.0069829568129689094,-0.006882759742296494
2024-04-03,0.0032916196487246794,0.0015694924710598728,0.0015613781621613971,0.0022264882958480583,0.004849334051527981,0.005256211217545002,-0.001138754435633963
2024-04-04,0.0037114960438130056,0.0013387764429208524,0.004019648031694479,0.006233032466156716,0.002223850861049781,0.00150313243116433,0.0028158266257130938
2024-04-05,-0.010740202998320465,-0.012813609283140617,-0.012768241613860528,-0.012263430422373225,-0.011994695600097296,-0.01096859143131469,-0.01465360419717144
2024-04-08,0.0034314719876808127,0.002982743864020272,0.00127707535863998,3.071105742054813e-05,0.005146915091728106,0.005678433897360008,0.0006060570705853415
2024-04-09,-0.01139361931136072,-0.0035286560792556388,0.0008489338617780124,0.0005545699776075341,-0.006975649339981501,-0.008875950118677908,0.000327862872809436
2024-04-10,0.002192720737346012,-0.0005157464857946037,-0.002272772566001709,-0.003744628110469237,-0.0008461049712829934,0.00013279671179091887,-0.0004567201134615367
2024-04-11,-0.008579094911604083,-0.001841916919490138,0.0024009024033996257,0.0018942678822021725,-0.005128087805368021,-0.005676536460013087,0.0009135840088284042
2024-04-12,0.005595731418076853,0.0011301692580796628,0.0027253356567782236,0.00326026943103443,-0.0011412295481313922,-0.001852971059272017,0.0037142541359356388
2024-04-15,0.004945293085848087,0.0025768790502837396,0.0016406257955887916,0.0006414149841579937,0.003937729675105532,0.0050079743835238,-0.0004505755827631762
2024-04-16,-0.013231155039513512,-0.012240352691064426,-0.011955062573343268,-0.011383477058673068,-0.014122960220034236,-0.013843381660107804,-0.009575842544658405
2024-04-17,0.0060286923149599735,0.0029768876556066364,-0.0017273945607688235,-0.0009728380372894464,0.003144216797950883,0.0010819439881953714,0.0038187025437676192
2024-04-18,0.005146737481053576,0.0026078305874436933,0.0010077387969554485,-0.0005621743659713703,0.004327880618985949,0.004719839990688575,0.0009831355120745748
2024-04-19,0.0006808246468279499,0.005018492823280586,-0.0001292125881760617,0.001360514639227842,0.0005845543668265102,-0.0016516530679158944,0.009279710359336436
2024-04-22,0.01244481353405909,0.011357571257302747,0.011164565918946798,0.010667516902811057,0.008846319638436241,0.006530313003544514,0.014974116242171435
2024-04-23,0.017805827643040836,0.011568816795241322,0.009939060651774977,0.009901086121168107,0.013581004439736465,0.015297021323004117,0.00898569767177445
2024-04-24,-0.005462720519168326,-0.006487639646563711,-0.010545375853520361,-0.005706469562267684,-0.004313406722854641,-0.0035573910710600715,-0.006363795823088063
2024-04-25,-0.0037979303461824045,-0.004791249008245166,-0.009572326768317773,-0.007164195707921413,-0.00593522434606146,-0.006541498154798351,-0.0043639819207648345
2024-04-26,0.01554579535941495,0.008724699378008597,0.011651744620091263,0.007707602890525517,0.011045879826236319,0.012478163404471396,0.007437845356647439
2024-04-29,-0.005544880939738336,0.005004500626609771,0.0021325131923022435,0.001224757101926573,0.005256292533009214,-5.8629294408796154e-05,0.0005092450794741826
2024-04-30,-0.008848868786312516,-0.00738432677434209,-0.015177346906837034,-0.013436491083521962,-0.011495332633188441,-0.012107434655092963,-0.003292168531672644
2024-05-01,-0.00048700689060358524,-0.00013026454639237638,-0.0021408912977595737,-0.002424677271844053,0.00011729799801981822,0.00014544637586489496,-9.926145719536941e-06
2024-05-02,-0.005962412583910666,-0.004710219042719405,-0.01609618376151497,-0.015277253047086777,-0.004084267450234232,-0.0048608484266959,-0.005791559252002008
2024-05-03,-0.0024089404320898596,0.004755921759237666,0.012117630383821066,0.010115226145109787,0.005567702500921901,0.006425056650650005,0.006060396954391355
2024-05-06,0.009898202397084851,0.00537930267119173,0.0030262679181487034,0.002533038239129048,0.007189976393988041,0.008298210532727751,0.0019465234116458232
2024-05-07,0.01248854379143118,0.010233724149996874,0.01179954538760628,0.01478713719268258,0.011869843907974957,0.013091652288980571,0.007698951305639265
2024-05-08,0.009048937589488066,0.005076759005006834,0.005068827026582176,0.004641712362349609,0.0028528164096997314,0.0030468755752655293,0.0068478677775951746
2024-05-09,0.007422337408755022,0.00538376850565938,-0.0029231063741740754,-0.003121710355008264,0.004224391913197979,0.0034832642999815563,0.006438233913734244
2024-05-10,0.008344127925648287,0.007523465316225301,0.010740416430075948,0.01026941181017001,0.006696547373710853,0.007875270755678771,0.0063416674034203315
2024-05-13,0.001029202020088018,0.0022852400546397277,0.001374399542876217,0.0018801406459905236,0.002104657360157167,0.0009934516080348764,0.002170975704501277
2024-05-14,-0.00210716415416623,-0.00019827215114148191,-0.005213828565477835,-0.004277472397523935,0.0021464905874431566,0.002044938990322413,-0.002486947454947003
2024-05-15,-0.0034566292010045096,0.0031834164003156657,0.010625209742530724,0.011453104196574106,0.004505546063870883,0.005078549813630725,0.0004860734636756239
2024-05-16,-0.0011205001344984115,-0.002361494224347055,0.0025985293024474356,0.0041235397819669875,-0.004177150718630447,-0.004324252355388801,0.0004232398850798455
2024-05-17,0.0020313598064102037,0.0018036333240267237,0.0027783621175989422,0.0023663434741267586,0.002099269165794087,0.0010760145035053508,0.0027513182845502553
2024-05-20,0.0025033614527915464,0.0026940611736048377,0.0012775429511103788,0.0007180304485172933,0.0018270939203303702,0.0023224460646990566,0.004179720009090591
2024-05-21,0.003137029047436345,-0.0017165129940463354,-0.004208194757678184,-0.002480991859787361,-0.0018577977779224316,-0.0020346907789615606,-0.0024213531931787193
2024-05-22,-0.006748986482732344,-0.004580996165755912,-0.003921701278337935,-0.004389056841830926,-0.005079940147101779,-0.004324546214379003,-0.00565423300660319
2024-05-23,0.0012505679877033605,-0.0023446816024985193,-0.001494163948795494,-0.002541459743268917,-1.6533143777734875e-06,0.0024339086787368027,-0.004670336011639907
2024-05-24,0.0025408271858658998,-0.0003674593955327164,-0.00036552331126076107,-0.0027446360813913285,0.00040260385264682524,0.0012040464898331116,-0.0014718911264331113
2024-05-27,0.0032176567266413007,0.0035582553325290683,0.003715738777508664,0.005611105789745728,0.003979911429045565,0.003571937461619993,0.0028649772311418156
2024-05-28,-0.005646773903107157,-0.006026419172001636,-0.007139910000715174,-0.006203517786095342,-0.00392467560362072,-0.003514477882219895,-0.007617341558521857
2024-05-29,-0.00742381074657613,-0.009741691718550083,-0.0066550738725868735,-0.00812544904943555,-0.011782923419951066,-0.012215419499785394,-0.007157945805731469
2024-05-30,-0.00020422952432312647,0.007394707360486984,0.0033069427569856016,0.0024192801713453158,0.007469250637613689,0.0061610849373207365,0.007891808637081672
2024-05-31,0.00943384085015847,0.005845438731904692,0.0006041066221365338,-0.00040165498326262766,0.002868237006117912,0.0020200809650510283,0.009735809871296915
2024-06-03,0.00021734738335633366,0.004444041004197101,0.00468445041241321,0.0065422950549502285,0.0036199880987928153,0.00382644674492088,0.006285618104222494
2024-06-04,-0.012402478859734035,-0.0026459020841078386,0.0023341209480591046,0.00014828069939398019,-0.007425203314264906,-0.008860036197205299,0.004736311751766655
2024-06-05,0.014261597488883553,0.011282260601178118,0.0177163089104296,0.012913795940090601,0.011716902894581964,0.015741776268233178,0.009996295054458659
2024-06-06,0.007600007548466858,0.004527604735317891,0.0025819009909029186,0.0016355531954843436,0.0064136743461677415,0.007868033200561814,0.0033682565405168965
2024-06-07,-0.0012259665689614363,-0.0023201175022501343,-0.00028409217521218824,-0.0006811608636036458,-0.0027964081064740746,-0.002192276507853084,-0.0030385299370957763
2024-06-10,-0.003079875094744,-0.0037747210289597825,-0.005097448395917835,-0.00595517173093134,-0.004030042569145592,-0.003934904145763338,-0.004010240818073379
2024-06-11,-0.00893428760267051,-0.007629693045768283,-0.007319434997718045,-0.009679500236090363,-0.010009833286828933,-0.010415019041971054,-0.007522357977535256
2024-06-12,0.01132486653492201,0.007161534205750192,0.005778945973505392,0.006862205823205049,0.00975913062626099,0.012836006736639696,0.0021445625306700327
2024-06-13,-0.014223268385807819,-0.011191956409797458,-0.006633643017813494,-0.010742732513986289,-0.017283047801095873,-0.018328470486372303,-0.005866902764199482
2024-06-14,-0.010049022215531854,-0.005448722758688273,0.0033819093435394337,0.0013944823869635956,-0.011762474105685553,-0.014056841417642912,0.002067315864683536
2024-06-17,0.006270704385938051,0.0024812652278865957,-0.0014486395834690856,2.6212990602071453e-05,0.005747951143127428,0.007505737037790058,-0.0013001520250127529
2024-06-18,0.010659996018255609,0.006317871724249621,0.005188623503482751,0.0073012999783725295,0.006728174091397344,0.007601409438319128,0.006165284198776922
2024-06-19,-0.0014001508098515653,-0.0006850848282691404,0.0022332624063005854,0.003186035998091126,-0.002142261996166341,-0.003195723203637554,-0.0004034420279474431
2024-06-20,0.009266955661932934,0.008006024068112535,0.0062808189367400315,0.004841294599523555,0.00938006272287646,0.010172429591044268,0.006612751158992358
2024-06-21,-0.012052737849261867,-0.007747689229749715,-0.007923458514168277,-0.008131084862201843,-0.009310478635039336,-0.011432752770789104,-0.0035368035301938843
2024-06-24,0.013267557072717625,0.008535364163562095,0.0059030053842267505,0.009517089354272739,0.0098170703407315,0.009294178189140457,0.0058193092821324215
2024-06-25,-0.005172353567859016,-0.0032230649714187986,-0.004466333642405531,-0.006130303864612919,-0.0037843995087934643,-0.0035724635858920073,-0.0024491039022118055
2024-06-26,-0.0037367722248467608,-0.005780342035291594,-0.008209510412708076,-0.007678461006973214,-0.005771555515047686,-0.005178945877363405,-0.006473293856586573
2024-06-27,0.001388756433540422,-0.002773548847913249,-0.002641882772309086,-0.0013501325139769615,-0.002798833241211745,-0.0017747890545716956,-0.002907214995280479
2024-06-28,-0.0008386593572908526,-0.003465496815185255,-0.006229723736127651,-0.004588688567287208,-0.0025235499882693183,-0.0019958703668408496,-0.00357808018531043
2024-07-01,0.008765696241830427,0.0052651439803131,0.008727546065281444,0.006673812952702851,0.007094338525933331,0.0068393536829226085,0.0038163187797540903
2024-07-02,-0.009837733908449485,-0.006516921448950375,-0.005248985318555837,-0.007577065130025234,-0.0057672318437392706,-0.005293141818862303,-0.006007812134286558
2024-07-03,0.004357661535745997,0.0050987237699865835,0.014601459804549997,0.012681306990829167,0.0092717462939905,0.009866883558353785,0.002270904155669858
2024-07-04,0.00935727163003015,0.004998985568091336,0.008524914266243161,0.010135167331462407,0.004999017293332779,0.004640975231267447,0.005576700023797055
2024-07-05,-0.005048247400403984,-0.0025787973994997543,-0.0015661419865670824,-0.002065115514532852,-0.0022703533463347574,-0.0021603760517873638,-0.0025689761168624444
2024-07-08,0.007450557936002617,0.0005960807880721356,-0.000540343413947112,-0.0004611361433452867,-0.0010146993803889384,0.0003066589545917685,-3.0486321600155285e-05
2024-07-09,-0.007382890792142886,-0.007004931569968115,-0.012283034596975741,-0.00931493030717248,-0.00960473966019255,-0.01024404624894413,-0.0045174087147213495
2024-07-10,0.00801202003833153,0.012801523634957117,0.020452877138381016,0.021251036623260493,0.011638655429867202,0.011689521791071907,0.017070125092137366
2024-07-11,-0.004441467570181836,0.0027573852987562712,-0.00045879197957085743,0.0015165267631571814,0.003615375474432017,0.0024244044829285134,0.0003905091493925173
2024-07-12,0.010706915349008722,0.009050557274956813,0.007753940614748894,0.006701636989373257,0.010542724317780305,0.011817467637288952,0.0062292568644650124
2024-07-15,-0.0036736499626844965,-0.009506581757272398,-0.01179211821267548,-0.013567073259635336,-0.01039679019467994,-0.010024257943772935,-0.009112938947200156
2024-07-16,-0.003364281586952518,-0.003181598581047285,-0.0035055155363749413,-0.004456540671916268,-0.003721719690743745,-0.003595479333983122,-0.0024304423357578084
2024-07-17,-0.00016501250653964223,0.0039029434916026747,0.004488357717374449,0.006593179517357688,-0.0006016570203846559,-0.006731508331788936,0.007443555287653139
2024-07-18,-0.0033592027677961074,0.001952853942060521,0.007807279388394156,0.011264228274168727,-0.00028470354527159917,-0.004251823174217564,0.006803499092361492
2024-07-19,-0.009325738424974205,-0.006658590714593496,-0.009125166320376068,-0.011537091673727365,-0.00807522719151535,-0.007855846909808478,-0.005326607136710432
2024-07-22,0.01596825244266585,0.010566755887233256,0.014246687500662037,0.01560547672368615,0.012202173779927352,0.013500257509196959,0.010030525145865138
2024-07-23,0.0033468730266156665,-0.001361454783513153,-0.003797739483216719,-0.0035842882474599906,0.0005651210900257258,0.0026608568668006274,-0.002922941658316618
2024-07-24,-0.0012340978888876982,-0.003769312210115959,-0.0014696625125919952,0.0019360736103484328,-0.005860985825412765,-0.008258375336065174,-0.0009132354423628753
2024-07-25,-0.0032091796182554515,-0.0010184786349678398,-0.029864424079735743,-0.02997588404326116,-0.007085170032774106,-0.010835912475208216,0.001041598249134387
2024-07-26,0.006219662126218519,0.00668446286293067,-0.005160710174571078,-0.008167732447324747,0.005720557786809353,0.007149427070573576,0.00520035253230321
2024-07-29,-0.005737835344956422,-0.0064500304437572166,0.0070423725118132175,0.01203163990736361,-0.006124180848779379,-0.007819132067982137,-0.005415718159056186
2024-07-30,0.009111636752617435,0.004486081751977079,0.009001679978176469,0.005312516009410096,0.0038926102814457212,0.004127747518107601,0.005731501877420702
2024-07-31,-0.0012792224512589256,0.0030570982993525842,0.005599141165599959,-0.003210941215486028,0.0029658756929531504,0.004978201396781244,0.002102044705613681
2024-08-01,-0.018251118024156063,-0.01229204285319966,-0.0132235623401806,-0.013198681778399828,-0.018508575504569153,-0.02012785036395321,-0.0048552737551706224
2024-08-02,-0.024858225722885572,-0.01205859149424227,-0.02323752566158246,-0.02296118328506498,-0.021570504564946018,-0.029077041004281757,-0.002734880956488806
2024-08-05,-0.02296326053889478,-0.02229102403507457,-0.0237055923404194,-0.024435373801056304,-0.020371379132149682,-0.018527422694424714,-0.025377270443422608
2024-08-06,-0.004530540000407575,-0.0013834227755084184,0.0033050136564354397,0.0022425158501926438,-0.0014499061534001807,-0.0005011683281620987,0.00010572405546946173
2024-08-07,0.030645759340851193,0.01960897583523142,0.018740551933216727,0.019066069006980553,0.019757548421448032,0.0214365390788825,0.01981676807533475
2024-08-08,-0.004512303632211756,-0.0004085441202984597,-0.003158107981514828,-0.0033685456659820396,-0.00011900486338038046,-0.00047195633265866824,-0.0011451784524135504
2024-08-09,0.0030034367590553927,0.001400073280509114,-0.0071523580797735855,-0.005819503792869826,0.0011772029338557512,0.0011560889182920214,0.0013424636164284134
2024-08-12,0.003428851796544916,3.6216679195098526e-05,-0.0004915591401116167,-0.00011233497943810241,0.0001218984281653192,0.0008273568543928564,0.0001056950960503962
2024-08-13,-1.6053506346314734e-05,0.0041848886135170795,0.004723627532176858,0.003781753719696726,0.004096308124654815,0.00447991930567029,0.003975580417608862
2024-08-14,0.006802270610354144,0.0038281599338155763,0.002450171299765173,0.0039585632433489365,0.0047922264360703735,0.00628397591158727,0.0028786875465062387
2024-08-15,0.009213415196520223,0.008118470498892251,0.008415300858025809,0.00743875163254131,0.011639108032365024,0.01270048930115494,0.004225820469145474
2024-08-16,0.0067026917874467695,0.0037944735579768887,0.004202753483538371,0.0031753170835053485,0.0058392583905882076,0.006249132254206038,0.0010489429069350195
2024-08-19,0.008054542158880948,0.006473106701692316,0.006122400951017323,0.006152218531651618,0.007648012318458815,0.0073962115915741184,0.004975882241120693
2024-08-20,-0.005381579878474579,-0.003222758003810464,-0.0025744205146184715,-0.004636316465555451,-0.002896464150631124,-0.0026078881033463662,-0.005084965261003357
2024-08-21,0.0037627909792881395,0.004002977037531944,0.009449608938839518,0.007579229072904132,0.005244937795097108,0.00546284729715332,0.0010021787057311517
2024-08-22,0.0023082720737920706,0.0005722874450310543,-0.0019846665766451704,-0.0036707962973700683,0.00041228983037044464,0.00032255950038087816,0.0001313958941190882
2024-08-23,0.006701139869358453,0.007257984912487483,0.0057272061686707435,0.005769463543025241,0.007934330662726585,0.00695669584764597,0.004525848554817177
2024-08-26,0.0017213015882277221,0.0009109756558223791,-0.000657808867464213,0.00047163651992805763,-0.00068169396638875,-0.002025201668594656,0.0028654225927470596
2024-08-27,0.0008733305394543179,0.002015775543197007,0.0027268623941634194,0.001618999616521289,0.0019355872931093518,0.0013813470879359114,0.0025645193549987387
2024-08-28,0.007588411989770544,0.004636412402033746,0.0035780460845641266,0.0023890966693048375,0.0023757073628743104,0.002722727070384608,0.006355485364993142
2024-08-29,0.008810423165725226,0.007040832007280586,0.010621551855127136,0.009815629658447782,0.00780445861128773,0.009314398260554696,0.006638145293790058
2024-08-30,7.707750590110914e-05,0.0005980547314259791,0.00047271747556209035,-0.00047799247051619393,0.0005437804999465763,0.00030835346315262,0.0008361221080161184
2024-09-02,0.0047375714586816026,0.0027878140975095647,-0.0002296400932645373,-0.0004729367083689557,0.0016252320030062843,0.0019276455452639759,0.0035595037419949337
2024-09-03,-0.010213257516125722,-0.007863042780120266,-0.011981619841272372,-0.008776355591656206,-0.01186898769560641,-0.013219022572905512,-0.0036860751019621983
2024-09-04,-0.0038407978222274163,-0.00531208737508894,-0.00762156927931202,-0.006163618220227087,-0.009052039918415676,-0.0116131532294948,-0.003553838720408583
2024-09-05,-0.004162713049738259,-0.0037232199385966555,0.0001340976831995447,0.006277763894044044,-0.00380672871658974,-0.00571807831209188,-0.00436138545282568
2024-09-06,-0.011557362056757144,-0.010434976079970435,-0.01680999550767129,-0.01589674297909937,-0.014872469485170054,-0.0167152640831315,-0.005798888438029183
2024-09-09,0.013483196898714276,0.0073921442090079705,0.006346340157071788,0.006227026694665258,0.007544824329544369,0.008446035818784442,0.006081707692769743
2024-09-10,-0.005445045015518587,-0.005453647623125343,-0.006041194347427722,-0.005142864475714232,-0.00831890550756235,-0.0072984810251766705,-0.005023246625151426
2024-09-11,-0.0011650858127395403,0.0014612003889884742,-0.0020609263268041873,-0.0012012763916080227,0.0035580946776999664,0.004181189948989112,-7.144276893118794e-05
2024-09-12,0.011334948986812306,0.004432999529286158,0.004149750855363067,0.00379605135046381,0.007901202735976838,0.010197921913236874,0.0025505097784641485
2024-09-13,0.003937192567092684,0.00496132393605048,0.00532941390282155,0.008568014714786569,0.006847965641686464,0.006618880695737439,0.002649104769939197
2024-09-16,0.0038954341111467573,0.0012339099706133844,-0.0017753728606217298,0.0014864196109412031,-0.0011361501407309077,-0.0018467191470519985,0.004063643144966124
2024-09-17,0.004159272320057706,0.0035814519652777295,0.006287228964402003,0.009294341517257478,0.006653050255764825,0.007074481399194745,-0.00016583135927001152
2024-09-18,-0.0049136498630427,-0.0052053468936674365,-0.004274462334966545,-0.0050451946584609605,-0.00397439868451523,-0.00463801041804412,-0.006338815027569813
2024-09-19,0.009341390279798509,0.0077638042603993705,0.010367248079510729,0.008674205002613112,0.014837449421470614,0.017141325066349113,0.00039873492015712474
2024-09-20,-0.0032208167738648633,-0.011511059593138036,-0.01755872651477364,-0.012985846481795644,-0.01474370389790093,-0.014882158001233733,-0.010884509208239464
2024-09-23,-0.001806926464162346,0.004211706261270837,0.0029905736091862603,0.004527655913891308,0.002180950887453343,0.0013341373058159333,0.006918374115946735
2024-09-24,0.005190018227194379,0.008701885435323563,0.008600799363120892,0.007652755168711306,0.011374102324940068,0.011604687189172446,0.005699349319330039
2024-09-25,0.0038983767138445155,-0.0012122814356357794,-0.0018973537109527325,-0.004216295052641471,-0.002610557258604873,-0.0010247007055646064,-0.0004162839768796989
2024-09-26,0.002346261258126009,0.007504895153653001,0.007831781458027374,0.013610724708409211,0.016987237384806866,0.01912191293349693,-0.0034258397812074667
2024-09-27,-0.002307987353520416,0.0052025236828530785,0.011114351300367779,0.008372589795735125,0.007717901727053264,0.005457558123392545,0.0031168166151256498
2024-09-30,-0.00527246792611328,-0.007024753838986923,-0.011250382008564102,-0.008739994899494131,-0.009766540395612694,-0.010107967569372918,-0.00638478865783168
2024-10-01,-0.006524318474095816,-0.005202505037830373,-0.011956875875408694,-0.011185974854367137,-0.009557626594273961,-0.010107589622700423,0.000782591907509238
2024-10-02,-0.0028442601972932255,-0.0008717035210702557,0.0029019103953189266,0.006037263127764123,0.0004921869979534154,0.0013066558540028596,-0.0014422125360583021
2024-10-03,-0.0030894495507011737,-0.007518883123335433,-0.011551526044151621,-0.007062202966200067,-0.008120318179990222,-0.00804723440235953,-0.006407588138293524
2024-10-04,0.003977518130435068,0.0029502079252747334,0.0034531691241198276,0.00459009840851867,0.006333143242653933,0.006384782027758708,-0.0005362278849603335
2024-10-07,0.001540813775900971,0.0025323484858416384,0.0009905464346470086,0.0033317979889221036,0.003027673765548525,0.002924571992373182,0.0037764338246224767
2024-10-08,0.006222394098552415,-0.0014806307806270068,-0.013577627810070814,-0.013455609412669392,-0.004401476118011167,-0.0028067241726182635,0.0008577250605258633
2024-10-09,0.007070595163167195,0.006284952791061224,0.008323291532789332,0.006769665615362125,0.006477031036179517,0.0069824797169333935,0.00635919363501301
2024-10-10,0.003105874022510399,-0.0014210967374408581,-0.004298298882770374,-0.0010582450932408612,-0.00155167903159046,-0.0012311664396778864,-0.0025716699300761
2024-10-11,0.007011984656066266,0.005755048016673395,0.008324209856128813,0.008294153014911777,0.006383994917683067,0.007214055691038201,0.004170956734974649
2024-10-14,0.009717597621750134,0.004803071219411311,0.0011667125881356728,0.001260890362087256,0.005578078178440405,0.007004630022773511,0.0013819384514326774
2024-10-15,0.005481180482174778,-0.002202601321728539,-0.017101802814748678,-0.018234071915889716,-0.008772321986442011,-0.013113510244014765,0.002215233419033343
2024-10-16,0.0017509886025224761,0.0004474287518794761,-0.004374126430636383,-0.0037004991395065147,-0.0017803563049330843,-0.003644946127932637,0.0033861117043992787
2024-10-17,0.004735864329894592,0.004882936762719726,0.005912451520869523,0.00546099259310805,0.005454624769271593,0.006561780399961457,0.004649579535294261
2024-10-18,-0.0020096520496744683,0.0028882241726222815,0.007570060863695573,0.005451104821400954,0.004627471863227762,0.005139605102112067,0.00044957148774042147
2024-10-21,-0.008854449627987784,-0.0070621111217659465,-0.00872783592648721,-0.005996764227915744,-0.008401194026455956,-0.009132153158941144,-0.004610870661818154
2024-10-22,-0.009692940353242618,-0.003959167838169653,0.0035560231111712755,0.0036205722747448777,-0.0012169544808317122,-0.0011807650627515243,-0.004926970007190944
2024-10-23,-0.001755420927853748,0.00018291153674695218,0.0023145326137519783,0.0013907532638534072,-0.001987013939338333,-0.003074282799157785,0.0029447739766795024
2024-10-24,0.001624167709342441,0.002157010184695902,0.002952930862596736,0.0031513103094464355,0.0022953189068325554,0.00212813610103179,0.002059250118814633
2024-10-25,0.0007939009028906464,-2.5824892163692616e-05,-0.0010182438596436415,-0.0005800505084940775,-0.0005132266024175416,-0.000147766056355933,0.0004719892427816786
2024-10-28,0.013804514677036535,0.002847670223871113,-0.0006791748484551654,-0.0014255031773715942,0.0018786442501736878,0.0044673575872185125,0.0028588044786349584
2024-10-29,-0.0054348999252726285,-0.007315827976164829,-0.006760638554800114,-0.0066411472090349526,-0.005322311261752999,-0.00416893147310921,-0.008862611714459333
2024-10-30,-0.008362989630515183,-0.01233766321379699,-0.016168027846525115,-0.015054953647088969,-0.012676227538119055,-0.013063078854515452,-0.01244389409115371
2024-10-31,-0.01065390928956144,-0.011753432550191723,-0.015399290285105525,-0.017095679782827864,-0.011796580190450087,-0.012533050083608742,-0.012627163432010879
2024-11-01,0.01604279400061453,0.010231900204846421,0.007455691114963908,0.00852869941924813,0.010765069130173572,0.01201373456774892,0.009605863308778191
2024-11-04,-0.0030869946098674053,-0.0038706604699307694,-0.005284880896721156,-0.00595053685593395,-0.004205080928111341,-0.004863111838708206,-0.0030969121202723627
2024-11-05,0.008312734894303694,0.0004891534507665135,-0.003911567893798562,-0.0016558578714799754,0.002912902800288132,0.005481369659349895,-0.0027033203945386053
2024-11-06,-0.009562947746458099,-0.01111548556125192,-0.01612271855419033,-0.019804236383623906,-0.01497459661064746,-0.01410201718630045,-0.0038266986649127697
2024-11-07,0.0020678299089698466,0.006466957925894331,0.009406478827286057,0.006841832684961914,0.009859693889783468,0.008622182152122723,-3.71291917649879e-05
2024-11-08,0.00181952568496992,-0.00653201569747892,-0.006150322336775706,-0.009273095397241273,-0.01107945629355403,-0.009880063613226379,0.0009516614246652866
2024-11-11,0.00905769390106319,0.007845984045509988,0.0029171351196243984,0.005909432958440078,0.009213336767824135,0.010678060961430993,0.004992802159463845
2024-11-12,-0.017208051049062794,-0.01851692194941477,-0.009274476704896275,-0.014094525551481206,-0.019259283143999394,-0.019537387138299576,-0.016391380279046283
2024-11-13,0.0006300119370437546,-0.001452104131270904,-0.004258319443618635,-0.0028494034483531245,-0.002372009211292183,-0.0010615550182260405,-0.001382715635530766
2024-11-14,0.012162803530330255,0.010251222440785076,0.01247292003587881,0.01194298502249135,0.014088698847262113,0.015801544821568096,0.009021756127775442
2024-11-15,-0.015577302496951698,-0.008177016171665807,-0.01085764860427697,-0.007166703192291273,-0.005930589322956797,-0.00856619229331693,-0.010950968075033403
2024-11-18,0.002414374357455165,0.002819703623733541,0.0002306723257264512,0.0005662390526263271,0.001849740108909004,0.0010027435730903924,0.006741866484305116
2024-11-19,-0.003933749975280313,-0.005074849771892575,-0.005603237547662095,-0.0066938896410347745,-0.007089315707709492,-0.007524945308473372,-0.0021772695826865083
2024-11-20,0.0035383190269096883,-0.0017511721111986636,-0.0024468478465273936,-0.0034800306715628373,-0.003083240198858683,-0.0029659578034014296,2.0178800148910815e-06
2024-11-21,0.005453625990452305,0.0017583975717989262,0.00212349365949354,0.001010856586087081,0.0027030239331137674,0.004166466019649442,-0.001890767206557066
2024-11-22,0.012808865507177325,0.01241524552528737,0.014517337191808066,0.013166236160752633,0.008224546941645058,0.007967736248109154,0.015516584519910266
2024-11-25,-0.014328773599322754,-0.0008224917386755533,-0.001095692503091052,-0.00521475107151885,0.001567286751637073,-0.0003674277968473752,-0.003806871756578175
2024-11-26,-0.0013209479938316633,-0.004922201796523106,-0.004019730660847959,-0.00517700083658845,-0.0068555686550428934,-0.006690274693077436,-0.0022417851200704306
2024-11-27,0.00022404995201202405,0.0004380163232741522,0.00033495954217178166,0.00030149887890084694,-0.0023906754487912317,-0.0036265385969939754,0.003022353322192673
2024-11-28,0.0038861926185777213,0.002342771503618988,0.003116966105867995,0.00047255649747546496,0.003816740368803965,0.00458920025718771,0.0012888731596271416
2024-11-29,0.0051288526973351884,0.0039347146845243024,0.0028604593651024917,0.002540280501896239,0.006269716479071047,0.007789652690394096,0.00015717152032521868
2024-12-02,0.01399516354453734,0.006409221601667017,-0.0013224618582716487,-0.00193414782901093,0.007942002781685649,0.009265533159649418,0.0034649807463421017
2024-12-03,0.006443901250220431,0.002843682807859351,0.006058471243195406,0.006203313482860438,0.004540794986247579,0.0059620838272461014,0.0011838321590295505
2024-12-04,-0.0010416940173331602,0.001349260981349756,0.00010532522766134781,-0.0025134497514124254,0.005083085104042429,0.006170394345170602,-0.002632724507027942
2024-12-05,0.010384700250815084,0.007061807393729828,0.009840768449277571,0.012069281892023073,0.008594361483946494,0.009032178452621406,0.006558525586436445
2024-12-06,-0.005976459048263257,-0.00028552974387389566,0.004286735225890552,0.0004979625636519926,0.0020563591173647674,0.0013768917889351053,-0.003364581203574135
2024-12-09,-0.011347975183983837,0.00010261827314123241,0.0058838640596503115,0.0019133168314643227,0.002951152672613436,0.0008540275621810613,-0.0029290318843797234
2024-12-10,-0.003281860228397733,-0.004480893940642969,-0.004550501125214542,-0.001996166831742931,-0.004557238432964619,-0.005506819527348728,-0.00493391217820543
2024-12-11,-0.005896615295462555,-0.0018272299662360357,-0.003455920093764662,-0.005658149864729577,-0.0013337510019726059,0.00015419920811848178,-0.0031061951930732665
2024-12-12,-0.0009425653830840545,-0.0008054605975233537,0.003458989888308143,0.0032305159771436214,-2.2481243251249774e-05,2.9073037288937072e-05,0.00031782436274136816
2024-12-13,0.0027767668284962932,-0.0025392545565067876,-0.00197220136644727,-0.00041180541989061767,-0.0009498449678634983,-0.0005135476216059573,-0.00388282705185692
2024-12-16,0.0016499117828294963,-0.0022065838347532568,-0.0059458178911332635,-0.004409605565447665,-0.004477375181977252,-0.0033627116908064,0.00022184039005937873
2024-12-17,-0.006267759618261702,-0.0029551693477516978,-0.005180357520645787,-0.009542790192203108,-0.004119289092982801,-0.003465937112231013,-0.005258904835426051
2024-12-18,-0.0010804866586612534,-0.003175595997199114,0.002202828793441406,0.004437425865989369,-0.0004974233591307062,0.0005519615099124283,-0.004954152511615165
2024-12-19,-0.015620913388920776,-0.011783451490025939,-0.009050390320700225,-0.012199490797758249,-0.013414885786795337,-0.016241001848137076,-0.01063725542500469
2024-12-20,-0.0030101741291289107,-0.0036895263978700024,-0.004816031200526239,-0.0047151153657022105,-0.002621256720477138,-0.0028078424456519807,-0.005632211742106961
2024-12-23,0.0013119402536160944,-0.001194233848397441,0.0011783896216045037,-0.0002891971844223705,-0.0011805942931465876,-0.00029785801462754556,-0.0022124939195656526
2024-12-24,0.0002052829701694047,0.0013568105026533193,0.0013471391882609051,0.0020268980467663764,0.0014548606532348589,0.0014118843676227965,0.0012681861533331588
2024-12-26,0.0,0.0002444158145490979,0.0,0.0,0.000287900588908934,0.00024483753585066226,7.991312746609315e-05
2024-12-27,0.005013938827946816,0.006690907638122338,0.00782475607377391,0.008131980758740874,0.007481793105564019,0.0069666553711991265,0.0068565268335441226
2024-12-30,-0.005620244348493812,-0.0035219989011710602,-0.004505494697318049,-0.004475417852724534,-0.0038292498496061977,-0.004556376560258957,-0.004033219197770906
2024-12-31,0.00107608038034031,0.0029378413063654986,0.007766641715442297,0.009521149465041123,0.0032857468395851193,0.0032759343601393345,0.0031322130663809294
2025-01-02,0.004882009840193422,0.006791173273959297,0.009286159474674184,0.00831730828120647,0.0044236155851354025,0.004119094085638399,0.010373318278694919
2025-01-03,-0.0013721014827679865,-0.003026834265028204,-0.0026457316989603376,-0.0037926801820725043,-0.004470104322887883,-0.0036013217330994407,-0.0028287588511930854
2025-01-06,0.0066358458065151355,0.008282412669253792,0.0033138521118852254,0.004168668518982864,0.01795460863824987,0.021132444248923684,-5.268824089574601e-05
2025-01-07,0.005724878171069493,0.003915014825845792,0.00623535901087031,0.005581125739540893,0.002591067287422473,0.002565735115098948,0.006505760152162546
2025-01-08,0.0081136996344399,0.0002798191793897235,0.0006510081497543222,-0.000761630669865881,-0.0020444141023831415,-0.0010569029819574053,0.003011329876072887
2025-01-09,0.003950718969084364,0.0035909551898512635,0.0026904091289618034,0.00111208331038447,0.0029234846132890823,0.0038007052530602374,0.0043024954015815796
2025-01-10,-0.004791153306128271,-0.007412831236243659,-0.008011951853700974,-0.011221604602524943,-0.007038920426551899,-0.0078856988078762,-0.006365947474840412
2025-01-13,-0.007958315936702445,-0.002569646218182031,0.0018377500738860407,0.0017712932017882582,-0.0028272303788985167,-0.004069504423320807,-0.002105745245724153
2025-01-14,0.007228694990981339,0.0011666430456420628,-0.0011164899148565918,-0.002557613096131721,0.0031636794274857373,0.004667034503691668,-0.000448483101040874
2025-01-15,0.01120767636808236,0.010191669979879478,0.004093207748832603,0.0031942975633605557,0.010948568496736855,0.010442649973830728,0.010952465494367809
2025-01-16,0.004718885036102752,0.008615996996419253,0.012673199197007847,0.012371214581252444,0.011666307846410946,0.013728994037912053,0.007631715979315466
2025-01-17,0.006183173001424211,0.006585550879334793,0.004336073181860106,0.0048347540509576055,0.007786539275840297,0.00835396594159552,0.004839299352696102
2025-01-20,0.0006627964052427131,0.0009119302349340547,-0.0035230108094076425,-0.0026502357517791354,0.003388960380375759,0.003990449256687841,-0.0024986957511792403
2025-01-21,0.001111723884713939,0.001492481616656564,0.0012328646103024437,-0.0010460291029006903,0.0004488930416054228,0.0003797506079639121,0.0025428551882194545
2025-01-22,0.0051633935171137265,-0.0001916501221832514,-0.005134609862612888,-0.005305098273077666,0.001965365120105411,0.004697038997364936,-0.0031186034296068286
2025-01-23,0.0008615251217323261,0.0030090675063194476,0.0030766740897889954,0.0030605727462030873,0.004591630085164747,0.003629781324268123,0.00017541321846342608
2025-01-24,-0.00023906807045774754,-0.0017896129983480556,-0.007131688533804589,-0.004772776060003795,0.0018388798406612466,0.0015066900167435594,-0.006790748629217692
2025-01-27,0.0034126802514928604,0.006538780313062128,0.011500003195425932,0.011536221280258397,0.0002749008603294984,-0.005583871640016073,0.012015488243274048
2025-01-28,0.013134769589104808,0.007045711697516737,0.008655349307387187,0.007965933530829071,0.0038327185732488574,0.002108657264883515,0.009073636715212077
2025-01-29,0.016116248852967103,0.006657310468629875,0.009530946030847504,0.009319354475366064,0.006368814122903994,0.009411206715569305,0.005779647648482175
2025-01-30,0.005339805316931163,0.007019388284242869,0.0023308085113708118,0.0020833739943096155,0.0062619996509138305,0.006043691473571632,0.006396116661820411
2025-01-31,0.0018637690173849528,-0.0010753071631874644,-0.00023349624672113834,-9.534957559251777e-05,-0.0012535445133074342,-0.00042605014641225263,-0.0012560479913527945
2025-02-03,-0.004657548452942635,-0.004096685324147191,-0.0014682086650041272,-0.0025197416082230074,-0.009605853137926772,-0.01008052890359502,0.0009887479420228175
2025-02-04,0.0034714383518895924,0.0008165966855205629,-0.005803748207006732,-0.004633876047810039,0.003565606759517388,0.00336997832615959,-0.0007621070142706383
2025-02-05,0.009409665892054903,0.005824724552932425,0.0059024884206399855,0.00953148548839332,0.003108389013827452,0.0016773484705294001,0.010089600426234666
2025-02-06,0.011545249271618872,0.009072187041878347,0.007674479935515801,0.006811337626579168,0.014164091963887805,0.015077472833660552,0.005835663140075399
2025-02-07,0.00042829294904019933,-0.002452157457360873,-0.001823503160112492,-0.0035030467533964096,-0.004065559969076393,-0.003608408537115576,0.00019973323763573434
2025-02-10,0.007572263650902454,0.005559837020001356,0.007243608666750273,0.007231763075054658,0.00567312720977489,0.006375894640275531,0.004993090368580131
2025-02-11,0.008113047362528832,0.0034629225122539704,0.006497332449649013,0.007347121146569632,0.004982965876768065,0.005737778122791764,0.00432022024094904
2025-02-12,-0.002567280659602279,0.0028933563684833134,0.005341738957596203,0.003548648541517229,0.0039199819669213315,0.0009943511517427701,0.0013706398681379434
2025-02-13,9.40441100076351e-05,0.013465240643757122,0.014766778751201496,0.007818011933091428,0.014612051940953837,0.012855125814671428,0.012185498095293018
2025-02-14,-0.004019720580334937,-0.0046739280571821955,-0.005615414871287128,-0.006145850247102899,-0.0008429355428629486,-0.0001653982141776037,-0.008304612340662834
2025-02-17,0.009861194354198846,0.003658022553729853,0.0017142571148354281,0.0018423938915909965,0.003892534561545715,0.004779928065348382,0.002964918502881251
2025-02-18,0.004345306268250516,0.0007356434839607074,-0.00014396142817801698,0.000839434155920318,0.0016169643906505185,0.0028804739186575356,-0.00042262807640713494
2025-02-19,-0.013622941963461921,-0.01127154441985037,-0.005900655188405379,-0.004716753502723551,-0.014248797897591982,-0.013464446883938769,-0.005745048043644564
2025-02-20,-0.0034356092557196287,0.00028550842468282603,0.003144768453576702,0.004419157048177276,0.0014404472032666414,0.0011722782101538467,-0.0004540046117866255
2025-02-21,-0.002955909186851883,0.005862418825319492,0.010327148906986942,0.008759630178724099,0.004143347262044016,0.0030422018052697402,0.0074561899147539655
2025-02-24,0.001333462090034745,0.004752469660211327,0.005306624674390101,0.0017744401909900185,0.0012064716288630408,-0.0022516162417396237,0.008707257558778962
2025-02-25,0.009980627014728384,0.008515410624591204,0.00575622957779467,0.006696633227221067,0.005202437640374499,0.003503725605091813,0.011518185100938876
2025-02-26,-0.012480783641213987,-0.0013697032185000374,-0.002941010464485907,-0.0066473122581114236,0.007750293109794325,0.00946856661370534,-0.011156879737820837
2025-02-27,-0.0071646292119204435,-0.006887215100428612,-0.004775667268040892,-0.003741922007451856,-0.010040154453872284,-0.010063712864750657,-0.004319053063967473
2025-02-28,0.0017056387794230493,0.0008910963778789757,-0.0003879285068990371,-0.00033814165124121333,0.0011080639030486856,0.0005972768010760851,-0.0012929710536445016
2025-03-03,0.013244150700589116,0.008928647299804103,0.006750821991763167,0.003942839450813446,0.010142129300756024,0.01096830996524117,0.00843455148488766
2025-03-04,-0.025426303328093636,-0.015509546632466079,-0.023429403817454127,-0.020908063840897738,-0.024301044384457442,-0.02793560493503646,-0.009024672694044512
2025-03-05,0.01468443423359565,0.003094321233000874,0.004637299724778507,0.0035627545246392804,0.015831399741250255,0.019751446268285098,-0.012034333015468426
2025-03-06,-0.006467007342692683,-0.0018471958570512499,-0.0034363531717916673,-0.0038465377492101147,0.002812499447113407,0.001182690524020806,-0.006675639914864407
2025-03-07,0.000778334672152753,0.005557331892697073,0.0018483035250493544,0.0007287771442017044,-0.0011969737027515027,-0.002795800391792218,0.010629359316764246
2025-03-10,-0.01119235368953475,-0.00279861945465475,-0.008056853995780095,-0.008118266642238673,-0.009823261532356835,-0.01389344190630811,0.0014315460771627602
2025-03-11,-0.019311627902871338,-0.01608699315530461,-0.015757425116430086,-0.01797804956199929,-0.015469707233345375,-0.01473390147696741,-0.017557429783808674
2025-03-12,0.0005537308353341305,0.0013576004075674419,0.006744252915542598,0.0008753301868836901,0.0037526641460003504,0.0064979679187200596,0.0011708594743199804
2025-03-13,-0.004510074659417794,0.0005572201837213905,-0.006821326468078472,-0.006994334523230198,-0.0030342142931889153,-0.004199499981963382,0.003708511969412621
2025-03-14,0.013271742149235106,0.00822738049607151,0.008352817992648743,0.008005216143790638,0.013207995651584762,0.01526577512064306,0.0036972639773042186
2025-03-17,0.009881560898600348,0.007712899336901007,0.00653059997733206,0.0071335084033998155,0.007377446550601981,0.007707936114850646,0.008030135633531586
2025-03-18,0.002986174735181578,0.0026852738752289884,0.0004985912962306388,-0.00022023325200447763,0.006193451880698823,0.007421953013724078,-0.00030919255293568196
2025-03-19,0.0036334716904767293,0.00013445996790851367,0.00655853849916967,0.007598927729985098,0.0010965947675327641,0.0024856999100425245,-0.0017176264196905574
2025-03-20,-0.0022809202368414432,-0.002860050427391865,-0.0030874983007631567,-0.0005526444246724009,-0.008642672588822316,-0.009464841924504941,0.0017156708088383234
2025-03-21,0.00196961141114875,-0.002050880975832771,-0.004171758576121232,-0.0035352516468814955,-0.003984422879660153,-0.004007012764789941,0.0012460594490171643
2025-03-24,-0.00023195413819767307,-0.005288542497263091,-0.0015273502617856646,-0.00011932125120373628,-0.002049716408729245,-0.0005598008004853914,-0.009411165730749635
2025-03-25,0.01063065889722238,0.006644396491761491,0.006294341349775409,0.005701720321364817,0.009023798651461148,0.010433884927023506,0.005399221633604528
2025-03-26,-0.004197948376883942,-0.004495874003083674,-0.009483967227121278,-0.008100393360786528,-0.007519603725794177,-0.008371029198179664,-0.000939019265768217
2025-03-27,-0.0038519852666876082,-0.0004889723917972915,-0.0002470520635974036,-0.00021677434309165633,-0.0038477021254239145,-0.005362679999129786,0.0008324588160159022
2025-03-28,-0.003162378724206945,-0.0014073488537820046,-0.005194492461828822,-0.00411223419567283,-0.00820040782422992,-0.010690803254330536,0.004117684173374038
2025-03-31,-0.0120702318884781,-0.01131180062882219,-0.015467186478201876,-0.013996162476294479,-0.01574060416757013,-0.017400127833999662,-0.005554300830811926
2025-04-01,0.012773161912866184,0.007902523254595378,0.007883304295572137,0.007331065226354635,0.009870129381073227,0.01124099129581437,0.005894963291202994
2025-04-02,-0.004535062843937992,-0.004124301558701874,-0.004593124087250019,-0.005360874646574849,-0.003224622359563639,-0.0029049187676649605,-0.006261017370073117
2025-04-03,-0.018995890958207425,-0.014803982956711939,-0.0349004724911913,-0.03377505573719121,-0.03027718713307953,-0.034645631232968425,-0.0037293719613994765
2025-04-04,-0.04349320299294847,-0.04191269115571987,-0.04207944843332262,-0.041753982184548996,-0.04804971484286177,-0.050702394933491164,-0.0351556602015011
2025-04-07,-0.046490868538103275,-0.043577062860491074,-0.032310296890533885,-0.031124219383876175,-0.04043092874472186,-0.040440479475269714,-0.04326398472339882
2025-04-08,0.02525065175582171,0.01874053090399845,0.01607048848142118,0.014995006381316265,0.019924356769157693,0.022661939628918826,0.015287113652540929
2025-04-09,-0.020083367737502657,-0.025015607800750253,-0.0321867848748346,-0.03371622378791658,-0.023872113912119144,-0.023014637830032873,-0.02941393744645702
2025-04-10,0.04575511265730855,0.02828369494352617,0.03519830512839097,0.03587073963877577,0.03229988572173621,0.03722961308177792,0.0249233470642859
2025-04-11,-0.006169664048023343,0.0030335153251374565,-0.0028574841649790504,-0.0017571359915051392,0.0011176893644024037,-0.0007163910089746878,0.004358022278965919
2025-04-14,0.02691315384517913,0.0222796285513499,0.023244555765398987,0.02323908200992053,0.022773382784116503,0.023845005978293404,0.023810124098550822
2025-04-15,0.01877746053046319,0.014461071185450935,0.013147910927666161,0.013988996016408971,0.013898694062193852,0.015651872872752295,0.013603568241664763
2025-04-16,0.004544087571702219,0.003153431865005753,0.0002788341195969279,0.002135439956761923,0.0007397025231880527,-0.00027747386568872413,0.00713467430902026
2025-04-17,-0.00500755301587122,-0.00011673434244707006,-0.005098063261478057,-0.0049918939717204175,-0.0019090783330424253,-0.002839666633836498,0.00017120111195028883
2025-04-21,0.0,-0.00022187471625605547,0.0,0.0,-0.0003506005672111839,-0.000306307524339257,-7.315586505106867e-05
2025-04-22,0.002707528399105658,0.009225937897347188,0.0018923728853461295,-0.00022607533300367504,0.008997479549412555,0.006733365182912077,0.00862361832040057
2025-04-23,0.024805552308189628,0.012053473924954629,0.03382328312782556,0.03267761442113721,0.020319294078585747,0.02232519388022087,0.00872878241925114
2025-04-24,-0.002555751743461056,0.004561881483081165,0.004299968735898838,0.005002261271629891,0.005930206109692224,0.005117828942041606,0.003121757714507901
2025-04-25,0.0017446258606170313,0.0002296681568663371,0.00046598495971583546,0.0018215071787476712,0.005192381178704055,0.006877648570846774,-0.0036198438750719725
2025-04-28,0.002195373683037625,0.0055087134632286205,0.0050073647509155115,0.004917740730306288,0.005579518799832375,0.005105026126978676,0.005920540409423605
2025-04-29,0.005519543123657964,0.003959074747831638,0.005996817527212208,0.0030046908989333496,0.0014155672045645556,0.0004952444513686335,0.005783858419737147
2025-04-30,0.0036546785297512712,0.004183623229821651,-3.490251656643965e-05,-0.0003103497540192469,-0.00118198425779188,-0.002026235345345714,0.007102371386363746
2025-05-01,-0.00039291654615346256,-0.00011274590846542464,-0.0028236663692326087,-0.002644856906429412,0.00017065198356223214,0.00020379110353760583,-0.00024561589987697954
2025-05-02,0.013244905747581706,0.012748865603506777,0.010668308249712193,0.008787632637338975,0.01833361296380243,0.02090622048806951,0.005730227716188967
2025-05-05,0.005043399658700305,0.0014867637278277073,-0.0031643167965488134,-0.0016533235911268865,0.001407964066776635,0.0018448337828866099,0.0006050137472555169
2025-05-06,-0.00024473247034853746,-0.0001220821606701337,0.0012243335615299334,0.0013616656684451256,-0.00204537785506248,-0.0018918767322047298,0.002849253971538928
2025-05-07,-0.0038986210307198014,-0.0054741608354358295,-0.011586892166888603,-0.008814273553292378,-0.0065262497796512355,-0.006746751164385115,-0.0007854687538180628
2025-05-08,0.0013928566089670183,-4.306114698561408e-05,-0.003553517400369702,-0.005812200665249877,0.007448236343523417,0.00986538552301137,-0.006813849512617867
2025-05-09,0.0036391618588528106,0.006351129212710787,0.0038286699576975092,0.0020796054816181334,0.007649827187072543,0.0064245043813736784,0.0046561740045162605
2025-05-12,-0.0003887188608750077,0.005686765703948736,0.006984263294857832,0.0027554959155759434,0.015222207183677028,0.016414349257079804,-0.004177328028166591
2025-05-13,-0.0062795446518710855,0.0011979302025941,-0.005223961890863842,-0.005588069822892882,0.004756761399913067,0.003880741824110431,-0.0009611988368246389
2025-05-14,0.0021848778342107985,-0.003954188994265249,-0.009104355883044094,-0.009231360591764673,-0.003197236104877357,-0.0005350728489442082,-0.00594033111372386
2025-05-15,0.01385637377837241,0.008138627837034219,0.00859474335816053,0.009765959122496748,0.004145810428305328,0.003844474322291832,0.01265550890272742
2025-05-16,0.009270475613645001,0.006510296452069226,0.009558628709947049,0.00968708351068577,0.004295174945994454,0.004887021701731685,0.008695526699289222
2025-05-19,0.006450499782240701,0.004938925933727014,0.004223464277561978,0.004883595484054234,0.00441306980580439,0.004906043602149417,0.006158279841067262
2025-05-20,0.0071826107599477895,0.007388549263819872,0.00860008559725861,0.00936706765107872,0.006058244273759707,0.005807729260712933,0.008865978416115658
2025-05-21,0.0037652852053930838,0.0011421175509714018,0.002389257001198855,0.0039481343610062595,-0.0006229340216750864,-0.0003373286880845346,0.002500153802382433
2025-05-22,-0.0033358116959534786,-0.006051588450182675,-0.007380801948097025,-0.005706509892788986,-0.007080402725027204,-0.006697194767867296,-0.0036286028373523323
2025-05-23,-0.016278444738560625,-0.008914684717451818,-0.006983857906409435,-0.005278064332202206,-0.013713990397791328,-0.01517093740258104,-0.005978912099577485
2025-05-26,0.006089561198269985,0.010053165312146086,0.011235238268419824,0.01207419850723939,0.011563929900241021,0.011277806138150923,0.007547455050725628
2025-05-27,0.001504278420826468,0.0003457734973009829,0.00031353862999082907,0.0003375450800055141,0.0023754927495478937,0.0031894620010238612,-0.0010936384417854134
2025-05-28,-0.009178307748046273,-0.008068786334831917,-0.00606896034909362,-0.0068275622586301665,-0.006831629571464087,-0.007741689172453663,-0.006896562952736064
2025-05-29,-0.004980011547768227,-0.0018824248299539215,-0.00080971835744837,0.00014901260044802915,-0.0007766836056369781,-0.0011032628079927097,-0.0030720996472310856
2025-05-30,0.007278656334353647,0.001520866524519788,0.0019979478093947282,0.0070337314829625385,-0.0005256286052725003,-0.0004629054750708059,0.004198131922728603
2025-06-02,-0.00042853466999509765,-0.0009361201212181385,-0.002818161862971085,-0.0011958937675461804,-0.001661149674673478,-0.0012013035813894437,-0.00039514931135140193
2025-06-03,-0.00033231257842685717,-0.0008656502829547929,0.0027132979221116977,0.0023766968038140945,0.0016961129419029801,0.002456373125551901,-0.004061040774848004
2025-06-04,0.0026469581246535007,0.005864868193037581,0.0064545937525237775,0.006059467030065798,0.0060022390827318434,0.004586650397172501,0.006260893008666882
2025-06-05,0.0054325197073636965,0.0008026847874052612,0.0031972046779766747,0.005745760884968555,0.0017722302971042558,0.0033776014149952383,-0.0012932922956993213
2025-06-06,0.0021136947051532146,0.0007387136380428578,0.001305996129143598,0.0007125739787253604,0.0019783673612334602,0.003069000777461017,-0.0009181365781181942
2025-06-09,-0.0042691516111346755,-0.001353586388671396,-0.0017742807479316377,-0.0020348188774636454,0.00014019422750832507,-0.00013681749342215195,-0.001801295159742353
2025-06-10,-0.00722169868901497,0.00204602636494285,0.004695928641091219,0.004468077846036611,0.0007504495508142712,-0.0021525495020621507,0.002893732085081104
2025-06-11,-0.008322374633484947,-0.0055489813922040086,-0.005201330565837093,-0.005799340721095595,-0.004514269321361003,-0.004051275936513837,-0.0066162219658454785
2025-06-12,-0.008532377375104707,-0.002035848997661755,0.0037297096055313936,0.0027400301418931228,-0.0033754934017041745,-0.004118579210605946,-0.0005039802205602986
2025-06-13,-0.012944872950756784,-0.011200158061981729,-0.008619998319885299,-0.01021798654449407,-0.012454365189659825,-0.012657115773768787,-0.011636209021448764
2025-06-16,-0.014392931017972045,-0.009789692203041656,-0.034482937732337356,-0.07728185919745363,-0.0031360207624849543,-0.003402941568723436,-0.0020087369703930993
2025-06-17,-0.01486184817738355,-0.008907001446172336,-0.007923722628317954,-0.007723284108351679,-0.010687909686134972,-0.012698304773829017,-0.007171395206681682
2025-06-18,-0.0028098272510451512,-0.0030024111109906364,-0.005128811773441893,-0.0047635010966182315,-0.0027310260253032717,-0.002412145441889513,-0.0024802448739595054
2025-06-19,-0.008482542349489086,-0.006751251826314751,-0.0044875853922228155,-0.005713988621520732,-0.009866782176556666,-0.011528828046810713,-0.0027258000288352567
2025-06-20,0.010702130855073027,0.002293288808055904,0.0029145647090869867,0.003035317507896549,0.003058060867898679,0.0040644385990703065,-0.0004141776956126201
2025-06-23,0.002321734295378329,0.0020045780176284693,0.003958445708739833,0.010346791836658743,-2.064741074903027e-05,-0.000572081005071456,0.004611183694101347
2025-06-24,0.0155049428785568,0.009336058959576465,0.006249403631092464,0.008625726568928462,0.014093593126269755,0.01650577640927374,0.0036235802628472795
2025-06-25,-0.014904877495328898,-0.011979485735758046,-0.007446581865702881,-0.005464317585085504,-0.010120790909053996,-0.009311347671124248,-0.01632211910998311
2025-06-26,-0.002620725538191862,9.285947293416842e-05,-0.0006667330516432057,-0.0020062942859719623,-7.285511472929001e-05,-0.0011427156903044127,-0.0005758879681210913
2025-06-27,0.011342063587407717,0.011991415113766626,0.009072474845405226,0.009072100081790224,0.01528565437869475,0.016740415084610112,0.008859759080698639
2025-06-30,-0.001284220022832021,-0.004424788169206621,-0.0011416793191817564,-0.0007064275043110871,-0.004399693259905079,-0.00392173292975507,-0.00485069301304953
2025-07-01,-0.004780660411753232,0.0013582732371381916,-0.0024136360291280865,-0.0002987377167932444,-0.0007474755060279934,-0.003421487376508407,0.0035881538504855615
2025-07-02,0.0017651186673721124,0.005480892820127543,0.010205647710285672,0.009855974622298602,0.009300459642736294,0.00936978952065209,0.002051016403904804
2025-07-03,0.006867100744228247,0.0014655849023242826,0.0018628828567680998,0.0016384671830528186,0.0025652644701007962,0.0038976769081203264,0.001048821228257788
2025-07-04,-0.005575331014843123,-0.0038833102462688756,-0.004253120254679072,-0.0034345234024531933,-0.007408629568681446,-0.008772345088487938,-0.0002581037652950856
2025-07-07,0.0096824525471466,-4.2499443247324574e-05,-6.283338492022415e-05,-0.001542724081300711,0.002613127944502357,0.005520720739083567,-0.004109428740842422
2025-07-08,0.0023981449213939534,0.0034014274892434403,0.00323034046511934,0.00401072306237484,0.006220294788583841,0.006309556483046305,-0.0011076720956331373
2025-07-09,0.013985811447398319,0.007591012956321461,0.007613463575169641,0.006050267334583671,0.010482243467218778,0.012854541175421438,0.003008996884239478
2025-07-10,-0.012035966047014263,0.0034977198431448944,0.004233639060656437,0.003968156203536844,0.003970395920456109,0.0007576655133381833,0.003414828240689436
2025-07-11,-0.010767213032094923,-0.010243954294230834,-0.006128115233595393,-0.006319144828066127,-0.011483995584636095,-0.012078937410614604,-0.0067447429373255355
2025-07-14,0.002411807799057499,-0.000532987074653309,-0.0009480411252173011,-0.0005831233329846002,-0.0026745249909562825,-0.001804054578640387,0.002445121215947013
2025-07-15,-0.008752371794086437,-0.0054519388908965795,-0.003263104150853127,-0.004264611805307264,-0.003505106772166455,-0.0034479257117173037,-0.005106456019576792
2025-07-16,0.0025603908100554715,-0.0022304754918756053,-0.00012629383428973873,0.0007470518584157349,-0.005673123990723085,-0.007275006813038422,-0.0012610922591294025
2025-07-17,0.008507532772212993,0.006546715241127197,0.006560972091989265,0.005921744438278049,0.009976204861934065,0.013402066274563437,0.0033574828622718895
2025-07-18,-0.0019550696882039502,-0.0002589675438381164,0.0021049119611007312,0.002019760973663233,-0.001042161600036088,-0.0019543005986494655,0.0012607782301138253
2025-07-21,0.0006251880923494791,-0.0011952891364333058,-0.0027161392847640502,-0.0025548803163376677,0.00031928843234743307,-0.00030344572493192846,-0.0028277767333024905
2025-07-22,-0.0021942394882828696,-0.0019408334739821,-0.001438286476160304,0.00011593982549330188,-0.0037478186831642617,-0.005197598142146994,-0.0005663725988825944
2025-07-23,-0.0033717684974859767,0.010346215111079258,0.012717951480176591,0.012597000825480141,0.012599116339636991,0.012733993654831738,0.004392413392433975
2025-07-24,0.010314359587578072,-0.00038874615794462627,0.0008582664801283788,0.0007187210891152849,-0.0009369815623702597,0.0009530691191945188,-0.0023181616693024533
2025-07-25,-0.0018344948855995467,-0.0020118752400086486,-0.005487856750298629,-0.005448077088079361,-0.0002113591548855274,-0.0015496405694946102,-0.004651547085091981
2025-07-28,-0.003906603151667039,-0.007203952885436109,-0.01893706476902521,-0.020779838728646933,-0.0060350171766709836,-0.0032005195122759285,-0.011808522912920734
2025-07-29,0.014576344978896903,0.005787109942120857,0.008484583801211842,0.008426354737500787,0.006849245373292338,0.008178708565194473,0.004753289581623614
2025-07-30,0.009805143215274849,-0.0004221053986527402,-0.0008861178062765098,-0.0015783608696806081,0.0010360762913013462,0.003986333923995341,-0.001280014580341018
2025-07-31,-0.0005298753866681729,-0.009224868381372002,-0.008705432977903249,-0.010793420645049385,-0.009374644155594906,-0.007517172648736897,-0.008924151276094097
2025-08-01,-0.022875810323485797,-0.01544000372870713,-0.015252501171635945,-0.015199753887262411,-0.02011085148534205,-0.02292032006413769,-0.010611529873091418
2025-08-04,0.01789295535333626,0.007486338816512746,0.009901346934800383,0.010029149345277065,0.008645056876092664,0.011524607849160337,0.0059829607849054296
2025-08-05,0.00111368190868005,0.0008965551684727357,0.003163667509041808,0.0031195921201585684,0.0008217883470370121,-0.00019175625054663477,0.0001342991216221227
2025-08-06,0.005474099862208938,-0.002584279908801911,-0.0061686276767271685,-0.005667404152950136,0.0007959439405014772,0.0019162841548823798,-0.005948934203867464
2025-08-07,0.008855856784973404,0.006546797506426526,0.01159721003484399,0.011455656811791509,0.010695842715426349,0.012533540088261165,0.002957845450743421
2025-08-08,-0.008888219157385763,0.0002810695248216265,0.007532273638180504,0.007424941685016488,0.004457097780408814,0.004644907739938463,-0.0032606108821868368
2025-08-11,0.0033825983060158664,2.7165259704695407e-05,0.0019527186746277074,0.0017913615503924757,-0.001532223839161601,-0.0015082102512548234,0.002722496069788812
2025-08-12,-0.010449086760891322,0.0015698119882419524,-0.005032790571303632,-0.004859429662644285,0.002553597439564635,0.002397817933916694,0.0006470901102071588
2025-08-13,0.011124377621172087,0.005832622507175576,0.012588916446624888,0.012264298709344139,0.0073789413503189474,0.006727084681145942,0.0015762673737235798
2025-08-14,0.008477179254390546,0.005643494459398473,0.005484224248862631,0.005442256255057553,0.0061301177161854495,0.007318379333493316,0.005193384544000552
2025-08-15,0.0008215634049161776,0.004628334524962077,0.007162516958004798,0.00714482760812332,0.004038443444609211,0.002824902237778892,0.004494689337926478
2025-08-18,-0.001207055643655194,-0.0015234902569692863,-0.0013111519450429412,-0.0013920594058993109,-0.0027992301307357467,-0.003619058823475319,-0.00021316096362448272
2025-08-19,0.007979695922571677,0.009829525613627026,0.013212071114144975,0.013197359436230386,0.010823025319057213,0.01055447212704504,0.008999460621658122
2025-08-20,0.0012170358248018087,0.007983610272585177,0.01000117416085489,0.009902368993792812,0.0027877274553291366,8.745573044026521e-05,0.014890424335056126
2025-08-21,0.0011496992315602834,-0.002568723956906569,0.0010326728751528073,0.0010006780474844316,-0.0022851160989060555,-0.0011803676052894497,-0.004481352947673627
2025-08-22,-0.0014817983989510275,0.003123620503774038,0.0016334406208187162,0.0017645495621248731,0.006127362440389539,0.005562668924223108,0.00036898827685301756
2025-08-25,-0.004762213025943481,-0.008254082015382812,-0.012418448084198846,-0.012379371515930267,-0.008416848026417715,-0.008041209006547407,-0.008245114565642503
2025-08-26,-0.012053516132752419,-0.005126170523451921,-0.00828452471601758,-0.00846845584616055,-0.0064818045056438236,-0.008555935189198016,-0.004137287646409918
2025-08-27,-0.0004914426044265817,0.0005339395446643326,-0.00016673997413340735,-0.00024294212273220017,-0.00017265442361149148,-0.0005390257185996135,-0.0001432987525818274
2025-08-28,-0.0021110103045514647,-0.0009603636242660673,0.00017584372158289474,0.00014302276431240983,0.0012892467556878465,0.001717887006435376,-0.0028770514014650004
2025-08-29,-0.007123259034775675,-0.005988806409615436,-0.008684670519527657,-0.008551408070355496,-0.008069631542144913,-0.008480516028667997,-0.003992775413789635
2025-09-01,0.0023068587845605907,0.0001375863772047585,-0.001169387568755926,-0.0021103841931911097,0.0012063277669791144,0.0019224565106219257,-0.0010082336722696485
2025-09-02,-0.014183046982397378,-0.011586686004228075,-0.014247599169824779,-0.01298515532573076,-0.013499862870555986,-0.014671157724783815,-0.009513155234372198
2025-09-03,0.005760593409626387,0.004563477564908069,0.008209403777477193,0.009078190383105134,0.006111565049692676,0.00690712100627335,0.0010214937274332701
2025-09-04,0.011103691310509544,0.006572849056866726,0.015395584221678586,0.015487356408126996,0.006513651913290306,0.008826783889711351,0.00942144160646085
2025-09-05,-0.009993182789327947,-0.0016812394330458333,-0.003688702278207538,-0.0020353972024349204,-0.0021932152414390954,-0.004139180428900585,-0.0009036777748029268
2025-09-08,-0.0009020964999462084,0.0016560692127555838,0.005264099594598152,0.007703720300511418,0.005060217698834514,0.006976389440842588,-0.0022135666485245432
2025-09-09,0.0026411586959524413,-0.00048823150965413497,0.0005180564747666467,-0.00017228697427736648,-0.0002720804320730904,0.0007549861732006706,-0.0003925725954746929
2025-09-10,-0.004624246238702194,-0.002988624749280981,-0.003396274747085361,-0.0013651984883354543,-0.0010960464964300154,-0.00035943588181463435,-0.0063807168185449565
2025-09-11,0.0023331418489470016,0.004779960699057532,0.010632507597590109,0.01228637965473662,0.005384801053200916,0.005679869316666297,0.002518005102348298
2025-09-12,-0.0007257667443165921,-0.00018017864481807239,0.005978996776907594,0.0067198109370581426,5.9864015623436784e-05,0.00105421942471732,0.0003091499284410814
2025-09-15,-0.0003783840468967772,0.00017553783953930577,-0.006471678109466743,-0.005935242841422281,0.004755456666296076,0.007366220666802032,-0.002980364968245576
2025-09-16,-0.015598201004764738,-0.009506564137839152,-0.009710568280331434,-0.008607501131500458,-0.010761952661817113,-0.012169707224501248,-0.008323688233700274
2025-09-17,-0.004957103734220926,-0.0017994415589333214,0.0009850328046190717,-0.0009447576537741772,-0.0022413083354269705,-0.004162715211760386,-0.0012016460666403705
2025-09-18,0.00929009170366606,0.006947233699286815,0.017053079194900487,0.016123963694095186,0.009948652521516754,0.012144719212914492,0.007351897066764986
2025-09-19,0.002020314727710407,-0.0007924533998916957,-0.0036027188314161082,-0.0025987294945589074,-0.0006387251520906746,0.0006079279366136227,-0.0010093006984832483
2025-09-22,-0.005202998745852807,-0.0036886042963231638,-0.007473085539077639,-0.0072242754091140764,-0.0039339417049088585,-0.002796404815354388,-0.004232950997311453
2025-09-23,-0.0017705782278234746,0.002618752003094772,-0.0033015624987428414,-0.002564869831896075,0.005172188841077017,0.00443122554879123,0.0013022234838447908
2025-09-24,0.001180151525048535,-0.0020296673477067594,-0.008014596526725334,-0.008498198174099575,-0.002661150868551187,-0.0026000922077498386,4.0877211958461235e-05
2025-09-25,0.00025597165978359735,-0.0033063446356735257,-0.0045905165935175105,-0.004864115123364081,-0.00399436089946981,-0.003633956860038288,-0.0012793304826140388
2025-09-26,0.011732238656931748,0.007518658289776757,0.004878061274680087,0.005664131790886281,0.008937203884247126,0.010915599506361378,0.00543470546117874
2025-09-29,-0.0016801218179646076,0.0021807411893443682,0.004987005757383487,0.0045989012189019225,0.0015396858202739935,-0.00010419840903852908,0.002686894971504806
2025-09-30,0.0087460113817051,0.005742499553020567,0.014257820477948203,0.013138063530895045,0.005017577083976176,0.005540652577504196,0.005626245767940585
2025-10-01,0.008380285109908346,0.011197938392202832,0.01911861573455306,0.020979000005264148,0.01070495815530051,0.009805893922853907,0.008785184704025992
2025-10-02,-0.003912814814650953,0.003641614688690896,0.00384109429478842,0.004137797181436402,0.005464301506651784,0.004792909371338717,0.002556333417883385
2025-10-03,0.003577894663338237,0.0017982268075112174,0.0014214866943231437,0.00040292271645753523,0.0029784741006862836,0.003178194189520961,-0.0005896138736116909
2025-10-06,-0.0001594059873738173,0.0008159120795695428,-0.0046792745773403385,-0.003782721170154783,-0.0008554221856469334,-0.0009348529776190953,0.0035440047807003853
2025-10-07,0.0005769360846425702,-0.0016347560841845686,0.00046103372215386277,3.31899032442462e-05,-0.0024549443591689872,-0.003750240474275383,-0.0036417041764510425
2025-10-08,0.008678195135885506,0.005857435230490698,0.004508227233828705,0.00345316245386727,0.004680448020345466,0.0060691007430168364,0.005148676026726533
2025-10-09,-0.0013866901988075734,-0.0008861607484864038,-0.002532094411813625,-0.0009250330612761918,-0.0035453687927948807,-0.005075607631511239,0.0030271421089284505
2025-10-10,-0.00781599850628669,-0.007927984074487582,-0.013570345389655195,-0.013445088393127472,-0.01193813557757375,-0.012950005623519365,-0.0038940318285589286
2025-10-13,0.0015333242841043264,0.0028456308991165967,0.00014399012814104582,8.758817735848965e-05,0.005443218442870173,0.006675172437687191,0.0005596068618295733
2025-10-14,0.004501622363608847,-0.0005829594454312066,0.0003531734883228325,0.0008077721223058789,-0.0022573912447423432,-0.001611858544005928,0.0028145594201359576
2025-10-15,0.0005550093134995522,0.006971096225913166,0.017074519121743757,0.016189872164798818,0.009125180326465797,0.007281534193665113,0.00810830653983521
2025-10-16,0.005102505740633102,0.011456626029419215,0.007282135908678326,0.007020213724575203,0.008766451862017936,0.007376575896606741,0.013153301438972224
2025-10-17,-0.004999325120234938,-0.0008552399135985526,0.000631966972919824,0.0014312969685303925,-0.005063328055733247,-0.008061392669133801,0.006115635323658551
2025-10-20,0.014065182591356092,0.006025753687073522,0.007461478287607847,0.0061969496215268476,0.009059621121006148,0.010956325841405006,0.003361246884757134
2025-10-21,0.0008619729228717093,0.00024428372741659525,0.0014930444390171683,0.001840943798433942,0.0008195924543049336,-4.023411535652809e-05,-0.0014263662822706317
2025-10-22,-0.007360621401236128,-0.0011561793641588131,0.000601813389170125,0.0019538445193314925,-0.003860575422318599,-0.00563367952095024,0.0013014873761756024
2025-10-23,0.0031474168580040373,-0.0010379263523259566,-0.005380737555449388,-0.006124660882131593,-0.0008246406040769427,0.0014373023401864351,-0.0012650066749665186
2025-10-24,-0.003498216738314643,0.0009751436115850894,0.004240195215732872,0.005812866062691368,0.0013597879890397627,0.0011294589598366189,-0.0007855408515550966
2025-10-27,0.0069000025754162135,0.000893636502631223,-0.0013284187393683114,-0.0026547044935981206,0.0042294879955850715,0.00687510138677087,-0.0017797774228555372
2025-10-28,0.002774208225104868,-0.0035084252589267645,-0.004187949501298532,-0.0049625388444808245,-0.002769246007289271,-0.0011811692568904294,-0.001830050622039621
2025-10-29,-0.0033526296311616665,-0.004219910124822443,-0.005796063349711881,-0.005804471169107962,0.00010332691889164598,0.0010680578963895321,-0.007938773617044158
2025-10-30,-0.002667195595092169,-0.0037382054945247914,-0.010646857992767664,-0.01042949087271694,-0.003138823258634629,-0.0022610936353976577,-0.005497391288061298
2025-10-31,-0.0035746479369351118,-0.004954482186705533,-0.0015710422724286117,-0.002359080287941139,-0.004522803556120574,-0.004469514925467393,-0.005615525880724774
2025-11-03,-0.0011616012411387907,-0.000989811872487037,-0.003866525550817735,-0.004744899271786136,6.937051459578774e-05,0.000568641569520273,-0.002119911174680628
2025-11-04,0.0010682873545564309,-0.0032953182522026197,0.0014209454719820024,0.003991247813940635,-0.005296858061816363,-0.004642035365156962,-0.004638470831812629
2025-11-05,0.0030745500275377547,0.005364409768301438,0.003910808332268948,0.0037288428741299347,0.006346299949973908,0.006001184360485754,0.004210769672219909
2025-11-06,-0.0062094754030998026,-0.007474831979570375,-0.01516875536182561,-0.015027172567490607,-0.008287301868537203,-0.009441326717194496,-0.006684890589208631
2025-11-07,-0.0066951947684291595,-0.0024431408587939534,-0.005243714629997371,-0.005519898182707361,-0.003924912602121005,-0.0065988856238117285,-0.002115143697534682
2025-11-10,0.013609945807661871,0.008916776738809171,0.007387180036414833,0.007581774482104623,0.01314935301657666,0.016566022962488495,0.0010696618488135019
2025-11-11,0.01217493725215076,0.014782009885777164,0.015092150585664293,0.014355085519025566,0.01364263916056909,0.012489431930844156,0.014207801907590125
2025-11-12,0.009037143880632675,0.00638315828369524,0.0031734241736309688,0.005153007582713837,0.008848946999810776,0.01035296385673838,0.0027294648816105086
2025-11-13,-0.001837431815098719,-0.0008095559736916176,0.002493910948762319,0.001781102039391528,-0.0033318545574774674,-0.005274061053748085,0.0021696058526030552
2025-11-14,-0.01272022040765207,-0.007276956273337608,-0.006319459750538475,-0.0069020530238654105,-0.008174817624181584,-0.009659046188429131,-0.005170327859148428
2025-11-17,-0.003981981972612198,-0.007141731271010919,-0.008879656432977466,-0.00814256471893478,-0.009137003341909044,-0.009023580038799097,-0.003821140310185078
2025-11-18,-0.018534719248598504,-0.015868878133874373,-0.012924184492588402,-0.016945699975675736,-0.017802781072404985,-0.019286652274690147,-0.015174544965981267
2025-11-19,-0.006318557806977962,-0.0012200747734633038,0.0018756607529616532,0.002998602067498475,0.0007784694946388771,0.001346223323664747,-0.003256925463567984
2025-11-20,0.005689716481723642,0.00045969013987769456,0.00028400956726268203,0.0018156832850053646,0.0015803506571672402,0.003532757873542655,-0.001685908518575234
2025-11-21,-0.0016689199364080395,0.0056840299912787415,0.011435312216500435,0.011755912001237247,0.0016396328754776463,-0.003366089284982096,0.010245417369767851
2025-11-24,0.005574863761142456,-0.00013087215518443743,-0.002845333719977294,-0.003091669085296637,0.003063066927048784,0.004593040666347485,-0.0024652027704059826
2025-11-25,0.008507588453859474,0.0083765592398625,0.010540212671495167,0.012466583218106833,0.009689090428696347,0.010750827468886311,0.007017682800555558
2025-11-26,0.00962625026437626,0.006251824580878206,0.006989700070314883,0.0065015577905304205,0.008079327685141538,0.010737795189135889,0.004878186036182421
2025-11-27,0.0018909295988396215,0.0006011630069363227,-0.0009788244447929226,-0.0001303136403524488,0.0009347902797506856,0.0008509792055972687,0.0006563127255154878
2025-11-28,0.001120566720799629,0.0028406846287939674,0.0022604650334147355,0.002533965759579658,0.0033284330346232296,0.0032802165578703145,0.0018145703805553712
2025-12-01,0.0010315486098828367,-0.0007384449496823276,-0.011620281280069224,-0.013219974890136555,0.00103502435248484,0.0020757896276309903,-0.0024861495436645513
2025-12-02,0.0039906166998390745,3.739472036702458e-05,-0.0031009965770445133,-0.0054967342715141615,0.001487524556672293,0.002783472971837627,-0.0004549531939295225
2025-12-03,-0.000899479400996459,0.000120808011563812,0.005556150802537395,0.005464976423864977,0.00145939356078471,0.0012052114942029128,-0.0019397154194525019
2025-12-04,0.0034573608525896916,0.002564058817177933,0.0023549356612739083,0.0027532796128004805,0.005559186583741237,0.007062520286277753,-0.000713147503650411
2025-12-05,-0.0003829372765808434,0.001195795090676832,0.0040298923654368615,0.0034212481202212943,0.002341860146349462,0.0008172616717818225,-8.303524069241811e-05
2025-12-08,-0.0021367757947849883,-0.0037511291119732473,-0.004399889561024516,-0.007128978755941449,-0.0017585575778826107,0.0003742706991507353,-0.005358537795909146
2025-12-09,-0.0013388381932294701,-0.0010613079412471436,-0.006085067976464577,-0.00493778071811871,-0.0008910622518161227,-0.0007767504904899338,-0.002098112821524282
2025-12-10,0.0004764266684344508,-0.0009508538592760703,-0.0011047981451417985,-0.0011784997892697398,-0.0007158094391462785,8.955911125969138e-06,-0.0024338539270196144
2025-12-11,0.007502421702832948,0.0057714267476255045,0.0019825629098948715,0.002641353757141457,0.007436321523538923,0.009111767826779808,0.002801785850674042
2025-12-12,-0.003005799200286297,-0.0024663281129889535,-0.0008300350292890649,-0.00025922156817328437,-0.0031079479407751286,-0.00473126098763659,-0.00162470933908874
2025-12-15,0.01076588790026806,0.004999094838793084,-0.00451100517917048,-0.002666166273066616,0.00510475446325291,0.007869377196490319,0.00465451841779511
2025-12-16,-0.0036365267880434553,-0.003942641618686429,-0.006284178514890799,-0.006410195128740933,-0.0034166134164951576,-0.0031763137666454156,-0.005599820527159418
2025-12-17,-0.0009592454053983209,-5.0060489380474734e-05,-0.0021903603085970877,-0.0005484571369306791,-0.0022227303685277092,-0.00331678925746794,0.0011039841364473984
2025-12-18,0.0078001854839603695,0.0064453541370621485,0.008204918752903025,0.007455341906614529,0.007696982392853461,0.009238640149156188,0.004756071562141178
2025-12-19,0.0051328818002569845,0.0020945445068400615,0.002417999284436849,0.0006415139484451588,0.0022929116841558673,0.003232237160515387,0.0029336294101110017
2025-12-22,-0.0023773320504552895,-0.0007651668594121159,-0.0017688648904464266,-0.00120915870626717,-0.0009312073650533988,-0.0011464321092745395,-0.0009708728398170484
2025-12-23,0.0032643471211069213,0.0005782684697825191,0.003691469220085231,0.0018737600814155797,0.0008838053617158863,0.0016058246422867768,0.00046147453606606927
2025-12-24,0.0003849995075346275,-2.2400780781258687e-05,-0.0012928437376351085,-0.0011844114271175228,-7.15570161118198e-05,-0.00020800009283207,0.000580161232618207
2025-12-26,7.579620866308248e-06,0.00010068943979994073,5.6166939688291844e-05,9.093860409783629e-05,9.103528115810946e-05,8.31312779312176e-05,0.00021962721786585566
2025-12-29,0.001141308768834573,0.0031735169908810425,0.004688782645356052,0.005022387082985622,0.0024153559607213264,0.001074176578734285,0.0043204652361602605
2025-12-30,0.008420192522426912,0.005055163926522611,0.0070920231070431584,0.006722589079874655,0.006299082120075993,0.00765390536760782,0.004170271435175527
2025-12-31,-0.0005369117798585299,-0.0010930830282313351,-0.0013728294058648139,-0.0020506947728159007,-0.0009247509651853262,-0.0006922423152275006,-0.001187301997382814
