date,ticker,actual,xgb_predicted,xgb_sentiment_predicted,xgb_abs_error,xgb_sentiment_abs_error,closer_model
2019-01-31,ABBN.SW,0.035283482082485225,-0.020588109269738197,-0.018486345186829567,0.05587159135222342,0.05376982726931479,xgb_sentiment
2019-01-31,AD.AS,-0.00916432671056608,0.005426583345979452,0.005347822792828083,0.014590910056545532,0.014512149503394163,xgb_sentiment
2019-01-31,AI.PA,0.041595698961670285,0.007892955094575882,0.007218995597213507,0.033702743867094404,0.03437670336445678,xgb
2019-01-31,AIR.PA,0.12795313078345477,-0.06539139151573181,-0.06594666838645935,0.19334452229918658,0.19389979916991412,xgb
2019-01-31,ALV.DE,0.06500506341289437,0.0059511433355510235,0.004636386409401894,0.05905392007734335,0.06036867700349248,xgb
2019-01-31,ASML.AS,0.05238279012827244,-0.09770966321229935,-0.1036083847284317,0.15009245334057178,0.15599117485670413,xgb
2019-01-31,BAS.DE,0.06432298860557452,-0.015632299706339836,-0.017550839111208916,0.07995528831191435,0.08187382771678343,xgb
2019-01-31,BMW.DE,0.01740818236257213,-0.025429558008909225,-0.026278091594576836,0.04283774037148136,0.04368627395714897,xgb
2019-01-31,BNP.PA,0.0916084114511036,-0.021395254880189896,-0.02659003622829914,0.1130036663312935,0.11819844767940274,xgb
2019-01-31,CAC.PA,0.05200897097168343,-0.014015143737196922,-0.016134874895215034,0.06602411470888035,0.06814384586689846,xgb
2019-01-31,CAP.PA,0.1044272324316043,-0.06822561472654343,-0.06824234127998352,0.17265284715814772,0.1726695737115878,xgb
2019-01-31,CFR.SW,0.12923114036729932,0.05299912765622139,0.06606556475162506,0.07623201271107793,0.06316557561567426,xgb_sentiment
2019-01-31,DTE.DE,0.023333764966788365,0.0020762498024851084,0.002624279586598277,0.021257515164303256,0.020709485380190087,xgb_sentiment
2019-01-31,ENEL.MI,0.009073997445123555,0.001469074166379869,0.0008624662295915186,0.007604923278743686,0.008211531215532036,xgb
2019-01-31,ENI.MI,0.015547536715438633,-0.009613575413823128,-0.011861946433782578,0.02516111212926176,0.02740948314922121,xgb
2019-01-31,EWI,0.052995130884279616,-0.005316650029271841,-0.0032607915345579386,0.05831178091355146,0.056255922418837555,xgb_sentiment
2019-01-31,EWL,0.054024315071002305,-0.002426525577902794,-0.0010590674355626106,0.0564508406489051,0.055083382506564915,xgb_sentiment
2019-01-31,EWN,0.060577099350870946,-0.012135987170040607,-0.01309527549892664,0.07271308652091155,0.07367237484979758,xgb
2019-01-31,EWP,0.025569278287945,0.000504721247125417,0.0011287593515589833,0.02506455704081958,0.024440518936386015,xgb_sentiment
2019-01-31,EXH7.DE,0.056905025989197146,-0.03335129842162132,-0.028100140392780304,0.09025632441081846,0.08500516638197744,xgb_sentiment
2019-01-31,EXH8.DE,0.05650476717916167,-0.020092643797397614,-0.019143542274832726,0.07659741097655928,0.0756483094539944,xgb_sentiment
2019-01-31,EXS1.DE,0.03777112154142306,-0.028476331382989883,-0.024299144744873047,0.06624745292441295,0.062070266286296104,xgb_sentiment
2019-01-31,EXSA.DE,0.043160270412082,-0.0004658690595533699,-0.0029796375893056393,0.04362613947163537,0.04613990800138764,xgb
2019-01-31,EXV1.DE,0.04408390592248314,-0.02070743963122368,-0.025761891156435013,0.06479134555370682,0.06984579707891815,xgb
2019-01-31,EXV2.DE,-0.0011770223816278,0.0004503009549807757,0.0006868665805086493,0.0016273233366085756,0.0018638889621364492,xgb
2019-01-31,EXV3.DE,0.0632653230231887,-0.028839698061347008,-0.028267046436667442,0.09210502108453571,0.09153236945985614,xgb_sentiment
2019-01-31,EXV4.DE,0.057962410603368895,0.0011487003648653626,0.0010909242555499077,0.05681371023850353,0.05687148634781899,xgb
2019-01-31,EXV6.DE,0.042240693779998624,-0.039038825780153275,-0.0345546118915081,0.08127951956015189,0.07679530567150672,xgb_sentiment
2019-01-31,EXV7.DE,0.06330640255659793,-0.034684598445892334,-0.03050822764635086,0.09799100100249027,0.09381463020294879,xgb_sentiment
2019-01-31,HEIA.AS,0.13690668038343715,0.0009347224840894341,-0.0026678938884288073,0.1359719578993477,0.13957457427186595,xgb
2019-01-31,HOLN.SW,0.06346932529415204,-0.01637333072721958,-0.01616392284631729,0.07984265602137162,0.07963324814046933,xgb_sentiment
2019-01-31,IBE.MC,0.01269690500777604,0.0035267588682472706,0.002685531508177519,0.00917014613952877,0.010011373499598521,xgb
2019-01-31,INGA.AS,0.1238843782363643,-0.0618867464363575,-0.06724945455789566,0.1857711246727218,0.19113383279425997,xgb
2019-01-31,ISP.MI,0.0786382026407616,-0.0017916732467710972,0.002970263361930847,0.0804298758875327,0.07566793927883075,xgb_sentiment
2019-01-31,ITX.MC,0.09400227353899908,-0.011830725707113743,-0.012229576706886292,0.10583299924611282,0.10623185024588537,xgb
2019-01-31,MBG.DE,0.030877257319926136,-0.08704199641942978,-0.08718783408403397,0.11791925373935591,0.1180650914039601,xgb
2019-01-31,MC.PA,0.0916474753035385,-0.06519883126020432,-0.060908909887075424,0.15684630656374282,0.15255638519061393,xgb_sentiment
2019-01-31,MUV2.DE,0.06950677665687675,0.003182125510647893,0.003373994491994381,0.06632465114622886,0.06613278216488237,xgb_sentiment
2019-01-31,NESN.SW,0.055376464077466915,0.0063147516921162605,0.0055805714800953865,0.049061712385350655,0.04979589259737153,xgb
2019-01-31,NOVN.SW,0.05842036832565544,0.006555454805493355,0.0067166234366595745,0.051864913520162086,0.051703744888995866,xgb_sentiment
2019-01-31,OR.PA,0.061380227345638305,0.002398537704721093,0.000545752584002912,0.05898168964091721,0.06083447476163539,xgb
2019-01-31,PHIA.AS,0.029112302250666435,-0.033886849880218506,-0.03242611140012741,0.06299915213088494,0.06153841365079385,xgb_sentiment
2019-01-31,RO.SW,0.05769091871604439,0.0049362583085894585,0.004614841192960739,0.05275466040745493,0.05307607752308365,xgb
2019-01-31,SAN.PA,-0.02429719623598626,0.004943886771798134,0.006705013103783131,0.029241083007784392,0.03100220933976939,xgb
2019-01-31,SAP.DE,0.05013457329758363,-0.011504321359097958,-0.009481901302933693,0.06163889465668159,0.059616474600517326,xgb_sentiment
2019-01-31,SIE.DE,0.01203825418542209,-0.010625975206494331,-0.014919285662472248,0.022664229391916424,0.02695753984789434,xgb
2019-01-31,STMMI.MI,0.05707821109100127,-0.10937322676181793,-0.11636119335889816,0.1664514378528192,0.17343940444989944,xgb
2019-01-31,SU.PA,0.1065517748789326,-0.030304860323667526,-0.033503852784633636,0.1368566352026001,0.14005562766356622,xgb
2019-01-31,TEF.MC,-0.0021371590027002216,0.005407918710261583,0.006409897934645414,0.007545077712961805,0.008547056937345636,xgb
2019-01-31,TTE.PA,0.03873526400918751,-0.01094166748225689,-0.01212657056748867,0.0496769314914444,0.05086183457667618,xgb
2019-01-31,UBSG.SW,-0.0051804857764847665,-0.0280926451086998,-0.03320413455367088,0.02291215933221503,0.028023648777186116,xgb
2019-01-31,UCG.MI,0.17222567111643855,0.03615731745958328,0.04193643853068352,0.13606835365685527,0.13028923258575503,xgb_sentiment
2019-01-31,VOW3.DE,0.03672802355780277,-0.0008848793222568929,-0.0007997542852535844,0.03761290288005966,0.03752777784305635,xgb_sentiment
2019-01-31,WKL.AS,0.0595858679908598,0.0037319723051041365,0.002280191984027624,0.05585389568575566,0.057305676006832174,xgb
2019-02-28,ABBN.SW,-0.032859653061399895,-0.01588539034128189,-0.01845480501651764,0.016974262720118004,0.014404848044882256,xgb_sentiment
2019-02-28,AD.AS,0.04526647572149494,0.00019975285977125168,0.00177853275090456,0.04506672286172369,0.04348794297059038,xgb_sentiment
2019-02-28,AI.PA,0.03318680218239879,0.0029827398248016834,0.0029486375860869884,0.03020406235759711,0.030238164596311803,xgb
2019-02-28,AIR.PA,0.03715333909892524,0.014649393036961555,0.013731397688388824,0.02250394606196368,0.023421941410536412,xgb
2019-02-28,ALV.DE,0.013608369754819608,0.004933320451527834,0.0029453320894390345,0.008675049303291774,0.010663037665380574,xgb
2019-02-28,ASML.AS,0.03704092839376614,0.0019214681815356016,-0.0005245483480393887,0.03511946021223054,0.03756547674180553,xgb
2019-02-28,BAS.DE,-0.022035260096613146,-0.01238996721804142,-0.004134445451200008,0.009645292878571726,0.017900814645413137,xgb
2019-02-28,BMW.DE,-0.07776887784608713,-0.017711957916617393,-0.019733717665076256,0.06005691992946974,0.058035160181010875,xgb_sentiment
2019-02-28,BNP.PA,-0.05579501348867324,-0.0013153940672054887,-0.023686695843935013,0.05447961942146775,0.032108317644738225,xgb_sentiment
2019-02-28,CAC.PA,0.022559584345617143,0.007157416548579931,0.006147811189293861,0.015402167797037212,0.016411773156323282,xgb
2019-02-28,CAP.PA,0.02719353454885427,-0.023072795942425728,-0.019608763977885246,0.05026633049128,0.04680229852673952,xgb_sentiment
2019-02-28,CFR.SW,-0.032472549075954545,0.025375846773386,0.010443615727126598,0.057848395849340546,0.04291616480308114,xgb_sentiment
2019-02-28,DTE.DE,0.06729730381430589,-0.0027691253926604986,-0.0018534043338149786,0.07006642920696639,0.06915070814812087,xgb_sentiment
2019-02-28,ENEL.MI,0.06969430759324866,-0.003804363077506423,-0.0060138460248708725,0.07349867067075508,0.07570815361811953,xgb
2019-02-28,ENI.MI,0.03803812318044391,0.0014657852007076144,-0.0007986041018739343,0.036572337979736295,0.038836727282317844,xgb
2019-02-28,EWI,0.03658238377857958,-0.0004524596151895821,-0.000774565851315856,0.03703484339376916,0.037356949629895435,xgb
2019-02-28,EWL,0.03616084896490533,-0.0026569718029350042,-0.001472693169489503,0.038817820767840336,0.037633542134394835,xgb_sentiment
2019-02-28,EWN,0.02168220494937213,-0.005552978254854679,-0.005239325575530529,0.02723518320422681,0.02692153052490266,xgb_sentiment
2019-02-28,EWP,-0.0030109742181469805,0.002390793990343809,0.0024406197480857372,0.00540176820849079,0.005451593966232718,xgb
2019-02-28,EXH7.DE,0.06391132831467183,0.0005306689417921007,-0.0028758267872035503,0.06338065937287973,0.06678715510187538,xgb
2019-02-28,EXH8.DE,0.03280027453857167,0.005329897627234459,0.003958075772970915,0.027470376911337212,0.028842198765600756,xgb
2019-02-28,EXS1.DE,0.0008065514005695695,-0.00671908026561141,-0.004450663924217224,0.00752563166618098,0.005257215324786794,xgb_sentiment
2019-02-28,EXSA.DE,0.022339777493858744,-0.0005716202431358397,-0.001747810747474432,0.022911397736994583,0.024087588241333176,xgb
2019-02-28,EXV1.DE,-0.03660491722575855,-0.024849407374858856,-0.020542211830615997,0.011755509850899695,0.016062705395142554,xgb
2019-02-28,EXV2.DE,0.04740885743393427,0.00555823789909482,0.004250342957675457,0.04185061953483945,0.04315851447625881,xgb
2019-02-28,EXV3.DE,0.0351238681963939,-0.0020259753800928593,-0.0015403232537209988,0.037149843576486756,0.036664191450114895,xgb_sentiment
2019-02-28,EXV4.DE,0.03648451486171881,0.0022537745535373688,0.0016390342498198152,0.03423074030818144,0.034845480611898995,xgb
2019-02-28,EXV6.DE,0.03747056380023728,0.0031174703035503626,0.0007424388895742595,0.034353093496686915,0.03672812491066302,xgb
2019-02-28,EXV7.DE,0.009579849053267135,-0.00590435741469264,-0.001837535877712071,0.015484206467959775,0.011417384930979206,xgb_sentiment
2019-02-28,HEIA.AS,0.060013821276774675,0.013962894678115845,0.01045053731650114,0.04605092659865883,0.049563283960273534,xgb
2019-02-28,HOLN.SW,0.01696957248582249,0.007362773176282644,0.008142849430441856,0.009606799309539844,0.008826723055380632,xgb_sentiment
2019-02-28,IBE.MC,0.06247914905577357,0.0036728596314787865,0.0033211701083928347,0.058806289424294785,0.059157978947380736,xgb
2019-02-28,INGA.AS,-0.07569611472327349,0.004836120642721653,0.0014998590340837836,0.08053223536599514,0.07719597375735728,xgb_sentiment
2019-02-28,ISP.MI,0.0009219377307464561,0.013946902938187122,0.008550581522285938,0.013024965207440667,0.0076286437915394825,xgb_sentiment
2019-02-28,ITX.MC,-0.012893562110114979,-0.0027254377491772175,0.0012851731153205037,0.010168124360937761,0.014178735225435482,xgb
2019-02-28,MBG.DE,-0.007816210411601139,-0.015301612205803394,-0.022006889805197716,0.007485401794202255,0.014190679393596577,xgb
2019-02-28,MC.PA,0.0822816060173185,0.009656012058258057,0.009824659675359726,0.07262559395906044,0.07245694634195878,xgb_sentiment
2019-02-28,MUV2.DE,0.01865635816527545,0.004191028419882059,0.0013604798587039113,0.014465329745393392,0.01729587830657154,xgb
2019-02-28,NESN.SW,0.06865783305164422,0.0060990857891738415,0.007484374567866325,0.06255874726247038,0.06117345848377789,xgb_sentiment
2019-02-28,NOVN.SW,0.1082116240053251,0.004409259185194969,0.0029241330921649933,0.10380236482013012,0.1052874909131601,xgb
2019-02-28,OR.PA,0.07757847000989908,0.012056059204041958,0.010125083848834038,0.06552241080585712,0.06745338616106504,xgb
2019-02-28,PHIA.AS,0.036882757283993955,-0.0016713781515136361,-0.0027601770125329494,0.03855413543550759,0.039642934296526905,xgb
2019-02-28,RO.SW,0.033054284418731754,0.007826424203813076,0.006445861421525478,0.025227860214918678,0.026608422997206276,xgb
2019-02-28,SAN.PA,0.06886592091920032,0.0064144921489059925,0.006800709757953882,0.06245142877029433,0.06206521116124644,xgb_sentiment
2019-02-28,SAP.DE,0.08930892126371609,-0.0011486040893942118,-0.0020138313993811607,0.0904575253531103,0.09132275266309725,xgb
2019-02-28,SIE.DE,-0.001978547132779186,-0.0016831012908369303,-0.002565650502219796,0.0002954458419422556,0.0005871033694406103,xgb
2019-02-28,STMMI.MI,-0.08337290956302569,0.02562432736158371,0.025700626894831657,0.1089972369246094,0.10907353645785735,xgb
2019-02-28,SU.PA,0.021972534764549027,-0.0030215755105018616,-0.004530233796685934,0.024994110275050888,0.02650276856123496,xgb
2019-02-28,TEF.MC,-0.015938934101580565,0.010621121153235435,0.009825915098190308,0.026560055254816,0.025764849199770873,xgb_sentiment
2019-02-28,TTE.PA,0.0028733655543129524,-0.003684017574414611,-0.003552825655788183,0.006557383128727563,0.006426191210101136,xgb_sentiment
2019-02-28,UBSG.SW,-0.030016570596608918,-0.004970102570950985,-0.0034839119762182236,0.025046468025657933,0.026532658620390694,xgb
2019-02-28,UCG.MI,-0.04600245684713064,0.015633463859558105,0.0014980720588937402,0.061635920706688746,0.04750052890602438,xgb_sentiment
2019-02-28,VOW3.DE,-0.07269171687560225,-0.0006614535232074559,7.167420699261129e-05,0.07203026335239479,0.07276339108259486,xgb
2019-02-28,WKL.AS,0.045845683678373196,0.007887125015258789,0.009907464496791363,0.03795855866311441,0.03593821918158183,xgb_sentiment
2019-03-29,ABBN.SW,0.09045585571927381,0.0033661711495369673,0.0034477822482585907,0.08708968456973684,0.08700807347101522,xgb_sentiment
2019-03-29,AD.AS,-0.0693490498107072,0.00540502555668354,0.006150607950985432,0.07475407536739075,0.07549965776169264,xgb
2019-03-29,AI.PA,0.04485435935508513,0.007688063196837902,0.006906237453222275,0.03716629615824723,0.03794812190186286,xgb
2019-03-29,AIR.PA,0.04721009276601182,0.00638561462983489,0.007444968447089195,0.04082447813617693,0.03976512431892262,xgb_sentiment
2019-03-29,ALV.DE,0.0800272184812956,0.003257889300584793,0.004092189949005842,0.0767693291807108,0.07593502853228976,xgb_sentiment
2019-03-29,ASML.AS,0.11547371922142424,0.009550672024488449,0.01246913243085146,0.1059230471969358,0.10300458679057278,xgb_sentiment
2019-03-29,BAS.DE,0.10094055994927291,0.0016193506307899952,0.003944797441363335,0.09932120931848291,0.09699576250790957,xgb_sentiment
2019-03-29,BMW.DE,0.09893995038565583,0.02016318216919899,0.0237103383988142,0.07877676821645684,0.07522961198684162,xgb_sentiment
2019-03-29,BNP.PA,0.10758767602163298,-0.005953026004135609,-0.0019539673812687397,0.11354070202576859,0.10954164340290172,xgb_sentiment
2019-03-29,CAC.PA,0.047836309360981,0.0023054240737110376,0.004222653340548277,0.045530885287269965,0.043613656020432726,xgb_sentiment
2019-03-29,CAP.PA,0.0,0.002985769184306264,0.0034189042635262012,0.002985769184306264,0.0034189042635262012,xgb
2019-03-29,CFR.SW,0.00518152465535909,0.0004583504924084991,-0.002665685722604394,0.004723174162950591,0.007847210377963484,xgb
2019-03-29,DTE.DE,0.008010925291300298,0.0029726356733590364,0.0038645470049232244,0.005038289617941262,0.004146378286377074,xgb_sentiment
2019-03-29,ENEL.MI,-0.01146072322572587,0.003746355650946498,0.0014012884348630905,0.015207078876672367,0.01286201166058896,xgb_sentiment
2019-03-29,ENI.MI,-0.03461508044105581,0.010913422331213951,0.011434112675487995,0.04552850277226976,0.046049193116543805,xgb
2019-03-29,EWI,0.021833230527534806,0.004764544777572155,0.004600397311151028,0.01706868574996265,0.01723283321638378,xgb
2019-03-29,EWL,0.02719622259729453,0.002864825539290905,0.0021102747414261103,0.024331397058003624,0.02508594785586842,xgb
2019-03-29,EWN,0.06405484388611403,0.006801657844334841,0.006798681803047657,0.05725318604177919,0.05725616208306637,xgb
2019-03-29,EWP,0.05077533584282608,0.009305207058787346,0.009201163426041603,0.04147012878403873,0.041574172416784475,xgb
2019-03-29,EXH7.DE,0.02484255252385368,0.009690888226032257,0.009322044439613819,0.015151664297821422,0.01552050808423986,xgb
2019-03-29,EXH8.DE,0.019976422174181312,-0.001697907573543489,-0.0013198303058743477,0.0216743297477248,0.02129625248005566,xgb_sentiment
2019-03-29,EXS1.DE,0.06694160948244572,-0.004471005406230688,-0.002229649806395173,0.07141261488867641,0.0691712592888409,xgb_sentiment
2019-03-29,EXSA.DE,0.037547882615191916,0.005352406296879053,0.006180578377097845,0.03219547631831286,0.03136730423809407,xgb_sentiment
2019-03-29,EXV1.DE,0.08121618404082899,0.0026166944298893213,0.0009787888266146183,0.07859948961093967,0.08023739521421437,xgb
2019-03-29,EXV2.DE,-0.00013876328165432822,0.004908896517008543,0.006216025445610285,0.005047659798662871,0.006354788727264613,xgb
2019-03-29,EXV3.DE,0.07549082460211465,0.0069781201891601086,0.007853630930185318,0.06851270441295454,0.06763719367192933,xgb_sentiment
2019-03-29,EXV4.DE,-0.016215181672313294,0.004870101809501648,0.004562925081700087,0.021085283481814942,0.02077810675401338,xgb_sentiment
2019-03-29,EXV6.DE,-0.002511560119674385,0.008511951193213463,0.00679145660251379,0.011023511312887847,0.009303016722188175,xgb_sentiment
2019-03-29,EXV7.DE,0.04500477966035138,0.0033269610721617937,0.0040794252417981625,0.041677818588189586,0.04092535441855322,xgb_sentiment
2019-03-29,HEIA.AS,0.0332427466719828,0.008742854930460453,0.010439247824251652,0.024499891741522346,0.022803498847731148,xgb_sentiment
2019-03-29,HOLN.SW,0.04002071870597533,0.009479274041950703,0.007704512681812048,0.030541444664024628,0.03231620602416328,xgb
2019-03-29,IBE.MC,0.03416523991327597,0.008821142837405205,0.00894919503480196,0.025344097075870764,0.02521604487847401,xgb_sentiment
2019-03-29,INGA.AS,0.08990144796521592,-0.0022636305075138807,0.004409442655742168,0.0921650784727298,0.08549200530947375,xgb_sentiment
2019-03-29,ISP.MI,0.07367992131654877,0.004498420283198357,0.003693114733323455,0.06918150103335041,0.06998680658322531,xgb
2019-03-29,ITX.MC,0.04542691003771532,-0.0013618587981909513,0.0008792884764261544,0.04678876883590627,0.044547621561289164,xgb_sentiment
2019-03-29,MBG.DE,0.1102481153058017,0.002146321814507246,0.005742370150983334,0.10810179349129445,0.10450574515481836,xgb_sentiment
2019-03-29,MC.PA,0.07396967160412685,0.005518354941159487,0.005958786699920893,0.06845131666296736,0.06801088490420595,xgb_sentiment
2019-03-29,MUV2.DE,0.05531371291939848,0.005970726255327463,0.006651462521404028,0.04934298666407102,0.048662250397994454,xgb_sentiment
2019-03-29,NESN.SW,0.03741481686915361,0.004739415366202593,0.005536255892366171,0.032675401502951014,0.031878560976787436,xgb_sentiment
2019-03-29,NOVN.SW,-0.03838070275927274,-0.0005876382347196341,-0.0009673531749285758,0.037793064524553104,0.03741334958434416,xgb_sentiment
2019-03-29,OR.PA,0.03778528444239306,0.006684387102723122,0.006582355126738548,0.03110089733966994,0.031202929315654514,xgb
2019-03-29,PHIA.AS,0.04443379412315711,0.007056502625346184,0.008494261652231216,0.037377291497810924,0.03593953247092589,xgb_sentiment
2019-03-29,RO.SW,-0.03674646531171931,0.007883923128247261,0.007452960591763258,0.04463038843996657,0.04419942590348257,xgb_sentiment
2019-03-29,SAN.PA,-0.016002572741934347,0.011565152555704117,0.010740105994045734,0.027567725297638464,0.02674267873598008,xgb_sentiment
2019-03-29,SAP.DE,0.10654431644661512,0.010801170952618122,0.011917046271264553,0.095743145493997,0.09462727017535057,xgb_sentiment
2019-03-29,SIE.DE,0.10667312582034737,0.004271985497325659,0.004459956660866737,0.10240114032302171,0.10221316915948063,xgb_sentiment
2019-03-29,STMMI.MI,0.21736034271897847,0.022395683452486992,0.024853548035025597,0.19496465926649148,0.19250679468395288,xgb_sentiment
2019-03-29,SU.PA,0.10705828366756914,0.010543448850512505,0.009702557697892189,0.09651483481705664,0.09735572596967695,xgb
2019-03-29,TEF.MC,-0.004965973825553528,0.010917202569544315,0.00952343363314867,0.015883176395097842,0.014489407458702197,xgb_sentiment
2019-03-29,TTE.PA,0.0005046944813726844,0.00786369014531374,0.007722425274550915,0.007358995663941055,0.00721773079317823,xgb_sentiment
2019-03-29,UBSG.SW,0.10166828530065136,0.009000788442790508,0.01022254303097725,0.09266749685786085,0.09144574226967411,xgb_sentiment
2019-03-29,UCG.MI,0.09735563285667057,-0.0019990236032754183,0.0023871243465691805,0.09935465645994598,0.09496850851010138,xgb_sentiment
2019-03-29,VOW3.DE,0.09975765418905598,0.015429768711328506,0.015502969734370708,0.08432788547772747,0.08425468445468527,xgb_sentiment
2019-03-29,WKL.AS,0.03430040976522567,0.007380562834441662,0.007996019907295704,0.02691984693078401,0.026304389857929968,xgb_sentiment
2019-04-30,ABBN.SW,-0.07013299440508498,0.0045713563449680805,0.007343112491071224,0.07470435075005306,0.07747610689615621,xgb
2019-04-30,AD.AS,-0.056062429290954834,0.009740523062646389,0.009319497272372246,0.06580295235360123,0.06538192656332709,xgb_sentiment
2019-04-30,AI.PA,-0.034588237218016044,0.003325031138956547,0.004911015275865793,0.03791326835697259,0.03949925249388184,xgb
2019-04-30,AIR.PA,-0.06351069326046639,0.005281612277030945,0.006193680688738823,0.06879230553749734,0.06970437394920521,xgb
2019-04-30,ALV.DE,-0.03198368561011627,0.00030428930767811835,0.001219553523696959,0.032287974917794386,0.03320323913381323,xgb
2019-04-30,ASML.AS,-0.09455563028653637,-0.0017895138589665294,-0.003621320705860853,0.09276611642756984,0.09093430958067551,xgb_sentiment
2019-04-30,BAS.DE,-0.15138927688519258,0.01407308503985405,0.012216857634484768,0.16546236192504662,0.16360613451967734,xgb_sentiment
2019-04-30,BMW.DE,-0.132459583569181,0.006848572753369808,0.007169355638325214,0.1393081563225508,0.13962893920750621,xgb
2019-04-30,BNP.PA,-0.06757757628695216,0.013928269036114216,0.012607699260115623,0.08150584532306637,0.08018527554706778,xgb_sentiment
2019-04-30,CAC.PA,-0.0508913755079908,-0.0005413712933659554,0.0022379234433174133,0.05035000421462484,0.05312929895130821,xgb
2019-04-30,CAP.PA,-0.07489099624244891,0.015148216858506203,0.015671348199248314,0.09003921310095511,0.09056234444169722,xgb
2019-04-30,CFR.SW,0.007894725454008194,0.007391545921564102,0.0081211281940341,0.0005031795324440917,0.00022640274002590569,xgb_sentiment
2019-04-30,DTE.DE,0.016623920723725653,0.0006826716708019376,0.001997661544010043,0.015941249052923715,0.01462625917971561,xgb_sentiment
2019-04-30,ENEL.MI,0.0,-0.0004632693890016526,0.0010733031667768955,0.0004632693890016526,0.0010733031667768955,xgb
2019-04-30,ENI.MI,-0.07458776741797189,0.00571302929893136,0.005405349191278219,0.08030079671690325,0.07999311660925011,xgb_sentiment
2019-04-30,EWI,-0.07012313228626758,0.0096497293561697,0.009286882355809212,0.07977286164243728,0.0794100146420768,xgb_sentiment
2019-04-30,EWL,-0.007025078963999114,0.0036861454136669636,0.0029999478720128536,0.010711224377666077,0.010025026836011967,xgb_sentiment
2019-04-30,EWN,-0.06412427583442064,0.006938737817108631,0.006722425576299429,0.07106301365152927,0.07084670141072007,xgb_sentiment
2019-04-30,EWP,-0.054606805133127684,0.006331416312605143,0.0052559105679392815,0.060938221445732826,0.059862715701066965,xgb_sentiment
2019-04-30,EXH7.DE,-0.029448357637468812,8.289138349937275e-06,0.0005399452638812363,0.02945664677581875,0.029988302901350048,xgb
2019-04-30,EXH8.DE,-0.08805230735085841,0.0017148241167888045,0.0023099740501493216,0.08976713146764721,0.09036228140100773,xgb
2019-04-30,EXS1.DE,-0.04412624089901091,0.004895377438515425,0.00545428367331624,0.049021618337526336,0.04958052457232715,xgb
2019-04-30,EXSA.DE,-0.04611625196839782,0.001066297641955316,0.0035717706196010113,0.04718254961035313,0.04968802258799883,xgb
2019-04-30,EXV1.DE,-0.09694767214426767,0.00846398901194334,0.007990662008523941,0.105411661156211,0.1049383341527916,xgb_sentiment
2019-04-30,EXV2.DE,-0.034589699384339506,-0.0002663444902282208,0.0006287914584390819,0.034323354894111285,0.03521849084277859,xgb
2019-04-30,EXV3.DE,-0.06127139686882548,-0.0008278281311504543,-0.0020794295705854893,0.06044356873767503,0.05919196729823999,xgb_sentiment
2019-04-30,EXV4.DE,-0.005937308351029482,-0.0035954017657786608,-0.0036398805677890778,0.0023419065852508213,0.0022974277832404043,xgb_sentiment
2019-04-30,EXV6.DE,-0.08380218699618626,0.0005190341034904122,0.0019178278744220734,0.08432122109967667,0.08572001487060833,xgb
2019-04-30,EXV7.DE,-0.05195121233495372,-0.0011057642986997962,-2.0251940441085026e-05,0.050845448036253925,0.051930960394512636,xgb
2019-04-30,HEIA.AS,-0.0006234602459248379,0.00078565877629444,0.00238211452960968,0.001409119022219278,0.003005574775534518,xgb
2019-04-30,HOLN.SW,-0.023438452967099097,0.0015238116029649973,0.003087767167016864,0.024962264570064095,0.02652622013411596,xgb
2019-04-30,IBE.MC,0.04136525772399908,0.004998223856091499,0.007148523349314928,0.03636703386790758,0.03421673437468415,xgb_sentiment
2019-04-30,INGA.AS,-0.15576629008702575,0.007823475636541843,0.005531377159059048,0.1635897657235676,0.1612976672460848,xgb_sentiment
2019-04-30,ISP.MI,-0.13002910213320468,0.007021360564976931,0.007988449186086655,0.1370504626981816,0.13801755131929133,xgb
2019-04-30,ITX.MC,-0.08106278964203818,0.006289832293987274,0.00587705010548234,0.08735262193602546,0.08693983974752052,xgb_sentiment
2019-04-30,MBG.DE,-0.13127069039366737,0.001021852483972907,0.002858238061890006,0.13229254287764028,0.13412892845555738,xgb
2019-04-30,MC.PA,-0.031577665725542985,0.0014563539298251271,0.0018609844846650958,0.03303401965536811,0.03343865021020808,xgb
2019-04-30,MUV2.DE,0.009081225736443519,-0.0002021448890445754,0.00032104295678436756,0.009283370625488094,0.008760182779659152,xgb_sentiment
2019-04-30,NESN.SW,0.016873496475253342,-0.0013334350660443306,-0.001379032852128148,0.018206931541297672,0.01825252932738149,xgb
2019-04-30,NOVN.SW,0.057438934798142674,0.008478193543851376,0.0032805362716317177,0.0489607412542913,0.054158398526510956,xgb
2019-04-30,OR.PA,-0.019778198935035574,-0.004138338379561901,-0.006977003999054432,0.015639860555473672,0.012801194935981142,xgb_sentiment
2019-04-30,PHIA.AS,-0.043438437371731184,0.0017704209312796593,0.0004756913403980434,0.04520885830301084,0.04391412871212923,xgb_sentiment
2019-04-30,RO.SW,0.00628800421925428,0.002189165446907282,0.002438850002363324,0.0040988387723469985,0.003849154216890956,xgb_sentiment
2019-04-30,SAN.PA,-0.01485377109226795,0.004089508671313524,0.0047598485834896564,0.018943279763581476,0.01961361967575761,xgb
2019-04-30,SAP.DE,-0.01657504089418897,-0.0019954033195972443,0.018406661227345467,0.014579637574591724,0.03498170212153444,xgb
2019-04-30,SIE.DE,-0.03722176149158186,0.0006153570138849318,0.0002036846271948889,0.03783711850546679,0.037425446118776746,xgb_sentiment
2019-04-30,STMMI.MI,-0.19263094518124743,0.008934201672673225,-0.02832299843430519,0.20156514685392066,0.16430794674694224,xgb_sentiment
2019-04-30,SU.PA,-0.057548233883045107,-0.006130832713097334,-0.00460231676697731,0.05141740116994777,0.052945917116067796,xgb
2019-04-30,TEF.MC,-0.03310378471967798,0.007730406243354082,0.008474135771393776,0.04083419096303206,0.04157792049107176,xgb
2019-04-30,TTE.PA,-0.056250598094029686,0.009692685678601265,0.010055918246507645,0.06594328377263095,0.06630651634053733,xgb
2019-04-30,UBSG.SW,-0.09187280759638751,0.01257639192044735,0.01438938919454813,0.10444919951683486,0.10626219679093564,xgb
2019-04-30,UCG.MI,-0.18964772345296785,0.018483063206076622,0.017292121425271034,0.20813078665904447,0.20693984487823888,xgb_sentiment
2019-04-30,VOW3.DE,-0.04572570596531813,0.01146586611866951,0.009234235621988773,0.05719157208398764,0.0549599415873069,xgb_sentiment
2019-04-30,WKL.AS,-0.005483030978746617,-4.255662497598678e-05,0.001571493106894195,0.00544047435377063,0.007054524085640812,xgb
2019-05-31,ABBN.SW,0.0887240776359108,0.01579209417104721,0.015738992020487785,0.07293198346486358,0.07298508561542301,xgb
2019-05-31,AD.AS,-0.012342835372503972,0.00827154889702797,0.008428595028817654,0.02061438426953194,0.020771430401321626,xgb
2019-05-31,AI.PA,0.09531006514712775,0.00895463302731514,0.009614563547074795,0.08635543211981261,0.08569550160005296,xgb_sentiment
2019-05-31,AIR.PA,0.07898404249054838,0.019396411255002022,0.02007227949798107,0.05958763123554636,0.05891176299256731,xgb_sentiment
2019-05-31,ALV.DE,0.07430896400678054,0.010000159963965416,0.010501603595912457,0.06430880404281512,0.06380736041086808,xgb_sentiment
2019-05-31,ASML.AS,0.11197760009115065,0.05954810976982117,0.06907635927200317,0.052429490321329486,0.04290124081914748,xgb_sentiment
2019-05-31,BAS.DE,0.0797039964142447,0.021332817152142525,0.024483323097229004,0.05837117926210217,0.05522067331701569,xgb_sentiment
2019-05-31,BMW.DE,0.04846756575281146,0.01805694028735161,0.02002289891242981,0.030410625465459855,0.028444666840381654,xgb_sentiment
2019-05-31,BNP.PA,0.029172740783954758,0.02154921367764473,0.02132337912917137,0.007623527106310028,0.007849361654783386,xgb
2019-05-31,CAC.PA,0.07121412692993481,0.006023527588695288,0.005391327198594809,0.06519059934123952,0.06582279973134,xgb
2019-05-31,CAP.PA,0.1262864765432156,0.011171303689479828,0.010561388917267323,0.11511517285373576,0.11572508762594827,xgb
2019-05-31,CFR.SW,0.12021819918579446,0.005828349385410547,0.004897674545645714,0.11438984980038391,0.11532052464014875,xgb
2019-05-31,DTE.DE,0.008435597414810382,0.007456314750015736,0.009101489558815956,0.0009792826647946461,0.0006658921440055744,xgb_sentiment
2019-05-31,ENEL.MI,0.09514706105888851,0.012352177873253822,0.014782722108066082,0.08279488318563469,0.08036433895082243,xgb_sentiment
2019-05-31,ENI.MI,0.07515923682068014,0.016012899577617645,0.016313958913087845,0.059146337243062494,0.058845277907592294,xgb_sentiment
2019-05-31,EWI,0.06714508173869947,0.00563065754249692,0.005331275053322315,0.06151442419620255,0.06181380668537716,xgb
2019-05-31,EWL,0.04013233122413367,0.003276348812505603,0.00413964968174696,0.03685598241162807,0.03599268154238671,xgb_sentiment
2019-05-31,EWN,0.05056327992766497,0.006034111138433218,0.006048345938324928,0.04452916878923175,0.04451493398934004,xgb_sentiment
2019-05-31,EWP,0.02385024179264286,0.005769035778939724,0.006217599380761385,0.018081206013703135,0.017632642411881474,xgb_sentiment
2019-05-31,EXH7.DE,0.042271128219471606,0.0022669665049761534,0.0028634043410420418,0.04000416171449545,0.039407723878429564,xgb_sentiment
2019-05-31,EXH8.DE,0.042672892995684504,0.0015777376247569919,0.0020430355798453093,0.04109515537092751,0.040629857415839195,xgb_sentiment
2019-05-31,EXS1.DE,0.06563201153793476,0.008833312429487705,0.009580271318554878,0.05679869910844705,0.05605174021937988,xgb_sentiment
2019-05-31,EXSA.DE,0.0523241855820675,0.008180290460586548,0.00755341025069356,0.04414389512148095,0.04477077533137394,xgb
2019-05-31,EXV1.DE,0.0228336921929619,0.011242206208407879,0.012570725753903389,0.01159148598455402,0.01026296643905851,xgb_sentiment
2019-05-31,EXV2.DE,0.016900375341476013,0.0024981917813420296,0.0025675364304333925,0.014402183560133983,0.01433283891104262,xgb_sentiment
2019-05-31,EXV3.DE,0.07877404094946895,0.0016650198958814144,0.006204782519489527,0.07710902105358754,0.07256925842997942,xgb_sentiment
2019-05-31,EXV4.DE,0.061971910900598635,0.009784827008843422,0.009610028006136417,0.052187083891755214,0.05236188289446222,xgb
2019-05-31,EXV6.DE,0.10139395063785,0.00239717960357666,-0.00011560323764570057,0.09899677103427335,0.1015095538754957,xgb
2019-05-31,EXV7.DE,0.08503706415778914,0.010909993201494217,0.008921628817915916,0.07412707095629492,0.07611543533987322,xgb
2019-05-31,HEIA.AS,0.0445166492088876,0.010324321687221527,0.013367120176553726,0.03419232752166607,0.031149529032333874,xgb_sentiment
2019-05-31,HOLN.SW,0.007862251824321041,0.028438959270715714,0.021496454253792763,0.02057670744639467,0.013634202429471722,xgb_sentiment
2019-05-31,IBE.MC,0.049969343066222464,0.010748663917183876,0.012205932289361954,0.03922067914903859,0.03776341077686051,xgb_sentiment
2019-05-31,INGA.AS,0.053519020170457544,0.007858360186219215,0.01064024493098259,0.04566065998423833,0.042878775239474955,xgb_sentiment
2019-05-31,ISP.MI,0.018263863109877747,0.012092236429452896,0.014322122558951378,0.006171626680424851,0.00394174055092637,xgb_sentiment
2019-05-31,ITX.MC,0.0951213085672148,0.011915486305952072,0.013209393247961998,0.08320582226126273,0.0819119153192528,xgb_sentiment
2019-05-31,MBG.DE,0.04988177672962823,0.008907469920814037,0.01078877504914999,0.04097430680881419,0.03909300168047824,xgb_sentiment
2019-05-31,MC.PA,0.10103951037900313,0.015260032378137112,0.005064814351499081,0.08577947800086602,0.09597469602750405,xgb
2019-05-31,MUV2.DE,0.030084332533276487,0.010730668902397156,0.012846224009990692,0.01935366363087933,0.017238108523285795,xgb_sentiment
2019-05-31,NESN.SW,0.01872393985663883,0.0013010082766413689,0.005053121596574783,0.017422931579997462,0.013670818260064048,xgb_sentiment
2019-05-31,NOVN.SW,0.054534423384855174,0.004535693675279617,0.004969758912920952,0.04999872970957556,0.04956466447193422,xgb_sentiment
2019-05-31,OR.PA,0.036352813027187354,0.012107332237064838,0.009183443151414394,0.024245480790122516,0.02716936987577296,xgb
2019-05-31,PHIA.AS,0.0937703035611836,0.010915692895650864,0.016124185174703598,0.08285461066553274,0.07764611838648,xgb_sentiment
2019-05-31,RO.SW,0.06266438065773584,0.0035465387627482414,0.00385287101380527,0.0591178418949876,0.05881150964393057,xgb_sentiment
2019-05-31,SAN.PA,0.06160133208965556,0.008523382246494293,0.009071066975593567,0.05307794984316127,0.052530265114061996,xgb_sentiment
2019-05-31,SAP.DE,0.10185863902136995,0.01869197003543377,0.018944283947348595,0.08316666898593618,0.08291435507402135,xgb_sentiment
2019-05-31,SIE.DE,0.043971766028281636,0.010930275544524193,0.012568246573209763,0.033041490483757444,0.031403519455071874,xgb_sentiment
2019-05-31,STMMI.MI,0.175617910898555,0.02152078039944172,0.014293113723397255,0.15409713049911328,0.16132479717515774,xgb
2019-05-31,SU.PA,0.13137515750891826,0.018889404833316803,0.016644245013594627,0.11248575267560146,0.11473091249532363,xgb
2019-05-31,TEF.MC,0.04060722520605616,0.006440034601837397,0.006789156701415777,0.034167190604218765,0.033818068504640385,xgb_sentiment
2019-05-31,TTE.PA,0.07840729813682333,0.013523999601602554,0.01430392637848854,0.06488329853522078,0.06410337175833479,xgb_sentiment
2019-05-31,UBSG.SW,0.022702670374510573,0.01719711720943451,0.018287774175405502,0.005505553165076064,0.004414896199105071,xgb_sentiment
2019-05-31,UCG.MI,0.04566278078486745,0.012513181194663048,0.014312510378658772,0.0331495995902044,0.03135027040620868,xgb_sentiment
2019-05-31,VOW3.DE,0.07257061956175241,0.008242737501859665,0.009094465523958206,0.06432788205989275,0.0634761540377942,xgb_sentiment
2019-05-31,WKL.AS,0.03704122476160485,0.01175517775118351,0.013316698372364044,0.025286047010421343,0.02372452638924081,xgb_sentiment
2019-06-28,ABBN.SW,-0.05642950688610449,0.002539683599025011,0.0024570864625275135,0.058969190485129504,0.058886593348632006,xgb_sentiment
2019-06-28,AD.AS,0.047975719762535625,0.011007088236510754,0.010531074367463589,0.03696863152602487,0.037444645395072036,xgb
2019-06-28,AI.PA,0.009704857577406639,0.003049259539693594,0.0055387900210917,0.006655598037713045,0.004166067556314939,xgb_sentiment
2019-06-28,AIR.PA,0.042399235448259784,0.02053154446184635,0.01908634603023529,0.021867690986413432,0.023312889418024493,xgb
2019-06-28,ALV.DE,0.004471212655120563,0.0008891028701327741,0.000707585655618459,0.003582109784987789,0.0037636269995021043,xgb
2019-06-28,ASML.AS,0.11459712938072603,0.0037558518815785646,0.002930707996711135,0.11084127749914746,0.11166642138401489,xgb
2019-06-28,BAS.DE,-0.027116579289126214,0.009637108072638512,0.008947527967393398,0.03675368736176472,0.03606410725651961,xgb_sentiment
2019-06-28,BMW.DE,0.04799247037843856,0.005100766662508249,0.005190791096538305,0.04289170371593031,0.042801679281900255,xgb_sentiment
2019-06-28,BNP.PA,0.02108581453785853,0.01143465656787157,0.010402949526906013,0.00965115796998696,0.010682865010952516,xgb
2019-06-28,CAC.PA,0.012498684274669524,0.008966970257461071,0.009284853003919125,0.0035317140172084534,0.0032138312707504,xgb_sentiment
2019-06-28,CAP.PA,0.03017582950624052,-0.0125377606600523,-0.0023456288035959005,0.04271359016629282,0.032521458309836423,xgb_sentiment
2019-06-28,CFR.SW,0.052687297617344406,-0.01122532319277525,-0.0068414174020290375,0.06391262081011966,0.05952871501937344,xgb_sentiment
2019-06-28,DTE.DE,-0.004612243803788021,0.0017911983886733651,0.0013929149135947227,0.006403442192461386,0.0060051587173827435,xgb_sentiment
2019-06-28,ENEL.MI,0.03963276927582058,0.005784936249256134,0.008933071047067642,0.033847833026564446,0.030699698228752938,xgb_sentiment
2019-06-28,ENI.MI,-0.024815606722282134,0.011632068082690239,0.010106906294822693,0.03644767480497237,0.03492251301710483,xgb_sentiment
2019-06-28,EWI,0.024662306714860565,0.00936354510486126,0.007621794007718563,0.015298761609999306,0.017040512707142002,xgb
2019-06-28,EWL,0.019802010913720358,0.007597598247230053,0.0070786201395094395,0.012204412666490305,0.012723390774210919,xgb
2019-06-28,EWN,0.04321040841475345,0.008390921168029308,0.007625970058143139,0.034819487246724144,0.035584438356610314,xgb
2019-06-28,EWP,0.00606410378127345,0.0015937999123707414,0.0004171500913798809,0.004470303868902709,0.005646953689893569,xgb
2019-06-28,EXH7.DE,0.037270057456761305,0.0010857362067326903,0.0027453149668872356,0.036184321250028614,0.03452474248987407,xgb_sentiment
2019-06-28,EXH8.DE,0.01841491556891559,0.0023226297926157713,0.002860298380255699,0.016092285776299817,0.01555461718865989,xgb_sentiment
2019-06-28,EXS1.DE,0.0022565399927470383,0.0022670344915241003,0.002531069330871105,1.0494498777061968e-05,0.00027452933812406686,xgb
2019-06-28,EXSA.DE,0.01644999929701413,0.0017643787432461977,0.003020054195076227,0.01468562055376793,0.013429945101937901,xgb_sentiment
2019-06-28,EXV1.DE,9.425746040551929e-06,0.006673608440905809,0.007285842206329107,0.006664182694865258,0.0072764164602885555,xgb
2019-06-28,EXV2.DE,0.021881136390204784,-0.00019330598297528923,0.0009130426915362477,0.022074442373180073,0.020968093698668536,xgb_sentiment
2019-06-28,EXV3.DE,0.019301089135608126,-0.002654292620718479,-0.0017105559818446636,0.021955381756326605,0.02101164511745279,xgb_sentiment
2019-06-28,EXV4.DE,0.026928812907773065,0.0026713223196566105,0.002676841802895069,0.024257490588116454,0.024251971104877996,xgb_sentiment
2019-06-28,EXV6.DE,-0.030750676685639116,0.0039638555608689785,0.003867702092975378,0.0347145322465081,0.0346183787786145,xgb_sentiment
2019-06-28,EXV7.DE,0.0006824559804019892,0.0014429435832425952,0.0012875213287770748,0.000760487602840606,0.0006050653483750856,xgb_sentiment
2019-06-28,HEIA.AS,-0.016644790522983552,0.012630133889615536,0.013784659095108509,0.029274924412599088,0.03042944961809206,xgb
2019-06-28,HOLN.SW,0.05173066816746525,0.008369900286197662,0.00996208842843771,0.04336076788126759,0.04176857973902754,xgb_sentiment
2019-06-28,IBE.MC,0.007758391483320762,0.016063719987869263,0.01695852354168892,0.008305328504548501,0.009200132058368157,xgb
2019-06-28,INGA.AS,0.014217877564178472,0.0029583785217255354,0.006081403698772192,0.011259499042452936,0.00813647386540628,xgb_sentiment
2019-06-28,ISP.MI,0.05640264087112224,0.0049231345765292645,0.0048639350570738316,0.051479506294592976,0.05153870581404841,xgb
2019-06-28,ITX.MC,0.03820236638871303,-0.0025823547039180994,-0.001028902013786137,0.04078472109263113,0.039231268402499166,xgb_sentiment
2019-06-28,MBG.DE,-0.009343524449018085,0.004407465923577547,0.004032963886857033,0.013750990372595633,0.013376488335875118,xgb_sentiment
2019-06-28,MC.PA,0.011818648576599497,-0.0019077803008258343,0.000945359468460083,0.013726428877425331,0.010873289108139414,xgb_sentiment
2019-06-28,MUV2.DE,0.0049716435385328064,0.003343486227095127,0.0037314302753657103,0.0016281573114376793,0.0012402132631670962,xgb_sentiment
2019-06-28,NESN.SW,0.04494916494532283,0.012052938342094421,0.012568153440952301,0.032896226603228405,0.032381011504370526,xgb_sentiment
2019-06-28,NOVN.SW,0.03050502677321084,0.006845409516245127,0.007199086248874664,0.023659617256965713,0.023305940524336176,xgb_sentiment
2019-06-28,OR.PA,0.002392351786480908,0.014171951450407505,0.007339252158999443,0.011779599663926596,0.004946900372518535,xgb_sentiment
2019-06-28,PHIA.AS,0.10741425371412447,0.008284255862236023,0.008406917564570904,0.09912999785188845,0.09900733614955357,xgb_sentiment
2019-06-28,RO.SW,-0.010117655586751472,0.00020188873168081045,-0.0007269002380780876,0.010319544318432282,0.009390755348673384,xgb_sentiment
2019-06-28,SAN.PA,0.015554763553517117,0.009197979234158993,0.006817605346441269,0.006356784319358124,0.008737158207075848,xgb
2019-06-28,SAP.DE,-0.0627074594895064,-0.0020687838550657034,-0.006897464860230684,0.0606386756344407,0.055809994629275717,xgb_sentiment
2019-06-28,SIE.DE,-0.033044837099457686,0.0039753676392138,0.0041795228607952595,0.037020204738671486,0.037224359960252945,xgb
2019-06-28,STMMI.MI,0.09122271128386945,0.005582278594374657,0.0012276400811970234,0.0856404326894948,0.08999507120267243,xgb
2019-06-28,SU.PA,-0.006288621974744485,-0.01103543397039175,-0.010480730794370174,0.004746811995647265,0.004192108819625689,xgb_sentiment
2019-06-28,TEF.MC,-0.0166169883545099,0.00988205149769783,0.009204248897731304,0.02649903985220773,0.025821237252241204,xgb_sentiment
2019-06-28,TTE.PA,-0.024966594238000475,0.012460210360586643,0.012264410965144634,0.03742680459858712,0.03723100520314511,xgb_sentiment
2019-06-28,UBSG.SW,-0.013658980966803808,0.006082149222493172,0.0066267442889511585,0.01974113018929698,0.020285725255754967,xgb
2019-06-28,UCG.MI,0.01921196304388628,0.0023916796781122684,0.004220040515065193,0.01682028336577401,0.014991922528821085,xgb_sentiment
2019-06-28,VOW3.DE,0.03304643067437058,-0.0017612236551940441,-0.0007738351705484092,0.034807654329564626,0.03382026584491899,xgb_sentiment
2019-06-28,WKL.AS,0.041908644977224456,0.012592222541570663,0.014227787032723427,0.029316422435653793,0.02768085794450103,xgb_sentiment
2019-07-31,ABBN.SW,0.0012836569040301188,0.011915051378309727,0.011364602483808994,0.010631394474279608,0.010080945579778875,xgb_sentiment
2019-07-31,AD.AS,0.05150468390166177,0.009151269681751728,0.010208277963101864,0.04235341421991004,0.041296405938559905,xgb_sentiment
2019-07-31,AI.PA,0.00915801553425735,0.0055448864586651325,0.005046159494668245,0.003613129075592218,0.004111856039589105,xgb
2019-07-31,AIR.PA,-0.02194772814050439,0.020042575895786285,0.021217916160821915,0.04199030403629067,0.0431656443013263,xgb
2019-07-31,ALV.DE,-0.054600848628815125,0.008080143481492996,0.009577462449669838,0.06268099211030811,0.06417831107848496,xgb
2019-07-31,ASML.AS,-0.016807089783326342,0.00610416941344738,0.010673780925571918,0.022911259196773722,0.02748087070889826,xgb
2019-07-31,BAS.DE,-0.014309646276455682,0.01238580234348774,0.0037880882155150175,0.02669544861994342,0.018097734491970698,xgb_sentiment
2019-07-31,BMW.DE,-0.10497822351305376,0.005126278381794691,0.005952103529125452,0.11010450189484845,0.11093032704217921,xgb
2019-07-31,BNP.PA,-0.0326516272145309,0.009031501598656178,-0.00040093541610985994,0.04168312881318708,0.03225069179842104,xgb_sentiment
2019-07-31,CAC.PA,-0.012679560166693546,0.00610937736928463,0.006180135533213615,0.018788937535978177,0.018859695699907163,xgb
2019-07-31,CAP.PA,-0.06914775758492533,0.008510409854352474,0.008396129123866558,0.07765816743927781,0.07754388670879189,xgb_sentiment
2019-07-31,CFR.SW,-0.09380401882028289,0.01985376700758934,0.01994374953210354,0.11365778582787223,0.11374776835238642,xgb
2019-07-31,DTE.DE,0.017322298468976243,0.007596949581056833,0.008161238394677639,0.00972534888791941,0.009161060074298604,xgb_sentiment
2019-07-31,ENEL.MI,0.06751834334294103,0.024314958602190018,0.024856651201844215,0.043203384740751014,0.042661692141096816,xgb_sentiment
2019-07-31,ENI.MI,-0.04213138954090464,0.0002998441341333091,0.0007999470690265298,0.04243123367503795,0.04293133660993117,xgb
2019-07-31,EWI,0.0061139989720838065,0.005272794980555773,0.004995201714336872,0.0008412039915280337,0.0011187972577469344,xgb
2019-07-31,EWL,0.005676656625529325,0.002949436428025365,0.0032553996425122023,0.00272722019750396,0.0024212569830171227,xgb_sentiment
2019-07-31,EWN,-0.007890656880667958,0.003167154034599662,0.004452164750546217,0.01105781091526762,0.012342821631214175,xgb
2019-07-31,EWP,-0.018983514006636094,7.031143468338996e-05,0.0009184378432109952,0.019053825441319484,0.01990195184984709,xgb
2019-07-31,EXH7.DE,-0.009470732314826908,0.006855378393083811,0.0062805968336761,0.01632611070791072,0.01575132914850301,xgb_sentiment
2019-07-31,EXH8.DE,-0.005627326423619813,0.0022821833845227957,0.002078868681564927,0.007909509808142609,0.00770619510518474,xgb_sentiment
2019-07-31,EXS1.DE,-0.028165420107517665,0.010875333100557327,0.010460696183145046,0.03904075320807499,0.03862611629066271,xgb_sentiment
2019-07-31,EXSA.DE,-0.02028536387222214,0.005860344972461462,0.006532383617013693,0.0261457088446836,0.026817747489235832,xgb
2019-07-31,EXV1.DE,-0.06826128674542163,0.00886974111199379,0.008145270869135857,0.07713102785741542,0.07640655761455749,xgb_sentiment
2019-07-31,EXV2.DE,0.005026858126549014,0.005029406864196062,0.005513613112270832,2.5487376470482645e-06,0.00048675498572181824,xgb
2019-07-31,EXV3.DE,-0.05028023400037454,0.009252394549548626,0.00944538228213787,0.05953262854992317,0.05972561628251241,xgb
2019-07-31,EXV4.DE,0.022986733300817953,0.004630204755812883,0.006160767283290625,0.01835652854500507,0.016825966017527328,xgb_sentiment
2019-07-31,EXV6.DE,-0.10416101913125583,0.011574406176805496,0.012006849981844425,0.11573542530806133,0.11616786911310026,xgb
2019-07-31,EXV7.DE,-0.022236575173430365,0.009823710657656193,0.010138084180653095,0.032060285831086555,0.03237465935408346,xgb
2019-07-31,HEIA.AS,-0.010558122327466812,0.023810861632227898,0.02575072832405567,0.03436898395969471,0.036308850651522485,xgb
2019-07-31,HOLN.SW,-0.03313464843063227,0.00717161362990737,0.007024514954537153,0.04030626206053964,0.04015916338516942,xgb_sentiment
2019-07-31,IBE.MC,0.08775004350544734,0.006238874047994614,0.010068535804748535,0.08151116945745272,0.0776815077006988,xgb_sentiment
2019-07-31,INGA.AS,-0.13159795487925854,0.01475303340703249,0.014562043361365795,0.14635098828629103,0.14615999824062434,xgb_sentiment
2019-07-31,ISP.MI,0.026725982646896913,0.0026259454898536205,0.001663491246290505,0.024100037157043293,0.02506249140060641,xgb
2019-07-31,ITX.MC,0.024485061284988535,0.007503841537982225,0.007495759520679712,0.01698121974700631,0.016989301764308823,xgb
2019-07-31,MBG.DE,-0.11059876794712606,0.008738714270293713,0.010804613120853901,0.11933748221741977,0.12140338106797996,xgb
2019-07-31,MC.PA,-0.03787873999302902,0.01032214518636465,0.013047132641077042,0.04820088517939367,0.05092587263410606,xgb
2019-07-31,MUV2.DE,0.0036665138447358405,0.012735767289996147,0.012437107972800732,0.009069253445260307,0.008770594128064892,xgb_sentiment
2019-07-31,NESN.SW,0.05780519088534906,0.0092252092435956,0.008891264908015728,0.04857998164175346,0.04891392597733333,xgb
2019-07-31,NOVN.SW,-0.02506469789910217,0.019828833639621735,0.018906615674495697,0.044893531538723906,0.04397131357359787,xgb_sentiment
2019-07-31,OR.PA,0.029719202187041948,0.025471866130828857,0.02063107304275036,0.004247336056213091,0.00908812914429159,xgb
2019-07-31,PHIA.AS,-0.0016490735726452594,0.005500626750290394,0.006031912285834551,0.007149700322935653,0.00768098585847981,xgb
2019-07-31,RO.SW,0.022668945107078012,0.009168488904833794,0.009917205199599266,0.013500456202244219,0.012751739907478746,xgb_sentiment
2019-07-31,SAN.PA,0.0333624949188822,0.006616075523197651,0.006313178222626448,0.026746419395684548,0.02704931669625575,xgb
2019-07-31,SAP.DE,-0.030352176147841522,0.04690694436430931,0.05126788094639778,0.07725912051215084,0.0816200570942393,xgb
2019-07-31,SIE.DE,-0.09520884423769575,0.012388092465698719,0.011758360080420971,0.10759693670339447,0.10696720431811672,xgb_sentiment
2019-07-31,STMMI.MI,-0.03594629269556035,0.0012814097572118044,0.0057216533459723,0.037227702452772155,0.04166794604153265,xgb
2019-07-31,SU.PA,-0.043986295652082404,0.017214709892868996,0.01825554668903351,0.0612010055449514,0.06224184234111591,xgb
2019-07-31,TEF.MC,-0.09496340890345989,0.003906396217644215,0.004160852171480656,0.0988698051211041,0.09912426107494055,xgb
2019-07-31,TTE.PA,-0.044229817977702854,0.0060075921937823296,0.005407975986599922,0.05023741017148518,0.049637793964302776,xgb_sentiment
2019-07-31,UBSG.SW,-0.047561153847129375,0.013594490475952625,0.012936032377183437,0.061155644323082,0.06049718622431281,xgb_sentiment
2019-07-31,UCG.MI,-0.046090939672720495,0.0018319535301998258,0.004138192627578974,0.04792289320292032,0.05022913230029947,xgb
2019-07-31,VOW3.DE,-0.03821948544204082,0.011661302298307419,0.011345162987709045,0.04988078774034824,0.049564648429749864,xgb_sentiment
2019-07-31,WKL.AS,-0.0031026405575570295,0.015364840626716614,0.016434384509921074,0.018467481184273642,0.019537025067478102,xgb
2019-08-30,ABBN.SW,0.05028418452795401,0.007848369888961315,0.009822798892855644,0.042435814638992694,0.040461385635098365,xgb_sentiment
2019-08-30,AD.AS,0.07553315755686413,0.004828996490687132,0.007905382663011551,0.070704161066177,0.06762777489385258,xgb_sentiment
2019-08-30,AI.PA,0.030711813690674196,0.011275049299001694,0.012811576947569847,0.019436764391672502,0.01790023674310435,xgb_sentiment
2019-08-30,AIR.PA,-0.05022726965987208,0.01718289777636528,0.018691716715693474,0.06741016743623736,0.06891898637556555,xgb
2019-08-30,ALV.DE,0.06446054905278643,0.006077324505895376,0.005833326373249292,0.05838322454689106,0.05862722267953714,xgb
2019-08-30,ASML.AS,0.1165460358972831,0.01211632415652275,0.012727871537208557,0.10442971174076035,0.10381816436007454,xgb_sentiment
2019-08-30,BAS.DE,0.06341643320717537,-0.002574710641056299,-0.006673327647149563,0.06599114384823167,0.07008976085432493,xgb
2019-08-30,BMW.DE,0.060305296432278534,-0.0021709289867430925,0.0007084074313752353,0.062476225419021626,0.0595968890009033,xgb_sentiment
2019-08-30,BNP.PA,0.08487669927148841,0.005048311781138182,0.008250203914940357,0.07982838749035023,0.07662649535654806,xgb_sentiment
2019-08-30,CAC.PA,0.037014091852484034,0.0033277771435678005,0.0045014615170657635,0.03368631470891623,0.03251263033541827,xgb_sentiment
2019-08-30,CAP.PA,-0.009666458331571176,0.009267449378967285,0.007247965317219496,0.01893390771053846,0.016914423648790672,xgb_sentiment
2019-08-30,CFR.SW,-0.016642134474259995,0.015366342850029469,0.016060424968600273,0.032008477324289464,0.03270255944286027,xgb
2019-08-30,DTE.DE,0.014262705213913861,0.0006952091935090721,-0.0010036727180704474,0.013567496020404789,0.015266377931984309,xgb
2019-08-30,ENEL.MI,0.03823457485219031,0.0076660229824483395,0.007263007573783398,0.030568551869741972,0.030971567278406914,xgb
2019-08-30,ENI.MI,0.055542690010520264,0.008218010887503624,0.0064191254787147045,0.04732467912301664,0.04912356453180556,xgb
2019-08-30,EWI,0.035067258142161835,0.006933499127626419,0.008231368847191334,0.028133759014535416,0.0268358892949705,xgb_sentiment
2019-08-30,EWL,0.01695672585464524,0.005263066850602627,0.0066972034983336926,0.011693659004042612,0.010259522356311546,xgb_sentiment
2019-08-30,EWN,0.03537024439953953,0.005729232914745808,0.00643249461427331,0.02964101148479372,0.02893774978526622,xgb_sentiment
2019-08-30,EWP,0.051898599368813754,0.007039982359856367,0.006933503318578005,0.04485861700895739,0.04496509605023575,xgb
2019-08-30,EXH7.DE,0.006151507641672943,0.005639565177261829,0.007272518239915371,0.0005119424644111133,0.0011210105982424282,xgb
2019-08-30,EXH8.DE,0.04027596315230778,-0.0009551201947033405,0.0013845120556652546,0.04123108334701112,0.03889145109664253,xgb_sentiment
2019-08-30,EXS1.DE,0.03964137522903909,0.005860702134668827,0.0063617476262152195,0.033780673094370266,0.03327962760282387,xgb_sentiment
2019-08-30,EXSA.DE,0.03451814214178293,0.007815944030880928,0.0077182152308523655,0.026702198110902,0.026799926910930562,xgb
2019-08-30,EXV1.DE,0.08401115787537902,0.006546464748680592,0.007186874281615019,0.07746469312669843,0.076824283593764,xgb_sentiment
2019-08-30,EXV2.DE,0.04423421817430156,0.0023088082671165466,0.002209218218922615,0.04192540990718501,0.04202499995537894,xgb
2019-08-30,EXV3.DE,0.03030715418586429,0.009731670841574669,0.00960382167249918,0.02057548334428962,0.02070333251336511,xgb
2019-08-30,EXV4.DE,0.009648220464493837,0.006756821647286415,0.007000396028161049,0.0028913988172074214,0.0026478244363327876,xgb_sentiment
2019-08-30,EXV6.DE,0.047565020267616755,0.002171450760215521,0.0007891583954915404,0.045393569507401234,0.046775861872125214,xgb
2019-08-30,EXV7.DE,0.03908169761622652,0.00550424586981535,0.008468656800687313,0.03357745174641117,0.030613040815539207,xgb_sentiment
2019-08-30,HEIA.AS,0.024501035366816068,0.011751565150916576,0.012252054177224636,0.012749470215899492,0.012248981189591432,xgb_sentiment
2019-08-30,HOLN.SW,0.054462605521789054,0.013205021619796753,0.012072058394551277,0.0412575839019923,0.042390547127237777,xgb
2019-08-30,IBE.MC,0.019483801341134012,0.0029008856508880854,0.0020126416347920895,0.016582915690245927,0.017471159706341922,xgb
2019-08-30,INGA.AS,0.0992015526553686,0.006833481136709452,0.0024094213731586933,0.09236807151865915,0.09679213128220991,xgb
2019-08-30,ISP.MI,0.08751726345689277,0.0009004308958537877,-0.0005325957899913192,0.08661683256103898,0.08804985924688409,xgb
2019-08-30,ITX.MC,0.009907912388384121,-0.003545977408066392,0.0005056767258793116,0.013453889796450513,0.00940223566250481,xgb_sentiment
2019-08-30,MBG.DE,0.06603038424790278,-0.021793866530060768,-0.013409113511443138,0.08782425077796355,0.07943949775934592,xgb_sentiment
2019-08-30,MC.PA,0.0061894214682475975,-0.003104248782619834,0.007844462059438229,0.009293670250867431,0.0016550405911906312,xgb_sentiment
2019-08-30,MUV2.DE,0.08571020294174281,0.0068639907985925674,0.006545784883201122,0.07884621214315024,0.07916441805854169,xgb
2019-08-30,NESN.SW,-0.019371495575151672,0.014272455126047134,0.015674516558647156,0.033643950701198806,0.03504601213379883,xgb
2019-08-30,NOVN.SW,-0.022703616447497115,0.014865194447338581,0.014707252383232117,0.0375688108948357,0.037410868830729235,xgb_sentiment
2019-08-30,OR.PA,0.03284174277927852,0.0072634401731193066,0.008581956848502159,0.02557830260615921,0.024259785930776358,xgb_sentiment
2019-08-30,PHIA.AS,-0.009018107269109,0.016287870705127716,0.017326554283499718,0.025305977974236716,0.026344661552608718,xgb
2019-08-30,RO.SW,0.07646119550720043,0.0037914442364126444,0.0032818743493407965,0.07266975127078779,0.07317932115785963,xgb
2019-08-30,SAN.PA,0.08511080003784878,0.0031114467419683933,0.004161476157605648,0.08199935329588039,0.08094932388024313,xgb_sentiment
2019-08-30,SAP.DE,-0.006651934087842704,0.015526984818279743,0.016349533572793007,0.022178918906122447,0.02300146766063571,xgb
2019-08-30,SIE.DE,0.07720536751817789,-0.008174553513526917,-0.007286387495696545,0.0853799210317048,0.08449175501387443,xgb_sentiment
2019-08-30,STMMI.MI,0.0999537120483652,0.02332976646721363,0.030513174831867218,0.07662394558115157,0.06944053721649798,xgb_sentiment
2019-08-30,SU.PA,0.05542061267198534,0.009808618575334549,0.01056499220430851,0.045611994096650794,0.044855620467676834,xgb_sentiment
2019-08-30,TEF.MC,0.10534467775214872,-0.022789444774389267,-0.028800848871469498,0.128134122526538,0.13414552662361823,xgb
2019-08-30,TTE.PA,0.06753839554028433,0.009737296029925346,0.00750168040394783,0.057801099510358986,0.0600367151363365,xgb
2019-08-30,UBSG.SW,0.08629034101255668,0.005193453282117844,0.005068372003734112,0.08109688773043884,0.08122196900882257,xgb
2019-08-30,UCG.MI,0.07282907605703928,0.006063082255423069,0.007142420392483473,0.06676599380161621,0.06568665566455581,xgb_sentiment
2019-08-30,VOW3.DE,0.06594915271946034,0.003149053081870079,0.005750247742980719,0.06280009963759026,0.06019890497647962,xgb_sentiment
2019-08-30,WKL.AS,0.022038838455328353,0.009788577444851398,0.010429942980408669,0.012250261010476955,0.011608895474919684,xgb_sentiment
2019-09-30,ABBN.SW,0.050610975138437625,-0.0007713921368122101,0.00023034824698697776,0.051382367275249835,0.05038062689145065,xgb_sentiment
2019-09-30,AD.AS,-0.018022351777555637,0.005615301430225372,0.006345338188111782,0.02363765320778101,0.02436768996566742,xgb
2019-09-30,AI.PA,-0.012094271963710983,0.006543395109474659,0.00635865842923522,0.01863766707318564,0.018452930392946203,xgb_sentiment
2019-09-30,AIR.PA,0.053572552214755105,0.018990477547049522,0.018894268199801445,0.03458207466770558,0.03467828401495366,xgb
2019-09-30,ALV.DE,0.036951947049197235,0.005682485643774271,0.004771705716848373,0.031269461405422964,0.03218024133234886,xgb
2019-09-30,ASML.AS,0.05271141477209346,0.0009800572879612446,0.004110933281481266,0.05173135748413221,0.04860048149061219,xgb_sentiment
2019-09-30,BAS.DE,0.08773896379212896,0.0071165841072797775,0.005386869423091412,0.08062237968484919,0.08235209436903755,xgb
2019-09-30,BMW.DE,0.07800416380132155,0.007404108997434378,0.00874675065279007,0.07060005480388717,0.06925741314853148,xgb_sentiment
2019-09-30,BNP.PA,0.0718989776227411,0.009443553164601326,0.014965951442718506,0.06245542445813977,0.05693302618002259,xgb_sentiment
2019-09-30,CAC.PA,0.0103795211547832,0.005434670485556126,0.005237285979092121,0.004944850669227074,0.005142235175691078,xgb
2019-09-30,CAP.PA,-0.04832765913305921,0.009110196493566036,0.012514885514974594,0.05743785562662525,0.060842544648033806,xgb
2019-09-30,CFR.SW,0.028039518762053392,0.009903996251523495,0.012374487705528736,0.018135522510529897,0.015665031056524656,xgb_sentiment
2019-09-30,DTE.DE,0.0171319059430805,0.0030593983829021454,0.0034223105758428574,0.014072507560178353,0.013709595367237641,xgb_sentiment
2019-09-30,ENEL.MI,0.003060470851559806,0.005286922212690115,0.006043342407792807,0.0022264513611303088,0.0029828715562330004,xgb
2019-09-30,ENI.MI,-0.014787360188023853,0.00549269700422883,0.005375544540584087,0.020280057192252683,0.02016290472860794,xgb_sentiment
2019-09-30,EWI,0.027366926898792315,0.008169252425432205,0.00776612339541316,0.01919767447336011,0.019600803503379154,xgb
2019-09-30,EWL,0.0010729690143490445,0.00675387866795063,0.006355456542223692,0.005680909653601586,0.005282487527874647,xgb_sentiment
2019-09-30,EWN,0.006320582924839663,0.006580547895282507,0.005707106087356806,0.0002599649704428438,0.0006134768374828573,xgb
2019-09-30,EWP,0.022480830307321956,0.005361333955079317,0.00482909195125103,0.01711949635224264,0.017651738356070926,xgb
2019-09-30,EXH7.DE,-0.01387623125778631,-7.510963041568175e-05,0.0005797506310045719,0.013801121627370629,0.014455981888790883,xgb
2019-09-30,EXH8.DE,0.03579268527421852,0.00179433508310467,0.0023666860070079565,0.03399835019111385,0.033425999267210564,xgb_sentiment
2019-09-30,EXS1.DE,0.04011578123968523,0.0025912048295140266,0.002951347501948476,0.037524576410171206,0.03716443373773676,xgb_sentiment
2019-09-30,EXSA.DE,0.015222721004198438,0.0029954961501061916,0.002307578921318054,0.012227224854092247,0.012915142082880384,xgb
2019-09-30,EXV1.DE,0.04738753888443517,0.008696981705725193,0.009041833691298962,0.03869055717870998,0.03834570519313621,xgb_sentiment
2019-09-30,EXV2.DE,0.010269958245360016,0.003583067562431097,0.00351811945438385,0.006686890682928919,0.006751838790976166,xgb
2019-09-30,EXV3.DE,0.029021083465910823,0.008536395616829395,0.007711650803685188,0.020484687849081428,0.021309432662225635,xgb
2019-09-30,EXV4.DE,0.005299354755127284,0.0023829410783946514,0.0027957751881331205,0.0029164136767326322,0.002503579566994163,xgb_sentiment
2019-09-30,EXV6.DE,0.042388360379705815,0.006930777803063393,0.007089878898113966,0.03545758257664242,0.03529848148159185,xgb_sentiment
2019-09-30,EXV7.DE,0.022752867643961876,0.006807810626924038,0.005798974074423313,0.01594505701703784,0.016953893569538563,xgb
2019-09-30,HEIA.AS,-0.08697469668457129,0.007272695656865835,0.006781772244721651,0.09424739234143713,0.09375646892929294,xgb_sentiment
2019-09-30,HOLN.SW,0.022037417814550053,0.0039841909892857075,0.005006532184779644,0.018053226825264345,0.01703088562977041,xgb_sentiment
2019-09-30,IBE.MC,-0.04132038801615481,0.015670808032155037,0.016305409371852875,0.05699119604830985,0.05762579738800769,xgb
2019-09-30,INGA.AS,0.07306625269566745,0.011273343116044998,0.007201282307505608,0.061792909579622454,0.06586497038816184,xgb
2019-09-30,ISP.MI,0.04340198652657641,0.007098683621734381,0.0072662183083593845,0.03630330290484203,0.036135768218217026,xgb_sentiment
2019-09-30,ITX.MC,0.0031640566110838807,0.0035584350116550922,0.006258090492337942,0.00039437840057121153,0.0030940338812540614,xgb
2019-09-30,MBG.DE,0.15840036513981123,0.003559058764949441,0.006599378772079945,0.1548413063748618,0.1518009863677313,xgb_sentiment
2019-09-30,MC.PA,0.04189112743238405,0.01862766221165657,0.017389751970767975,0.023263465220727482,0.024501375461616078,xgb
2019-09-30,MUV2.DE,0.05490939660250066,0.003223251784220338,0.002451085252687335,0.05168614481828032,0.052458311349813325,xgb
2019-09-30,NESN.SW,-0.051111464529331525,0.01638098619878292,0.016954390332102776,0.06749245072811444,0.0680658548614343,xgb
2019-09-30,NOVN.SW,-0.005241333235489058,0.005526724271476269,0.005272728856652975,0.010768057506965327,0.010514062092142033,xgb_sentiment
2019-09-30,OR.PA,-0.049062602318215354,0.0035951922181993723,0.0038243397139012814,0.052657794536414726,0.052886942032116635,xgb
2019-09-30,PHIA.AS,-0.09923535807009941,0.022858377546072006,0.02254573442041874,0.12209373561617141,0.12178109249051815,xgb_sentiment
2019-09-30,RO.SW,-0.006167746977773282,-0.0036770047154277563,-0.0017014534678310156,0.0024907422623455253,0.004466293509942266,xgb
2019-09-30,SAN.PA,-0.010518206041875113,0.002037811791524291,0.0014352388679981232,0.012556017833399404,0.011953444909873236,xgb_sentiment
2019-09-30,SAP.DE,0.09726336145737235,0.008432455360889435,0.008003144524991512,0.08883090609648292,0.08926021693238084,xgb
2019-09-30,SIE.DE,0.07119582484062076,0.009437348693609238,0.009627717547118664,0.06175847614701152,0.061568107293502095,xgb_sentiment
2019-09-30,STMMI.MI,0.1669892934013346,0.008534088730812073,0.00765968207269907,0.15845520467052251,0.15932961132863552,xgb
2019-09-30,SU.PA,0.054394266277294163,0.012406932190060616,0.011764454655349255,0.04198733408723355,0.04262981162194491,xgb
2019-09-30,TEF.MC,-0.011637071594906982,0.0015245007816702127,0.0023110390175133944,0.013161572376577195,0.013948110612420376,xgb
2019-09-30,TTE.PA,-0.00450018267023806,0.010057324543595314,0.010405491106212139,0.014557507213833374,0.014905673776450199,xgb
2019-09-30,UBSG.SW,0.037495172149557415,0.007840743288397789,0.008861075155436993,0.029654428861159626,0.028634096994120423,xgb_sentiment
2019-09-30,UCG.MI,0.078534355072798,-0.021101180464029312,-0.016993308439850807,0.09963553553682732,0.09552766351264881,xgb_sentiment
2019-09-30,VOW3.DE,0.10478368264882576,0.0028037892188876867,0.005167850758880377,0.10197989342993807,0.09961583188994538,xgb_sentiment
2019-09-30,WKL.AS,-0.03123850025186023,0.005771210882812738,0.007125040981918573,0.03700971113467297,0.0383635412337788,xgb
2019-10-31,ABBN.SW,0.05874324303516212,0.0052339802496135235,0.004866574425250292,0.05350926278554859,0.053876668609911825,xgb
2019-10-31,AD.AS,0.04638778295720765,0.005098044406622648,0.0046079810708761215,0.041289738550585,0.04177980188633153,xgb
2019-10-31,AI.PA,0.03262743556862974,0.0031123128719627857,0.004610342439264059,0.02951512269666695,0.028017093129365678,xgb_sentiment
2019-10-31,AIR.PA,0.03804610370616251,-0.004140072502195835,-0.0015684763202443719,0.04218617620835834,0.03961458002640688,xgb_sentiment
2019-10-31,ALV.DE,-0.007562576470803643,0.008059062063694,-0.00023063535627443343,0.015621638534497644,0.00733194111452921,xgb_sentiment
2019-10-31,ASML.AS,0.054191930623199526,0.007048902101814747,0.010404898785054684,0.04714302852138478,0.04378703183814484,xgb_sentiment
2019-10-31,BAS.DE,-0.0001466489819222387,0.0026477950159460306,0.0031704334542155266,0.0027944439978682695,0.0033170824361377655,xgb
2019-10-31,BMW.DE,0.064665935800601,0.007174738682806492,0.006339003331959248,0.057491197117794504,0.05832693246864175,xgb
2019-10-31,BNP.PA,0.08514039249215417,0.01623605750501156,0.015531875193119049,0.06890433498714262,0.06960851729903512,xgb
2019-10-31,CAC.PA,0.030198778266365783,0.008652077056467533,0.007152546662837267,0.02154670120989825,0.023046231603528516,xgb
2019-10-31,CAP.PA,0.06146931000182372,0.007169653195887804,-0.0011866944842040539,0.05429965680593592,0.06265600448602777,xgb
2019-10-31,CFR.SW,-0.015453096500165419,0.00013664313883055001,0.001178987673483789,0.015589739638995969,0.016632084173649208,xgb
2019-10-31,DTE.DE,-0.03432160134738206,0.006140123121440411,0.00603377353399992,0.04046172446882247,0.04035537488138198,xgb_sentiment
2019-10-31,ENEL.MI,-0.012177661140601183,0.007846747525036335,0.0073860702104866505,0.020024408665637518,0.019563731351087833,xgb_sentiment
2019-10-31,ENI.MI,0.010555626351189725,-0.0016665625153109431,-0.002087330911308527,0.012222188866500668,0.012642957262498252,xgb
2019-10-31,EWI,0.01357064673286256,0.0075204819440841675,0.00681218272075057,0.006050164788778392,0.006758464012111989,xgb
2019-10-31,EWL,0.021138405569144716,0.004547145217657089,0.0037542753852903843,0.016591260351487627,0.017384130183854332,xgb
2019-10-31,EWN,0.03207977109994492,0.0023494348861277103,0.002509534126147628,0.02973033621381721,0.029570236973797293,xgb_sentiment
2019-10-31,EWP,0.004803658474964416,0.006032221019268036,0.004472710657864809,0.0012285625443036203,0.00033094781709960656,xgb_sentiment
2019-10-31,EXH7.DE,0.03757467683993754,0.005633683409541845,0.005380550399422646,0.03194099343039569,0.03219412644051489,xgb
2019-10-31,EXH8.DE,0.026977293463825495,0.011528466828167439,0.010364367626607418,0.015448826635658056,0.016612925837218077,xgb
2019-10-31,EXS1.DE,0.02790375213556452,0.004564006347209215,0.0038026701658964157,0.023339745788355303,0.024101081969668103,xgb
2019-10-31,EXSA.DE,0.027657203915676002,0.005330873653292656,0.004506790544837713,0.022326330262383346,0.02315041337083829,xgb
2019-10-31,EXV1.DE,0.026416427039813024,0.010052034631371498,0.008038440719246864,0.016364392408441526,0.01837798632056616,xgb
2019-10-31,EXV2.DE,0.0019500233586750577,0.004670607391744852,0.004644759930670261,0.002720584033069794,0.0026947365719952035,xgb_sentiment
2019-10-31,EXV3.DE,0.05515715330331594,0.008647635579109192,0.010164997540414333,0.04650951772420675,0.04499215576290161,xgb_sentiment
2019-10-31,EXV4.DE,0.037991445498557604,0.00740136718377471,0.005954114720225334,0.030590078314782894,0.03203733077833227,xgb
2019-10-31,EXV6.DE,0.04979882189510945,0.004413294140249491,0.0066334898583590984,0.04538552775485996,0.04316533203675035,xgb_sentiment
2019-10-31,EXV7.DE,0.0361707029208292,0.006308323238044977,0.006304297596216202,0.02986237968278422,0.029866405324612995,xgb
2019-10-31,HEIA.AS,0.027818553750467736,0.010383568704128265,0.010527942329645157,0.01743498504633947,0.01729061142082258,xgb_sentiment
2019-10-31,HOLN.SW,0.016554424656656887,0.0018085595220327377,0.002303057350218296,0.014745865134624149,0.01425136730643859,xgb_sentiment
2019-10-31,IBE.MC,-0.030880009097416537,0.005480984225869179,0.005739900749176741,0.03636099332328571,0.036619909846593274,xgb
2019-10-31,INGA.AS,0.030723649343667666,0.011199147440493107,0.010065051726996899,0.01952450190317456,0.020658597616670767,xgb
2019-10-31,ISP.MI,0.023975701225709866,0.008243201300501823,0.007897591218352318,0.015732499925208043,0.016078110007357548,xgb
2019-10-31,ITX.MC,0.011030286938484474,0.0034166474360972643,0.003724675392732024,0.00761363950238721,0.00730561154575245,xgb_sentiment
2019-10-31,MBG.DE,-0.02335794121581655,0.009704128839075565,0.009275642223656178,0.03306207005489212,0.03263358343947273,xgb_sentiment
2019-10-31,MC.PA,0.06282133748059435,0.011446106247603893,0.012028665281832218,0.051375231232990454,0.05079267219876213,xgb_sentiment
2019-10-31,MUV2.DE,0.04553386865082901,0.007010636851191521,0.006517357658594847,0.038523231799637486,0.03901651099223416,xgb
2019-10-31,NESN.SW,-0.010104050780324631,0.002625209279358387,0.00326617993414402,0.012729260059683018,0.013370230714468651,xgb
2019-10-31,NOVN.SW,0.07032531803449654,0.003881236305460334,0.0023391912691295147,0.06644408172903621,0.06798612676536703,xgb
2019-10-31,OR.PA,-0.011911729775259743,0.002314047422260046,0.0068553416058421135,0.014225777197519789,0.018767071381101855,xgb
2019-10-31,PHIA.AS,0.07065507269448264,0.03516323119401932,0.03433197736740112,0.03549184150046332,0.036323095327081514,xgb
2019-10-31,RO.SW,0.04003439272974048,0.006783433724194765,0.006336019840091467,0.03325095900554571,0.03369837288964901,xgb
2019-10-31,SAN.PA,0.022617898881156312,0.006473201792687178,0.0066594406962394714,0.016144697088469134,0.01595845818491684,xgb_sentiment
2019-10-31,SAP.DE,0.03863779878748779,-0.015372991561889648,-0.06358963251113892,0.05401079034937744,0.10222743129862671,xgb
2019-10-31,SIE.DE,0.12478740233418445,0.005143783520907164,0.0004861963680014014,0.11964361881327729,0.12430120596618305,xgb
2019-10-31,STMMI.MI,0.0919972895432324,0.008645312860608101,8.197454735636711e-05,0.0833519766826243,0.09191531499587603,xgb
2019-10-31,SU.PA,0.05081279208467044,0.0121028833091259,0.012600778602063656,0.03870990877554454,0.038212013482606784,xgb_sentiment
2019-10-31,TEF.MC,0.011137648285041555,0.0006775364163331687,0.0014650512021034956,0.010460111868708386,0.009672597082938059,xgb_sentiment
2019-10-31,TTE.PA,0.010656793727248617,0.006181687582284212,0.0061760409735143185,0.004475106144964405,0.004480752753734298,xgb
2019-10-31,UBSG.SW,0.04368747555113822,0.007511927280575037,0.00792981218546629,0.036175548270563185,0.03575766336567193,xgb_sentiment
2019-10-31,UCG.MI,0.09987408675928358,0.01381836086511612,0.010763324797153473,0.08605572589416746,0.08911076196213011,xgb
2019-10-31,VOW3.DE,0.027617509854159946,0.018650026991963387,0.019341258332133293,0.00896748286219656,0.008276251522026653,xgb_sentiment
2019-10-31,WKL.AS,-0.013111796805814854,0.009042034856975079,0.007789329160004854,0.022153831662789933,0.02090112596581971,xgb_sentiment
2019-11-29,ABBN.SW,0.07609427842505015,0.006576733198016882,0.006283267866820097,0.06951754522703327,0.06981101055823005,xgb
2019-11-29,AD.AS,-0.03392394657401973,0.008833400905132294,0.009595224633812904,0.042757347479152025,0.043519171207832635,xgb
2019-11-29,AI.PA,0.02329420177726038,0.006417771335691214,0.0067640491761267185,0.016876430441569168,0.016530152601133663,xgb_sentiment
2019-11-29,AIR.PA,-0.025817671613133288,0.0027485883329063654,0.003962895832955837,0.028566259946039653,0.029780567446089125,xgb
2019-11-29,ALV.DE,0.004819107360818881,0.007411949802190065,0.003757830010727048,0.002592842441371184,0.0010612773500918334,xgb_sentiment
2019-11-29,ASML.AS,0.062385576744716086,-0.01736346073448658,-0.005976555868983269,0.07974903747920267,0.06836213261369936,xgb_sentiment
2019-11-29,BAS.DE,-0.012834877574394108,0.006736385636031628,0.006436377298086882,0.019571263210425738,0.019271254872480992,xgb_sentiment
2019-11-29,BMW.DE,-0.002185264725067773,0.012291930615901947,0.011476474814116955,0.01447719534096972,0.013661739539184727,xgb_sentiment
2019-11-29,BNP.PA,0.03394733394555917,0.010911202058196068,0.013168936595320702,0.0230361318873631,0.020778397350238467,xgb_sentiment
2019-11-29,CAC.PA,0.013955136528529694,0.005512733478099108,0.004281637258827686,0.008442403050430586,0.009673499269702008,xgb
2019-11-29,CAP.PA,0.027109280532932455,0.00660328846424818,0.0060882847756147385,0.020505992068684274,0.021020995757317716,xgb
2019-11-29,CFR.SW,0.008442971183765633,0.009911146946251392,0.009170032106339931,0.001468175762485759,0.0007270609225742981,xgb_sentiment
2019-11-29,DTE.DE,-0.044696294518658614,0.003451146185398102,0.0032396691385656595,0.048147440704056715,0.04793596365722427,xgb_sentiment
2019-11-29,ENEL.MI,0.031019243721542786,0.00822522770613432,0.009001301601529121,0.022794016015408466,0.022017942120013664,xgb_sentiment
2019-11-29,ENI.MI,0.009579128458511145,0.0004666194727178663,8.985378372017294e-05,0.009112508985793279,0.009489274674790972,xgb
2019-11-29,EWI,0.008448631699389609,-0.0024903803132474422,-0.0015770894242450595,0.01093901201263705,0.010025721123634668,xgb_sentiment
2019-11-29,EWL,0.024445074191984738,0.001401594141498208,0.0010275639360770583,0.02304348005048653,0.02341751025590768,xgb
2019-11-29,EWN,0.02256045827925675,-0.0017280576284974813,-0.000724904122762382,0.024288515907754233,0.023285362402019134,xgb_sentiment
2019-11-29,EWP,0.028000385318128165,-0.0013977531343698502,-0.0017920827958732843,0.029398138452498015,0.02979246811400145,xgb
2019-11-29,EXH7.DE,0.023795525735604103,0.0030640459153801203,0.0033464531879872084,0.020731479820223983,0.020449072547616895,xgb_sentiment
2019-11-29,EXH8.DE,0.06885225592805377,0.00575804291293025,0.0036980670411139727,0.06309421301512352,0.0651541888869398,xgb
2019-11-29,EXS1.DE,0.0012340186089055175,0.004247636534273624,0.0031096618622541428,0.003013617925368107,0.0018756432533486253,xgb_sentiment
2019-11-29,EXSA.DE,0.028322272709973288,0.004930348135530949,0.0036998933646827936,0.02339192457444234,0.024622379345290494,xgb
2019-11-29,EXV1.DE,0.04485695352784281,0.00515197217464447,0.004672548267990351,0.03970498135319834,0.04018440525985246,xgb
2019-11-29,EXV2.DE,-0.034349606150618675,0.002438852097839117,0.0021347268484532833,0.03678845824845779,0.03648433299907196,xgb_sentiment
2019-11-29,EXV3.DE,0.01619641098348773,0.005568824242800474,0.0038369798567146063,0.010627586740687256,0.012359431126773124,xgb
2019-11-29,EXV4.DE,0.024695354882138466,0.0033121726009994745,0.0030151691753417253,0.02138318228113899,0.02168018570679674,xgb
2019-11-29,EXV6.DE,0.03567914130704508,0.010237242095172405,0.011328063905239105,0.025441899211872676,0.024351077401805976,xgb_sentiment
2019-11-29,EXV7.DE,0.02193504100247891,0.0004128729342482984,0.002075790660455823,0.02152216806823061,0.019859250342023085,xgb_sentiment
2019-11-29,HEIA.AS,0.018333635899966165,0.004002668429166079,0.004023458808660507,0.014330967470800086,0.014310177091305658,xgb_sentiment
2019-11-29,HOLN.SW,0.050423754228229714,0.002918340964242816,0.002232111059129238,0.0475054132639869,0.048191643169100476,xgb
2019-11-29,IBE.MC,0.03909998147505961,0.003584756748750806,0.004719417076557875,0.0355152247263088,0.034380564398501734,xgb_sentiment
2019-11-29,INGA.AS,0.024216074554147062,0.010990005917847157,0.010287579149007797,0.013226068636299906,0.013928495405139265,xgb
2019-11-29,ISP.MI,0.020650248939312558,0.0030674610752612352,0.0032816894818097353,0.017582787864051323,0.017368559457502823,xgb_sentiment
2019-11-29,ITX.MC,0.11644533036686759,0.005058147944509983,0.007721268571913242,0.11138718242235761,0.10872406179495435,xgb_sentiment
2019-11-29,MBG.DE,-0.03639647650332932,0.016102127730846405,0.015277826227247715,0.052498604234175725,0.051674302730577035,xgb_sentiment
2019-11-29,MC.PA,0.023332322455703446,0.006115275900810957,0.005971899256110191,0.01721704655489249,0.017360423199593255,xgb
2019-11-29,MUV2.DE,0.009167198766106369,0.00584933627396822,0.0030092447996139526,0.0033178624921381492,0.006157953966492416,xgb
2019-11-29,NESN.SW,0.017998311397494745,0.002891013864427805,0.008957966230809689,0.01510729753306694,0.009040345166685056,xgb_sentiment
2019-11-29,NOVN.SW,0.008017354743217846,0.0045683481730520725,0.004571461118757725,0.0034490065701657732,0.003445893624460121,xgb_sentiment
2019-11-29,OR.PA,0.01724508953465032,-0.0005176110425963998,-0.0006165513768792152,0.01776270057724672,0.017861640911529534,xgb
2019-11-29,PHIA.AS,0.033367699883882856,0.006585306022316217,0.005266577936708927,0.02678239386156664,0.02810112194717393,xgb
2019-11-29,RO.SW,0.018901343051561926,0.0056874873116612434,0.003992263227701187,0.013213855739900682,0.014909079823860739,xgb
2019-11-29,SAN.PA,0.06015828346118115,0.010069834999740124,0.01051483117043972,0.050088448461441025,0.04964345229074143,xgb_sentiment
2019-11-29,SAP.DE,-0.025924376269163472,0.004584791604429483,0.0028035971336066723,0.030509167873592955,0.028727973402770144,xgb_sentiment
2019-11-29,SIE.DE,-0.004964454952826386,0.010434070602059364,0.00990356132388115,0.01539852555488575,0.014868016276707535,xgb_sentiment
2019-11-29,STMMI.MI,0.07466123787074941,-0.0031433592084795237,0.005612966138869524,0.07780459707922893,0.06904827173187988,xgb_sentiment
2019-11-29,SU.PA,0.04399501199714539,0.005753152538090944,0.005129587836563587,0.03824185945905444,0.0388654241605818,xgb
2019-11-29,TEF.MC,-0.06568278625448501,0.009024735540151596,0.009038761258125305,0.0747075217946366,0.07472154751261031,xgb
2019-11-29,TTE.PA,0.03191606503302046,-0.0012774819042533636,-0.0016731235664337873,0.033193546937273825,0.03358918859945425,xgb
2019-11-29,UBSG.SW,0.018383152718458397,0.009477165527641773,0.00817823689430952,0.008905987190816624,0.010204915824148876,xgb
2019-11-29,UCG.MI,0.035810301701661267,0.013879462145268917,0.016474952921271324,0.02193083955639235,0.019335348780389942,xgb_sentiment
2019-11-29,VOW3.DE,0.004321710620566802,0.020525924861431122,0.01885582134127617,0.01620421424086432,0.014534110720709367,xgb_sentiment
2019-11-29,WKL.AS,0.0015336787498345184,0.0038731710519641638,0.003842395730316639,0.0023394923021296454,0.0023087169804821206,xgb_sentiment
2019-12-31,ABBN.SW,-0.012480560320596558,-0.001899338443763554,-0.0007292418158613145,0.010581221876833004,0.011751318504735243,xgb
2019-12-31,AD.AS,0.0029112335041773557,0.009974148124456406,0.009001044556498528,0.00706291462027905,0.006089811052321172,xgb_sentiment
2019-12-31,AI.PA,0.03656572203485506,-0.00048069466720335186,0.000614785763900727,0.03704641670205841,0.03595093627095433,xgb_sentiment
2019-12-31,AIR.PA,0.030344289223792176,0.007777012884616852,0.008318980224430561,0.022567276339175324,0.022025308999361615,xgb_sentiment
2019-12-31,ALV.DE,0.00022902572645692367,0.0015875513199716806,0.002008490264415741,0.001358525593514757,0.0017794645379588174,xgb
2019-12-31,ASML.AS,0.004917748493339292,-0.004286420997232199,0.0010652166092768312,0.009204169490571491,0.0038525318840624606,xgb_sentiment
2019-12-31,BAS.DE,-0.08276849493246648,0.0040610479190945625,0.0028206363786011934,0.08682954285156104,0.08558913131106767,xgb_sentiment
2019-12-31,BMW.DE,-0.10940966995147411,0.0023568456526845694,0.002694952767342329,0.11176651560415868,0.11210462271881644,xgb
2019-12-31,BNP.PA,-0.0775064302551728,0.00013969192514196038,-0.0022434131242334843,0.07764612218031476,0.07526301713093932,xgb_sentiment
2019-12-31,CAC.PA,-0.014825319559062041,0.0001668877521296963,0.0011541788699105382,0.014992207311191738,0.01597949842897258,xgb
2019-12-31,CAP.PA,0.04269357172998471,-0.00023540938855148852,0.00022206082940101624,0.0429289811185362,0.042471510900583695,xgb_sentiment
2019-12-31,CFR.SW,-0.038018712064713384,0.00023554591462016106,0.0012537793954834342,0.038254257979333545,0.03927249146019682,xgb
2019-12-31,DTE.DE,0.007385164819969155,-0.0001460622006561607,0.00029123073909431696,0.007531227020625315,0.007093934080874838,xgb_sentiment
2019-12-31,ENEL.MI,0.15516778857820598,0.0019215453648939729,0.002391946967691183,0.153246243213312,0.1527758416105148,xgb_sentiment
2019-12-31,ENI.MI,-0.06875543416313878,-0.002197153167799115,-0.0015290766023099422,0.06655828099533967,0.06722635756082884,xgb
2019-12-31,EWI,0.018724327265874474,0.0021209716796875,0.0029398328624665737,0.016603355586186974,0.0157844944034079,xgb_sentiment
2019-12-31,EWL,0.033770079686588156,-9.747329750098288e-05,0.0015569179086014628,0.03386755298408914,0.03221316177798669,xgb_sentiment
2019-12-31,EWN,0.0009158360296181319,0.00025491765700280666,0.0017693400150164962,0.0006609183726153252,0.0008535039853983643,xgb
2019-12-31,EWP,0.0010099697388628573,-0.00264592538587749,-0.0008407694404013455,0.0036558951247403475,0.0018507391792642028,xgb_sentiment
2019-12-31,EXH7.DE,0.0075722485599553,0.0031885672360658646,0.0037178066559135914,0.004383681323889436,0.003854441904041709,xgb_sentiment
2019-12-31,EXH8.DE,-0.02220869942794882,0.0034604277461767197,0.0035733317490667105,0.02566912717412554,0.02578203117701553,xgb
2019-12-31,EXS1.DE,-0.006539995725209459,0.0016412583645433187,0.002102101920172572,0.008181254089752777,0.00864209764538203,xgb
2019-12-31,EXSA.DE,-0.008023473790461727,-0.00023383545340038836,0.0007968844147399068,0.007789638337061339,0.008820358205201634,xgb
2019-12-31,EXV1.DE,-0.04248648746282057,0.0036870529875159264,0.0024523420725017786,0.046173540450336496,0.04493882953532235,xgb_sentiment
2019-12-31,EXV2.DE,-0.002388310031420499,0.0029159700497984886,0.0027184204664081335,0.005304280081218988,0.005106730497828633,xgb_sentiment
2019-12-31,EXV3.DE,0.0027054582805059227,0.001176131539978087,0.0018200703198090196,0.0015293267405278358,0.0008853879606969032,xgb_sentiment
2019-12-31,EXV4.DE,0.020008157600126204,-0.000510409998241812,0.0009765841532498598,0.020518567598368016,0.019031573446876345,xgb_sentiment
2019-12-31,EXV6.DE,-0.05978254481016164,0.002419351367279887,0.0024757860228419304,0.062201896177441526,0.06225833083300357,xgb
2019-12-31,EXV7.DE,-0.027775786628912415,0.0003186695685144514,0.0008527908357791603,0.028094456197426867,0.028628577464691576,xgb
2019-12-31,HEIA.AS,0.03722521455954018,0.0017339230980724096,0.0012194287264719605,0.03549129146146777,0.03600578583306822,xgb
2019-12-31,HOLN.SW,-0.05947018741291313,-0.00045196650899015367,0.00031501351622864604,0.059018220903922974,0.059785200929141774,xgb
2019-12-31,IBE.MC,0.09438432757552542,-0.0005870622117072344,0.0008028721204027534,0.09497138978723266,0.09358145545512267,xgb_sentiment
2019-12-31,INGA.AS,-0.0643387592809995,0.002365751890465617,0.0012027493212372065,0.06670451117146511,0.0655415086022367,xgb_sentiment
2019-12-31,ISP.MI,-0.024570229266416253,0.0041052126325666904,0.00656015332788229,0.028675441898982943,0.031130382594298543,xgb
2019-12-31,ITX.MC,-0.016995663502153688,0.005458638072013855,0.006307618226855993,0.022454301574167543,0.02330328172900968,xgb
2019-12-31,MBG.DE,-0.14303857927338215,0.00255859293974936,0.0014756717719137669,0.1455971722131315,0.14451425104529592,xgb_sentiment
2019-12-31,MC.PA,-0.03763828098168169,0.0030170276295393705,0.003357043256983161,0.04065530861122106,0.04099532423866485,xgb
2019-12-31,MUV2.DE,0.021813626625504793,0.0002904996508732438,0.0019359479192644358,0.02152312697463155,0.019877678706240357,xgb_sentiment
2019-12-31,NESN.SW,0.043399593908104314,-0.002207348356023431,0.002998902229592204,0.045606942264127745,0.04040069167851211,xgb_sentiment
2019-12-31,NOVN.SW,0.019311572319474557,-0.0008985991589725018,0.0018260705983266234,0.02021017147844706,0.017485501721147934,xgb_sentiment
2019-12-31,OR.PA,-0.016807096538396234,0.0037021038588136435,0.0032915945630520582,0.020509200397209878,0.020098691101448293,xgb_sentiment
2019-12-31,PHIA.AS,-0.025482821472170084,0.00020282123296055943,0.0008578222477808595,0.025685642705130643,0.026340643719950943,xgb
2019-12-31,RO.SW,0.059613244347065455,0.00034651189344003797,0.0012000800343230367,0.05926673245362542,0.05841316431274242,xgb_sentiment
2019-12-31,SAN.PA,-0.019833986473452716,0.0158370491117239,0.0179553534835577,0.03567103558517662,0.03778933995701042,xgb
2019-12-31,SAP.DE,-0.017945847025932424,0.0066106063313782215,-0.003611865686252713,0.024556453357310645,0.01433398133967971,xgb_sentiment
2019-12-31,SIE.DE,-0.02431953033071345,0.00818625558167696,0.00877664890140295,0.03250578591239041,0.0330961792321164,xgb
2019-12-31,STMMI.MI,0.09845310137740992,0.03216800093650818,0.03278406336903572,0.06628510044090175,0.0656690380083742,xgb_sentiment
2019-12-31,SU.PA,0.003926682366613998,0.005371411330997944,0.006353307981044054,0.0014447289643839461,0.0024266256144300563,xgb
2019-12-31,TEF.MC,-0.010980430325871099,0.0062891715206205845,0.005549039226025343,0.017269601846491685,0.016529469551896443,xgb_sentiment
2019-12-31,TTE.PA,-0.07782344010520892,-0.002137214643880725,-0.0011889556189998984,0.0756862254613282,0.07663448448620902,xgb
2019-12-31,UBSG.SW,0.002138169585172319,0.0026605729945003986,0.0015217636246234179,0.0005224034093280795,0.0006164059605489013,xgb
2019-12-31,UCG.MI,-0.050081403963268115,0.012567435391247272,0.013630892150104046,0.06264883935451539,0.06371229611337216,xgb
2019-12-31,VOW3.DE,-0.07198054355065103,0.009404400363564491,0.007462883368134499,0.08138494391421552,0.07944342691878553,xgb_sentiment
2019-12-31,WKL.AS,0.05505439185020297,0.00019707594765350223,0.0012660400243476033,0.05485731590254947,0.05378835182585537,xgb_sentiment
2020-01-31,ABBN.SW,-0.07634818334259726,0.016414042562246323,0.018118390813469887,0.09276222590484358,0.09446657415606714,xgb
2020-01-31,AD.AS,-0.02324133886434501,0.010750931687653065,0.010324024595320225,0.03399227055199808,0.03356536345966524,xgb_sentiment
2020-01-31,AI.PA,-0.04457343303993352,0.005532626528292894,0.0074767181649804115,0.05010605956822641,0.05205015120491393,xgb
2020-01-31,AIR.PA,-0.2135455449424452,0.018407214432954788,0.02028714492917061,0.2319527593754,0.23383268987161582,xgb
2020-01-31,ALV.DE,-0.10744746542576122,0.011090213432908058,0.011614768765866756,0.11853767885866928,0.11906223419162798,xgb
2020-01-31,ASML.AS,-0.01585759720856108,0.023268310353159904,0.029676269739866257,0.039125907561720984,0.045533866948427336,xgb
2020-01-31,BAS.DE,-0.14059740465428236,0.007502270396798849,0.004395573399960995,0.1480996750510812,0.14499297805424335,xgb_sentiment
2020-01-31,BMW.DE,-0.10373848104290548,0.0018608634127303958,0.0054519204422831535,0.10559934445563587,0.10919040148518863,xgb
2020-01-31,BNP.PA,-0.10041214207892124,0.02053491771221161,0.026875481009483337,0.12094705979113285,0.12728762308840458,xgb
2020-01-31,CAC.PA,-0.0825493801367999,0.010618711821734905,0.01069242600351572,0.0931680919585348,0.09324180614031562,xgb
2020-01-31,CAP.PA,-0.16228320977239177,-0.0007171956240199506,0.00263956724666059,0.16156601414837182,0.16492277701905236,xgb
2020-01-31,CFR.SW,-0.08917292114049512,0.023683201521635056,0.026804566383361816,0.11285612266213017,0.11597748752385693,xgb
2020-01-31,DTE.DE,0.008861075662486536,0.0057089063338935375,-0.0014854030450806022,0.003152169328592998,0.010346478707567138,xgb
2020-01-31,ENEL.MI,-0.02775260128075639,0.0053665004670619965,0.006849518045783043,0.03311910174781839,0.034602119326539435,xgb
2020-01-31,ENI.MI,-0.12972389717857388,0.00212966650724411,0.004042710177600384,0.131853563685818,0.13376660735617427,xgb
2020-01-31,EWI,-0.05626957145341157,0.013183395378291607,0.014010632410645485,0.06945296683170318,0.07028020386405706,xgb
2020-01-31,EWL,-0.05389706295863175,0.0029526399448513985,0.002698076656088233,0.05684970290348315,0.056595139614719986,xgb_sentiment
2020-01-31,EWN,-0.04801971354278973,0.005999341607093811,0.0056451293639838696,0.05401905514988354,0.0536648429067736,xgb_sentiment
2020-01-31,EWP,-0.04318850097894111,0.00393501715734601,0.004360246006399393,0.047123518136287124,0.047548746985340506,xgb
2020-01-31,EXH7.DE,-0.09020483196582757,0.009565968066453934,0.008987071923911572,0.0997708000322815,0.09919190388973914,xgb_sentiment
2020-01-31,EXH8.DE,-0.0891167561680156,0.00710601219907403,0.007346285041421652,0.09622276836708964,0.09646304120943726,xgb
2020-01-31,EXS1.DE,-0.09120285324669439,0.00933586061000824,0.007852052338421345,0.10053871385670263,0.09905490558511573,xgb_sentiment
2020-01-31,EXSA.DE,-0.08685488868154526,0.009038791060447693,0.00826876051723957,0.09589367974199295,0.09512364919878483,xgb_sentiment
2020-01-31,EXV1.DE,-0.10115263385784998,0.010452223010361195,0.008944218046963215,0.11160485686821117,0.11009685190481319,xgb_sentiment
2020-01-31,EXV2.DE,-0.07032418887929495,0.005121437832713127,0.004155274946242571,0.07544562671200808,0.07447946382553752,xgb_sentiment
2020-01-31,EXV3.DE,-0.05663232999698196,0.008715558797121048,0.01201130822300911,0.065347888794103,0.06864363821999106,xgb
2020-01-31,EXV4.DE,-0.057811700664956694,0.007683003321290016,0.007004561834037304,0.06549470398624671,0.064816262498994,xgb_sentiment
2020-01-31,EXV6.DE,-0.1183677333457753,0.013921495527029037,0.01415667962282896,0.13228922887280434,0.13252441296860426,xgb
2020-01-31,EXV7.DE,-0.07992338960105944,0.011564071290194988,0.011730880476534367,0.09148746089125442,0.0916542700775938,xgb
2020-01-31,HEIA.AS,-0.07670887224488676,0.011538954451680183,0.012091951444745064,0.08824782669656694,0.08880082368963182,xgb
2020-01-31,HOLN.SW,-0.07120821327077588,0.000725899706594646,0.002210797043517232,0.07193411297737053,0.07341901031429311,xgb
2020-01-31,IBE.MC,0.08307759339708973,0.007029282860457897,0.0033792725298553705,0.07604831053663183,0.07969832086723436,xgb
2020-01-31,INGA.AS,-0.15325187922190311,0.006868180353194475,0.008056947030127048,0.1601200595750976,0.16130882625203016,xgb
2020-01-31,ISP.MI,-0.049759296125098766,0.008230557665228844,0.009785586968064308,0.05798985379032761,0.059544883093163074,xgb
2020-01-31,ITX.MC,-0.08447039296754756,0.011425435543060303,0.014271205291152,0.09589582851060786,0.09874159825869956,xgb
2020-01-31,MBG.DE,-0.11859075291272904,0.02889375388622284,0.03318806365132332,0.14748450679895186,0.15177881656405234,xgb
2020-01-31,MC.PA,-0.0497900243304879,0.01922052539885044,0.015475266613066196,0.06901054972933834,0.0652652909435541,xgb_sentiment
2020-01-31,MUV2.DE,-0.12844802510730133,0.009380947798490524,0.010201608762145042,0.13782897290579185,0.13864963386944637,xgb
2020-01-31,NESN.SW,-0.05284117539945384,0.004579218104481697,0.004720156546682119,0.05742039350393554,0.05756133194613596,xgb
2020-01-31,NOVN.SW,-0.10238578954909476,0.008779178373515606,0.00830819085240364,0.11116496792261037,0.1106939804014984,xgb_sentiment
2020-01-31,OR.PA,-0.017621715363758693,0.008923294022679329,0.011213015764951706,0.026545009386438022,0.0288347311287104,xgb
2020-01-31,PHIA.AS,-0.0801837319761001,0.004491639323532581,0.006566595286130905,0.08467537129963268,0.086750327262231,xgb
2020-01-31,RO.SW,-0.028773281057001773,0.007096146699041128,0.007446438539773226,0.035869427756042904,0.036219719596775,xgb
2020-01-31,SAN.PA,-0.015764694837143486,0.013428298756480217,0.014922557398676872,0.029192993593623703,0.030687252235820358,xgb
2020-01-31,SAP.DE,-0.0596277772240279,0.002753121079877019,0.005391154438257217,0.06238089830390492,0.06501893166228512,xgb
2020-01-31,SIE.DE,-0.15862533649544514,0.012173591181635857,0.013905895873904228,0.170798927677081,0.17253123236934936,xgb
2020-01-31,STMMI.MI,-0.039125606036348674,0.08782650530338287,0.04420711472630501,0.12695211133973155,0.08333272076265369,xgb_sentiment
2020-01-31,SU.PA,0.018823153809608237,0.016580399125814438,0.019491631537675858,0.002242754683793799,0.0006684777280676207,xgb_sentiment
2020-01-31,TEF.MC,-0.13397576076108006,0.016024703159928322,0.014731111004948616,0.15000046392100838,0.14870687176602868,xgb_sentiment
2020-01-31,TTE.PA,-0.12135715016978656,-0.0009962646290659904,0.0013994178734719753,0.12036088554072057,0.12275656804325853,xgb
2020-01-31,UBSG.SW,-0.12848339159855815,0.019597692415118217,0.018140505999326706,0.14808108401367637,0.14662389759788486,xgb_sentiment
2020-01-31,UCG.MI,-0.09109807337251684,0.05050721764564514,0.05471023544669151,0.141605291018162,0.14580830881920837,xgb
2020-01-31,VOW3.DE,-0.0817068700026913,0.048609256744384766,0.050340790301561356,0.13031612674707607,0.13204766030425266,xgb
2020-01-31,WKL.AS,-0.018725538123804803,0.007281409576535225,0.006763982120901346,0.026006947700340028,0.02548952024470615,xgb_sentiment
2020-02-28,ABBN.SW,-0.16916713620492838,0.0346793606877327,0.03241979330778122,0.20384649689266107,0.2015869295127096,xgb_sentiment
2020-02-28,AD.AS,0.014297491166178719,0.0032115255016833544,-0.003382973838597536,0.011085965664495365,0.017680465004776255,xgb
2020-02-28,AI.PA,-0.0875291182865825,0.020863352343440056,0.024175133556127548,0.10839247063002255,0.11170425184271005,xgb
2020-02-28,AIR.PA,-0.5733310355751217,0.012507402338087559,0.028647376224398613,0.5858384379132092,0.6019784117995203,xgb
2020-02-28,ALV.DE,-0.24258183205705805,0.011774574406445026,0.01460624672472477,0.2543564064635031,0.25718807878178285,xgb
2020-02-28,ASML.AS,-0.01359464527259546,0.028826119378209114,0.037021953612565994,0.04242076465080458,0.05061659888516146,xgb
2020-02-28,BAS.DE,-0.22335559939605437,0.04107820987701416,0.022050831466913223,0.26443380927306853,0.2454064308629676,xgb_sentiment
2020-02-28,BMW.DE,-0.2535957617087926,0.007783052511513233,0.013305037282407284,0.26137881422030584,0.2669007989911999,xgb
2020-02-28,BNP.PA,-0.4381977741524564,0.0533490888774395,0.06497368961572647,0.4915468630298959,0.5031714637681829,xgb
2020-02-28,CAC.PA,-0.18676116562419967,0.009778604842722416,0.01240586955100298,0.1965397704669221,0.19916703517520265,xgb
2020-02-28,CAP.PA,-0.24063085925140518,0.012108826078474522,0.01898973435163498,0.25273968532987967,0.25962059360304013,xgb
2020-02-28,CFR.SW,-0.22127356204698548,0.013472944498062134,0.016421841457486153,0.2347465065450476,0.23769540350447163,xgb
2020-02-28,DTE.DE,-0.20791042341157673,-0.0012474269606173038,0.002193044638261199,0.20666299645095942,0.21010346804983793,xgb
2020-02-28,ENEL.MI,-0.1708771162264272,0.017390526831150055,0.024304796010255814,0.18826764305757726,0.19518191223668302,xgb
2020-02-28,ENI.MI,-0.26120867137513126,0.033660635352134705,0.03581087291240692,0.29486930672726597,0.2970195442875382,xgb
2020-02-28,EWI,-0.2782324877985177,-0.0009363319259136915,0.005498484708368778,0.27729615587260403,0.2837309725068865,xgb
2020-02-28,EWL,-0.07208915498243333,0.01407103706151247,0.014005765318870544,0.0861601920439458,0.08609492030130388,xgb_sentiment
2020-02-28,EWN,-0.1559680966228338,0.013905784115195274,0.013425242155790329,0.1698738807380291,0.16939333877862414,xgb_sentiment
2020-02-28,EWP,-0.26745088758277247,0.006415348034352064,0.00911775603890419,0.27386623561712453,0.27656864362167666,xgb
2020-02-28,EXH7.DE,-0.11018719511463121,0.012470755726099014,0.008357265032827854,0.12265795084073022,0.11854446014745906,xgb_sentiment
2020-02-28,EXH8.DE,-0.11253892133865305,0.01661022938787937,0.01863854192197323,0.12914915072653244,0.1311774632606263,xgb
2020-02-28,EXS1.DE,-0.19354559542273408,0.00913221575319767,0.0123994005843997,0.20267781117593175,0.20594499600713378,xgb
2020-02-28,EXSA.DE,-0.1728154018205616,0.010606937110424042,0.012690447270870209,0.18342233893098564,0.1855058490914318,xgb
2020-02-28,EXV1.DE,-0.342570157372633,0.009711365215480328,0.014164186082780361,0.35228152258811335,0.3567343434554134,xgb
2020-02-28,EXV2.DE,-0.1392062478386132,0.02067491225898266,0.021528808400034904,0.15988116009759587,0.16073505623864812,xgb
2020-02-28,EXV3.DE,-0.1305884178902569,0.026905840262770653,0.024225056171417236,0.15749425815302756,0.15481347406167414,xgb_sentiment
2020-02-28,EXV4.DE,-0.046231839958884094,0.009708449244499207,0.007226374465972185,0.0559402892033833,0.05345821442485628,xgb_sentiment
2020-02-28,EXV6.DE,-0.17549225525408646,0.012180950492620468,0.024348247796297073,0.18767320574670693,0.19984050305038353,xgb
2020-02-28,EXV7.DE,-0.12043709836231352,0.010286051779985428,0.01173486653715372,0.13072315014229896,0.13217196489946725,xgb
2020-02-28,HEIA.AS,-0.21151777522682091,0.013791096396744251,0.004798093345016241,0.22530887162356517,0.21631586857183716,xgb_sentiment
2020-02-28,HOLN.SW,-0.26042665508609514,0.012778837233781815,0.011871458031237125,0.27320549231987695,0.27229811311733226,xgb_sentiment
2020-02-28,IBE.MC,-0.16961196682583485,0.016828322783112526,0.018187914043664932,0.18644028960894737,0.18779988086949978,xgb
2020-02-28,INGA.AS,-0.5448715205770119,0.01579979993402958,0.01771799847483635,0.5606713205110415,0.5625895190518483,xgb
2020-02-28,ISP.MI,-0.4019687515056813,0.03395716845989227,0.04222613200545311,0.43592591996557356,0.4441948835111344,xgb
2020-02-28,ITX.MC,-0.21403147756322927,0.03287995979189873,0.03603168949484825,0.246911437355128,0.2500631670580775,xgb
2020-02-28,MBG.DE,-0.3220063141799311,0.031001215800642967,0.03529086336493492,0.35300752998057405,0.357297177544866,xgb
2020-02-28,MC.PA,-0.05786460314019352,0.012861919589340687,0.012788962572813034,0.0707265227295342,0.07065356571300654,xgb_sentiment
2020-02-28,MUV2.DE,-0.24041357715734007,0.05557097867131233,0.05787043273448944,0.2959845558286524,0.2982840098918295,xgb
2020-02-28,NESN.SW,0.01564858600784514,0.00746911158785224,0.010851964354515076,0.0081794744199929,0.004796621653330065,xgb_sentiment
2020-02-28,NOVN.SW,0.0013910147533028828,0.015517259016633034,0.016301991418004036,0.01412624426333015,0.014910976664701153,xgb
2020-02-28,OR.PA,0.02175349804464136,0.006457888521254063,0.0034987579565495253,0.015295609523387297,0.018254740088091834,xgb
2020-02-28,PHIA.AS,-0.05357943720927991,0.006537583190947771,0.007274459581822157,0.060117020400227685,0.06085389679110207,xgb
2020-02-28,RO.SW,0.03751530712588583,0.016617201268672943,0.018628112971782684,0.020898105857212884,0.018887194154103143,xgb_sentiment
2020-02-28,SAN.PA,-0.0416017233559821,0.01837802864611149,0.024071162566542625,0.059979752002093586,0.06567288592252472,xgb
2020-02-28,SAP.DE,-0.08782666538536642,0.003295270260423422,0.004519875161349773,0.09112193564578984,0.09234654054671619,xgb
2020-02-28,SIE.DE,-0.2137988259054558,0.02395925484597683,0.026203123852610588,0.23775808075143262,0.24000194975806638,xgb
2020-02-28,STMMI.MI,-0.224919892951659,0.05647578462958336,0.06736696511507034,0.2813956775812424,0.2922868580667294,xgb
2020-02-28,SU.PA,-0.13312100865016346,0.012860892340540886,-0.0016430697869509459,0.14598190099070435,0.13147793886321252,xgb_sentiment
2020-02-28,TEF.MC,-0.2587516425200018,0.04710010439157486,0.04512535035610199,0.3058517469115767,0.3038769928761038,xgb_sentiment
2020-02-28,TTE.PA,-0.11259291219661534,0.03896598517894745,0.03849002346396446,0.15155889737556277,0.1510829356605798,xgb_sentiment
2020-02-28,UBSG.SW,-0.15045976238911543,0.030860185623168945,0.018292885273694992,0.18131994801228438,0.16875264766281042,xgb_sentiment
2020-02-28,UCG.MI,-0.4613395730003403,0.04554674029350281,0.051596760749816895,0.506886313293843,0.5129363337501571,xgb
2020-02-28,VOW3.DE,-0.34697268121287683,0.01925862394273281,0.01972229965031147,0.36623130515560964,0.3666949808631883,xgb
2020-02-28,WKL.AS,-0.06156758018502016,0.004302536603063345,0.006446117535233498,0.06587011678808351,0.06801369772025366,xgb
2020-03-31,ABBN.SW,0.07430548519189722,-0.02939010225236416,-0.05033920705318451,0.10369558744426138,0.12464469224508173,xgb
2020-03-31,AD.AS,0.061017036411268495,0.009066625498235226,0.006015919614583254,0.05195041091303327,0.05500111679668524,xgb
2020-03-31,AI.PA,-0.004726034288724437,-0.045887112617492676,-0.05969604477286339,0.04116107832876824,0.05497001048413895,xgb
2020-03-31,AIR.PA,-0.024911632423519625,0.02507820539176464,0.042681995779275894,0.049989837815284266,0.06759362820279552,xgb
2020-03-31,ALV.DE,0.07370709174335732,-0.02816205658018589,-0.030328471213579178,0.10186914832354321,0.1040355629569365,xgb
2020-03-31,ASML.AS,0.11504979484919578,-0.08481279015541077,-0.060671769082546234,0.19986258500460655,0.17572156393174201,xgb_sentiment
2020-03-31,BAS.DE,0.07885643599856437,-0.0225091353058815,-0.01575997844338417,0.10136557130444587,0.09461641444194854,xgb_sentiment
2020-03-31,BMW.DE,0.13731824041922738,-0.07274327427148819,-0.06221529468894005,0.21006151469071557,0.19953353510816743,xgb_sentiment
2020-03-31,BNP.PA,0.04147607061008494,0.0720360279083252,0.08074335753917694,0.030559957298240258,0.039267286929092,xgb
2020-03-31,CAC.PA,0.035991708975157244,-0.029671117663383484,-0.016759036108851433,0.06566282663854073,0.05275074508400868,xgb_sentiment
2020-03-31,CAP.PA,0.10751410459048118,-0.03934122249484062,-0.029301857575774193,0.14685532708532179,0.13681596216625536,xgb_sentiment
2020-03-31,CFR.SW,0.032178340902114196,0.019272882491350174,0.03669559210538864,0.012905458410764022,0.004517251203274446,xgb_sentiment
2020-03-31,DTE.DE,0.12035668037725762,0.030848249793052673,0.03837112337350845,0.08950843058420495,0.08198555700374917,xgb_sentiment
2020-03-31,ENEL.MI,-0.01638223438972655,-0.01921246014535427,-0.017120689153671265,0.0028302257556277223,0.000738454763944716,xgb_sentiment
2020-03-31,ENI.MI,-0.056444135878547234,-0.013551304116845131,0.00029316337895579636,0.042892831761702103,0.05673729925750303,xgb
2020-03-31,EWI,0.03211779132190488,0.013519597239792347,0.019710738211870193,0.01859819408211253,0.012407053110034684,xgb_sentiment
2020-03-31,EWL,0.05607585226674048,-0.06084755063056946,-0.054490163922309875,0.11692340289730993,0.11056601618905035,xgb_sentiment
2020-03-31,EWN,0.10477544544918457,-0.027697058394551277,-0.009970031678676605,0.13247250384373585,0.11474547712786118,xgb_sentiment
2020-03-31,EWP,0.03589178090453252,0.006280799861997366,0.009771045297384262,0.029610981042535157,0.02612073560714826,xgb_sentiment
2020-03-31,EXH7.DE,0.07477825553828012,0.008263046853244305,0.008194674737751484,0.06651520868503581,0.06658358080052863,xgb
2020-03-31,EXH8.DE,0.06559831566413969,-0.023126382380723953,-0.0376187227666378,0.08872469804486365,0.1032170384307775,xgb
2020-03-31,EXS1.DE,0.08877473044288448,0.036673612892627716,0.03765203431248665,0.05210111755025676,0.05112269613039783,xgb_sentiment
2020-03-31,EXSA.DE,0.06145873393288546,-0.022558528929948807,-0.015485145151615143,0.08401726286283426,0.0769438790845006,xgb_sentiment
2020-03-31,EXV1.DE,0.016516857587339725,0.07641904056072235,0.08423007279634476,0.05990218297338262,0.06771321520900503,xgb
2020-03-31,EXV2.DE,0.037924314740493834,-0.001215256517753005,0.0024480088613927364,0.03913957125824684,0.0354763058791011,xgb_sentiment
2020-03-31,EXV3.DE,0.09605277172800226,-0.0659794881939888,-0.06000564247369766,0.16203225992199105,0.1560584142016999,xgb_sentiment
2020-03-31,EXV4.DE,0.08987056274284363,-0.036775775253772736,-0.03492124006152153,0.12664633799661637,0.12479180280436517,xgb_sentiment
2020-03-31,EXV6.DE,0.07527981901948522,-0.03042263723909855,-0.02429312653839588,0.10570245625858377,0.0995729455578811,xgb_sentiment
2020-03-31,EXV7.DE,0.07614418259573766,-0.04626060277223587,-0.03678284212946892,0.12240478536797353,0.11292702472520658,xgb_sentiment
2020-03-31,HEIA.AS,0.03290003819852983,0.04908841475844383,0.05960637331008911,0.016188376559914,0.02670633511155928,xgb
2020-03-31,HOLN.SW,0.1238443139889822,-0.037561412900686264,-0.03285002335906029,0.16140572688966848,0.1566943373480425,xgb_sentiment
2020-03-31,IBE.MC,0.01721548134720818,0.09041871875524521,0.0923604965209961,0.07320323740803703,0.07514501517378791,xgb
2020-03-31,INGA.AS,0.046282382857816336,0.08620350062847137,0.09618944674730301,0.03992111777065504,0.04990706388948667,xgb
2020-03-31,ISP.MI,-0.044934297189884134,0.03115071915090084,0.04428087919950485,0.07608501634078497,0.08921517638938899,xgb
2020-03-31,ITX.MC,-0.01748065680482998,-0.038583654910326004,-0.03445420414209366,0.021102998105496023,0.016973547337263677,xgb_sentiment
2020-03-31,MBG.DE,0.13618508562327772,-0.07696380466222763,-0.06057721748948097,0.21314889028550535,0.1967623031127587,xgb_sentiment
2020-03-31,MC.PA,0.04053226059292135,-0.04688899591565132,-0.04737880453467369,0.08742125650857267,0.08791106512759504,xgb
2020-03-31,MUV2.DE,0.13225045692879356,-0.03474302962422371,-0.015800541266798973,0.16699348655301727,0.14805099819559253,xgb_sentiment
2020-03-31,NESN.SW,0.049548012350303934,-0.03666176274418831,-0.024936752393841743,0.08620977509449224,0.07448476474414567,xgb_sentiment
2020-03-31,NOVN.SW,0.0292815828030918,0.0012678776402026415,0.0017902781255543232,0.028013705162889157,0.027491304677537475,xgb_sentiment
2020-03-31,OR.PA,0.10481628348006664,-0.017225494608283043,-0.010725371539592743,0.12204177808834968,0.11554165501965938,xgb_sentiment
2020-03-31,PHIA.AS,0.07311082124068813,-0.0374147891998291,-0.038719628006219864,0.11052561044051723,0.11183044924690799,xgb
2020-03-31,RO.SW,0.07884514005268915,-0.02990821935236454,-0.02734978310763836,0.10875335940505369,0.10619492316032751,xgb_sentiment
2020-03-31,SAN.PA,0.1069936905831073,-0.0029985106084495783,0.0025460212491452694,0.10999220119155688,0.10444766933396203,xgb_sentiment
2020-03-31,SAP.DE,0.05801202850092699,-0.06689222902059555,-0.06737669557332993,0.12490425752152254,0.1253887240742569,xgb
2020-03-31,SIE.DE,0.08898852001194554,-0.03437046706676483,-0.02677427977323532,0.12335898707871037,0.11576279978518086,xgb_sentiment
2020-03-31,STMMI.MI,0.17643409030922247,-0.09347280859947205,-0.18344461917877197,0.2699068989086945,0.35987870948799444,xgb
2020-03-31,SU.PA,0.06025015716949101,-0.04583681374788284,-0.03706803172826767,0.10608697091737385,0.09731818889775867,xgb_sentiment
2020-03-31,TEF.MC,0.0015563240977839205,0.015793098136782646,0.018877660855650902,0.014236774038998725,0.01732133675786698,xgb
2020-03-31,TTE.PA,-0.07447794660247584,-0.045318853110075,-0.052555594593286514,0.02915909349240084,0.021922352009189322,xgb_sentiment
2020-03-31,UBSG.SW,0.13324388042940472,-0.07005821168422699,-0.06038478761911392,0.2033020921136317,0.19362866804851864,xgb_sentiment
2020-03-31,UCG.MI,-0.01664823244796405,0.031721509993076324,0.07003314793109894,0.04836974244104038,0.08668138037906299,xgb
2020-03-31,VOW3.DE,0.1824153232244208,-0.004243347328156233,0.00949894916266203,0.18665867055257704,0.17291637406175878,xgb_sentiment
2020-03-31,WKL.AS,0.056521252162523676,-0.021334828808903694,-0.018777765333652496,0.07785608097142738,0.07529901749617618,xgb_sentiment
2020-04-30,ABBN.SW,0.022132392132210722,0.029990362003445625,0.04655628651380539,0.007857969871234903,0.024423894381594667,xgb
2020-04-30,AD.AS,0.028910092365886212,0.010794330388307571,0.006957693956792355,0.01811576197757864,0.021952398409093857,xgb
2020-04-30,AI.PA,0.07316451935694346,0.004926109220832586,0.01179470680654049,0.06823841013611087,0.06136981255040297,xgb_sentiment
2020-04-30,AIR.PA,-0.02059768205928827,0.038509301841259,0.03995385020971298,0.05910698390054728,0.06055153226900126,xgb
2020-04-30,ALV.DE,0.024770948816745967,0.03365054354071617,0.034378450363874435,0.008879594723970204,0.009607501547128468,xgb
2020-04-30,ASML.AS,0.07917570715303031,-0.021350404247641563,-0.01247224397957325,0.10052611140067187,0.09164795113260356,xgb_sentiment
2020-04-30,BAS.DE,0.04112611911255835,0.027609188109636307,0.03717909753322601,0.01351693100292204,0.003947021579332334,xgb_sentiment
2020-04-30,BMW.DE,0.02736941710344931,0.027613213285803795,0.04111553356051445,0.0002437961823544832,0.013746116457065138,xgb
2020-04-30,BNP.PA,0.11764741441829028,0.04026595503091812,0.045114051550626755,0.07738145938737216,0.07253336286766353,xgb_sentiment
2020-04-30,CAC.PA,0.0350643306826598,0.012570883147418499,0.019128771498799324,0.022493447535241302,0.015935559183860477,xgb_sentiment
2020-04-30,CAP.PA,0.0715555153113667,0.028780696913599968,0.02759564481675625,0.04277481839776673,0.04395987049461045,xgb
2020-04-30,CFR.SW,0.010917295369876318,0.04437776282429695,0.04278315231204033,0.033460467454420634,0.03186585694216401,xgb_sentiment
2020-04-30,DTE.DE,0.061837870267062715,0.03891601413488388,0.04082959145307541,0.022921856132178835,0.021008278813987306,xgb_sentiment
2020-04-30,ENEL.MI,0.10132744761931227,0.003116777166724205,0.004123555961996317,0.09821067045258806,0.09720389165731595,xgb_sentiment
2020-04-30,ENI.MI,-0.018443629933695374,0.10571900010108948,0.1016741693019867,0.12416263003478485,0.12011779923568207,xgb_sentiment
2020-04-30,EWI,0.04170851051274348,0.01511502917855978,0.013773908838629723,0.026593481334183697,0.027934601674113754,xgb
2020-04-30,EWL,0.01965390418839305,0.01035405695438385,0.010282840579748154,0.009299847234009201,0.009371063608644897,xgb
2020-04-30,EWN,0.05802695168903797,0.006138910073786974,0.00801814254373312,0.051888041615251,0.05000880914530485,xgb_sentiment
2020-04-30,EWP,0.02633629458361302,0.0007763388566672802,-0.0025096384342759848,0.02555995572694574,0.028845933017889003,xgb
2020-04-30,EXH7.DE,0.028422101412300043,0.027427949011325836,0.03039918839931488,0.0009941524009742068,0.0019770869870148373,xgb
2020-04-30,EXH8.DE,0.0574705626093656,0.031374044716358185,0.032300181686878204,0.026096517893007418,0.025170380922487398,xgb_sentiment
2020-04-30,EXS1.DE,0.06472018329506227,0.01667613349854946,0.023784242570400238,0.048044049796512805,0.04093594072466203,xgb_sentiment
2020-04-30,EXSA.DE,0.03339255227769328,0.024232029914855957,0.0301482155919075,0.00916052236283732,0.003244336685785776,xgb_sentiment
2020-04-30,EXV1.DE,-0.005116785874666277,0.05435759574174881,0.05743483453989029,0.059474381616415085,0.06255162041455657,xgb
2020-04-30,EXV2.DE,0.03180371927533154,0.03355647623538971,0.03256452456116676,0.001752756960058166,0.0007608052858352199,xgb_sentiment
2020-04-30,EXV3.DE,0.07318435508607453,0.01933843456208706,0.02992517501115799,0.05384592052398747,0.04325918007491654,xgb_sentiment
2020-04-30,EXV4.DE,0.0186961657152367,0.006930684670805931,0.008290840312838554,0.01176548104443077,0.010405325402398146,xgb_sentiment
2020-04-30,EXV6.DE,0.07368530923285233,0.02624543011188507,0.040454089641571045,0.047439879120967254,0.03323121959128128,xgb_sentiment
2020-04-30,EXV7.DE,0.057386711914065226,0.016211286187171936,0.024396862834692,0.04117542572689329,0.032989849079373225,xgb_sentiment
2020-04-30,HEIA.AS,0.0607306105297396,0.032048966735601425,0.0340118482708931,0.02868164379413817,0.0267187622588465,xgb_sentiment
2020-04-30,HOLN.SW,0.039053478646166546,0.037223104387521744,0.0459526889026165,0.0018303742586448027,0.006899210256449954,xgb
2020-04-30,IBE.MC,0.05822752694533127,0.0017947463784366846,0.002474432112649083,0.05643278056689459,0.05575309483268219,xgb_sentiment
2020-04-30,INGA.AS,0.1478551536243822,0.08122628182172775,0.08214207738637924,0.06662887180265445,0.06571307623800296,xgb_sentiment
2020-04-30,ISP.MI,0.08703476929943284,0.09625755995512009,0.09234485030174255,0.009222790655687249,0.005310081002309716,xgb_sentiment
2020-04-30,ITX.MC,0.07456836015919141,0.04724787548184395,0.06313607841730118,0.027320484677347462,0.011432281741890232,xgb_sentiment
2020-04-30,MBG.DE,0.05685868919980316,0.02698417380452156,0.04194410890340805,0.029874515395281596,0.014914580296395107,xgb_sentiment
2020-04-30,MC.PA,0.0620173020504043,0.03169529139995575,0.03614629805088043,0.030322010650448553,0.02587100399952387,xgb_sentiment
2020-04-30,MUV2.DE,0.018747509477024568,0.02940956875681877,0.039195939898490906,0.010662059279794203,0.020448430421466338,xgb
2020-04-30,NESN.SW,0.010817715805960927,0.009589794091880322,0.009722020477056503,0.0012279217140806053,0.0010956953289044235,xgb_sentiment
2020-04-30,NOVN.SW,0.0010830610326767781,-0.0019163242541253567,-0.004981636069715023,0.002999385286802135,0.006064697102391801,xgb
2020-04-30,OR.PA,-0.012898543657814248,0.011610816232860088,0.0164435263723135,0.024509359890674334,0.029342070030127745,xgb
2020-04-30,PHIA.AS,0.026708132218316208,0.02570255659520626,0.035059042274951935,0.0010055756231099472,0.008350910056635727,xgb
2020-04-30,RO.SW,-0.010619436628797201,-0.0002842583053279668,-0.0002984491002280265,0.010335178323469234,0.010320987528569175,xgb_sentiment
2020-04-30,SAN.PA,0.017369395283842175,0.006167174316942692,0.008402025327086449,0.011202220966899483,0.008967369956755726,xgb_sentiment
2020-04-30,SAP.DE,0.055446694376209804,0.01666809804737568,0.026079365983605385,0.038778596328834125,0.02936732839260442,xgb_sentiment
2020-04-30,SIE.DE,0.15148167327897671,0.0401490218937397,0.05266197770833969,0.11133265138523701,0.09881969557063702,xgb_sentiment
2020-04-30,STMMI.MI,-0.07077195422989373,0.0017603507731109858,0.00963893998414278,0.07253230500300471,0.08041089421403651,xgb
2020-04-30,SU.PA,0.09913545203892865,-0.006928182207047939,-0.0047777085565030575,0.10606363424597659,0.10391316059543171,xgb_sentiment
2020-04-30,TEF.MC,0.014488012607647498,0.033501673489809036,0.04240098223090172,0.01901366088216154,0.027912969623254222,xgb
2020-04-30,TTE.PA,0.023318358598513934,0.07381667196750641,0.07744286954402924,0.05049831336899248,0.054124510945515306,xgb
2020-04-30,UBSG.SW,0.024661156460018895,0.009180705063045025,0.026330044493079185,0.01548045139697387,0.001668888033060291,xgb_sentiment
2020-04-30,UCG.MI,0.08675052431806518,0.09109664708375931,0.08829551190137863,0.004346122765694127,0.0015449875833134508,xgb_sentiment
2020-04-30,VOW3.DE,0.03283494326346895,0.029961446300148964,0.040700383484363556,0.0028734969633199894,0.007865440220894603,xgb
2020-04-30,WKL.AS,0.06572974989700768,0.004114788956940174,0.005765663925558329,0.061614960940067506,0.05996408597144935,xgb_sentiment
2020-05-29,ABBN.SW,0.11707839138263997,0.022566407918930054,0.026618897914886475,0.09451198346370991,0.09045949346775349,xgb_sentiment
2020-05-29,AD.AS,0.0558424588783924,-0.007750582415610552,-0.012632272206246853,0.06359304129400295,0.06847473108463925,xgb
2020-05-29,AI.PA,0.04327605572574079,-0.005446241702884436,-0.005411904770880938,0.04872229742862522,0.048687960496621725,xgb_sentiment
2020-05-29,AIR.PA,0.11090071548096611,0.03638464957475662,0.04154019430279732,0.07451606590620949,0.0693605211781688,xgb_sentiment
2020-05-29,ALV.DE,0.10153306424894372,0.0018912836676463485,0.015295734629034996,0.09964178058129737,0.08623732961990872,xgb_sentiment
2020-05-29,ASML.AS,0.09517058218461498,-0.03589965030550957,-0.024613982066512108,0.13107023249012456,0.11978456425112709,xgb_sentiment
2020-05-29,BAS.DE,0.09311663217511662,0.01799028553068638,0.02110789157450199,0.07512634664443024,0.07200874060061463,xgb_sentiment
2020-05-29,BMW.DE,0.07523445127754139,0.02309343032538891,0.037950869649648666,0.05214102095215248,0.03728358162789272,xgb_sentiment
2020-05-29,BNP.PA,0.09162525118424675,0.026694025844335556,0.017543800175189972,0.06493122533991119,0.07408145100905678,xgb
2020-05-29,CAC.PA,0.0558056777184008,-0.058370042592287064,-0.05028292536735535,0.11417572031068787,0.10608860308575616,xgb_sentiment
2020-05-29,CAP.PA,0.10480084090081188,0.020549191161990166,-0.01293012872338295,0.08425164973882171,0.11773096962419483,xgb
2020-05-29,CFR.SW,0.0818538327649319,0.02203601412475109,0.030196700245141983,0.059817818640180806,0.051657132519789914,xgb_sentiment
2020-05-29,DTE.DE,0.08334424026580663,0.006479416508227587,0.010726399719715118,0.07686482375757904,0.07261784054609151,xgb_sentiment
2020-05-29,ENEL.MI,0.11266611389660322,0.016709525138139725,0.01713409833610058,0.0959565887584635,0.09553201556050264,xgb_sentiment
2020-05-29,ENI.MI,0.05996534716685901,0.04600003361701965,0.04852592945098877,0.013965313549839355,0.011439417715870238,xgb_sentiment
2020-05-29,EWI,0.07120379888242906,-0.010997814126312733,-0.008406423963606358,0.08220161300874179,0.07961022284603542,xgb_sentiment
2020-05-29,EWL,0.017645797212437194,0.004637255799025297,0.004824070259928703,0.013008541413411897,0.01282172695250849,xgb_sentiment
2020-05-29,EWN,0.05166295309862728,0.02967444434762001,0.029402704909443855,0.021988508751007267,0.022260248189183422,xgb
2020-05-29,EWP,0.0329603653491427,0.01614934764802456,0.014188499189913273,0.01681101770111814,0.018771866159229426,xgb
2020-05-29,EXH7.DE,0.021629110690705007,-0.009537672623991966,-0.009201114997267723,0.031166783314696973,0.03083022568797273,xgb_sentiment
2020-05-29,EXH8.DE,0.0068404305856496666,0.001467404654249549,-0.0022882723715156317,0.005373025931400118,0.009128702957165297,xgb
2020-05-29,EXS1.DE,0.05220119895083534,-0.01418430358171463,-0.010682857595384121,0.06638550253254996,0.06288405654621945,xgb_sentiment
2020-05-29,EXSA.DE,0.028523561891451093,0.007762393448501825,0.0013689540792256594,0.020761168442949268,0.027154607812225433,xgb
2020-05-29,EXV1.DE,0.056296592678530016,0.009566215798258781,0.017878370359539986,0.046730376880271235,0.03841822231899003,xgb_sentiment
2020-05-29,EXV2.DE,0.026595851963153172,0.012956060469150543,0.009899292141199112,0.013639791494002629,0.01669655982195406,xgb
2020-05-29,EXV3.DE,0.05813645592283684,-0.0005276128067635,-0.0018368699820712209,0.05866406872960034,0.05997332590490806,xgb
2020-05-29,EXV4.DE,0.0005413586827980942,0.006899706553667784,0.007109838537871838,0.006358347870869689,0.006568479855073743,xgb
2020-05-29,EXV6.DE,0.03344809072968236,0.025185823440551758,0.018525369465351105,0.008262267289130605,0.014922721264331258,xgb
2020-05-29,EXV7.DE,0.044414169119373424,-0.0018810649635270238,-0.0049196332693099976,0.04629523408290045,0.04933380238868342,xgb
2020-05-29,HEIA.AS,-0.0046176050720946734,0.005209014285355806,0.004200724884867668,0.00982661935745048,0.008818329956962342,xgb_sentiment
2020-05-29,HOLN.SW,0.04209110423391665,-0.02061137743294239,-0.017113449051976204,0.06270248166685904,0.05920455328589285,xgb_sentiment
2020-05-29,IBE.MC,0.04953706003491036,0.0018361570546403527,-0.007265075109899044,0.04770090298027001,0.056802135144809404,xgb
2020-05-29,INGA.AS,0.07576759920203505,0.03092654049396515,0.02167418599128723,0.0448410587080699,0.054093413210747815,xgb
2020-05-29,ISP.MI,0.0920019447274634,-0.018171215429902077,-0.013559501618146896,0.11017316015736547,0.1055614463456103,xgb_sentiment
2020-05-29,ITX.MC,-0.04657667392276659,0.03182514011859894,0.03141358494758606,0.07840181404136554,0.07799025887035266,xgb_sentiment
2020-05-29,MBG.DE,0.07305892890666221,0.02693462371826172,0.028515120968222618,0.046124305188400494,0.044543807938439595,xgb_sentiment
2020-05-29,MC.PA,0.037937733505890005,0.0037073411513119936,0.00212484085932374,0.03423039235457801,0.035812892646566265,xgb
2020-05-29,MUV2.DE,0.10477379463917016,0.006377420388162136,0.010792826302349567,0.09839637425100803,0.0939809683368206,xgb_sentiment
2020-05-29,NESN.SW,0.01422560296985015,0.009954354725778103,0.009174822829663754,0.004271248244072047,0.005050780140186397,xgb
2020-05-29,NOVN.SW,0.008157797098491362,0.009702700190246105,0.0029798855539411306,0.001544903091754743,0.005177911544550232,xgb
2020-05-29,OR.PA,0.085578427236644,-0.010532638989388943,-0.005685414653271437,0.09611106622603294,0.09126384188991543,xgb_sentiment
2020-05-29,PHIA.AS,0.01834011643720751,-0.00147469830699265,-0.002709647873416543,0.01981481474420016,0.021049764310624053,xgb
2020-05-29,RO.SW,-0.014609612831438419,0.014005112461745739,0.014993728138506413,0.028614725293184158,0.02960334096994483,xgb
2020-05-29,SAN.PA,0.04479448781985971,0.0006901786546222866,-0.000750247563701123,0.04410430916523742,0.04554473538356083,xgb
2020-05-29,SAP.DE,0.07581835521451911,-0.0008474840433336794,0.0058596315793693066,0.0766658392578528,0.06995872363514981,xgb_sentiment
2020-05-29,SIE.DE,0.05114104021894737,0.01719481684267521,0.0147931557148695,0.033946223376272164,0.036347884504077874,xgb
2020-05-29,STMMI.MI,0.0640380098898301,0.007311666384339333,0.0037530134432017803,0.05672634350549077,0.060284996446628325,xgb
2020-05-29,SU.PA,0.09974176466597268,-0.005929891020059586,-0.01225616317242384,0.10567165568603226,0.11199792783839652,xgb
2020-05-29,TEF.MC,0.05958936838447204,0.04245208203792572,0.046086184680461884,0.01713728634654632,0.013503183704010158,xgb_sentiment
2020-05-29,TTE.PA,0.04667561826469172,0.02507876604795456,0.03413580730557442,0.021596852216737163,0.012539810959117305,xgb_sentiment
2020-05-29,UBSG.SW,0.05378558463680039,0.0291603934019804,0.035263046622276306,0.024625191234819988,0.01852253801452408,xgb_sentiment
2020-05-29,UCG.MI,0.07450851379247145,0.014640778303146362,0.015924375504255295,0.059867735489325086,0.05858413828821615,xgb_sentiment
2020-05-29,VOW3.DE,0.015576293151303386,0.032108381390571594,0.03682538494467735,0.01653208823926821,0.02124909179337397,xgb
2020-05-29,WKL.AS,-0.04713164036134084,-0.004413734655827284,-0.006367319263517857,0.04271790570551356,0.040764321097822985,xgb_sentiment
2020-06-30,ABBN.SW,0.09831353133002128,-0.0022890702821314335,-0.003678420325741172,0.10060260161215272,0.10199195165576246,xgb
2020-06-30,AD.AS,0.03403871065133384,0.00927320308983326,-0.007071538828313351,0.02476550756150058,0.04111024947964719,xgb
2020-06-30,AI.PA,0.09112428817345877,0.004741597454994917,0.004481875337660313,0.08638269071846386,0.08664241283579846,xgb
2020-06-30,AIR.PA,-0.02132140243351712,0.14013877511024475,0.13662730157375336,0.16146017754376188,0.15794870400727049,xgb_sentiment
2020-06-30,ALV.DE,0.016045722478033587,0.026246987283229828,0.03597631677985191,0.010201264805196241,0.019930594301818327,xgb
2020-06-30,ASML.AS,-0.05696035480106909,-0.016528183594346046,-0.016540952026844025,0.040432171206723044,0.040419402774225066,xgb_sentiment
2020-06-30,BAS.DE,-0.0070417072704554665,0.04746071994304657,0.050458069890737534,0.054502427213502035,0.057499777161193,xgb
2020-06-30,BMW.DE,0.025542170496677577,0.026007382199168205,0.02923327125608921,0.00046521170249062826,0.0036911007594116335,xgb
2020-06-30,BNP.PA,0.012083763128172983,0.1077529639005661,0.11070844531059265,0.09566920077239312,0.09862468218241967,xgb
2020-06-30,CAC.PA,0.00885266033372831,0.018078235909342766,0.021546926349401474,0.009225575575614455,0.012694266015673163,xgb
2020-06-30,CAP.PA,0.0913341462664966,0.021451665088534355,0.010853632353246212,0.06988248117796224,0.08048051391325038,xgb
2020-06-30,CFR.SW,-0.042515469109632956,0.045252177864313126,0.046686913818120956,0.08776764697394608,0.08920238292775391,xgb
2020-06-30,DTE.DE,-0.018913079185747337,0.007410187274217606,0.005580859258770943,0.026323266459964943,0.02449393844451828,xgb_sentiment
2020-06-30,ENEL.MI,0.0580898682232497,0.007475150283426046,0.009832014329731464,0.05061471793982365,0.048257853893518235,xgb_sentiment
2020-06-30,ENI.MI,-0.00946753817432669,0.0974094569683075,0.10033217817544937,0.10687699514263418,0.10979971634977606,xgb
2020-06-30,EWI,0.03371541854217772,0.03716079890727997,0.03686375170946121,0.003445380365102245,0.003148333167283489,xgb_sentiment
2020-06-30,EWL,0.029525484814082112,0.0037258323282003403,0.003515323856845498,0.02579965248588177,0.026010160957236614,xgb
2020-06-30,EWN,0.026878088936031636,0.003297317074611783,0.0018419916741549969,0.023580771861419852,0.02503609726187664,xgb
2020-06-30,EWP,0.016454985917905993,0.03694702684879303,0.036957286298274994,0.020492040930887037,0.020502300380369,xgb
2020-06-30,EXH7.DE,0.012242648673454145,0.009473941288888454,0.010242805816233158,0.0027687073845656905,0.001999842857220987,xgb_sentiment
2020-06-30,EXH8.DE,0.027313229324619978,0.007801821455359459,0.008448701351881027,0.01951140786926052,0.01886452797273895,xgb_sentiment
2020-06-30,EXS1.DE,0.04181276638882551,0.021420540288090706,0.02541181817650795,0.020392226100734802,0.016400948212317558,xgb_sentiment
2020-06-30,EXSA.DE,0.022360516846849702,0.013662686571478844,0.0143169816583395,0.008697830275370858,0.008043535188510201,xgb_sentiment
2020-06-30,EXV1.DE,-0.0013017092475365334,0.09835901856422424,0.09561222046613693,0.09966072781176077,0.09691392971367346,xgb_sentiment
2020-06-30,EXV2.DE,-0.014946081038136006,0.014607692137360573,0.013468961231410503,0.02955377317549658,0.02841504226954651,xgb_sentiment
2020-06-30,EXV3.DE,0.02086371929595564,0.0028287721797823906,0.00046360967098735273,0.01803494711617325,0.02040010962496829,xgb
2020-06-30,EXV4.DE,-0.0019091197147517404,0.009390335530042648,0.009071956388652325,0.01129945524479439,0.010981076103404066,xgb_sentiment
2020-06-30,EXV6.DE,0.05014194255100779,0.020517071709036827,0.024300729855895042,0.029624870841970963,0.025841212695112747,xgb_sentiment
2020-06-30,EXV7.DE,0.06913340525866075,0.0004112511232960969,-0.0005323633085936308,0.06872215413536466,0.06966576856725439,xgb
2020-06-30,HEIA.AS,0.04106545825374482,0.019458448514342308,0.023038405925035477,0.021607009739402515,0.018027052328709346,xgb_sentiment
2020-06-30,HOLN.SW,0.061749996987946476,0.01591484434902668,0.012730786576867104,0.045835152638919796,0.04901921041107937,xgb
2020-06-30,IBE.MC,0.09405550102156025,0.003222384490072727,0.0037974019069224596,0.09083311653148753,0.0902580991146378,xgb_sentiment
2020-06-30,INGA.AS,0.0003225278213880004,0.1841699331998825,0.16941125690937042,0.1838474053784945,0.16908872908798242,xgb_sentiment
2020-06-30,ISP.MI,0.04913663800375495,0.05805144086480141,0.061763662844896317,0.008914802861046456,0.012627024841141365,xgb
2020-06-30,ITX.MC,0.0,0.037650201469659805,0.03902624920010567,0.037650201469659805,0.03902624920010567,xgb
2020-06-30,MBG.DE,0.128239247502562,0.06322070956230164,0.07143332809209824,0.06501853794026036,0.05680591941046376,xgb_sentiment
2020-06-30,MC.PA,-0.0021592575033497776,0.004607894457876682,0.00470808194950223,0.00676715196122646,0.006867339452852008,xgb
2020-06-30,MUV2.DE,0.01628843949845311,0.02807709388434887,0.03980771452188492,0.011788654385895759,0.023519275023431808,xgb
2020-06-30,NESN.SW,0.04938205325982932,0.005574599374085665,0.005861238576471806,0.043807453885743655,0.043520814683357514,xgb_sentiment
2020-06-30,NOVN.SW,-0.07237543657563122,0.007339067291468382,0.006397430319339037,0.0797145038670996,0.07877286689497026,xgb_sentiment
2020-06-30,OR.PA,0.02523696092026444,-0.009124103002250195,-0.009222997352480888,0.03436106392251463,0.034459958272745325,xgb
2020-06-30,PHIA.AS,0.09636072821209993,0.0056594316847622395,0.002030899515375495,0.09070129652733769,0.09432982869672443,xgb
2020-06-30,RO.SW,-0.004550289559400063,0.014552449807524681,0.012020845897495747,0.019102739366924745,0.01657113545689581,xgb_sentiment
2020-06-30,SAN.PA,-0.008085700582577803,-0.0018996301805600524,-0.0050065950490534306,0.006186070402017751,0.0030791055335243726,xgb_sentiment
2020-06-30,SAP.DE,0.11563567912941157,0.0017212305683642626,-0.0020483897533267736,0.11391444856104731,0.11768406888273834,xgb
2020-06-30,SIE.DE,0.0894265696847802,0.010570885613560677,0.009902581572532654,0.07885568407121953,0.07952398811224755,xgb
2020-06-30,STMMI.MI,0.014754664716657992,0.016957461833953857,0.025879712775349617,0.002202797117295865,0.011125048058691625,xgb
2020-06-30,SU.PA,0.03595577673493892,-0.010459089651703835,-0.012299560941755772,0.04641486638664275,0.04825533767669469,xgb
2020-06-30,TEF.MC,-0.10491590328360807,0.06402989476919174,0.06864666938781738,0.1689457980527998,0.17356257267142544,xgb
2020-06-30,TTE.PA,-0.04592439300781485,0.04188328608870506,0.0502643808722496,0.0878076790965199,0.09618877388006444,xgb
2020-06-30,UBSG.SW,-0.008995009615459475,0.00921032764017582,0.009629301726818085,0.018205337255635293,0.018624311342277558,xgb
2020-06-30,UCG.MI,0.004508874190225758,0.14872896671295166,0.13987164199352264,0.1442200925227259,0.1353627678032969,xgb_sentiment
2020-06-30,VOW3.DE,0.019811405632699983,0.05128941684961319,0.0522584542632103,0.03147801121691321,0.03244704863051032,xgb
2020-06-30,WKL.AS,-0.018583695693455863,0.001236194628290832,0.0028913773130625486,0.019819890321746695,0.02147507300651841,xgb
2020-07-31,ABBN.SW,0.01046551637722093,-0.010776973329484463,-0.007324839010834694,0.021242489706705392,0.017790355388055623,xgb_sentiment
2020-07-31,AD.AS,0.04944295098262503,-0.0015812061028555036,-0.00099710572976619,0.05102415708548053,0.05044005671239122,xgb_sentiment
2020-07-31,AI.PA,-0.003947611725907602,0.002718108706176281,0.004453225992619991,0.006665720432083883,0.008400837718527593,xgb
2020-07-31,AIR.PA,0.10448951732153111,0.1254459172487259,0.1336793154478073,0.02095639992719478,0.0291897981262762,xgb
2020-07-31,ALV.DE,0.029632737886414812,0.011936038732528687,0.01032245997339487,0.017696699153886126,0.01931027791301994,xgb
2020-07-31,ASML.AS,0.04756595918822879,-0.011793485842645168,0.0036828704178333282,0.05935944503087396,0.04388308877039546,xgb_sentiment
2020-07-31,BAS.DE,0.08690445051139216,-0.025420470163226128,-0.028006400913000107,0.11232492067461829,0.11491085142439227,xgb
2020-07-31,BMW.DE,0.09497773988450137,-0.05235988274216652,-0.040884871035814285,0.14733762262666789,0.13586261092031565,xgb_sentiment
2020-07-31,BNP.PA,0.06935398214269423,-0.03532963618636131,-0.028702877461910248,0.10468361832905554,0.09805685960460447,xgb_sentiment
2020-07-31,CAC.PA,0.033505078310306205,0.011822467669844627,0.012103406712412834,0.021682610640461578,0.02140167159789337,xgb_sentiment
2020-07-31,CAP.PA,0.05766570638620045,0.010986275039613247,0.009532892145216465,0.046679431346587204,0.048132814240983986,xgb
2020-07-31,CFR.SW,0.057816242698886244,0.025273697450757027,0.024640915915369987,0.03254254524812922,0.03317532678351626,xgb
2020-07-31,DTE.DE,0.04046896125307295,-0.012066553346812725,-0.009022155776619911,0.052535514599885674,0.04949111702969286,xgb_sentiment
2020-07-31,ENEL.MI,-0.018279498084104253,0.004025639966130257,0.003909573424607515,0.02230513805023451,0.02218907150871177,xgb_sentiment
2020-07-31,ENI.MI,0.033768988659508156,0.013997028581798077,0.006729120388627052,0.01977196007771008,0.027039868270881104,xgb
2020-07-31,EWI,0.03616302190732611,0.010372198186814785,0.014178660698235035,0.02579082372051132,0.02198436120909107,xgb_sentiment
2020-07-31,EWL,0.0253119071800904,0.008155502378940582,0.0065996902994811535,0.017156404801149817,0.018712216880609246,xgb
2020-07-31,EWN,0.03596611744465758,0.008882297202944756,0.0073163933120667934,0.027083820241712825,0.028649724132590787,xgb
2020-07-31,EWP,0.018410665849692164,-0.01175820454955101,-0.010834356769919395,0.030168870399243174,0.02924502261961156,xgb_sentiment
2020-07-31,EXH7.DE,0.02217085059623716,0.008552913554012775,0.008204090408980846,0.013617937042224384,0.013966760187256313,xgb
2020-07-31,EXH8.DE,0.04729774932994504,0.005638372153043747,0.006248378660529852,0.04165937717690129,0.041049370669415185,xgb_sentiment
2020-07-31,EXS1.DE,0.05241860816136311,0.006474352441728115,0.005705894436687231,0.045944255719634994,0.04671271372467588,xgb
2020-07-31,EXSA.DE,0.03083592951578433,0.00418328819796443,0.002642744919285178,0.0266526413178199,0.028193184596499152,xgb
2020-07-31,EXV1.DE,0.03806348354488687,-0.0036404388956725597,-0.009535118006169796,0.04170392244055943,0.04759860155105666,xgb
2020-07-31,EXV2.DE,0.010048309641513865,0.00699794664978981,0.005138094071298838,0.0030503629917240545,0.004910215570215027,xgb
2020-07-31,EXV3.DE,0.04530445075969309,-0.00516674667596817,-0.006497806403785944,0.05047119743566126,0.05180225716347903,xgb
2020-07-31,EXV4.DE,-0.009963903002864493,0.004982957616448402,0.005072166211903095,0.014946860619312895,0.015036069214767588,xgb
2020-07-31,EXV6.DE,0.047411361565320984,0.009049687534570694,0.009329346008598804,0.03836167403075029,0.03808201555672218,xgb_sentiment
2020-07-31,EXV7.DE,0.03708797555831578,0.006952286697924137,0.006566685624420643,0.03013568886039164,0.030521289933895135,xgb
2020-07-31,HEIA.AS,-0.058590131654486635,0.011828525923192501,0.009853660129010677,0.07041865757767914,0.06844379178349731,xgb_sentiment
2020-07-31,HOLN.SW,-0.0008401396072894894,0.004860872868448496,0.0038339360617101192,0.0057010124757379856,0.004674075668999609,xgb_sentiment
2020-07-31,IBE.MC,-0.034470187344346946,0.0037544795777648687,0.002527718897908926,0.038224666922111815,0.03699790624225587,xgb_sentiment
2020-07-31,INGA.AS,0.14323630439240717,0.037449173629283905,0.029949432238936424,0.10578713076312327,0.11328687215347075,xgb
2020-07-31,ISP.MI,0.055816900619931345,0.021990574896335602,0.018019242212176323,0.03382632572359574,0.03779765840775502,xgb
2020-07-31,ITX.MC,0.04472190178489345,0.012814720161259174,0.01598484441637993,0.031907181623634276,0.02873705736851352,xgb_sentiment
2020-07-31,MBG.DE,0.13123926197253255,0.023801099509000778,0.025556106120347977,0.10743816246353177,0.10568315585218457,xgb_sentiment
2020-07-31,MC.PA,0.06862006417549923,-0.07989756017923355,-0.06721747666597366,0.14851762435473279,0.1358375408414729,xgb_sentiment
2020-07-31,MUV2.DE,0.0724861965979321,0.011038484051823616,0.009830314666032791,0.06144771254610848,0.0626558819318993,xgb
2020-07-31,NESN.SW,0.005966758878999775,0.001105098519474268,0.00038710545049980283,0.004861660359525507,0.005579653428499972,xgb
2020-07-31,NOVN.SW,0.03520697442235691,0.009449663572013378,0.011912538670003414,0.02575731085034353,0.023294435752353494,xgb_sentiment
2020-07-31,OR.PA,-0.021790506816939125,-0.002031149109825492,-0.002949535846710205,0.019759357707113633,0.01884097097022892,xgb_sentiment
2020-07-31,PHIA.AS,-0.10197395966234155,0.007807397283613682,0.014054260216653347,0.10978135694595523,0.11602821987899489,xgb
2020-07-31,RO.SW,0.009334617560520014,-0.010112006217241287,-0.00819682702422142,0.019446623777761303,0.017531444584741436,xgb_sentiment
2020-07-31,SAN.PA,-0.042446558357248705,-0.014294050633907318,-0.011007880792021751,0.028152507723341387,0.031438677565226954,xgb
2020-07-31,SAP.DE,0.03134695018388605,0.013877378776669502,-0.0002911400515586138,0.01746957140721655,0.031638090235444664,xgb
2020-07-31,SIE.DE,0.06556499786949985,-0.007024695631116629,-0.006438698619604111,0.07258969350061648,0.07200369648910396,xgb_sentiment
2020-07-31,STMMI.MI,0.0543543186613482,-0.026247132569551468,-0.015045982785522938,0.08060145123089967,0.06940030144687113,xgb_sentiment
2020-07-31,SU.PA,0.05457061204573859,-5.503878855961375e-05,-0.00024163727357517928,0.054625650834298205,0.05481224931931377,xgb
2020-07-31,TEF.MC,-0.06913405312409396,0.03348521888256073,0.02011052705347538,0.10261927200665469,0.08924458017756934,xgb_sentiment
2020-07-31,TTE.PA,0.05591512147567727,0.020979369059205055,0.02174927294254303,0.03493575241647221,0.03416584853313424,xgb_sentiment
2020-07-31,UBSG.SW,0.028474813301724158,0.0024079028517007828,0.0019212221959605813,0.026066910450023375,0.026553591105763576,xgb
2020-07-31,UCG.MI,0.06626926295575976,0.024782149121165276,0.0014702248154208064,0.04148711383459448,0.06479903814033895,xgb
2020-07-31,VOW3.DE,0.1086032035001921,-0.06522584706544876,-0.05486862733960152,0.17382905056564085,0.1634718308397936,xgb_sentiment
2020-07-31,WKL.AS,0.02860293250376565,0.0022982615046203136,0.0018490111688151956,0.026304670999145335,0.026753921334950453,xgb
2020-08-31,ABBN.SW,0.024909269719356992,0.008116009645164013,0.010145614854991436,0.01679326007419298,0.014763654864365556,xgb_sentiment
2020-08-31,AD.AS,0.012216966276987996,0.004132571164518595,0.006063022185117006,0.008084395112469401,0.00615394409187099,xgb_sentiment
2020-08-31,AI.PA,-0.011209631962955319,0.000235768937272951,0.0006678019417449832,0.01144540090022827,0.011877433904700302,xgb
2020-08-31,AIR.PA,-0.09517959542114791,0.0416872575879097,0.053490228950977325,0.1368668530090576,0.14866982437212523,xgb
2020-08-31,ALV.DE,-0.09614771820953176,0.006770626176148653,0.007280201185494661,0.10291834438568041,0.10342791939502642,xgb
2020-08-31,ASML.AS,0.012489384249849154,0.00801962148398161,0.0032629140187054873,0.004469762765867545,0.009226470231143667,xgb
2020-08-31,BAS.DE,0.024759482400163402,0.010016593150794506,0.009640864096581936,0.014742889249368896,0.015118618303581466,xgb
2020-08-31,BMW.DE,0.030292846425349833,0.014131907373666763,0.013911948539316654,0.01616093905168307,0.01638089788603318,xgb
2020-08-31,BNP.PA,-0.1652653939285582,0.01731540821492672,0.019849512726068497,0.18258080214348493,0.1851149066546267,xgb
2020-08-31,CAC.PA,-0.01875410551868956,0.0035870959982275963,0.004648599773645401,0.022341201516917156,0.02340270529233496,xgb
2020-08-31,CAP.PA,-0.0454121828491937,-0.0055985297076404095,-0.003993910271674395,0.03981365314155329,0.0414182725775193,xgb
2020-08-31,CFR.SW,0.04825546048064952,0.012511765584349632,0.011849072761833668,0.03574369489629989,0.03640638771881585,xgb
2020-08-31,DTE.DE,-0.03273334437336081,0.006679042242467403,0.005803367588669062,0.039412386615828215,0.038536711962029874,xgb_sentiment
2020-08-31,ENEL.MI,-0.01179680978374359,0.007673672400414944,0.008782458491623402,0.019470482184158533,0.02057926827536699,xgb
2020-08-31,ENI.MI,-0.1408780497923145,0.0311165489256382,0.03904115408658981,0.1719945987179527,0.1799192038789043,xgb
2020-08-31,EWI,-0.029080854072732795,0.0033113330136984587,0.002327117370441556,0.032392187086431254,0.03140797144317435,xgb_sentiment
2020-08-31,EWL,0.007995338625499787,0.004663771949708462,0.005086660385131836,0.003331566675791325,0.002908678240367951,xgb_sentiment
2020-08-31,EWN,0.008050136902059538,-0.003586364910006523,-0.004145416431128979,0.01163650181206606,0.012195553333188516,xgb
2020-08-31,EWP,-0.037044241284186895,0.006342278327792883,0.006971645634621382,0.04338651961197978,0.04401588691880828,xgb
2020-08-31,EXH7.DE,0.041146993498302836,0.00307822460308671,0.00242255418561399,0.038068768895216126,0.038724439312688846,xgb
2020-08-31,EXH8.DE,0.027426937133158184,0.0034758844412863255,0.0023128725588321686,0.02395105269187186,0.025114064574326016,xgb
2020-08-31,EXS1.DE,-0.010742026648752,0.005127259064465761,0.005244745872914791,0.01586928571321776,0.01598677252166679,xgb
2020-08-31,EXSA.DE,-0.013914659275150629,0.004572590347379446,0.005015126429498196,0.018487249622530073,0.018929785704648823,xgb
2020-08-31,EXV1.DE,-0.12095105766437357,0.019549110904335976,0.02304140292108059,0.14050016856870956,0.14399246058545417,xgb
2020-08-31,EXV2.DE,-0.043533512990075435,0.003610773477703333,0.0022414077538996935,0.04714428646777877,0.04577492074397513,xgb_sentiment
2020-08-31,EXV3.DE,-0.019295444910159724,-0.0055770548060536385,-0.004149530548602343,0.013718390104106085,0.015145914361557381,xgb
2020-08-31,EXV4.DE,0.02061010491900881,0.0038042787928134203,0.003019339870661497,0.01680582612619539,0.017590765048347314,xgb
2020-08-31,EXV6.DE,-0.00867470556641654,0.0038940603844821453,0.004416643176227808,0.012568765950898685,0.013091348742644348,xgb
2020-08-31,EXV7.DE,0.0013333138688834385,0.004424965474754572,0.0035859073977917433,0.0030916516058711336,0.002252593528908305,xgb_sentiment
2020-08-31,HEIA.AS,-0.013499405655239563,0.008963431231677532,0.008334183134138584,0.022462836886917095,0.021833588789378147,xgb_sentiment
2020-08-31,HOLN.SW,-0.02793957916325403,0.007111221551895142,0.007005802821367979,0.03505080071514917,0.034945381984622007,xgb_sentiment
2020-08-31,IBE.MC,-0.001897378029292384,0.0033106061164289713,0.0036571742966771126,0.005207984145721356,0.005554552325969497,xgb
2020-08-31,INGA.AS,-0.118444402027863,0.02004143036901951,0.01767529360949993,0.1384858323968825,0.13611969563736293,xgb_sentiment
2020-08-31,ISP.MI,-0.11642680379250218,0.020119324326515198,0.018619708716869354,0.1365461281190174,0.13504651250937155,xgb_sentiment
2020-08-31,ITX.MC,0.016424970570163615,0.007937495596706867,0.007690789643675089,0.008487474973456748,0.008734180926488526,xgb
2020-08-31,MBG.DE,0.06896942518135842,0.014096023514866829,0.014750986360013485,0.054873401666491586,0.05421843882134493,xgb_sentiment
2020-08-31,MC.PA,0.042734840972223596,0.004597095772624016,0.004882847890257835,0.03813774519959958,0.03785199308196576,xgb_sentiment
2020-08-31,MUV2.DE,-0.1027435598396658,-0.008712688460946083,-0.0037163710221648216,0.09403087137871971,0.09902718881750097,xgb
2020-08-31,NESN.SW,0.00872153183465923,0.004127686843276024,0.0037383190356194973,0.004593844991383206,0.004983212799039733,xgb
2020-08-31,NOVN.SW,0.029310861851311786,0.00488077150657773,-0.001355749205686152,0.024430090344734055,0.030666611056997937,xgb
2020-08-31,OR.PA,0.01647608428164353,0.0025079871993511915,0.001646876917220652,0.013968097082292338,0.014829207364422878,xgb
2020-08-31,PHIA.AS,0.017754946174127758,-0.10362336039543152,-0.10469451546669006,0.12137830656955928,0.12244946164081782,xgb
2020-08-31,RO.SW,0.01581954735184789,0.004179110284894705,0.0047819907777011395,0.011640437066953186,0.011037556574146751,xgb_sentiment
2020-08-31,SAN.PA,0.015317337224550115,0.004887668415904045,0.006565741263329983,0.01042966880864607,0.008751595961220132,xgb_sentiment
2020-08-31,SAP.DE,-0.028510423452182868,0.005243109539151192,-0.008170888759195805,0.03375353299133406,0.020339534692987063,xgb_sentiment
2020-08-31,SIE.DE,0.04112474796134319,0.0045886593870818615,0.0043982649222016335,0.03653608857426133,0.036726483039141555,xgb
2020-08-31,STMMI.MI,0.04253778797315756,-0.010041234083473682,-0.012563366442918777,0.052579022056631244,0.05510115441607634,xgb
2020-08-31,SU.PA,0.04844601089516248,-0.005282193422317505,-0.004070449620485306,0.05372820431747998,0.05251646051564778,xgb_sentiment
2020-08-31,TEF.MC,-0.14189343323505865,0.035975683480501175,0.03565545007586479,0.17786911671555983,0.17754888331092344,xgb_sentiment
2020-08-31,TTE.PA,-0.13261043775942818,0.013364746235311031,0.014865516684949398,0.14597518399473922,0.14747595444437758,xgb
2020-08-31,UBSG.SW,-0.0832478625128234,0.006390423979610205,0.0068466742523014545,0.0896382864924336,0.09009453676512486,xgb
2020-08-31,UCG.MI,-0.16102277134520168,0.019483573734760284,0.014734291471540928,0.18050634507996197,0.1757570628167426,xgb_sentiment
2020-08-31,VOW3.DE,-0.004315272260556332,0.022319816052913666,0.022220168262720108,0.026635088313469998,0.02653544052327644,xgb_sentiment
2020-08-31,WKL.AS,0.06993873846758412,0.008367914706468582,0.009019426070153713,0.06157082376111554,0.06091931239743041,xgb_sentiment
2020-09-30,ABBN.SW,-0.048727660999030406,0.0029996223747730255,0.002789887599647045,0.05172728337380343,0.05151754859867745,xgb_sentiment
2020-09-30,AD.AS,-0.05369326750079749,0.005887525621801615,0.005765331443399191,0.059580793122599104,0.05945859894419668,xgb_sentiment
2020-09-30,AI.PA,-0.07507352345627849,0.0012502293102443218,0.002131445100530982,0.07632375276652281,0.07720496855680947,xgb
2020-09-30,AIR.PA,-0.009225601887851442,0.046235959976911545,0.04701478034257889,0.05546156186476299,0.05624038223043033,xgb
2020-09-30,ALV.DE,-0.08384946889277117,-0.027464019134640694,-0.018583349883556366,0.05638544975813048,0.0652661190092148,xgb
2020-09-30,ASML.AS,0.0009528523988065952,0.00011130201164633036,0.0019048691028729081,0.0008415503871602648,0.0009520167040663129,xgb
2020-09-30,BAS.DE,-0.10872208399085816,0.008097982965409756,0.004748963285237551,0.11682006695626791,0.11347104727609571,xgb_sentiment
2020-09-30,BMW.DE,-0.06085660909346243,-0.010920306667685509,-0.014763297513127327,0.04993630242577692,0.046093311580335104,xgb_sentiment
2020-09-30,BNP.PA,-0.055422196737817585,0.011321714147925377,0.003958402667194605,0.06674391088574297,0.05938059940501219,xgb_sentiment
2020-09-30,CAC.PA,-0.052095678152922216,0.007056884467601776,0.007662281394004822,0.05915256262052399,0.05975795954692704,xgb
2020-09-30,CAP.PA,-0.10713388347036532,0.01769350841641426,0.021106958389282227,0.12482739188677958,0.12824084185964754,xgb
2020-09-30,CFR.SW,-0.05022134867055834,0.007883020676672459,0.00637825857847929,0.058104369347230796,0.05659960724903763,xgb_sentiment
2020-09-30,DTE.DE,-0.08427955581826807,-0.01336599513888359,-0.016231302171945572,0.07091356067938448,0.0680482536463225,xgb_sentiment
2020-09-30,ENEL.MI,-0.0670399013417826,0.0029017378110438585,0.0033683250658214092,0.06994163915282646,0.07040822640760401,xgb
2020-09-30,ENI.MI,-0.12231643771069768,0.009893796406686306,-0.010723895393311977,0.13221023411738397,0.1115925423173857,xgb_sentiment
2020-09-30,EWI,-0.06493811783584173,0.013244855217635632,0.013503949157893658,0.07818297305347736,0.07844206699373539,xgb
2020-09-30,EWL,-0.050742828498813196,0.004991211928427219,0.0056335050612688065,0.055734040427240415,0.056376333560082,xgb
2020-09-30,EWN,-0.014440958946136506,-0.003760439809411764,-0.005221419036388397,0.010680519136724742,0.009219539909748109,xgb_sentiment
2020-09-30,EWP,-0.038021392811955594,0.03098294697701931,0.02875029481947422,0.06900433978897491,0.06677168763142982,xgb_sentiment
2020-09-30,EXH7.DE,-0.039144136618145906,0.00601390702649951,0.006241085007786751,0.045158043644645415,0.045385221625932656,xgb
2020-09-30,EXH8.DE,-0.04593462439788801,-0.0027581239119172096,-0.004967363551259041,0.0431765004859708,0.04096726084662897,xgb_sentiment
2020-09-30,EXS1.DE,-0.09621966117424731,-0.011207213625311852,-0.011671977117657661,0.08501244754893546,0.08454768405658965,xgb_sentiment
2020-09-30,EXSA.DE,-0.051684699239560324,0.006739855743944645,0.007179601117968559,0.05842455498350497,0.05886430035752888,xgb
2020-09-30,EXV1.DE,-0.005703902448989279,0.007374973502010107,0.006654537748545408,0.013078875950999387,0.012358440197534688,xgb_sentiment
2020-09-30,EXV2.DE,-0.019360905661296543,0.007605994585901499,0.007604991551488638,0.026966900247198042,0.02696589721278518,xgb_sentiment
2020-09-30,EXV3.DE,-0.11206447579635292,0.0004934201133437455,-0.001108868164010346,0.11255789590969667,0.11095560763234258,xgb_sentiment
2020-09-30,EXV4.DE,-0.06927002015271268,0.006116101518273354,0.0070124357007443905,0.07538612167098603,0.07628245585345707,xgb
2020-09-30,EXV6.DE,-0.05716150156479375,-0.010568829253315926,-0.011526370421051979,0.046592672311477824,0.04563513114374177,xgb_sentiment
2020-09-30,EXV7.DE,-0.06577644672192891,0.0023945700377225876,0.0020955982618033886,0.0681710167596515,0.0678720449837323,xgb_sentiment
2020-09-30,HEIA.AS,0.008921536858180085,0.01104581169784069,0.010832118801772594,0.0021242748396606056,0.0019105819435925094,xgb_sentiment
2020-09-30,HOLN.SW,-0.0677429256852478,0.00448891706764698,0.004372757859528065,0.07223184275289478,0.07211568354477586,xgb_sentiment
2020-09-30,IBE.MC,-0.027980723742211087,0.0011290390975773335,0.001865865895524621,0.02910976283978842,0.029846589637735708,xgb
2020-09-30,INGA.AS,-0.05114558492623774,0.012210124172270298,0.023695824667811394,0.06335570909850805,0.07484140959404914,xgb
2020-09-30,ISP.MI,-0.13597628372132922,0.009740998968482018,0.01611299254000187,0.14571728268981124,0.1520892762613311,xgb
2020-09-30,ITX.MC,-0.07510621881094338,0.01676245406270027,0.02298091910779476,0.09186867287364366,0.09808713791873815,xgb
2020-09-30,MBG.DE,-0.04011170464984651,0.006186790764331818,0.004597630351781845,0.046298495414178326,0.04470933500162835,xgb_sentiment
2020-09-30,MC.PA,0.01095629593731283,0.0012548688100650907,-0.001977593172341585,0.009701427127247739,0.012933889109654415,xgb
2020-09-30,MUV2.DE,-0.07275942672055519,-0.036032285541296005,-0.03770483285188675,0.03672714117925918,0.03505459386866844,xgb_sentiment
2020-09-30,NESN.SW,-0.049554178276255266,0.0037053509149700403,0.004231942817568779,0.053259529191225306,0.053786121093824045,xgb
2020-09-30,NOVN.SW,-0.10746443345439391,0.007752108853310347,0.001542852958664298,0.11521654230770426,0.10900728641305821,xgb_sentiment
2020-09-30,OR.PA,0.005388884188002584,-0.006438464391976595,-0.008497160859405994,0.011827348579979179,0.013886045047408578,xgb
2020-09-30,PHIA.AS,-0.001991982722996078,0.008028657175600529,0.008150070905685425,0.010020639898596606,0.010142053628681503,xgb
2020-09-30,RO.SW,-0.05748279138515689,0.001011378364637494,0.0023147650063037872,0.058494169749794385,0.05979755639146068,xgb
2020-09-30,SAN.PA,-0.08687274919831303,0.0072104958817362785,0.006532883271574974,0.09408324508004931,0.093405632469888,xgb_sentiment
2020-09-30,SAP.DE,-0.3531516229331212,0.021509617567062378,0.010769076645374298,0.37466124050018357,0.3639206995784955,xgb_sentiment
2020-09-30,SIE.DE,-0.06946966323414,0.009962046518921852,0.0035685990005731583,0.07943170975306185,0.07303826223471316,xgb_sentiment
2020-09-30,STMMI.MI,0.010987311275674653,0.020453713834285736,0.01900549605488777,0.009466402558611083,0.008018184779213119,xgb_sentiment
2020-09-30,SU.PA,-0.035023996381499875,-0.003872693283483386,-0.019727682694792747,0.03115130309801649,0.015296313686707128,xgb_sentiment
2020-09-30,TEF.MC,-0.04278165104317562,0.0003393043880350888,-0.0014532427303493023,0.04312095543121071,0.04132840831282632,xgb_sentiment
2020-09-30,TTE.PA,-0.15010623005759927,0.012096807360649109,0.014511414803564548,0.16220303741824837,0.16461764486116381,xgb
2020-09-30,UBSG.SW,0.0346113784621617,0.018071699887514114,0.025201285257935524,0.01653967857464759,0.009410093204226179,xgb_sentiment
2020-09-30,UCG.MI,-0.11781861903534409,0.015732208266854286,0.020287690684199333,0.13355082730219836,0.1381063097195434,xgb
2020-09-30,VOW3.DE,-0.04316976082837075,0.01429645624011755,0.016566891223192215,0.0574662170684883,0.05973665205156296,xgb
2020-09-30,WKL.AS,-0.042631323935994184,0.0034954219590872526,0.0029384708032011986,0.046126745895081436,0.04556979473919538,xgb_sentiment
2020-10-30,ABBN.SW,0.06183442088482465,-0.021961098536849022,-0.020637966692447662,0.08379551942167368,0.08247238757727232,xgb_sentiment
2020-10-30,AD.AS,0.016814058270839365,0.0021803267300128937,0.0012936792336404324,0.014633731540826471,0.015520379037198932,xgb
2020-10-30,AI.PA,0.09240849481672919,-0.016365306451916695,-0.017038637772202492,0.10877380126864589,0.10944713258893168,xgb
2020-10-30,AIR.PA,0.3376585179593194,0.03007955476641655,0.03558814153075218,0.30757896319290284,0.3020703764285672,xgb_sentiment
2020-10-30,ALV.DE,0.26887130765757683,-0.006974474992603064,-0.008585426956415176,0.2758457826501799,0.277456734613992,xgb
2020-10-30,ASML.AS,0.15759203603731672,-0.00018993811681866646,-0.0011911214096471667,0.1577819741541354,0.1587831574469639,xgb
2020-10-30,BAS.DE,0.2646332053957486,-0.07693793624639511,-0.07248500734567642,0.3415711416421437,0.337118212741425,xgb_sentiment
2020-10-30,BMW.DE,0.21890825645836587,-0.01668528839945793,-0.02084595523774624,0.2355935448578238,0.2397542116961121,xgb
2020-10-30,BNP.PA,0.36403341230949043,-0.001254501985386014,-0.009929890744388103,0.36528791429487645,0.37396330305387854,xgb
2020-10-30,CAC.PA,0.181146605260246,0.006207972299307585,0.0070682913064956665,0.17493863296093842,0.17407831395375034,xgb_sentiment
2020-10-30,CAP.PA,0.15964013220695258,0.005483732558786869,0.013516781851649284,0.15415639964816572,0.1461233503553033,xgb_sentiment
2020-10-30,CFR.SW,0.2594563580776838,-0.01685599610209465,-0.020659208297729492,0.27631235417977845,0.2801155663754133,xgb
2020-10-30,DTE.DE,0.14536811970635047,0.005055991932749748,0.004276451654732227,0.14031212777360072,0.14109166805161824,xgb
2020-10-30,ENEL.MI,0.2027438991918899,-0.08352590352296829,-0.08390679955482483,0.2862698027148582,0.2866506987467147,xgb
2020-10-30,ENI.MI,0.32302573149040853,0.015558810904622078,0.02099740318953991,0.30746692058578645,0.3020283283008686,xgb_sentiment
2020-10-30,EWI,0.20004897467552382,-0.0008048245799727738,0.0004319021536502987,0.2008537992554966,0.19961707252187352,xgb_sentiment
2020-10-30,EWL,0.06368525801634989,-0.007974321953952312,-0.012035466730594635,0.0716595799703022,0.07572072474694452,xgb
2020-10-30,EWN,0.11130876474154865,-0.0027053486555814743,-0.002689413260668516,0.11401411339713012,0.11399817800221716,xgb_sentiment
2020-10-30,EWP,0.2175240728969228,-0.0010406520450487733,-0.004931807052344084,0.21856472494197157,0.22245587994926688,xgb
2020-10-30,EXH7.DE,0.0986525103849277,0.003248976543545723,0.0022903080098330975,0.09540353384138198,0.0963622023750946,xgb
2020-10-30,EXH8.DE,0.13797960945278168,-0.013841884210705757,-0.018385596573352814,0.15182149366348743,0.1563652060261345,xgb
2020-10-30,EXS1.DE,0.13947932342654248,-0.09107379615306854,-0.09368212521076202,0.23055311957961103,0.2331614486373045,xgb
2020-10-30,EXSA.DE,0.1289788668444766,-5.339796916814521e-05,-0.0008816475165076554,0.12903226481364474,0.12986051436098425,xgb
2020-10-30,EXV1.DE,0.26491775742330087,0.003930708393454552,0.004141087643802166,0.2609870490298463,0.2607766697794987,xgb_sentiment
2020-10-30,EXV2.DE,0.11158078241781047,-0.01801261119544506,-0.01224568858742714,0.12959339361325553,0.12382647100523761,xgb_sentiment
2020-10-30,EXV3.DE,0.12483052219108311,-0.1141597107052803,-0.12739738821983337,0.2389902328963634,0.25222791041091647,xgb
2020-10-30,EXV4.DE,0.05723919943289944,0.004943054635077715,0.002195229521021247,0.05229614479782173,0.055043969911878196,xgb
2020-10-30,EXV6.DE,0.16374404996544625,0.0031825799960643053,-0.0011804585810750723,0.16056146996938195,0.16492450854652133,xgb
2020-10-30,EXV7.DE,0.11364484396337604,0.0057265739887952805,0.0021012118086218834,0.10791826997458076,0.11154363215475416,xgb
2020-10-30,HEIA.AS,0.1498672074980141,0.009858036413788795,0.008796020410954952,0.1400091710842253,0.14107118708705915,xgb
2020-10-30,HOLN.SW,0.1789697677044276,-0.07099131494760513,-0.06519795209169388,0.24996108265203273,0.24416771979612148,xgb_sentiment
2020-10-30,IBE.MC,0.12254516044831508,-0.021566420793533325,-0.02206794172525406,0.14411158124184842,0.14461310217356915,xgb
2020-10-30,INGA.AS,0.3331019182697696,-0.010992771945893764,-0.019056640565395355,0.34409469021566336,0.35215855883516495,xgb
2020-10-30,ISP.MI,0.30475870849682424,0.011517498642206192,0.006531310733407736,0.29324120985461805,0.2982273977634165,xgb
2020-10-30,ITX.MC,0.2733035534472638,0.006776453461498022,-0.0006418927805498242,0.2665270999857658,0.27394544622781364,xgb
2020-10-30,MBG.DE,0.24011601416995088,-0.017873529344797134,0.013678542338311672,0.257989543514748,0.2264374718316392,xgb_sentiment
2020-10-30,MC.PA,0.18261156539996987,-0.010933925397694111,-0.00910239014774561,0.19354549079766398,0.19171395554771548,xgb_sentiment
2020-10-30,MUV2.DE,0.151300937017803,-0.0029832927975803614,-0.0012837288668379188,0.15428422981538337,0.15258466588464092,xgb_sentiment
2020-10-30,NESN.SW,-0.03142484275956694,0.002658880315721035,0.0023362874053418636,0.034083723075287974,0.0337611301649088,xgb_sentiment
2020-10-30,NOVN.SW,0.12782230175576603,0.004811284132301807,0.002821397501975298,0.12301101762346422,0.12500090425379073,xgb
2020-10-30,OR.PA,0.09965464193426402,-0.012362674809992313,-0.01501268707215786,0.11201731674425633,0.11466732900642188,xgb
2020-10-30,PHIA.AS,0.08378778083373223,0.024680575355887413,0.02401144988834858,0.059107205477844815,0.05977633094538365,xgb
2020-10-30,RO.SW,0.008822062394416588,0.002615511417388916,0.0032659026328474283,0.006206550977027672,0.00555615976156916,xgb_sentiment
2020-10-30,SAN.PA,0.09063449628317313,-0.03908155485987663,-0.027837488800287247,0.12971605114304977,0.11847198508346038,xgb_sentiment
2020-10-30,SAP.DE,0.10854721007515508,0.00862548965960741,-0.00011655063281068578,0.09992172041554767,0.10866376070796577,xgb
2020-10-30,SIE.DE,0.10635302432651111,-0.034779082983732224,-0.0263601653277874,0.14113210731024334,0.1327131896542985,xgb_sentiment
2020-10-30,STMMI.MI,0.2267290723459904,-0.0548320896923542,-0.05922640487551689,0.2815611620383446,0.28595547722150727,xgb
2020-10-30,SU.PA,0.11286598030953433,-0.024367164820432663,-0.026928192004561424,0.13723314512996698,0.13979417231409574,xgb
2020-10-30,TEF.MC,0.2648832836895474,0.04295714572072029,0.022728150710463524,0.2219261379688271,0.24215513297908386,xgb
2020-10-30,TTE.PA,0.327496643661916,-0.004353555850684643,-0.0008202394819818437,0.33185019951260064,0.32831688314389784,xgb_sentiment
2020-10-30,UBSG.SW,0.2065727324364603,-0.0021287810523062944,0.0003056284331250936,0.2087015134887666,0.2062671040033352,xgb_sentiment
2020-10-30,UCG.MI,0.300295301592765,0.029747486114501953,0.031619857996702194,0.27054781547826307,0.2686754435960628,xgb_sentiment
2020-10-30,VOW3.DE,0.12205483498695029,-0.0949452668428421,-0.07642919570207596,0.2170001018297924,0.19848403068902626,xgb_sentiment
2020-10-30,WKL.AS,0.010294764670227531,-0.005718379281461239,-0.005679247435182333,0.01601314395168877,0.015974012105409864,xgb_sentiment
2020-11-30,ABBN.SW,0.029679433201547974,0.006482947152107954,0.005302767734974623,0.02319648604944002,0.02437666546657335,xgb
2020-11-30,AD.AS,-0.02618367209860362,-0.006381410174071789,-0.00614060927182436,0.01980226192453183,0.02004306282677926,xgb
2020-11-30,AI.PA,-0.017219636054031786,-0.0020547055173665285,-0.001421815250068903,0.015164930536665257,0.015797820803962883,xgb
2020-11-30,AIR.PA,0.039338965076763203,0.030350636690855026,0.033686038106679916,0.008988328385908177,0.005652926970083287,xgb_sentiment
2020-11-30,ALV.DE,0.015262763746552055,0.011173832230269909,0.0159184280782938,0.004088931516282146,0.0006556643317417454,xgb_sentiment
2020-11-30,ASML.AS,0.09096607297266611,-0.01591465249657631,-0.008398424834012985,0.10688072546924242,0.0993644978066791,xgb_sentiment
2020-11-30,BAS.DE,0.05380121727707982,-0.005019536707550287,-0.00851504411548376,0.05882075398463011,0.062316261392563584,xgb
2020-11-30,BMW.DE,-0.011151741249721117,0.008025361225008965,0.007515810430049896,0.019177102474730083,0.018667551679771015,xgb_sentiment
2020-11-30,BNP.PA,0.007882363052527732,0.005335124209523201,0.008416447788476944,0.002547238843004531,0.0005340847359492119,xgb_sentiment
2020-11-30,CAC.PA,0.01535418757506594,0.010928936302661896,0.007204553112387657,0.004425251272404044,0.008149634462678282,xgb
2020-11-30,CAP.PA,0.0978082732304505,0.008240711875259876,0.002210174687206745,0.08956756135519062,0.09559809854324375,xgb
2020-11-30,CFR.SW,0.05843273416884448,0.0236247256398201,0.022763743996620178,0.03480800852902438,0.0356689901722243,xgb
2020-11-30,DTE.DE,-0.010641928325979027,0.0065590436570346355,0.005194333381950855,0.017200971983013662,0.015836261707929882,xgb_sentiment
2020-11-30,ENEL.MI,-0.011294263052895121,0.00407454464584589,-0.0016403465997427702,0.015368807698741011,0.009653916453152351,xgb_sentiment
2020-11-30,ENI.MI,0.02908042019939646,0.016053367406129837,0.01695580780506134,0.013027052793266623,0.01212461239433512,xgb_sentiment
2020-11-30,EWI,0.026453101639244286,0.017750514671206474,0.01645028404891491,0.008702586968037811,0.010002817590329376,xgb
2020-11-30,EWL,0.03485052790454605,0.0045135063119232655,0.004544291645288467,0.030337021592622783,0.03030623625925758,xgb_sentiment
2020-11-30,EWN,0.0504548939430056,0.005985538940876722,0.006623115856200457,0.044469355002128876,0.04383177808680514,xgb_sentiment
2020-11-30,EWP,0.019392592621899272,0.029967254027724266,0.035687752068042755,0.010574661405824994,0.016295159446143483,xgb
2020-11-30,EXH7.DE,0.0345806247553804,0.002649343805387616,0.0026438015047460794,0.031931280949992785,0.03193682325063432,xgb
2020-11-30,EXH8.DE,0.014118362535151722,0.005394469480961561,0.005736272782087326,0.008723893054190161,0.008382089753064396,xgb_sentiment
2020-11-30,EXS1.DE,0.031986042140673576,-0.0007470498094335198,-0.0019288385519757867,0.032733091950107096,0.03391488069264936,xgb
2020-11-30,EXSA.DE,0.034245114572214866,0.009221123531460762,0.008150649257004261,0.025023991040754104,0.026094465315210605,xgb
2020-11-30,EXV1.DE,0.004507200385022063,0.004548745695501566,0.0009161822381429374,4.154531047950282e-05,0.0035910181468791257,xgb
2020-11-30,EXV2.DE,-0.012573368714547142,0.007543925661593676,0.00716746412217617,0.020117294376140817,0.019740832836723312,xgb_sentiment
2020-11-30,EXV3.DE,0.050957392226374916,-0.0037713211495429277,-0.004543683025985956,0.054728713375917844,0.05550107525236087,xgb
2020-11-30,EXV4.DE,0.0037704146375126127,0.007711656857281923,0.007992397993803024,0.003941242219769311,0.004221983356290412,xgb
2020-11-30,EXV6.DE,0.10492207655498863,0.0072607300244271755,0.007426941301673651,0.09766134653056145,0.09749513525331498,xgb_sentiment
2020-11-30,EXV7.DE,0.017489953241757523,0.005038063507527113,0.004851625766605139,0.01245188973423041,0.012638327475152384,xgb
2020-11-30,HEIA.AS,0.030045539025505986,0.024636097252368927,0.029811812564730644,0.005409441773137059,0.00023372646077534157,xgb_sentiment
2020-11-30,HOLN.SW,0.019217004268715133,0.007344838697463274,0.0058898418210446835,0.011872165571251859,0.01332716244767045,xgb
2020-11-30,IBE.MC,0.025449066573184315,0.0016084782546386123,0.002881451742723584,0.023840588318545703,0.02256761483046073,xgb_sentiment
2020-11-30,INGA.AS,-0.058043943983790425,0.008543336763978004,0.0006470507942140102,0.06658728074776843,0.058690994778004435,xgb_sentiment
2020-11-30,ISP.MI,-0.006670388199316156,-0.006312882993370295,-0.005311417393386364,0.0003575052059458612,0.0013589708059297918,xgb
2020-11-30,ITX.MC,-0.053847799805639585,0.015634866431355476,0.011850040405988693,0.06948266623699506,0.06569784021162828,xgb_sentiment
2020-11-30,MBG.DE,0.023460339451562583,0.03500587120652199,0.03121190331876278,0.011545531754959405,0.007751563867200197,xgb_sentiment
2020-11-30,MC.PA,0.06481129072271384,0.005842346232384443,0.008144157007336617,0.0589689444903294,0.056667133715377224,xgb_sentiment
2020-11-30,MUV2.DE,0.03862775640437956,0.04178263619542122,0.04567353427410126,0.003154879791041662,0.0070457778697217005,xgb
2020-11-30,NESN.SW,0.029261004166226342,0.001768559217453003,0.0033367634750902653,0.02749244494877334,0.025924240691136077,xgb_sentiment
2020-11-30,NOVN.SW,0.015909241900581777,0.004672711715102196,0.004726162645965815,0.011236530185479581,0.011183079254615962,xgb_sentiment
2020-11-30,OR.PA,0.02064601267399276,0.002350036520510912,0.002161407843232155,0.018295976153481847,0.018484604830760604,xgb
2020-11-30,PHIA.AS,0.022800717615960316,-0.0027969961520284414,0.002025859896093607,0.025597713767988757,0.02077485771986671,xgb_sentiment
2020-11-30,RO.SW,0.026744804060790415,0.008571386337280273,0.010053039528429508,0.01817341772351014,0.016691764532360907,xgb_sentiment
2020-11-30,SAN.PA,-0.07155951224971344,0.0123604042455554,0.013153535313904285,0.08391991649526884,0.08471304756361772,xgb
2020-11-30,SAP.DE,0.05010604405338786,0.01557918917387724,0.016272323206067085,0.03452685487951062,0.033833720847320774,xgb_sentiment
2020-11-30,SIE.DE,0.04810973996453587,-0.01040711347013712,-0.014277009293437004,0.05851685343467299,0.06238674925797288,xgb
2020-11-30,STMMI.MI,-0.07053366142818908,-0.03403202444314957,-0.03970818594098091,0.03650163698503951,0.030825475487208168,xgb_sentiment
2020-11-30,SU.PA,0.035372056905154804,-0.0015579969622194767,0.0012292023748159409,0.03693005386737428,0.03414285453033886,xgb_sentiment
2020-11-30,TEF.MC,-0.05999503274877653,0.01688804104924202,0.020281216129660606,0.07688307379801855,0.08027624887843714,xgb
2020-11-30,TTE.PA,-0.006581302159783761,0.017139216884970665,0.019820772111415863,0.023720519044754425,0.026402074271199623,xgb
2020-11-30,UBSG.SW,-0.03385162766743149,0.011130372993648052,0.00843413732945919,0.04498200066107954,0.04228576499689068,xgb_sentiment
2020-11-30,UCG.MI,-0.12230543159336858,0.026257554069161415,0.02620895393192768,0.14856298566253,0.14851438552529628,xgb_sentiment
2020-11-30,VOW3.DE,0.07547161427987398,-0.012382914312183857,-0.006869652308523655,0.08785452859205783,0.08234126658839763,xgb_sentiment
2020-11-30,WKL.AS,-0.005706238081590289,-0.013501342386007309,-0.012790495529770851,0.00779510430441702,0.007084257448180562,xgb_sentiment
2020-12-31,ABBN.SW,0.08056985694077637,0.001670930185355246,0.0017782285576686263,0.07889892675542112,0.07879162838310774,xgb_sentiment
2020-12-31,AD.AS,0.028158962612080327,0.004776583053171635,0.0050786505453288555,0.023382379558908692,0.02308031206675147,xgb_sentiment
2020-12-31,AI.PA,0.01368617474514592,0.003761433996260166,0.0041589029133319855,0.009924740748885753,0.009527271831813934,xgb_sentiment
2020-12-31,AIR.PA,-0.0771973147104545,0.022402524948120117,0.025698376819491386,0.09959983965857462,0.10289569152994589,xgb
2020-12-31,ALV.DE,-0.06398712818609756,0.003797633107751608,0.0029626621399074793,0.06778476129384917,0.06694979032600504,xgb_sentiment
2020-12-31,ASML.AS,0.13475688943621475,-0.0030292763840407133,-0.0016129318391904235,0.13778616582025546,0.13636982127540517,xgb_sentiment
2020-12-31,BAS.DE,0.001389591567495155,0.009176337160170078,0.008950570598244667,0.007786745592674923,0.007560979030749512,xgb_sentiment
2020-12-31,BMW.DE,-0.033075984850177355,0.015604107640683651,0.016958724707365036,0.048680092490861006,0.05003470955754239,xgb
2020-12-31,BNP.PA,-0.07026957022275211,0.009426089003682137,0.008111624978482723,0.07969565922643425,0.07838119520123484,xgb_sentiment
2020-12-31,CAC.PA,-0.016254471029681247,0.0019276377279311419,0.0027667174581438303,0.01818210875761239,0.019021188487825077,xgb
2020-12-31,CAP.PA,-0.03654292591346786,-0.007474775891751051,-0.005586219951510429,0.02906815002171681,0.03095670596195743,xgb
2020-12-31,CFR.SW,0.03625017889401614,0.007199645508080721,0.011662972159683704,0.02905053338593542,0.024587206734332435,xgb_sentiment
2020-12-31,DTE.DE,-0.008056510787849053,0.005890169646590948,0.006080239545553923,0.01394668043444,0.014136750333402975,xgb
2020-12-31,ENEL.MI,0.01328384267435659,0.001887243241071701,0.0005832180031575263,0.01139659943328489,0.012700624671199064,xgb
2020-12-31,ENI.MI,-0.041563227557930044,0.013365894556045532,0.015271478332579136,0.054929122113975576,0.05683470589050918,xgb
2020-12-31,EWI,-0.010344801242391238,0.003734858240932226,0.0035229725763201714,0.014079659483323464,0.01386777381871141,xgb_sentiment
2020-12-31,EWL,0.00925448607774736,0.0035443580709397793,0.0033843142446130514,0.005710128006807581,0.0058701718331343085,xgb
2020-12-31,EWN,0.059813472087279426,0.004727785941213369,0.004127883818000555,0.05508568614606606,0.05568558826927887,xgb
2020-12-31,EWP,-0.020583253565160314,0.0018598762108013034,0.0009085944620892406,0.022443129775961617,0.021491848027249554,xgb_sentiment
2020-12-31,EXH7.DE,-0.027203472412670064,-0.0009416991379112005,0.0010823970660567284,0.026261773274758864,0.028285869478726793,xgb
2020-12-31,EXH8.DE,-0.00488541447627226,-0.0036720079369843006,-0.0024302355013787746,0.0012134065392879591,0.002455178974893485,xgb
2020-12-31,EXS1.DE,-0.0073839143879191995,-0.0016052116407081485,-0.001861856086179614,0.005778702747211051,0.005522058301739585,xgb_sentiment
2020-12-31,EXSA.DE,-0.0032788491090568806,0.0008529518963769078,0.0017023454420268536,0.004131801005433788,0.004981194551083734,xgb
2020-12-31,EXV1.DE,-0.029665950959878198,0.008033501915633678,0.00473039411008358,0.03769945287551188,0.03439634506996178,xgb_sentiment
2020-12-31,EXV2.DE,0.03304743204295227,0.005527975969016552,0.005209918133914471,0.027519456073935716,0.027837513909037798,xgb
2020-12-31,EXV3.DE,0.0546996690330804,-0.0028203357942402363,-0.0028235556092113256,0.057520004827320635,0.057523224642291725,xgb
2020-12-31,EXV4.DE,0.012136672608676964,0.004313318058848381,0.00455236854031682,0.007823354549828583,0.007584304068360144,xgb_sentiment
2020-12-31,EXV6.DE,0.04095561993609823,0.00914668943732977,0.008804081939160824,0.03180893049876846,0.03215153799693741,xgb
2020-12-31,EXV7.DE,-0.0033190604707768094,0.004141613841056824,0.004341554827988148,0.007460674311833633,0.007660615298764957,xgb
2020-12-31,HEIA.AS,-0.04621719839949951,0.0007390297250822186,0.00033233960857614875,0.04695622812458173,0.04654953800807566,xgb_sentiment
2020-12-31,HOLN.SW,0.00912982365470138,0.0006766489241272211,0.0010542023228481412,0.00845317473057416,0.00807562133185324,xgb_sentiment
2020-12-31,IBE.MC,-0.023371047730504708,-0.0025435222778469324,-0.0020811306312680244,0.020827525452657775,0.021289917099236683,xgb
2020-12-31,INGA.AS,-0.028002770138588713,0.03295813873410225,0.03049026057124138,0.06096090887269096,0.05849303070983009,xgb_sentiment
2020-12-31,ISP.MI,-0.0485287545938412,0.004342440515756607,0.004412422887980938,0.052871195109597806,0.05294117748182214,xgb
2020-12-31,ITX.MC,-0.05648081183037684,0.004857026040554047,0.0021374435164034367,0.06133783787093089,0.05861825534678028,xgb_sentiment
2020-12-31,MBG.DE,0.010329055410220308,0.020518405362963676,0.03292342647910118,0.010189349952743369,0.022594371068880875,xgb
2020-12-31,MC.PA,-0.006283177461815147,0.006705337669700384,0.007663557305932045,0.01298851513151553,0.013946734767747191,xgb
2020-12-31,MUV2.DE,-0.0841698148322629,-0.0054199849255383015,-0.002492691855877638,0.07874982990672459,0.08167712297638526,xgb
2020-12-31,NESN.SW,-0.016221644027795506,0.0024672874715179205,-0.0009247410926036537,0.018688931499313426,0.015296902935191852,xgb_sentiment
2020-12-31,NOVN.SW,-0.03130919311354716,0.008349020965397358,0.00851590745151043,0.039658214078944515,0.039825100565057586,xgb
2020-12-31,OR.PA,-0.04710228488159534,1.5271996744559146e-05,-0.0004318459250498563,0.0471175568783399,0.04667043895654548,xgb_sentiment
2020-12-31,PHIA.AS,0.0603826860194534,-0.0019238905515521765,-0.0036485930904746056,0.06230657657100558,0.06403127910992801,xgb
2020-12-31,RO.SW,0.03035739584555291,0.01543625071644783,0.015347368083894253,0.014921145129105081,0.015010027761658658,xgb
2020-12-31,SAN.PA,-0.006245787778671639,0.00654071569442749,0.0048680612817406654,0.01278650347309913,0.011113849060412306,xgb_sentiment
2020-12-31,SAP.DE,-0.0016802178729402714,0.0236018355935812,0.02315685898065567,0.02528205346652147,0.02483707685359594,xgb_sentiment
2020-12-31,SIE.DE,0.10507115359337117,0.007223994471132755,0.0060712844133377075,0.09784715912223842,0.09899986918003346,xgb
2020-12-31,STMMI.MI,0.10522954854744215,0.08067383617162704,0.09048411250114441,0.02455571237581511,0.014745436046297744,xgb_sentiment
2020-12-31,SU.PA,0.04220733371523944,0.0014083976857364178,0.00250076362863183,0.04079893602950302,0.03970657008660761,xgb_sentiment
2020-12-31,TEF.MC,0.09964314758577565,0.02122478187084198,0.021869761869311333,0.07841836571493367,0.07777338571646432,xgb_sentiment
2020-12-31,TTE.PA,-0.0024568560117736197,0.005216315854340792,0.007230360992252827,0.007673171866114411,0.009687217004026447,xgb
2020-12-31,UBSG.SW,0.04935914424564199,0.011365375481545925,0.005872481502592564,0.03799376876409606,0.04348666274304942,xgb
2020-12-31,UCG.MI,0.0026116982311833285,0.011087236925959587,0.012073604390025139,0.008475538694776259,0.00946190615884181,xgb
2020-12-31,VOW3.DE,0.025265413953560738,0.03460510075092316,0.032925795763731,0.009339686797362419,0.007660381810170265,xgb_sentiment
2020-12-31,WKL.AS,0.009798158205404748,0.002861821325495839,0.0023066862486302853,0.006936336879908909,0.007491471956774463,xgb
2021-01-29,ABBN.SW,-0.0014572429661551182,0.006666802801191807,0.003873729147017002,0.008124045767346925,0.005330972113172121,xgb_sentiment
2021-01-29,AD.AS,-0.0757069414932697,0.01137486007064581,0.01046004705131054,0.08708180156391551,0.08616698854458024,xgb_sentiment
2021-01-29,AI.PA,-0.05794302169356834,0.0009247766574844718,0.0016382375033572316,0.05886779835105281,0.05958125919692557,xgb
2021-01-29,AIR.PA,0.19069983562392448,-0.0428071990609169,-0.02250576578080654,0.23350703468484138,0.21320560140473102,xgb_sentiment
2021-01-29,ALV.DE,0.08466755203154898,-0.00018181187624577433,-0.0025203756522387266,0.08484936390779475,0.0871879276837877,xgb
2021-01-29,ASML.AS,0.09023937658656489,0.007176642771810293,0.01019854936748743,0.0830627338147546,0.08004082721907746,xgb_sentiment
2021-01-29,BAS.DE,0.07918668403955989,0.023212647065520287,0.028885895386338234,0.055974036974039604,0.050300788653221656,xgb_sentiment
2021-01-29,BMW.DE,0.029415818686063935,0.012898780405521393,0.013696197420358658,0.016517038280542542,0.015719621265705277,xgb_sentiment
2021-01-29,BNP.PA,0.21120724323182735,0.00849717203527689,0.019596757367253304,0.20271007119655046,0.19161048586457405,xgb_sentiment
2021-01-29,CAC.PA,0.07095164347971007,0.012120207771658897,0.011186623945832253,0.058831435708051175,0.05976501953387782,xgb
2021-01-29,CAP.PA,0.1326418052952126,0.015597693622112274,0.013227976858615875,0.11704411167310033,0.11941382843659673,xgb
2021-01-29,CFR.SW,0.05508993961894763,0.029481809586286545,0.029682600870728493,0.025608130032661082,0.025407338748219134,xgb_sentiment
2021-01-29,DTE.DE,0.021868011658212876,0.0037880614399909973,0.002131979214027524,0.01807995021822188,0.019736032444185352,xgb
2021-01-29,ENEL.MI,-0.030241548182627833,0.014903919771313667,0.014589338563382626,0.045145467953941504,0.04483088674601046,xgb_sentiment
2021-01-29,ENI.MI,0.13519112087123814,0.008605335839092731,0.008287434466183186,0.1265857850321454,0.12690368640505495,xgb
2021-01-29,EWI,0.07496153799871641,0.01079184003174305,0.009963633492588997,0.06416969796697336,0.06499790450612741,xgb
2021-01-29,EWL,-0.003404645187026661,0.008999597281217575,0.00827515684068203,0.012404242468244236,0.01167980202770869,xgb_sentiment
2021-01-29,EWN,0.060358827715075405,0.011510275304317474,0.011557934805750847,0.04884855241075793,0.04880089290932456,xgb_sentiment
2021-01-29,EWP,0.05419533663482791,0.013077651150524616,0.01307675987482071,0.04111768548430329,0.0411185767600072,xgb
2021-01-29,EXH7.DE,0.02327257544221809,-0.00449913227930665,-0.002537330612540245,0.02777170772152474,0.025809906054758334,xgb_sentiment
2021-01-29,EXH8.DE,0.04184611038817051,0.005088752135634422,0.004835008177906275,0.036757358252536086,0.037011102210264234,xgb
2021-01-29,EXS1.DE,0.042800097600001155,0.0015012286603450775,0.0016884723445400596,0.04129886893965608,0.041111625255461096,xgb_sentiment
2021-01-29,EXSA.DE,0.04385044789841135,-0.0006182947545312345,8.175948460120708e-05,0.04446874265294259,0.043768688413810146,xgb_sentiment
2021-01-29,EXV1.DE,0.15755633565130103,0.013725850731134415,0.013257328420877457,0.14383048492016662,0.14429900723042358,xgb
2021-01-29,EXV2.DE,-0.005487857371314802,0.004487511236220598,0.005177867133170366,0.0099753686075354,0.010665724504485169,xgb
2021-01-29,EXV3.DE,0.05018630869245705,-0.01021911296993494,-0.013478660956025124,0.06040542166239199,0.06366496964848217,xgb
2021-01-29,EXV4.DE,-0.011603251287771779,0.009694241918623447,0.00978969968855381,0.021297493206395228,0.02139295097632559,xgb
2021-01-29,EXV6.DE,0.1444354764207684,0.019550669938325882,0.023182539269328117,0.12488480648244252,0.12125293715144028,xgb_sentiment
2021-01-29,EXV7.DE,0.01681346713953412,0.0014459352241829038,0.0023740562610328197,0.015367531915351215,0.0144394108785013,xgb_sentiment
2021-01-29,HEIA.AS,-0.035773299310058765,0.00651220977306366,0.007923991419374943,0.042285509083122425,0.04369729072943371,xgb
2021-01-29,HOLN.SW,0.054525737216882246,0.012205587700009346,0.012015259824693203,0.0423201495168729,0.04251047739218904,xgb
2021-01-29,IBE.MC,-0.0722873146606127,0.0007842873455956578,-0.005672810133546591,0.07307160200620835,0.0666145045270661,xgb_sentiment
2021-01-29,INGA.AS,0.23675796320010467,0.052221138030290604,0.05809923633933067,0.18453682516981407,0.178658726860774,xgb_sentiment
2021-01-29,ISP.MI,0.17943677787331647,0.016567716374993324,0.01643884927034378,0.16286906149832314,0.16299792860297269,xgb
2021-01-29,ITX.MC,0.1264113793797238,0.014483282342553139,0.016342682763934135,0.11192809703717066,0.11006869661578966,xgb_sentiment
2021-01-29,MBG.DE,0.13634495359250248,0.002321879379451275,0.018297160044312477,0.1340230742130512,0.11804779354819,xgb_sentiment
2021-01-29,MC.PA,0.07498190505244998,0.0012720110826194286,0.005083950702100992,0.07370989396983055,0.06989795435034898,xgb_sentiment
2021-01-29,MUV2.DE,0.11473139812242057,-0.011614003218710423,-0.011969932354986668,0.12634540134113098,0.12670133047740723,xgb
2021-01-29,NESN.SW,-0.04997827050516376,0.008959411643445492,0.008930670097470284,0.058937682148609255,0.05890894060263405,xgb_sentiment
2021-01-29,NOVN.SW,-0.028883122492876022,-0.004161860328167677,-0.0028201548848301172,0.024721262164708345,0.026062967608045905,xgb
2021-01-29,OR.PA,0.05237866937840413,0.0017100619152188301,0.0033523968886584044,0.0506686074631853,0.049026272489745726,xgb_sentiment
2021-01-29,PHIA.AS,0.01752978348716747,-0.008006483316421509,-0.008181659504771233,0.02553626680358898,0.025711442991938702,xgb
2021-01-29,RO.SW,-0.038990044287969546,0.01523341704159975,0.016196781769394875,0.054223461329569296,0.05518682605736442,xgb
2021-01-29,SAN.PA,-0.009507121480559865,0.008885497227311134,0.008466004393994808,0.018392618707870997,0.01797312587455467,xgb_sentiment
2021-01-29,SAP.DE,-0.01383594399286638,0.007553348317742348,0.00915561057627201,0.021389292310608727,0.02299155456913839,xgb
2021-01-29,SIE.DE,0.04879174609464491,-0.01563146524131298,-0.010707758367061615,0.06442321133595788,0.05949950446170652,xgb_sentiment
2021-01-29,STMMI.MI,-0.05689297638058253,0.011863037943840027,-0.029669029638171196,0.06875601432442255,0.027223946742411333,xgb_sentiment
2021-01-29,SU.PA,0.028928599505598885,0.005645110737532377,0.00691288011148572,0.023283488768066508,0.022015719394113165,xgb_sentiment
2021-01-29,TEF.MC,0.03293512250493332,0.0360652320086956,0.036315321922302246,0.003130109503762281,0.0033801994173689245,xgb
2021-01-29,TTE.PA,0.1069784579085648,0.009014966897666454,0.008336364291608334,0.09796349101089835,0.09864209361695647,xgb
2021-01-29,UBSG.SW,0.09389071574872343,0.0008385974215343595,0.0021216440945863724,0.09305211832718907,0.09176907165413706,xgb_sentiment
2021-01-29,UCG.MI,0.15749108563965442,0.03653094172477722,0.034535203129053116,0.1209601439148772,0.1229558825106013,xgb
2021-01-29,VOW3.DE,0.11678816753954767,0.0152449244633317,0.015725431963801384,0.10154324307621597,0.10106273557574628,xgb_sentiment
2021-01-29,WKL.AS,-0.03660567452950964,0.005459017585963011,0.006343390326946974,0.04206469211547265,0.042949064856456616,xgb
2021-02-26,ABBN.SW,0.10821698961031899,0.0067480336874723434,-0.011110507883131504,0.10146895592284665,0.1193274974934505,xgb
2021-02-26,AD.AS,0.08636215638405594,0.010648120194673538,0.009416623041033745,0.0757140361893824,0.07694553334302219,xgb
2021-02-26,AI.PA,0.10676289563990614,-0.002827445976436138,-0.00033895584056153893,0.10959034161634228,0.10710185148046768,xgb_sentiment
2021-02-26,AIR.PA,0.015415822217078191,0.027515685185790062,0.04567861184477806,0.01209986296871187,0.03026278962769987,xgb
2021-02-26,ALV.DE,0.07145894992734102,0.0020026410929858685,0.001785389962606132,0.06945630883435515,0.06967355996473489,xgb
2021-02-26,ASML.AS,0.10428532510137911,0.007361189462244511,0.008002722635865211,0.0969241356391346,0.0962826024655139,xgb_sentiment
2021-02-26,BAS.DE,0.03339451739187266,0.009655867703258991,0.010912509635090828,0.023738649688613667,0.02248200775678183,xgb_sentiment
2021-02-26,BMW.DE,0.17998803298127947,0.001445608213543892,0.0013832030817866325,0.17854242476773557,0.17860482989949283,xgb
2021-02-26,BNP.PA,0.02791716694977433,-0.008490110747516155,-0.018808554857969284,0.036407277697290484,0.04672572180774361,xgb
2021-02-26,CAC.PA,0.05694993811707055,0.007311283610761166,0.006774082314223051,0.04963865450630939,0.0501758558028475,xgb
2021-02-26,CAP.PA,0.09589045360880495,-0.021725695580244064,-0.020583609119057655,0.11761614918904902,0.1164740627278626,xgb_sentiment
2021-02-26,CFR.SW,0.02570685469798724,0.040601085871458054,0.04266771301627159,0.014894231173470815,0.016960858318284353,xgb
2021-02-26,DTE.DE,0.1310749678251595,0.0019320232095196843,0.0007930987630970776,0.12914294461563983,0.13028186906206243,xgb
2021-02-26,ENEL.MI,0.08114040125930186,0.010866069234907627,0.010782131925225258,0.07027433202439423,0.0703582693340766,xgb
2021-02-26,ENI.MI,0.08739786109486815,-0.010532232001423836,-0.01108566951006651,0.09793009309629198,0.09848353060493466,xgb
2021-02-26,EWI,0.0809758321146754,0.0043069119565188885,0.005124029237776995,0.07666892015815652,0.07585180287689841,xgb_sentiment
2021-02-26,EWL,0.06364746969913783,0.008262332528829575,0.008916329592466354,0.055385137170308255,0.054731140106671475,xgb_sentiment
2021-02-26,EWN,0.0748838876238763,0.016268286854028702,0.015263292007148266,0.05861560076984759,0.05962059561672803,xgb
2021-02-26,EWP,0.04433440105019152,0.003447152441367507,0.004236513748764992,0.04088724860882401,0.04009788730142653,xgb_sentiment
2021-02-26,EXH7.DE,0.07214454673362661,-0.0017377424519509077,-0.005966658238321543,0.07388228918557752,0.07811120497194815,xgb
2021-02-26,EXH8.DE,0.05146869089124095,-0.0013141875388100743,-0.0013178277295082808,0.05278287843005102,0.05278651862074923,xgb
2021-02-26,EXS1.DE,0.07177008362519852,0.0013889052206650376,0.0021909126080572605,0.07038117840453348,0.06957917101714126,xgb_sentiment
2021-02-26,EXSA.DE,0.057319480658611276,0.007050530519336462,0.007980002090334892,0.050268950139274814,0.04933947856827638,xgb_sentiment
2021-02-26,EXV1.DE,0.04965889146412198,-0.004016744438558817,-0.0038333849515765905,0.0536756359026808,0.05349227641569857,xgb_sentiment
2021-02-26,EXV2.DE,0.10084406811739398,0.006240944378077984,0.006546616088598967,0.094603123739316,0.09429745202879501,xgb_sentiment
2021-02-26,EXV3.DE,0.04087401626680163,-0.03254828229546547,-0.02918020822107792,0.07342229856226709,0.07005422448787954,xgb_sentiment
2021-02-26,EXV4.DE,0.04375911882214325,0.009451096877455711,0.009314695373177528,0.03430802194468754,0.03444442344896572,xgb
2021-02-26,EXV6.DE,-0.0029393202095243445,0.030420472845435143,0.03595437854528427,0.03335979305495949,0.038893698754808616,xgb
2021-02-26,EXV7.DE,0.09161601679771314,0.001085258787497878,-0.0005279339384287596,0.09053075801021526,0.0921439507361419,xgb
2021-02-26,HEIA.AS,0.07972275669236126,-0.034577805548906326,-0.027244139462709427,0.11430056224126758,0.10696689615507068,xgb_sentiment
2021-02-26,HOLN.SW,0.0885314680815694,-0.003922677598893642,-0.003546413965523243,0.09245414568046305,0.09207788204709265,xgb_sentiment
2021-02-26,IBE.MC,0.056865087012828185,-0.006135148461908102,-0.008291684091091156,0.0630002354747363,0.06515677110391935,xgb
2021-02-26,INGA.AS,0.10940133770876345,-0.07821843773126602,-0.07925643771886826,0.18761977544002947,0.1886577754276317,xgb
2021-02-26,ISP.MI,0.06880537421010106,0.009419498965144157,0.007139589637517929,0.05938587524495691,0.061665784572583135,xgb
2021-02-26,ITX.MC,0.02780468619708338,-0.008427332155406475,-0.005644007585942745,0.036232018352489855,0.033448693783026125,xgb_sentiment
2021-02-26,MBG.DE,0.10670310307621533,0.024248583242297173,0.03231566771864891,0.08245451983391816,0.07438743535756642,xgb_sentiment
2021-02-26,MC.PA,0.05538962701344439,0.013164580799639225,0.011089670471847057,0.04222504621380516,0.04429995654159733,xgb
2021-02-26,MUV2.DE,0.06838917051284087,0.0026628694031387568,0.0025657962542027235,0.06572630110970211,0.06582337425863814,xgb
2021-02-26,NESN.SW,0.09641302540640707,0.010095481760799885,0.009609244763851166,0.08631754364560719,0.08680378064255591,xgb
2021-02-26,NOVN.SW,0.08640970965009721,0.007543106563389301,0.00863979384303093,0.07886660308670791,0.07776991580706628,xgb_sentiment
2021-02-26,OR.PA,0.07566363994627832,0.003796275472268462,0.0015594706637784839,0.07186736447400986,0.07410416928249984,xgb
2021-02-26,PHIA.AS,0.07135527837731256,-0.004903997760266066,-0.011697941459715366,0.07625927613757863,0.08305321983702793,xgb
2021-02-26,RO.SW,0.07117138731210791,0.008272284641861916,0.007624857593327761,0.062899102670246,0.06354652971878015,xgb
2021-02-26,SAN.PA,0.10841646660323435,0.00523245707154274,0.0059129917062819,0.10318400953169161,0.10250347489695245,xgb_sentiment
2021-02-26,SAP.DE,0.021710501770002878,0.011230514384806156,0.012362516485154629,0.010479987385196721,0.009347985284848249,xgb_sentiment
2021-02-26,SIE.DE,0.07421952858253211,0.020129403099417686,0.024346446618437767,0.054090125483114426,0.049873081964094346,xgb_sentiment
2021-02-26,STMMI.MI,-0.0014535710867468077,-0.020196901634335518,-0.010395192541182041,0.01874333054758871,0.008941621454435233,xgb_sentiment
2021-02-26,SU.PA,0.027696007172908845,-0.002234610728919506,-0.0017512026242911816,0.02993061790182835,0.029447209797200027,xgb_sentiment
2021-02-26,TEF.MC,0.09489762392541365,-0.00677622901275754,-0.007447993382811546,0.10167385293817119,0.1023456173082252,xgb
2021-02-26,TTE.PA,0.05168840546820257,-0.015336462296545506,-0.01262653898447752,0.06702486776474807,0.06431494445268009,xgb_sentiment
2021-02-26,UBSG.SW,0.024621360626302432,0.010394142009317875,-0.01600484363734722,0.014227218616984557,0.04062620426364966,xgb
2021-02-26,UCG.MI,0.048121091663543614,0.016567453742027283,0.015717744827270508,0.03155363792151633,0.032403346836273106,xgb
2021-02-26,VOW3.DE,0.2835845521161511,-0.0007772067910991609,0.0015061325393617153,0.28436175890725024,0.28207841957678936,xgb_sentiment
2021-02-26,WKL.AS,0.11629316504344449,-0.006966500077396631,-0.0006507665966637433,0.12325966512084112,0.11694393164010823,xgb_sentiment
2021-03-31,ABBN.SW,0.039358095413797034,0.006271888501942158,0.006240254268050194,0.033086206911854876,0.03311784114574684,xgb
2021-03-31,AD.AS,-0.041331074924323224,0.010503126308321953,0.008288521319627762,0.05183420123264518,0.049619596243950986,xgb_sentiment
2021-03-31,AI.PA,0.0058693306390597685,0.006464472971856594,0.005062164273113012,0.0005951423327968256,0.0008071663659467562,xgb
2021-03-31,AIR.PA,0.034612474890528724,0.03684153035283089,0.039335545152425766,0.0022290554623021624,0.004723070261897042,xgb
2021-03-31,ALV.DE,-0.002999309724807125,-8.247671939898282e-05,0.0007115978514775634,0.002916833005408142,0.003710907576284688,xgb
2021-03-31,ASML.AS,0.04574593298341812,0.03776009380817413,0.0368829071521759,0.007985839175243988,0.008863025831242217,xgb
2021-03-31,BAS.DE,-0.006612366819472077,0.013093311339616776,0.01581527665257454,0.01970567815908885,0.022427643472046614,xgb
2021-03-31,BMW.DE,-0.059015020592490364,0.018609553575515747,0.0241311676800251,0.07762457416800611,0.08314618827251546,xgb
2021-03-31,BNP.PA,0.028690082220731352,0.013804829679429531,0.019930057227611542,0.014885252541301821,0.00876002499311981,xgb_sentiment
2021-03-31,CAC.PA,0.035744401490107096,0.004490355961024761,0.004256123211234808,0.031254045529082335,0.03148827827887229,xgb
2021-03-31,CAP.PA,0.049085291373941645,0.010111281648278236,-0.0021550930105149746,0.03897400972566341,0.05124038438445662,xgb
2021-03-31,CFR.SW,0.03336247209818818,0.019987547770142555,0.02564537152647972,0.013374924328045622,0.007717100571708456,xgb_sentiment
2021-03-31,DTE.DE,-0.03517290324789988,0.004420258570462465,0.002475990913808346,0.039593161818362345,0.037648894161708225,xgb_sentiment
2021-03-31,ENEL.MI,-0.02697068566510458,0.001921648858115077,-0.0010573356412351131,0.028892334523219657,0.025913350023869467,xgb_sentiment
2021-03-31,ENI.MI,-0.05524320953325491,0.011501655913889408,0.011772732250392437,0.06674486544714431,0.06701594178364734,xgb
2021-03-31,EWI,-0.0306691658507148,0.00920097529888153,0.007915079593658447,0.03987014114959633,0.03858424544437325,xgb_sentiment
2021-03-31,EWL,0.012137304936513027,0.003613367909565568,0.0035143611021339893,0.008523937026947459,0.008622943834379037,xgb
2021-03-31,EWN,0.006923768508005467,0.012801841832697392,0.016421308740973473,0.0058780733246919245,0.009497540232968005,xgb
2021-03-31,EWP,0.020517797223071708,0.0020463133696466684,0.0030599008314311504,0.01847148385342504,0.017457896391640557,xgb_sentiment
2021-03-31,EXH7.DE,0.02988539693087073,0.002642739564180374,0.0029461553785949945,0.027242657366690355,0.026939241552275735,xgb_sentiment
2021-03-31,EXH8.DE,0.06284038322416025,0.003503918182104826,0.004235113505274057,0.05933646504205542,0.05860526971888619,xgb_sentiment
2021-03-31,EXS1.DE,0.00764371348566699,-0.0015390863409265876,3.0673923902213573e-05,0.009182799826593577,0.0076130395617647765,xgb_sentiment
2021-03-31,EXSA.DE,0.020684106329897013,0.005219961516559124,0.004998454824090004,0.01546414481333789,0.01568565150580701,xgb
2021-03-31,EXV1.DE,0.035362387320838504,0.013884143903851509,0.016105059534311295,0.021478243416986995,0.01925732778652721,xgb_sentiment
2021-03-31,EXV2.DE,0.007909769306724115,0.005350915715098381,0.0041706436313688755,0.0025588535916257343,0.00373912567535524,xgb
2021-03-31,EXV3.DE,0.027821907564899183,-0.008403655141592026,-0.0026730818208307028,0.03622556270649121,0.030494989385729886,xgb_sentiment
2021-03-31,EXV4.DE,0.023933959155927127,0.0038711153902113438,0.003733227029442787,0.020062843765715783,0.02020073212648434,xgb
2021-03-31,EXV6.DE,0.03578072542802509,0.01989620178937912,0.024406280368566513,0.015884523638645967,0.011374445059458574,xgb_sentiment
2021-03-31,EXV7.DE,0.009426203812462175,-0.0004346475761849433,-0.00023681069433223456,0.009860851388647118,0.00966301450679441,xgb_sentiment
2021-03-31,HEIA.AS,0.10316935669237333,0.011777681298553944,0.009674747474491596,0.09139167539381939,0.09349460921788173,xgb
2021-03-31,HOLN.SW,0.015494106397906668,-0.005179873667657375,-0.003025346202775836,0.020673980065564042,0.018519452600682502,xgb_sentiment
2021-03-31,IBE.MC,0.022503086085742724,0.008513951674103737,0.005484010558575392,0.013989134411638987,0.017019075527167332,xgb
2021-03-31,INGA.AS,0.018802055976386695,0.03617052733898163,0.034878797829151154,0.017368471362594933,0.01607674185276446,xgb_sentiment
2021-03-31,ISP.MI,0.00453452200609802,0.012033691629767418,0.00998658686876297,0.007499169623669398,0.00545206486266495,xgb_sentiment
2021-03-31,ITX.MC,0.06449064696380175,0.00732386764138937,0.006830788217484951,0.057166779322412375,0.057659858746316794,xgb
2021-03-31,MBG.DE,-0.004539492837197313,0.028074165806174278,0.04175431281328201,0.03261365864337159,0.046293805650479324,xgb
2021-03-31,MC.PA,0.1037941526516619,0.012483497150242329,0.012898165732622147,0.09131065550141958,0.09089598691903976,xgb_sentiment
2021-03-31,MUV2.DE,-0.04845625833042609,0.0022422955371439457,0.00367844570428133,0.05069855386757004,0.05213470403470742,xgb
2021-03-31,NESN.SW,0.06058077628305314,0.007835726253688335,0.008219489827752113,0.052745050029364804,0.052361286455301026,xgb_sentiment
2021-03-31,NOVN.SW,-0.03350651463777589,0.0035052907187491655,0.0035001912619918585,0.037011805356525054,0.03700670589976775,xgb_sentiment
2021-03-31,OR.PA,0.0561774185259534,0.005084211938083172,0.004331827629357576,0.05109320658787023,0.05184559089659582,xgb
2021-03-31,PHIA.AS,-0.03757430841530055,0.006104794330894947,0.005268468521535397,0.0436791027461955,0.04284277693683595,xgb_sentiment
2021-03-31,RO.SW,-0.016216695905129176,0.007537445984780788,0.0066130440682172775,0.023754141889909965,0.022829739973346454,xgb_sentiment
2021-03-31,SAN.PA,0.03521827199785587,0.010339842177927494,0.010083395056426525,0.024878429819928376,0.025134876941429345,xgb
2021-03-31,SAP.DE,0.11169926024433942,-0.0012138260062783957,0.0007696521352045238,0.11291308625061781,0.1109296081091349,xgb_sentiment
2021-03-31,SIE.DE,-0.008464242545338046,0.011574778705835342,0.01378016360104084,0.020039021251173388,0.022244406146378886,xgb
2021-03-31,STMMI.MI,-0.043201673595750216,0.007094378583133221,-0.00912344828248024,0.05029605217888344,0.034078225313269976,xgb_sentiment
2021-03-31,SU.PA,0.021043866234428648,0.0013987981947138906,0.001875844202004373,0.019645068039714757,0.019168022032424275,xgb_sentiment
2021-03-31,TEF.MC,0.009517028598879745,0.011486574076116085,0.012599920853972435,0.0019695454772363404,0.0030828922550926903,xgb
2021-03-31,TTE.PA,-0.07706157720936392,0.006187142804265022,0.005140834487974644,0.08324872001362894,0.08220241169733856,xgb_sentiment
2021-03-31,UBSG.SW,-0.02255253268137816,0.012190485373139381,0.01336068008095026,0.034743018054517544,0.03591321276232842,xgb
2021-03-31,UCG.MI,-0.0371477621446012,-0.00214124983176589,-0.00249571749009192,0.03500651231283531,0.03465204465450928,xgb_sentiment
2021-03-31,VOW3.DE,-0.09627457765079472,0.10219311714172363,0.0761968195438385,0.19846769479251836,0.17247139719463322,xgb_sentiment
2021-03-31,WKL.AS,0.02687703152177907,-0.0011338219046592712,-0.0019489050609990954,0.02801085342643834,0.028825936582778166,xgb
2021-04-30,ABBN.SW,0.0382044394916002,0.006723438389599323,0.0076161762699484825,0.031481001102000875,0.030588263221651715,xgb_sentiment
2021-04-30,AD.AS,0.053691091319977305,0.009070816449820995,0.004322863649576902,0.04462027487015631,0.0493682276704004,xgb
2021-04-30,AI.PA,0.012092275350132041,0.004436849150806665,0.004934168420732021,0.0076554261993253755,0.00715810692940002,xgb_sentiment
2021-04-30,AIR.PA,0.06507625101103394,0.01989511400461197,0.02084115333855152,0.04518113700642197,0.04423509767248242,xgb_sentiment
2021-04-30,ALV.DE,0.03990849678849303,0.005966177675873041,0.00582608487457037,0.03394231911261999,0.03408241191392266,xgb
2021-04-30,ASML.AS,0.013893649059020553,0.05983603000640869,0.03718976676464081,0.04594238094738814,0.023296117705620255,xgb_sentiment
2021-04-30,BAS.DE,-0.006280770904114114,0.016406366601586342,0.01347406767308712,0.022687137505700457,0.019754838577201235,xgb_sentiment
2021-04-30,BMW.DE,0.061552631118778,0.030455341562628746,0.03587073087692261,0.031097289556149252,0.02568190024185539,xgb_sentiment
2021-04-30,BNP.PA,0.06498026171497755,0.05495721101760864,0.0058194613084197044,0.010023050697368904,0.05916080040655784,xgb
2021-04-30,CAC.PA,0.03981168468441568,0.00580349937081337,0.007030530832707882,0.03400818531360231,0.032781153851707795,xgb_sentiment
2021-04-30,CAP.PA,0.001639129761137647,0.009595587849617004,0.002274938393384218,0.007956458088479357,0.0006358086322465711,xgb_sentiment
2021-04-30,CFR.SW,0.1622174670803438,0.021370768547058105,0.023027539253234863,0.14084669853328569,0.13918992782710893,xgb_sentiment
2021-04-30,DTE.DE,0.060271434418762586,0.005686528515070677,0.00482994643971324,0.05458490590369191,0.055441487979049346,xgb
2021-04-30,ENEL.MI,-0.025854577798280216,0.002977353986352682,0.000846829847432673,0.0288319317846329,0.02670140764571289,xgb_sentiment
2021-04-30,ENI.MI,0.036222733590034494,0.03175799176096916,0.03544522821903229,0.0044647418290653315,0.0007775053710022059,xgb_sentiment
2021-04-30,EWI,0.05293481243700001,0.010838144458830357,0.0118673425167799,0.042096667978169654,0.04106746992022011,xgb_sentiment
2021-04-30,EWL,0.04593332010450017,0.007479698397219181,0.007181817200034857,0.03845362170728099,0.038751502904465315,xgb
2021-04-30,EWN,0.023878731809253484,0.019834574311971664,0.02152274176478386,0.0040441574972818195,0.0023559900444696247,xgb_sentiment
2021-04-30,EWP,0.055595734969345216,0.0026013150345534086,0.002315493067726493,0.05299441993479181,0.05328024190161872,xgb
2021-04-30,EXH7.DE,0.05674300943563616,0.0026434746105223894,0.0028152242302894592,0.054099534825113774,0.053927785205346704,xgb_sentiment
2021-04-30,EXH8.DE,0.06287023737466226,0.000840201391838491,0.001521625672467053,0.062030035982823764,0.0613486117021952,xgb_sentiment
2021-04-30,EXS1.DE,0.017560516280822648,0.005683398339897394,0.005204482469707727,0.011877117940925254,0.01235603381111492,xgb
2021-04-30,EXSA.DE,0.029128731034717897,0.006358846090734005,0.006040852516889572,0.02276988494398389,0.023087878517828325,xgb
2021-04-30,EXV1.DE,0.04986597997682169,0.013588069006800652,0.0167697723954916,0.03627791097002104,0.03309620758133009,xgb_sentiment
2021-04-30,EXV2.DE,0.01464727234848215,0.0018917507259175181,0.0021692297887057066,0.012755521622564632,0.012478042559776444,xgb_sentiment
2021-04-30,EXV3.DE,0.0027016312011954855,0.007328292820602655,0.0069256857968866825,0.00462666161940717,0.004224054595691197,xgb_sentiment
2021-04-30,EXV4.DE,0.0236275688234491,0.004208552185446024,0.004499953240156174,0.019419016638003075,0.019127615583292925,xgb_sentiment
2021-04-30,EXV6.DE,0.023576686126174366,0.018030403181910515,0.02055969648063183,0.005546282944263851,0.0030169896455425373,xgb_sentiment
2021-04-30,EXV7.DE,0.025180315166320397,0.002946210326626897,0.0032349335961043835,0.0222341048396935,0.021945381570216013,xgb_sentiment
2021-04-30,HEIA.AS,0.012161444911485018,-0.007828441448509693,-0.00895286351442337,0.019989886359994713,0.02111430842590839,xgb
2021-04-30,HOLN.SW,-0.011926951016266717,0.0059729814529418945,0.006901218555867672,0.01789993246920861,0.018828169572134387,xgb
2021-04-30,IBE.MC,-0.021593212057527525,0.008773273788392544,0.010843624360859394,0.03036648584592007,0.03243683641838692,xgb
2021-04-30,INGA.AS,0.06465600846393557,0.06420327723026276,0.055916398763656616,0.0004527312336728151,0.008739609700278955,xgb
2021-04-30,ISP.MI,0.05547385342902935,0.012558173388242722,0.015721462666988373,0.04291568004078663,0.03975239076204098,xgb_sentiment
2021-04-30,ITX.MC,0.06755147612258634,-0.016262734308838844,-0.013922460377216339,0.08381421043142519,0.08147393649980268,xgb_sentiment
2021-04-30,MBG.DE,0.028227210022968432,0.05624498054385185,0.06600187718868256,0.02801777052088342,0.03777466716571412,xgb
2021-04-30,MC.PA,0.04037457867971841,0.015907760709524155,-0.0004875563026871532,0.024466817970194253,0.04086213498240556,xgb
2021-04-30,MUV2.DE,-0.018876358686305664,0.006476717069745064,0.0053626797161996365,0.025353075756050728,0.0242390384025053,xgb_sentiment
2021-04-30,NESN.SW,0.020959083391737448,0.004604996647685766,0.005668399855494499,0.01635408674405168,0.015290683536242949,xgb_sentiment
2021-04-30,NOVN.SW,0.01662022160913328,0.008571628481149673,0.008197074756026268,0.008048593127983606,0.008423146853107012,xgb
2021-04-30,OR.PA,0.0751110589881133,0.006637181621044874,0.006669079419225454,0.06847387736706842,0.06844197956888784,xgb_sentiment
2021-04-30,PHIA.AS,-0.0005656966129431398,-0.006366701330989599,-0.007928632199764252,0.005801004718046459,0.007362935586821112,xgb
2021-04-30,RO.SW,0.06493178395990513,0.012932483106851578,0.013926521874964237,0.05199930085305356,0.0510052620849409,xgb_sentiment
2021-04-30,SAN.PA,0.034306470694093545,0.0026433775201439857,0.0024765979032963514,0.03166309317394956,0.031829872790797194,xgb
2021-04-30,SAP.DE,-0.011569256537403703,0.02316959574818611,0.02521577477455139,0.034738852285589816,0.036785031311955096,xgb
2021-04-30,SIE.DE,-0.045539416422454425,0.0271788090467453,0.02977048046886921,0.07271822546919973,0.07530989689132364,xgb
2021-04-30,STMMI.MI,-0.01602129863875416,0.007923266850411892,0.005910063628107309,0.023944565489166052,0.02193136226686147,xgb_sentiment
2021-04-30,SU.PA,-0.008138316543185743,0.010172880254685879,0.010339269414544106,0.01831119679787162,0.018477585957729848,xgb
2021-04-30,TEF.MC,0.04230034615322871,0.0037108752876520157,0.0022110091522336006,0.038589470865576694,0.04008933700099511,xgb
2021-04-30,TTE.PA,0.028905923177458034,0.022487450391054153,0.023529982194304466,0.006418472786403881,0.005375940983153568,xgb_sentiment
2021-04-30,UBSG.SW,0.05068943642280203,0.020092785358428955,0.021515699103474617,0.030596651064373072,0.02917373731932741,xgb_sentiment
2021-04-30,UCG.MI,0.2040415729601666,0.008934642188251019,0.006747521925717592,0.19510693077191557,0.197294051034449,xgb
2021-04-30,VOW3.DE,0.052584592532471656,0.043080247938632965,0.050474345684051514,0.009504344593838691,0.002110246848420143,xgb_sentiment
2021-04-30,WKL.AS,0.04138513006083481,0.0033763425890356302,0.004486689809709787,0.03800878747179918,0.03689844025112502,xgb_sentiment
2021-05-31,ABBN.SW,0.0365565683956398,0.014306137338280678,0.014428910799324512,0.022250431057359125,0.02212765759631529,xgb_sentiment
2021-05-31,AD.AS,0.04954577909910176,0.00659548444673419,0.002553434344008565,0.04295029465236757,0.046992344755093195,xgb
2021-05-31,AI.PA,0.06701612008054524,0.004398446995764971,0.004285075236111879,0.06261767308478026,0.06273104484443336,xgb
2021-05-31,AIR.PA,-0.0016891083940140663,-0.013736650347709656,-0.018983134999871254,0.01204754195369559,0.017294026605857188,xgb
2021-05-31,ALV.DE,-0.012376109653008381,0.003988954238593578,0.005681304726749659,0.016365063891601958,0.01805741437975804,xgb
2021-05-31,ASML.AS,0.07513848805390491,0.0658445805311203,0.05086943507194519,0.009293907522784611,0.02426905298195972,xgb
2021-05-31,BAS.DE,0.0025469430980763225,0.010522126220166683,0.008064551278948784,0.00797518312209036,0.005517608180872461,xgb_sentiment
2021-05-31,BMW.DE,0.05125871340353767,0.007134153041988611,0.010265589691698551,0.04412456036154906,0.04099312371183912,xgb_sentiment
2021-05-31,BNP.PA,-0.041680278664977644,0.02288835309445858,0.010994690470397472,0.06456863175943622,0.052674969135375116,xgb_sentiment
2021-05-31,CAC.PA,0.02229674376933247,-0.0011813256423920393,-0.0018208710243925452,0.02347806941172451,0.024117614793725015,xgb
2021-05-31,CAP.PA,0.07230949898942228,0.017380382865667343,0.008477251045405865,0.05492911612375494,0.06383224794401642,xgb
2021-05-31,CFR.SW,0.02914123880211857,0.024308975785970688,0.02479008212685585,0.0048322630161478815,0.004351156675262719,xgb_sentiment
2021-05-31,DTE.DE,0.05740027787577893,0.008989277295768261,0.008938604034483433,0.04841100058001067,0.048461673841295495,xgb
2021-05-31,ENEL.MI,-0.0022366681820439665,0.004000094253569841,0.0027722157537937164,0.006236762435613808,0.005008883935837683,xgb_sentiment
2021-05-31,ENI.MI,0.027656856728335375,0.016955532133579254,0.017304491251707077,0.010701324594756121,0.010352365476628298,xgb_sentiment
2021-05-31,EWI,0.009181531137943457,0.0054548755288124084,0.007728204596787691,0.0037266556091310483,0.0014533265411557656,xgb_sentiment
2021-05-31,EWL,0.04923830647404625,-0.005214526318013668,-0.007776725571602583,0.05445283279205992,0.05701503204564883,xgb
2021-05-31,EWN,0.015536028306898519,0.013591566123068333,0.01759943552315235,0.0019444621838301864,0.0020634072162538323,xgb
2021-05-31,EWP,-0.03086240302099076,0.004382239654660225,0.005739217158406973,0.035244642675650986,0.036601620179397734,xgb
2021-05-31,EXH7.DE,0.023283826492223065,-0.00024373113410547376,-0.00028747390024363995,0.02352755762632854,0.023571300392466705,xgb
2021-05-31,EXH8.DE,-0.0004339339418032265,-0.008537214249372482,-0.006643834989517927,0.008103280307569256,0.0062099010477147006,xgb_sentiment
2021-05-31,EXS1.DE,0.016356594417552342,0.006754036992788315,0.007044687867164612,0.009602557424764027,0.00931190655038773,xgb_sentiment
2021-05-31,EXSA.DE,0.022478024508588434,-0.0001795992284314707,0.001720329513773322,0.022657623737019905,0.020757694994815112,xgb_sentiment
2021-05-31,EXV1.DE,-0.03092950596768164,0.020548997446894646,0.021697403863072395,0.051478503414576285,0.052626909830754035,xgb
2021-05-31,EXV2.DE,0.026612485368783904,0.006104630883783102,0.005907053593546152,0.020507854485000802,0.020705431775237752,xgb
2021-05-31,EXV3.DE,0.0501310992465516,0.005825553089380264,0.006553840357810259,0.04430554615717133,0.04357725888874134,xgb_sentiment
2021-05-31,EXV4.DE,0.0643841668672175,0.002318436047062278,0.0015929535729810596,0.06206573082015522,0.06279121329423644,xgb
2021-05-31,EXV6.DE,-0.02523485865132689,0.023217376321554184,0.02602790668606758,0.04845223497288108,0.051262765337394475,xgb
2021-05-31,EXV7.DE,0.02106707337025561,0.005853749345988035,0.005907053593546152,0.015213324024267574,0.015160019776709457,xgb_sentiment
2021-05-31,HEIA.AS,0.0512163825987891,0.006640111096203327,0.006134471856057644,0.04457627150258577,0.045081910742731456,xgb
2021-05-31,HOLN.SW,0.045721195505884576,0.005791021976619959,0.007575893774628639,0.03993017352926462,0.03814530173125594,xgb_sentiment
2021-05-31,IBE.MC,-0.0503600940651267,0.003911207430064678,0.00549263134598732,0.054271301495191375,0.05585272541111402,xgb
2021-05-31,INGA.AS,-0.010638321569420241,0.057873621582984924,0.038916733115911484,0.06851194315240516,0.04955505468533172,xgb_sentiment
2021-05-31,ISP.MI,-0.025142583695300168,0.00774170458316803,0.0109382513910532,0.0328842882784682,0.03608083508635337,xgb
2021-05-31,ITX.MC,-0.0561380604409489,0.01263237465173006,0.01019630953669548,0.06877043509267897,0.06633436997764439,xgb_sentiment
2021-05-31,MBG.DE,0.0014431142084016305,0.04478166624903679,0.054877035319805145,0.04333855204063516,0.053433921111403514,xgb
2021-05-31,MC.PA,0.03318573414265069,0.003119379747658968,-0.01606476493179798,0.030066354394991723,0.04925049907444867,xgb
2021-05-31,MUV2.DE,-0.011285128156348107,0.0008547201287001371,-0.0005427363212220371,0.012139848285048244,0.01074239183512607,xgb_sentiment
2021-05-31,NESN.SW,0.04972453365284886,0.0032867854461073875,0.003252736059948802,0.04643774820674147,0.04647179759290006,xgb
2021-05-31,NOVN.SW,0.06952023674000847,0.004476753529161215,0.004344381392002106,0.06504348321084726,0.06517585534800636,xgb
2021-05-31,OR.PA,0.03978956685123915,-0.005042291712015867,-0.0035633030347526073,0.044831858563255014,0.043352869885991754,xgb_sentiment
2021-05-31,PHIA.AS,-0.0937796939888314,0.008368006907403469,0.006743445992469788,0.10214770089623487,0.10052313998130119,xgb_sentiment
2021-05-31,RO.SW,0.11412787949278107,0.0003391025820747018,0.0004595740756485611,0.11378877691070637,0.1136683054171325,xgb_sentiment
2021-05-31,SAN.PA,0.01551642686990584,0.005224341992288828,0.004878221545368433,0.010292084877617012,0.010638205324537407,xgb
2021-05-31,SAP.DE,0.05334371158910882,0.015484431758522987,0.015451548621058464,0.03785927983058583,0.037892162968050355,xgb
2021-05-31,SIE.DE,0.014668721933720345,0.06055288761854172,0.054041676223278046,0.04588416568482137,0.0393729542895577,xgb_sentiment
2021-05-31,STMMI.MI,0.018956842749885208,-0.004552778322249651,-0.0033193184062838554,0.02350962107213486,0.022276161156169063,xgb_sentiment
2021-05-31,SU.PA,0.04281080657309664,0.007143507245928049,0.0072099207900464535,0.03566729932716859,0.035600885783050186,xgb_sentiment
2021-05-31,TEF.MC,0.022891124170532736,-0.0009601603378541768,-8.207291830331087e-05,0.023851284508386913,0.022973197088836047,xgb_sentiment
2021-05-31,TTE.PA,0.03491979655117418,0.017313199117779732,0.017903098836541176,0.017606597433394447,0.017016697714633003,xgb_sentiment
2021-05-31,UBSG.SW,-0.020408397363430454,-0.013154483400285244,-0.009001893922686577,0.00725391396314521,0.011406503440743877,xgb
2021-05-31,UCG.MI,-0.03883990812599278,0.014413131400942802,0.008450446650385857,0.05325303952693558,0.047290354776378635,xgb_sentiment
2021-05-31,VOW3.DE,-0.05512606956607067,0.021511558443307877,0.02102283574640751,0.07663762800937854,0.07614890531247817,xgb_sentiment
2021-05-31,WKL.AS,0.07133572996529945,0.000305466033751145,0.0016572948079556227,0.07103026393154831,0.06967843515734383,xgb_sentiment
2021-06-30,ABBN.SW,0.08005291611865478,0.014875104650855064,0.015350612811744213,0.06517781146779972,0.06470230330691057,xgb_sentiment
2021-06-30,AD.AS,0.037769997352878365,0.00518675334751606,0.004467342980206013,0.032583244005362305,0.03330265437267235,xgb
2021-06-30,AI.PA,-0.013911723302657573,-0.0013861882034689188,-0.0031575236935168505,0.012525535099188655,0.010754199609140723,xgb_sentiment
2021-06-30,AIR.PA,0.06739306479870076,0.01708178035914898,0.01789969392120838,0.05031128443955178,0.04949337087749238,xgb_sentiment
2021-06-30,ALV.DE,0.005690002611434775,0.003416127758100629,0.006482912227511406,0.002273874853334146,0.0007929096160766312,xgb_sentiment
2021-06-30,ASML.AS,0.10368496798709467,0.04577105864882469,0.04574618116021156,0.05791390933826998,0.05793878682688311,xgb
2021-06-30,BAS.DE,0.004804809655892327,0.006436023861169815,-0.00029829374398104846,0.0016312142052774883,0.005103103399873375,xgb
2021-06-30,BMW.DE,-0.04863894009830024,0.02717946097254753,0.02742258831858635,0.07581840107084778,0.0760615284168866,xgb
2021-06-30,BNP.PA,-0.01524706239301035,0.05233170837163925,0.04989618808031082,0.0675787707646496,0.06514325047332117,xgb_sentiment
2021-06-30,CAC.PA,0.01857806557209351,0.007040252443403006,0.00622683996334672,0.011537813128690504,0.01235122560874679,xgb
2021-06-30,CAP.PA,0.11421023808675486,0.004776758141815662,-0.006322008091956377,0.1094334799449392,0.12053224617871124,xgb
2021-06-30,CFR.SW,0.060483706898428045,0.023894863203167915,0.027350515127182007,0.03658884369526013,0.03313319177124604,xgb_sentiment
2021-06-30,DTE.DE,-0.007212072420698644,0.007432551123201847,0.007729283533990383,0.014644623543900491,0.014941355954689027,xgb
2021-06-30,ENEL.MI,0.046208536339917713,0.0061928993090987206,0.005613111890852451,0.04001563703081899,0.04059542444906526,xgb
2021-06-30,ENI.MI,-0.025242784900981575,0.019691666588187218,0.020124999806284904,0.04493445148916879,0.045367784707266476,xgb
2021-06-30,EWI,0.014239178010763852,0.007352425716817379,0.007240709848701954,0.0068867522939464725,0.006998468162061898,xgb
2021-06-30,EWL,0.03309617743380415,0.0047555649653077126,0.005051995161920786,0.028340612468496437,0.028044182271883364,xgb_sentiment
2021-06-30,EWN,0.04039567559616935,0.005885351449251175,0.006863112561404705,0.034510324146918174,0.033532563034764644,xgb_sentiment
2021-06-30,EWP,-0.007321670626639248,0.007842550985515118,0.007596387527883053,0.015164221612154366,0.014918058154522301,xgb_sentiment
2021-06-30,EXH7.DE,0.002079392169922024,0.0076585011556744576,0.006281937472522259,0.005579108985752434,0.004202545302600235,xgb_sentiment
2021-06-30,EXH8.DE,-0.005636189404354222,0.01670519821345806,0.017643267288804054,0.022341387617812285,0.023279456693158278,xgb
2021-06-30,EXS1.DE,0.005744494505414263,0.0012047699419781566,0.0033022987190634012,0.004539724563436106,0.0024421957863508615,xgb_sentiment
2021-06-30,EXSA.DE,0.0212082526538759,0.0018491119844838977,0.003516433760523796,0.019359140669392004,0.017691818893352106,xgb_sentiment
2021-06-30,EXV1.DE,-0.0005644686109369115,0.037618014961481094,0.036080580204725266,0.038182483572418005,0.036645048815662176,xgb_sentiment
2021-06-30,EXV2.DE,-0.00712783237713265,0.007325287908315659,0.00702363857999444,0.014453120285448309,0.01415147095712709,xgb_sentiment
2021-06-30,EXV3.DE,0.05260343375513927,0.006438450887799263,0.006404390092939138,0.046164982867340006,0.04619904366220013,xgb
2021-06-30,EXV4.DE,0.01692489031150847,0.007249699905514717,0.006605792790651321,0.009675190405993753,0.010319097520857148,xgb
2021-06-30,EXV6.DE,0.09117283821008146,0.02011621557176113,0.020775530487298965,0.07105662263832033,0.07039730772278249,xgb_sentiment
2021-06-30,EXV7.DE,0.02494716783430685,0.0070281680673360825,0.006769461557269096,0.017918999766970766,0.018177706277037752,xgb
2021-06-30,HEIA.AS,-0.0192646492604162,-0.0025684896390885115,0.00046048013609834015,0.01669615962132769,0.01972512939651454,xgb
2021-06-30,HOLN.SW,-0.01580813661407466,0.006748262792825699,0.007488321512937546,0.02255639940690036,0.023296458127012205,xgb
2021-06-30,IBE.MC,0.03037298527914234,0.008636843413114548,0.0070425416342914104,0.02173614186602779,0.02333044364485093,xgb
2021-06-30,INGA.AS,-0.01556024572096618,0.056100595742464066,0.04753831773996353,0.07166084146343024,0.06309856346092971,xgb_sentiment
2021-06-30,ISP.MI,0.0074843006089513175,0.02740921638906002,0.025206437334418297,0.0199249157801087,0.017722136725466978,xgb_sentiment
2021-06-30,ITX.MC,-0.03702851374506188,0.030800560489296913,0.03024769388139248,0.0678290742343588,0.06727620762645437,xgb_sentiment
2021-06-30,MBG.DE,0.011224921956588921,0.043116845190525055,0.04098454862833023,0.03189192323393614,0.02975962667174131,xgb_sentiment
2021-06-30,MC.PA,0.0337504441184759,0.014940735884010792,0.01348837185651064,0.01880970823446511,0.02026207226196526,xgb
2021-06-30,MUV2.DE,-0.004991948258716212,0.0074313790537416935,0.006920833606272936,0.012423327312457905,0.011912781864989147,xgb_sentiment
2021-06-30,NESN.SW,0.0035094898470416306,0.005631091073155403,0.005921472795307636,0.0021216012261137725,0.0024119829482660057,xgb
2021-06-30,NOVN.SW,0.007256787733621015,0.0061867935582995415,0.006280703004449606,0.0010699941753214738,0.0009760847291714093,xgb_sentiment
2021-06-30,OR.PA,0.023926518263582327,0.013035912066698074,0.01471211388707161,0.010890606196884253,0.009214404376510717,xgb_sentiment
2021-06-30,PHIA.AS,-0.07914588408363457,0.008937130682170391,0.012088961899280548,0.08808301476580496,0.09123484598291512,xgb
2021-06-30,RO.SW,0.04976823886705035,0.008650841191411018,0.008186948485672474,0.04111739767563933,0.041581290381377874,xgb
2021-06-30,SAN.PA,-0.02104376717934702,0.0030843624845147133,0.003873370587825775,0.024128129663861735,0.024917137767172796,xgb
2021-06-30,SAP.DE,0.020158926097593604,0.0021116365678608418,0.003992908634245396,0.018047289529732762,0.01616601746334821,xgb_sentiment
2021-06-30,SIE.DE,-0.0032984635647148857,0.008637558668851852,0.008547063916921616,0.011936022233566738,0.011845527481636501,xgb_sentiment
2021-06-30,STMMI.MI,0.13532665659658388,0.007640584371984005,0.00961796659976244,0.12768607222459988,0.12570868999682144,xgb_sentiment
2021-06-30,SU.PA,0.045093870772546646,0.0032422447111457586,0.003746550064533949,0.04185162606140089,0.0413473207080127,xgb_sentiment
2021-06-30,TEF.MC,-0.040917174885715835,0.006606386508792639,0.006819546688348055,0.04752356139450847,0.04773672157406389,xgb
2021-06-30,TTE.PA,-0.01718257507755706,0.0038453189190477133,0.004666024353355169,0.021027893996604773,0.02184859943091223,xgb
2021-06-30,UBSG.SW,0.07441863050983538,0.006208449602127075,0.005695635452866554,0.0682101809077083,0.06872299505696883,xgb
2021-06-30,UCG.MI,-0.011828322596552494,0.04470387101173401,0.045114435255527496,0.0565321936082865,0.056942757852079987,xgb
2021-06-30,VOW3.DE,0.0037057254780800313,0.09199852496385574,0.09093187004327774,0.08829279948577572,0.08722614456519771,xgb_sentiment
2021-06-30,WKL.AS,0.12582943298839805,0.005958245601505041,0.006307349540293217,0.11987118738689301,0.11952208344810483,xgb_sentiment
2021-07-30,ABBN.SW,0.0374350833528646,0.009139704518020153,0.005696508567780256,0.028295378834844447,0.03173857478508434,xgb
2021-07-30,AD.AS,0.11011511272945297,0.0006226155092008412,0.0024862862192094326,0.10949249722025213,0.10762882651024354,xgb_sentiment
2021-07-30,AI.PA,0.0372297397103312,-0.0057889423333108425,-0.0046959323808550835,0.043018682043642044,0.041925672091186285,xgb_sentiment
2021-07-30,AIR.PA,-0.007286708010843127,0.02699507586658001,0.027862753719091415,0.03428178387742314,0.03514946172993454,xgb
2021-07-30,ALV.DE,-0.0572255752734454,0.00724156154319644,0.006913782563060522,0.06446713681664185,0.06413935783650593,xgb_sentiment
2021-07-30,ASML.AS,0.10479682508292432,0.028995180502533913,0.03600410372018814,0.0758016445803904,0.06879272136273618,xgb_sentiment
2021-07-30,BAS.DE,0.00812156901881143,-0.0015950074885040522,-0.0022621401585638523,0.009716576507315482,0.010383709177375283,xgb
2021-07-30,BMW.DE,-0.05930646265386269,0.02695409394800663,0.02975349873304367,0.08626055660186932,0.08905996138690636,xgb
2021-07-30,BNP.PA,0.029681626153866866,0.01292281225323677,0.012983810156583786,0.016758813900630096,0.01669781599728308,xgb_sentiment
2021-07-30,CAC.PA,0.011014542702517408,0.005056895315647125,0.004720316734164953,0.005957647386870282,0.006294225968352454,xgb
2021-07-30,CAP.PA,0.0468940905087718,-0.012226376682519913,-0.006193958222866058,0.059120467191291715,0.05308804873163786,xgb_sentiment
2021-07-30,CFR.SW,-0.12538618230048007,0.03483955189585686,0.008450138382613659,0.16022573419633693,0.13383632068309373,xgb_sentiment
2021-07-30,DTE.DE,0.05002433149065609,0.007566847838461399,0.008056828752160072,0.04245748365219469,0.04196750273849602,xgb_sentiment
2021-07-30,ENEL.MI,-0.004121604425171217,0.00869718473404646,0.0088110426440835,0.012818789159217676,0.012932647069254717,xgb
2021-07-30,ENI.MI,0.03989601712296642,0.006162611301988363,0.006464030593633652,0.03373340582097806,0.03343198652933277,xgb_sentiment
2021-07-30,EWI,0.02047474271577369,0.006582309957593679,0.0062792012467980385,0.013892432758180012,0.014195541468975652,xgb
2021-07-30,EWL,0.02275231403443235,0.007073094602674246,0.0064344932325184345,0.015679219431758103,0.016317820801913914,xgb
2021-07-30,EWN,0.06113728329341578,0.004610554315149784,0.005297766998410225,0.056526728978265994,0.055839516295005553,xgb_sentiment
2021-07-30,EWP,0.02045471763597756,-0.0035416344180703163,-0.003577516181394458,0.023996352054047876,0.024032233817372017,xgb
2021-07-30,EXH7.DE,-0.028020390242951203,0.006862564478069544,0.006762341596186161,0.03488295472102075,0.03478273183913737,xgb_sentiment
2021-07-30,EXH8.DE,-0.021820533461356168,0.005519258789718151,0.005978995002806187,0.02733979225107432,0.027799528464162355,xgb
2021-07-30,EXS1.DE,0.02144492881872182,0.006387756671756506,0.006549713667482138,0.015057172146965316,0.014895215151239684,xgb_sentiment
2021-07-30,EXSA.DE,0.027558023868428642,0.005256883334368467,0.004898688290268183,0.022301140534060175,0.02265933557816046,xgb
2021-07-30,EXV1.DE,0.02448348131856262,0.003994781523942947,0.00568611454218626,0.02048869979461967,0.01879736677637636,xgb_sentiment
2021-07-30,EXV2.DE,0.0370034538963776,0.006550785154104233,0.006592502351850271,0.03045266874227337,0.03041095154452733,xgb_sentiment
2021-07-30,EXV3.DE,0.059056054732284535,0.0031660636886954308,0.003684297204017639,0.055889991043589105,0.055371757528266896,xgb_sentiment
2021-07-30,EXV4.DE,0.03738577652193983,0.005898431874811649,0.005660514812916517,0.03148734464712818,0.03172526170902331,xgb
2021-07-30,EXV6.DE,-0.009285984269552228,0.00857942271977663,0.01141861081123352,0.01786540698932886,0.02070459508078575,xgb
2021-07-30,EXV7.DE,0.02874269295166022,0.005492647644132376,0.005541468970477581,0.023250045307527844,0.02320122398118264,xgb_sentiment
2021-07-30,HEIA.AS,-0.05499211236671348,0.005923660006374121,0.004874829668551683,0.0609157723730876,0.059866942035265165,xgb_sentiment
2021-07-30,HOLN.SW,-0.00856868074132942,0.006760008633136749,0.006091545335948467,0.01532868937446617,0.014660226077277887,xgb_sentiment
2021-07-30,IBE.MC,0.028143553562052906,0.009225627407431602,0.008276709355413914,0.018917926154621303,0.019866844206638992,xgb
2021-07-30,INGA.AS,0.06996355024279147,0.029075223952531815,0.02888544090092182,0.04088832629025965,0.041078109341869645,xgb
2021-07-30,ISP.MI,0.015956198130479857,0.005635764449834824,0.005236309953033924,0.010320433680645034,0.010719888177445933,xgb
2021-07-30,ITX.MC,0.011130441710586964,0.006852670107036829,0.007563189137727022,0.004277771603550135,0.0035672525728599417,xgb_sentiment
2021-07-30,MBG.DE,-0.05011943574737741,0.020350761711597443,0.018159709870815277,0.07047019745897484,0.06827914561819268,xgb_sentiment
2021-07-30,MC.PA,-0.07532989945688262,0.021643109619617462,0.02399500459432602,0.09697300907650008,0.09932490405120864,xgb
2021-07-30,MUV2.DE,0.08713929587653793,0.010695112869143486,0.01113699097186327,0.07644418300739445,0.07600230490467466,xgb_sentiment
2021-07-30,NESN.SW,0.020083697123051063,0.006063939072191715,0.00654407124966383,0.014019758050859348,0.013539625873387234,xgb_sentiment
2021-07-30,NOVN.SW,0.0035349451208617406,0.0054991357028484344,0.004573313519358635,0.001964190581986694,0.0010383683984968944,xgb_sentiment
2021-07-30,OR.PA,0.028861676558857883,0.00603506388142705,0.006768382154405117,0.022826612677430833,0.022093294404452766,xgb_sentiment
2021-07-30,PHIA.AS,-0.018163317352089484,0.018857283517718315,0.02105063945055008,0.037020600869807796,0.03921395680263956,xgb
2021-07-30,RO.SW,0.05579945944779322,0.011950260028243065,0.010430756956338882,0.04384919941955016,0.04536870249145434,xgb
2021-07-30,SAN.PA,0.013490687345138506,0.004223537631332874,0.005584229715168476,0.009267149713805631,0.00790645762997003,xgb_sentiment
2021-07-30,SAP.DE,0.04908962497639103,0.00691591901704669,0.006139788776636124,0.04217370595934434,0.042949836199754905,xgb
2021-07-30,SIE.DE,0.0721191530627022,-0.003896379843354225,-0.00417895894497633,0.07601553290605642,0.07629811200767853,xgb
2021-07-30,STMMI.MI,0.09273933031888511,0.02771688438951969,0.02596661075949669,0.06502244592936542,0.06677271955938842,xgb
2021-07-30,SU.PA,0.07785184898642115,-0.004683172795921564,-0.0034734192304313183,0.08253502178234272,0.08132526821685247,xgb_sentiment
2021-07-30,TEF.MC,0.09634437826356773,0.001910872757434845,0.0016072408761829138,0.09443350550613289,0.09473713738738482,xgb
2021-07-30,TTE.PA,0.027015821344486154,-0.011921635828912258,-0.007978103123605251,0.038937457173398415,0.03499392446809141,xgb_sentiment
2021-07-30,UBSG.SW,0.027693921054557324,0.0012356567895039916,-0.00046310151810757816,0.026458264265053332,0.028157022572664902,xgb
2021-07-30,UCG.MI,0.038047907881670597,-0.005516361445188522,-0.005421575158834457,0.04356426932685912,0.043469483040505054,xgb_sentiment
2021-07-30,VOW3.DE,-0.022141224070934645,0.029726620763540268,0.03195321559906006,0.051867844834474916,0.05409443966999471,xgb
2021-07-30,WKL.AS,0.024469260622507583,-0.01187195722013712,-0.008337773382663727,0.0363412178426447,0.03280703400517131,xgb_sentiment
2021-08-31,ABBN.SW,-0.08177897670973809,0.008612678386271,0.0018431340577080846,0.09039165509600909,0.08362211076744618,xgb_sentiment
2021-08-31,AD.AS,0.01734957704087088,-0.018374396488070488,-0.009258022531867027,0.03572397352894137,0.02660759957273791,xgb_sentiment
2021-08-31,AI.PA,-0.08334141681905294,0.004010346252471209,0.0014564588200300932,0.08735176307152415,0.08479787563908303,xgb_sentiment
2021-08-31,AIR.PA,0.013734115577398483,0.0036398624069988728,0.004240888170897961,0.01009425317039961,0.009493227406500522,xgb_sentiment
2021-08-31,ALV.DE,-0.01570204086603833,0.004366795066744089,0.0043441615998744965,0.020068835932782417,0.020046202465912825,xgb_sentiment
2021-08-31,ASML.AS,-0.08406063339286189,0.016521479934453964,0.027868950739502907,0.10058211332731586,0.1119295841323648,xgb
2021-08-31,BAS.DE,0.004720281608386319,0.003976030275225639,0.004684270825237036,0.0007442513331606801,3.601078314928365e-05,xgb_sentiment
2021-08-31,BMW.DE,0.04975538426062981,-0.007472682278603315,-0.006192927714437246,0.057228066539233124,0.055948311975067055,xgb_sentiment
2021-08-31,BNP.PA,0.055894651960352836,-0.008583704940974712,-0.01021723635494709,0.06447835690132755,0.06611188831529993,xgb
2021-08-31,CAC.PA,-0.016422818412169585,0.006887438241392374,0.0070861210115253925,0.02331025665356196,0.023508939423694978,xgb
2021-08-31,CAP.PA,-0.04903990068871977,0.014767899177968502,0.008311075158417225,0.06380779986668828,0.057350975847137,xgb_sentiment
2021-08-31,CFR.SW,-0.014025917441624373,0.06778425723314285,0.06410665810108185,0.08181017467476723,0.07813257554270622,xgb_sentiment
2021-08-31,DTE.DE,-0.026560287376148586,0.0016434167046099901,0.0026390906423330307,0.028203704080758576,0.029199378018481617,xgb
2021-08-31,ENEL.MI,-0.12753304997186687,0.004044243600219488,0.00456938985735178,0.13157729357208636,0.13210243982921865,xgb
2021-08-31,ENI.MI,0.12566644021645862,0.0029860783834010363,0.004236998036503792,0.12268036183305758,0.12142944217995483,xgb_sentiment
2021-08-31,EWI,-0.02516536175233226,0.00021336482313927263,0.002285385737195611,0.025378726575471532,0.02745074748952787,xgb
2021-08-31,EWL,-0.07381116041502074,0.0077619971707463264,0.007392348721623421,0.08157315758576707,0.08120350913664416,xgb_sentiment
2021-08-31,EWN,-0.05352417123595565,0.005857901647686958,0.004154631402343512,0.05938207288364261,0.057678802638299165,xgb_sentiment
2021-08-31,EWP,-0.020188430109529903,0.004625527188181877,0.0041465116664767265,0.02481395729771178,0.02433494177600663,xgb_sentiment
2021-08-31,EXH7.DE,-0.030005222741909466,0.007038990966975689,0.007002996280789375,0.03704421370888515,0.03700821902269884,xgb_sentiment
2021-08-31,EXH8.DE,-0.023492331877320523,0.00766066275537014,0.006750519387423992,0.031152994632690664,0.030242851264744516,xgb_sentiment
2021-08-31,EXS1.DE,-0.02993414252551544,0.0029900805093348026,0.003198807593435049,0.03292422303485024,0.03313295011895049,xgb
2021-08-31,EXSA.DE,-0.03446912663936619,0.006694630719721317,0.006774119567126036,0.041163757359087505,0.04124324620649222,xgb
2021-08-31,EXV1.DE,0.03878985665966911,0.003143784124404192,0.0026263841427862644,0.03564607253526492,0.036163472516882844,xgb
2021-08-31,EXV2.DE,-0.04031410459260169,0.004238849505782127,0.004767450504004955,0.04455295409838382,0.04508155509660665,xgb
2021-08-31,EXV3.DE,-0.06770000446782432,-0.001237297197803855,0.0024580874014645815,0.06646270727002046,0.0701580918692889,xgb
2021-08-31,EXV4.DE,-0.050553583613806644,0.007733508013188839,0.00749877979978919,0.05828709162699548,0.058052363413595834,xgb_sentiment
2021-08-31,EXV6.DE,-0.09462360284533419,0.002850519260391593,-0.0003466842172201723,0.09747412210572579,0.09427691862811402,xgb_sentiment
2021-08-31,EXV7.DE,-0.04622926402181623,0.004723761230707169,0.005839440040290356,0.0509530252525234,0.052068704062106584,xgb
2021-08-31,HEIA.AS,-0.03156086465994439,-0.003043625969439745,-0.004451740067452192,0.028517238690504647,0.0271091245924922,xgb_sentiment
2021-08-31,HOLN.SW,-0.14473946426197906,0.003678958397358656,0.005171190015971661,0.14841842265933772,0.14991065427795072,xgb
2021-08-31,IBE.MC,-0.1610348685629958,0.005918452516198158,0.006158269941806793,0.16695332107919394,0.16719313850480258,xgb
2021-08-31,INGA.AS,0.07885835041862507,0.007517491467297077,0.006618039216846228,0.071340858951328,0.07224031120177885,xgb
2021-08-31,ISP.MI,0.025328173039685705,-0.002243252471089363,-0.002639711368829012,0.027571425510775068,0.027967884408514717,xgb
2021-08-31,ITX.MC,0.10746831236169084,0.0025915419682860374,0.0022777491249144077,0.1048767703934048,0.10519056323677643,xgb
2021-08-31,MBG.DE,0.08040876549691665,0.005107278935611248,0.008652735501527786,0.0753014865613054,0.07175602999538887,xgb_sentiment
2021-08-31,MC.PA,-0.0020762676023916298,0.0265179630368948,0.025977008044719696,0.028594230639286428,0.028053275647111325,xgb_sentiment
2021-08-31,MUV2.DE,-0.03223751962697149,0.006627986673265696,0.00569739006459713,0.03886550630023718,0.03793490969156862,xgb_sentiment
2021-08-31,NESN.SW,-0.032374777890556164,0.0032919140066951513,0.004480977542698383,0.035666691897251315,0.03685575543325455,xgb
2021-08-31,NOVN.SW,-0.09701582450718686,0.000150715684867464,0.0007436276646330953,0.09716654019205433,0.09775945217181996,xgb
2021-08-31,OR.PA,-0.08694253097593305,0.011122412979602814,0.012533928267657757,0.09806494395553586,0.0994764592435908,xgb
2021-08-31,PHIA.AS,-0.00038409665172419154,0.0010411144467070699,0.0027147980872541666,0.0014252110984312614,0.003098894738978358,xgb
2021-08-31,RO.SW,-0.08013850801665147,0.01534586027264595,0.014189274050295353,0.09548436828929742,0.09432778206694682,xgb_sentiment
2021-08-31,SAN.PA,-0.04565103902507729,0.00035971979377791286,0.001499707461334765,0.046010758818855205,0.04715074648641206,xgb
2021-08-31,SAP.DE,-0.07898408474228852,0.004023564048111439,0.0046620676293969154,0.08300764879039996,0.08364615237168543,xgb
2021-08-31,SIE.DE,0.018153060866255896,0.0011411042651161551,0.000939374091103673,0.01701195660113974,0.017213686775152223,xgb
2021-08-31,STMMI.MI,-0.0036436025257490005,0.0016772246453911066,0.0039558978751301765,0.0053208271711401075,0.007599500400879177,xgb
2021-08-31,SU.PA,-0.04349697017315898,0.004706506617367268,0.005973188206553459,0.04820347679052625,0.04947015837971244,xgb
2021-08-31,TEF.MC,-0.023960562333151653,0.004070201423019171,0.0047081029042601585,0.028030763756170824,0.028668665237411812,xgb
2021-08-31,TTE.PA,0.11181980382277902,0.004401540849357843,0.004486437421292067,0.10741826297342118,0.10733336640148695,xgb_sentiment
2021-08-31,UBSG.SW,-0.01746486524634564,0.0008660221355967224,0.0023154527880251408,0.018330887381942364,0.019780318034370782,xgb
2021-08-31,UCG.MI,0.08451647504434802,0.01355506107211113,0.014132223092019558,0.07096141397223689,0.07038425195232846,xgb_sentiment
2021-08-31,VOW3.DE,-0.026477829857005888,-0.0006749870954081416,-0.0008187342318706214,0.025802842761597746,0.025659095625135266,xgb_sentiment
2021-08-31,WKL.AS,-0.06356715046719566,0.003105457406491041,-0.0026113272178918123,0.0666726078736867,0.06095582324930385,xgb_sentiment
2021-09-30,ABBN.SW,-0.018177686995160643,0.04334759712219238,0.02178771048784256,0.06152528411735303,0.03996539748300321,xgb_sentiment
2021-09-30,AD.AS,-0.021279270837306855,0.00675904331728816,0.006531102117151022,0.028038314154595016,0.027810372954457877,xgb_sentiment
2021-09-30,AI.PA,0.040030800711703576,-0.00304993474856019,-0.0005037479568272829,0.04308073546026377,0.04053454866853086,xgb_sentiment
2021-09-30,AIR.PA,-0.03988120900165557,0.009015407413244247,0.009292112663388252,0.04889661641489982,0.049173321665043825,xgb
2021-09-30,ALV.DE,0.031872216312923425,0.007605675607919693,0.00702440133318305,0.024266540705003732,0.024847814979740375,xgb
2021-09-30,ASML.AS,0.08114960417513935,0.008841906674206257,0.0019434012938290834,0.07230769750093309,0.07920620288131026,xgb
2021-09-30,BAS.DE,-0.05573910650641052,0.00645350432023406,0.005691484548151493,0.06219261082664458,0.061430591054562014,xgb_sentiment
2021-09-30,BMW.DE,0.052718099069487816,0.011729991063475609,0.012766181491315365,0.04098810800601221,0.03995191757817245,xgb_sentiment
2021-09-30,BNP.PA,0.04341620951578068,-0.014102275483310223,-0.009191333316266537,0.0575184849990909,0.052607542832047216,xgb_sentiment
2021-09-30,CAC.PA,0.04794350315143753,0.00890403427183628,0.009100275114178658,0.03903946887960125,0.03884322803725887,xgb_sentiment
2021-09-30,CAP.PA,0.1110064808704003,0.01904345117509365,0.026348678395152092,0.09196302969530665,0.0846578024752482,xgb_sentiment
2021-09-30,CFR.SW,0.1667350470128063,0.04016309976577759,0.015902133658528328,0.12657194724702872,0.15083291335427798,xgb
2021-09-30,DTE.DE,-0.07878847102558811,0.007163466885685921,0.006916983984410763,0.08595193791127403,0.08570545500999888,xgb_sentiment
2021-09-30,ENEL.MI,0.0843013892387044,0.027832724153995514,0.02865678444504738,0.05646866508470888,0.055644604793657015,xgb_sentiment
2021-09-30,ENI.MI,0.07167969092575222,-0.012218732386827469,-0.012927275151014328,0.08389842331257968,0.08460696607676654,xgb
2021-09-30,EWI,0.04916620256296473,0.0009564535575918853,0.0016737082041800022,0.048209749005372844,0.04749249435878473,xgb_sentiment
2021-09-30,EWL,0.06040236375804282,0.014687293209135532,0.014992555603384972,0.045715070548907284,0.045409808154657845,xgb_sentiment
2021-09-30,EWN,0.04921188795810455,0.0056572104804217815,0.0041300761513412,0.04355467747768277,0.04508181180676335,xgb
2021-09-30,EWP,0.04003253112356947,0.00722897332161665,0.007256062235683203,0.03280355780195282,0.03277646888788627,xgb_sentiment
2021-09-30,EXH7.DE,0.05639386658882518,0.009039582684636116,0.008086247369647026,0.04735428390418906,0.04830761921917815,xgb
2021-09-30,EXH8.DE,0.01835819411925123,0.008308756165206432,0.008246159180998802,0.0100494379540448,0.01011203493825243,xgb
2021-09-30,EXS1.DE,0.026818643835618595,0.0032308511435985565,0.0026539559476077557,0.02358779269202004,0.02416468788801084,xgb
2021-09-30,EXSA.DE,0.04494906911832509,0.003873468143865466,0.004080706741660833,0.04107560097445962,0.040868362376664254,xgb_sentiment
2021-09-30,EXV1.DE,0.06569727384162133,-0.006776561960577965,-0.007810716982930899,0.0724738358021993,0.07350799082455223,xgb
2021-09-30,EXV2.DE,-0.03625710634003058,0.0015381153207272291,0.0030518106650561094,0.037795221660757806,0.03930891700508669,xgb
2021-09-30,EXV3.DE,0.07179526975398923,0.0019507203251123428,0.004886146169155836,0.06984454942887688,0.06690912358483339,xgb_sentiment
2021-09-30,EXV4.DE,0.0476455332972599,0.008134067058563232,0.0064236498437821865,0.03951146623869667,0.041221883453477715,xgb
2021-09-30,EXV6.DE,0.026574070002172337,0.008586738258600235,0.007992046885192394,0.017987331743572102,0.018582023116979943,xgb
2021-09-30,EXV7.DE,0.03778564747760221,0.008457683026790619,0.0074262903071939945,0.029327964450811594,0.03035935717040822,xgb
2021-09-30,HEIA.AS,0.06044212375467069,0.004822994116693735,0.004404296632856131,0.05561912963797695,0.05603782712181456,xgb
2021-09-30,HOLN.SW,0.030042425953147853,0.019925029948353767,0.019793018698692322,0.010117396004794086,0.010249407254455532,xgb
2021-09-30,IBE.MC,0.1623751453419676,0.043961502611637115,0.03984451666474342,0.11841364273033048,0.12253062867722417,xgb
2021-09-30,INGA.AS,0.08212807431663467,0.0010098698548972607,0.0013360668672248721,0.08111820446173741,0.0807920074494098,xgb_sentiment
2021-09-30,ISP.MI,0.041076328673785176,-0.0037974698934704065,-0.003608784871175885,0.04487379856725558,0.04468511354496106,xgb_sentiment
2021-09-30,ITX.MC,-0.007059567693446609,0.010974785313010216,0.009742341935634613,0.018034353006456824,0.01680190962908122,xgb_sentiment
2021-09-30,MBG.DE,0.11115700338637755,0.007472233846783638,0.007107441779226065,0.10368476953959391,0.10404956160715148,xgb
2021-09-30,MC.PA,0.08808597330476835,0.009278383105993271,0.009548082947731018,0.07880759019877508,0.07853789035703733,xgb_sentiment
2021-09-30,MUV2.DE,0.07832037974795628,0.011076477356255054,0.01191144622862339,0.06724390239170122,0.06640893351933289,xgb_sentiment
2021-09-30,NESN.SW,0.08706656982434853,0.0060319132171571255,0.007189022842794657,0.0810346566071914,0.07987754698155387,xgb_sentiment
2021-09-30,NOVN.SW,0.0018841947639585937,0.005302282515913248,0.005690800957381725,0.003418087751954654,0.0038066061934231314,xgb
2021-09-30,OR.PA,0.10144362411802482,0.008206097409129143,0.005305173806846142,0.09323752670889568,0.09613845031117868,xgb
2021-09-30,PHIA.AS,0.06034834683204085,0.008222597651183605,0.010665366426110268,0.052125749180857245,0.04968298040593058,xgb_sentiment
2021-09-30,RO.SW,0.03962000615069865,0.018439462408423424,0.016278594732284546,0.021180543742275224,0.0233414114184141,xgb
2021-09-30,SAN.PA,0.03953089432427962,-0.0014832568122074008,-0.0016116945771500468,0.04101415113648702,0.04114258890142967,xgb
2021-09-30,SAP.DE,0.06972268388984286,0.016000565141439438,0.015130773186683655,0.05372211874840342,0.054591910703159205,xgb
2021-09-30,SIE.DE,-0.011623154911149196,0.005779070779681206,0.005877966061234474,0.0174022256908304,0.01750112097238367,xgb
2021-09-30,STMMI.MI,0.07962507685721638,0.016536017879843712,0.008172241970896721,0.06308905897737267,0.07145283488631966,xgb
2021-09-30,SU.PA,0.034156566544390726,0.007613292429596186,0.0032749311067163944,0.02654327411479454,0.030881635437674332,xgb
2021-09-30,TEF.MC,-0.07236086204516695,0.004484743345528841,0.004395798314362764,0.07684560539069579,0.07675666035952972,xgb_sentiment
2021-09-30,TTE.PA,0.04805811089218553,-0.005306510254740715,-0.0015407047467306256,0.05336462114692624,0.049598815638916154,xgb_sentiment
2021-09-30,UBSG.SW,0.12155382769777841,0.01131462398916483,0.011992860585451126,0.11023920370861358,0.10956096711232728,xgb_sentiment
2021-09-30,UCG.MI,-0.006630620977931269,0.010451874695718288,0.01873178593814373,0.017082495673649556,0.025362406916074998,xgb
2021-09-30,VOW3.DE,0.0009290252395008334,0.009133240208029747,0.00936135370284319,0.008204214968528913,0.008432328463342355,xgb
2021-09-30,WKL.AS,-0.010317081607995458,0.03172759711742401,0.030226396396756172,0.04204467872541947,0.04054347800475163,xgb_sentiment
2021-10-29,ABBN.SW,0.07322825128229878,-0.0026316798757761717,-0.0012915661791339517,0.07585993115807495,0.07451981746143273,xgb_sentiment
2021-10-29,AD.AS,0.07282494970368715,0.012038566172122955,0.012915932573378086,0.060786383531564195,0.059909017130309064,xgb_sentiment
2021-10-29,AI.PA,0.021400057765515946,0.0024378234520554543,0.0012918546563014388,0.01896223431346049,0.020108203109214507,xgb
2021-10-29,AIR.PA,-0.1038547938092174,0.00876673124730587,0.00966530293226242,0.11262152505652327,0.11352009674147982,xgb
2021-10-29,ALV.DE,-0.04613889966739375,0.00461061205714941,0.005936460569500923,0.05074951172454316,0.05207536023689467,xgb
2021-10-29,ASML.AS,0.008707115031447882,0.0020958289969712496,-0.02997257001698017,0.0066112860344766326,0.03867968504842805,xgb
2021-10-29,BAS.DE,-0.07154230236964135,0.0064665572717785835,0.005953372456133366,0.07800885964141993,0.07749567482577471,xgb_sentiment
2021-10-29,BMW.DE,-0.0168770153195936,0.006920801941305399,0.00773184560239315,0.023797817260899,0.02460886092198675,xgb
2021-10-29,BNP.PA,-0.04449903257524881,2.674226743692998e-05,0.0001538717478979379,0.04452577484268574,0.044652904323146746,xgb
2021-10-29,CAC.PA,-0.006261071880381455,0.0010163935367017984,0.00012410555791575462,0.007277465417083254,0.00638517743829721,xgb_sentiment
2021-10-29,CAP.PA,0.0029761553930859716,-0.004540644120424986,0.0017268727533519268,0.007516799513510957,0.0012492826397340448,xgb_sentiment
2021-10-29,CFR.SW,0.22566860849937057,0.013240206055343151,0.013326270505785942,0.21242840244402741,0.21234233799358462,xgb_sentiment
2021-10-29,DTE.DE,-0.002366205768588586,0.007487753871828318,0.0099884532392025,0.009853959640416904,0.012354659007791086,xgb
2021-10-29,ENEL.MI,-0.06376484382145763,0.003006512997671962,0.002765537705272436,0.06677135681912959,0.06653038152673006,xgb_sentiment
2021-10-29,ENI.MI,-0.04991933141017237,-0.003563954960554838,0.0006631403812207282,0.046355376449617534,0.0505824717913931,xgb
2021-10-29,EWI,-0.01969778389475311,0.003333332948386669,0.003177290316671133,0.023031116843139778,0.02287507421142424,xgb_sentiment
2021-10-29,EWL,0.027746976396579106,0.0032476007472723722,0.0006119430181570351,0.024499375649306734,0.02713503337842207,xgb
2021-10-29,EWN,-0.013776232456945687,-0.005322290584445,-0.0051816110499203205,0.008453941872500688,0.008594621407025367,xgb
2021-10-29,EWP,-0.06326992844671996,0.005673496052622795,0.0056191361509263515,0.06894342449934275,0.06888906459764631,xgb_sentiment
2021-10-29,EXH7.DE,0.028115787578909986,0.001948121702298522,0.0009689876460470259,0.026167665876611464,0.02714679993286296,xgb
2021-10-29,EXH8.DE,0.0026743068359426085,0.0022817032877355814,0.002582952380180359,0.00039260354820702713,9.135445576224964e-05,xgb_sentiment
2021-10-29,EXS1.DE,-0.02573815140991422,0.0024380970280617476,0.001153207733295858,0.02817624843797597,0.02689135914321008,xgb_sentiment
2021-10-29,EXSA.DE,-0.015729961656529044,0.0017486104043200612,0.0011693114647641778,0.017478572060849105,0.01689927312129322,xgb_sentiment
2021-10-29,EXV1.DE,-0.07466655138086263,0.0027927656192332506,0.002202677773311734,0.07745931700009588,0.07686922915417436,xgb_sentiment
2021-10-29,EXV2.DE,0.022374802517014486,0.007766906172037125,0.008004892617464066,0.014607896344977361,0.01436990989955042,xgb_sentiment
2021-10-29,EXV3.DE,-0.0165484297780766,0.0023065092973411083,0.002730399603024125,0.018854939075417708,0.019278829381100725,xgb
2021-10-29,EXV4.DE,-0.012583706559933303,0.0015802967827767134,0.0005426041898317635,0.014164003342710016,0.013126310749765066,xgb_sentiment
2021-10-29,EXV6.DE,-0.011513749810631815,0.013502785935997963,0.013560191728174686,0.02501653574662978,0.025073941538806502,xgb
2021-10-29,EXV7.DE,-0.006810126978490402,-0.000969200802501291,-0.0013265153393149376,0.005840926175989111,0.0054836116391754645,xgb_sentiment
2021-10-29,HEIA.AS,-0.025151793266334235,0.0030907371547073126,0.0030798083171248436,0.028242530421041547,0.028231601583459078,xgb_sentiment
2021-10-29,HOLN.SW,0.01514230981868475,0.0025869079399853945,0.0034817683044821024,0.012555401878699355,0.011660541514202647,xgb_sentiment
2021-10-29,IBE.MC,-0.02970772810379434,0.022258412092924118,0.02437451109290123,0.051966140196718455,0.05408223919669557,xgb
2021-10-29,INGA.AS,-0.07615069868096389,0.00641154358163476,0.005046815611422062,0.08256224226259865,0.08119751429238595,xgb_sentiment
2021-10-29,ISP.MI,-0.1062277253364811,-0.0017487842123955488,-0.0026734336279332638,0.10447894112408555,0.10355429170854784,xgb_sentiment
2021-10-29,ITX.MC,-0.05156292182246919,-0.0039796382188797,-0.007136678788810968,0.04758328360358949,0.04442624303365822,xgb_sentiment
2021-10-29,MBG.DE,-0.03489128808950719,0.013256137259304523,0.014350526966154575,0.048147425348811716,0.04924181505566177,xgb
2021-10-29,MC.PA,0.029105633420545333,0.007265635300427675,0.008173983544111252,0.021839998120117658,0.02093164987643408,xgb_sentiment
2021-10-29,MUV2.DE,-0.06907649440915464,0.0003057495632674545,0.00010691093484638259,0.0693822439724221,0.06918340534400103,xgb_sentiment
2021-10-29,NESN.SW,0.014209699659142231,-0.009260793216526508,-0.008194456808269024,0.02347049287566874,0.022404156467411257,xgb_sentiment
2021-10-29,NOVN.SW,0.0015045752790117653,0.0026608570478856564,0.0020456865895539522,0.001156281768873891,0.000541111310542187,xgb_sentiment
2021-10-29,OR.PA,0.017195184926142984,-0.02325563132762909,-0.016395466402173042,0.04045081625377207,0.033590651328316026,xgb_sentiment
2021-10-29,PHIA.AS,-0.2491068396799665,0.022020762786269188,0.019288180395960808,0.2711276024662357,0.2683950200759273,xgb_sentiment
2021-10-29,RO.SW,-0.005587857832012303,0.0021809074096381664,0.0026453572791069746,0.007768765241650469,0.008233215111119277,xgb
2021-10-29,SAN.PA,-0.009532810220907949,0.003540364559739828,0.004268490243703127,0.013073174780647777,0.013801300464611076,xgb
2021-10-29,SAP.DE,-0.07040731388862059,0.0026368587277829647,0.002414952265098691,0.07304417261640356,0.07282226615371928,xgb_sentiment
2021-10-29,SIE.DE,0.030054167981237553,0.005190629046410322,0.005405730102211237,0.02486353893482723,0.024648437879026316,xgb_sentiment
2021-10-29,STMMI.MI,0.050192357308827346,-0.00018239684868603945,-0.010986663401126862,0.050374754157513385,0.06117902070995421,xgb
2021-10-29,SU.PA,0.015593032474217935,-0.0008954465738497674,-0.0008399880025535822,0.016488479048067703,0.016433020476771518,xgb_sentiment
2021-10-29,TEF.MC,0.05100771351392755,-0.00048246237565763295,-0.0009364202269352973,0.05149017588958518,0.05194413374086285,xgb
2021-10-29,TTE.PA,-0.05132935677852879,-0.0018057277193292975,-0.0020483601838350296,0.04952362905919949,0.04928099659469376,xgb_sentiment
2021-10-29,UBSG.SW,-0.0347652210329872,-0.004574909340590239,-0.0044267927296459675,0.030190311692396964,0.030338428303341235,xgb
2021-10-29,UCG.MI,-0.07769678522403506,0.013822772540152073,0.013656985945999622,0.09151955776418713,0.09135377117003468,xgb_sentiment
2021-10-29,VOW3.DE,-0.16389770463366318,0.03654896840453148,0.03487749770283699,0.20044667303819466,0.19877520233650017,xgb_sentiment
2021-10-29,WKL.AS,0.10126999227456321,0.014012848027050495,0.01493993028998375,0.08725714424751271,0.08633006198457946,xgb_sentiment
2021-11-30,ABBN.SW,0.10251117222948078,-0.0010653643403202295,-0.0006692035240121186,0.10357653656980101,0.1031803757534929,xgb_sentiment
2021-11-30,AD.AS,0.02678804215044603,0.0023460201919078827,0.0020064718555659056,0.024442021958538146,0.024781570294880123,xgb
2021-11-30,AI.PA,0.04636408351857608,-0.0007915627211332321,-0.003125303890556097,0.04715564623970931,0.049489387409132175,xgb
2021-11-30,AIR.PA,0.1272821899714648,0.022814057767391205,0.024192601442337036,0.10446813220407358,0.10308958852912775,xgb_sentiment
2021-11-30,ALV.DE,0.07823437194403743,-0.0008793575689196587,-0.004293208476155996,0.07911372951295709,0.08252758042019342,xgb
2021-11-30,ASML.AS,0.0055593069191149265,0.018005719408392906,0.019214607775211334,0.01244641248927798,0.013655300856096408,xgb
2021-11-30,BAS.DE,0.060177321905632575,0.02091921493411064,0.01460612565279007,0.03925810697152193,0.045571196252842505,xgb
2021-11-30,BMW.DE,0.04846500600911145,-0.08831879496574402,-0.08069828152656555,0.13678380097485549,0.12916328753567702,xgb_sentiment
2021-11-30,BNP.PA,0.09732182207250259,-0.012635234743356705,-0.005352750886231661,0.1099570568158593,0.10267457295873425,xgb_sentiment
2021-11-30,CAC.PA,0.06344234875109438,0.000570613075979054,0.0021328236907720566,0.06287173567511532,0.06130952506032232,xgb_sentiment
2021-11-30,CAP.PA,0.051562735996512975,0.011152990162372589,0.008400305174291134,0.040409745834140386,0.04316243082222184,xgb
2021-11-30,CFR.SW,0.011977747116781566,-0.0004737130948342383,0.006911294534802437,0.012451460211615804,0.005066452581979129,xgb_sentiment
2021-11-30,DTE.DE,0.039620463386324675,-0.01273623388260603,-0.014429200440645218,0.052356697268930705,0.05404966382696989,xgb
2021-11-30,ENEL.MI,0.044185715722864546,0.014182829298079014,0.014795798808336258,0.030002886424785533,0.02938991691452829,xgb_sentiment
2021-11-30,ENI.MI,0.05335254554710688,0.03300302103161812,0.02640676125884056,0.020349524515488764,0.02694578428826632,xgb
2021-11-30,EWI,0.05805375603659458,0.01246335543692112,0.010777316987514496,0.04559040059967346,0.047276439049080084,xgb
2021-11-30,EWL,0.06923604367916046,0.002094461815431714,0.0025926989037543535,0.06714158186372875,0.06664334477540611,xgb_sentiment
2021-11-30,EWN,0.02092610016758567,0.0071531240828335285,0.008446324616670609,0.013772976084752142,0.012479775550915062,xgb_sentiment
2021-11-30,EWP,0.053604407885868136,0.010374764911830425,0.012351019307971,0.04322964297403771,0.041253388577897135,xgb_sentiment
2021-11-30,EXH7.DE,0.04197498738239939,0.001098984619602561,-0.00047174165956676006,0.04087600276279683,0.04244672904196615,xgb
2021-11-30,EXH8.DE,0.023953365594717193,0.012645327486097813,0.01312925573438406,0.01130803810861938,0.010824109860333133,xgb_sentiment
2021-11-30,EXS1.DE,0.046484605570723946,-0.006148515269160271,-0.008643697015941143,0.052633120839884216,0.05512830258666509,xgb
2021-11-30,EXSA.DE,0.05419630055822875,0.0040231808088719845,0.00454687001183629,0.050173119749356766,0.04964943054639246,xgb_sentiment
2021-11-30,EXV1.DE,0.05859903205598904,0.01855197176337242,0.01712610572576523,0.04004706029261662,0.041472926330223814,xgb
2021-11-30,EXV2.DE,0.03884427608359597,0.006052197422832251,0.006935884710401297,0.03279207866076372,0.03190839137319467,xgb_sentiment
2021-11-30,EXV3.DE,0.01969865291521226,0.010860774666070938,0.009954260662198067,0.008837878249141323,0.009744392253014194,xgb
2021-11-30,EXV4.DE,0.05273436369319664,0.00019379568402655423,0.0033262900542467833,0.052540568009170084,0.049408073638949855,xgb_sentiment
2021-11-30,EXV6.DE,0.07795704139208548,0.01336659025400877,0.01220997329801321,0.06459045113807671,0.06574706809407227,xgb
2021-11-30,EXV7.DE,0.054141149367732865,0.003423865884542465,0.0024521576706320047,0.0507172834831904,0.05168899169710086,xgb
2021-11-30,HEIA.AS,0.12310066184154203,-0.0062663862481713295,-0.0158234853297472,0.12936704808971336,0.13892414717128923,xgb
2021-11-30,HOLN.SW,0.053062426744512815,0.006867080461233854,0.009479057043790817,0.04619534628327896,0.043583369700722,xgb_sentiment
2021-11-30,IBE.MC,0.037747985613618695,0.008765483275055885,0.010531863197684288,0.02898250233856281,0.027216122415934407,xgb_sentiment
2021-11-30,INGA.AS,0.004576832390635589,0.026181291788816452,0.028046656399965286,0.021604459398180863,0.023469824009329697,xgb
2021-11-30,ISP.MI,0.07356771619504528,-0.09069397300481796,-0.08903753012418747,0.16426168919986323,0.16260524631923273,xgb_sentiment
2021-11-30,ITX.MC,0.011775530053265227,-0.013397893868386745,-0.010883870534598827,0.02517342392165197,0.022659400587864052,xgb_sentiment
2021-11-30,MBG.DE,-0.011729995994483452,-0.03533673286437988,-0.023936042562127113,0.02360673686989643,0.012206046567643661,xgb_sentiment
2021-11-30,MC.PA,0.05841198286234463,-0.012089552357792854,-0.012661346234381199,0.07050153522013748,0.07107332909672583,xgb
2021-11-30,MUV2.DE,0.08867086098334194,0.014842006377875805,0.011312545277178288,0.07382885460546613,0.07735831570616365,xgb
2021-11-30,NESN.SW,0.08832425897782231,0.005717768799513578,0.0039401850663125515,0.08260649017830873,0.08438407391150976,xgb
2021-11-30,NOVN.SW,0.09400021447878716,0.0018468452617526054,0.002329709008336067,0.09215336921703456,0.0916705054704511,xgb_sentiment
2021-11-30,OR.PA,0.0523179667026556,-0.009507355280220509,-0.007311553228646517,0.06182532198287611,0.05962951993130212,xgb_sentiment
2021-11-30,PHIA.AS,0.044361260397174335,0.09995053708553314,0.09568509459495544,0.05558927668835881,0.05132383419778111,xgb_sentiment
2021-11-30,RO.SW,0.07652495467226111,0.006713410839438438,0.009744408540427685,0.06981154383282268,0.06678054613183343,xgb_sentiment
2021-11-30,SAN.PA,0.057237924275384516,-0.00353043619543314,-0.005806734785437584,0.060768360470817656,0.0630446590608221,xgb
2021-11-30,SAP.DE,0.08774733343025619,-0.03699856624007225,-0.039697643369436264,0.12474589967032844,0.12744497679969247,xgb
2021-11-30,SIE.DE,0.07168848518543795,-0.05101532116532326,-0.03750045970082283,0.12270380635076121,0.10918894488626078,xgb_sentiment
2021-11-30,STMMI.MI,0.01741175557301842,0.017081068828701973,0.005443583242595196,0.00033068674431644546,0.011968172330423223,xgb
2021-11-30,SU.PA,0.10225750083929445,-0.003462401917204261,-0.004147490952163935,0.10571990275649872,0.10640499179145839,xgb
2021-11-30,TEF.MC,0.017132013035000178,0.020079785957932472,0.022616645321249962,0.0029477729229322944,0.005484632286249784,xgb
2021-11-30,TTE.PA,0.09718891802570681,0.01041864138096571,0.008511180989444256,0.0867702766447411,0.08867773703626255,xgb
2021-11-30,UBSG.SW,0.039460613199869085,0.0103115513920784,0.010506502352654934,0.029149061807790685,0.02895411084721415,xgb_sentiment
2021-11-30,UCG.MI,0.23604410767379022,0.045861613005399704,0.043068353086709976,0.19018249466839052,0.19297575458708024,xgb
2021-11-30,VOW3.DE,0.09178357512029447,0.010234832763671875,0.011158938519656658,0.0815487423566226,0.08062463660063782,xgb_sentiment
2021-11-30,WKL.AS,0.045204899366307325,-0.0005233729025349021,0.001990933669731021,0.04572827226884223,0.043213965696576304,xgb_sentiment
2021-12-31,ABBN.SW,-0.0961143320554783,0.0005031378241255879,0.00012618995970115066,0.09661746987960389,0.09624052201517945,xgb_sentiment
2021-12-31,AD.AS,-0.04687578684729075,0.0024935214314609766,0.0025114198215305805,0.049369308278751724,0.04938720666882133,xgb
2021-12-31,AI.PA,-0.012733911518556702,0.0031812607776373625,0.003324969206005335,0.015915172296194064,0.016058880724562036,xgb
2021-12-31,AIR.PA,-0.0021382749888891658,0.006882373709231615,0.009365363977849483,0.00902064869812078,0.01150363896673865,xgb
2021-12-31,ALV.DE,0.09063674449874108,0.002782246330752969,0.0029789076652377844,0.08785449816798811,0.0876578368335033,xgb_sentiment
2021-12-31,ASML.AS,-0.17339049822813288,0.01523535791784525,0.012733998708426952,0.18862585614597813,0.18612449693655983,xgb_sentiment
2021-12-31,BAS.DE,0.08884413678484028,0.021672450006008148,0.021274710074067116,0.06717168677883213,0.06756942671077316,xgb
2021-12-31,BMW.DE,0.049171984965872134,0.006983034312725067,0.007021998055279255,0.04218895065314707,0.04214998691059288,xgb_sentiment
2021-12-31,BNP.PA,0.036038550978570526,-0.01601012796163559,-0.014064351096749306,0.052048678940206115,0.05010290207531983,xgb_sentiment
2021-12-31,CAC.PA,-0.020402934814656527,0.0012800876284018159,0.0005151578807272017,0.021683022443058343,0.02091809269538373,xgb_sentiment
2021-12-31,CAP.PA,-0.08747547544867498,-0.004532692488282919,-0.004088120069354773,0.08294278296039206,0.08338735537932021,xgb
2021-12-31,CFR.SW,-0.029902391859504298,0.02159690298140049,0.023097125813364983,0.05149929484090479,0.052999517672869284,xgb
2021-12-31,DTE.DE,0.02256568144960289,0.0120188994333148,0.010018433444201946,0.01054678201628809,0.012547248005400944,xgb
2021-12-31,ENEL.MI,-0.010433538762670695,0.01549789309501648,0.017336376011371613,0.025931431857687176,0.02776991477404231,xgb
2021-12-31,ENI.MI,0.085291623520102,0.011709172278642654,0.01123412698507309,0.07358245124145935,0.07405749653502891,xgb
2021-12-31,EWI,0.003713126805119663,0.003179662162438035,0.0031779692508280277,0.000533464642681628,0.0005351575542916352,xgb
2021-12-31,EWL,-0.05128944225853938,0.0038167275488376617,0.003984525334089994,0.055106169807377044,0.055273967592629376,xgb
2021-12-31,EWN,-0.06375129013789166,-0.011207489296793938,-0.011170330457389355,0.05254380084109772,0.052580959680502304,xgb
2021-12-31,EWP,0.01954140085598271,-0.00938404630869627,-0.009702528826892376,0.02892544716467898,0.029243929682875085,xgb
2021-12-31,EXH7.DE,-0.04855099950693048,0.0035196454264223576,0.0034305385779589415,0.05207064493335284,0.05198153808488942,xgb_sentiment
2021-12-31,EXH8.DE,-0.04792216414510366,0.0038477759808301926,0.005167038179934025,0.051769940125933854,0.053089202325037686,xgb
2021-12-31,EXS1.DE,-0.026648120511888765,0.0038126157596707344,0.0037158667109906673,0.0304607362715595,0.030363987222879432,xgb_sentiment
2021-12-31,EXSA.DE,-0.04097303720056733,0.002898097736760974,0.0032094158232212067,0.043871134937328304,0.04418245302378854,xgb
2021-12-31,EXV1.DE,0.07049246344656832,-0.0073636253364384174,-0.007929672487080097,0.07785608878300673,0.07842213593364841,xgb
2021-12-31,EXV2.DE,0.0335350173699801,0.0029748138040304184,0.00317073380574584,0.030560203565949684,0.030364283564234262,xgb_sentiment
2021-12-31,EXV3.DE,-0.13121075599670826,0.0017106425948441029,0.0018026367761194706,0.13292139859155236,0.13301339277282773,xgb
2021-12-31,EXV4.DE,-0.07135491814205934,0.0032448472920805216,0.0031524745281785727,0.07459976543413986,0.07450739267023791,xgb_sentiment
2021-12-31,EXV6.DE,0.020294286037328357,0.012316091917455196,0.012722084298729897,0.007978194119873161,0.007572201738598461,xgb_sentiment
2021-12-31,EXV7.DE,-0.0641429664739108,0.004045977722853422,0.0041260202415287495,0.06818894419676422,0.06826898671543954,xgb
2021-12-31,HEIA.AS,-0.039617333346245405,0.01031914446502924,0.01081664115190506,0.049936477811274645,0.050433974498150465,xgb
2021-12-31,HOLN.SW,0.06708371720480268,0.01850668340921402,0.01787436753511429,0.048577033795588656,0.04920934966968839,xgb
2021-12-31,IBE.MC,-0.007592180991698762,-0.008649598807096481,-0.009360162541270256,0.0010574178153977196,0.0017679815495714943,xgb
2021-12-31,INGA.AS,0.06483484909420918,0.00608737301081419,0.005868853535503149,0.05874747608339499,0.05896599555870603,xgb
2021-12-31,ISP.MI,0.1414430609392409,0.005410747602581978,0.0049761696718633175,0.1360323133366589,0.13646689126737757,xgb
2021-12-31,ITX.MC,-0.06479562754370753,0.024383800104260445,0.02402520179748535,0.08917942764796798,0.08882082934119288,xgb_sentiment
2021-12-31,MBG.DE,0.03403476723568024,0.031287793070077896,0.030974015593528748,0.0027469741656023436,0.003060751642151492,xgb
2021-12-31,MC.PA,-0.006070677453911301,0.0013980655930936337,0.002096116077154875,0.007468743047004935,0.008166793531066176,xgb
2021-12-31,MUV2.DE,0.06878803627542929,0.004293309058994055,0.004357552155852318,0.06449472721643523,0.06443048411957697,xgb_sentiment
2021-12-31,NESN.SW,-0.06810980606224583,0.004207982681691647,0.004087441600859165,0.07231778874393748,0.072197247663105,xgb_sentiment
2021-12-31,NOVN.SW,-0.0021299545639864976,0.00250994716770947,0.0024710313882678747,0.004639901731695968,0.004600985952254373,xgb_sentiment
2021-12-31,OR.PA,-0.10111903283829357,0.004710361361503601,0.004495539236813784,0.10582939419979717,0.10561457207510735,xgb_sentiment
2021-12-31,PHIA.AS,-0.10887652922376782,0.0023212411906570196,0.000678763841278851,0.11119777041442484,0.10955529306504667,xgb_sentiment
2021-12-31,RO.SW,-0.07331433372356187,0.005137775093317032,0.005288770888000727,0.0784521088168789,0.0786031046115626,xgb
2021-12-31,SAN.PA,0.04600172852113974,0.003052921500056982,0.0022123544476926327,0.04294880702108276,0.04378937407344711,xgb
2021-12-31,SAP.DE,-0.12340327337456701,0.007006575353443623,0.006990890484303236,0.13040984872801065,0.13039416385887026,xgb_sentiment
2021-12-31,SIE.DE,-0.08755931363322528,-0.0024756649509072304,-0.00287598161958158,0.08508364868231805,0.0846833320136437,xgb_sentiment
2021-12-31,STMMI.MI,-0.05906898208690358,0.011274125427007675,0.012681158259510994,0.07034310751391126,0.07175014034641458,xgb
2021-12-31,SU.PA,-0.14380568808121574,0.005012032575905323,0.004694776609539986,0.14881772065712107,0.14850046469075573,xgb_sentiment
2021-12-31,TEF.MC,0.0693216702730388,0.0034489380195736885,0.003192495321854949,0.06587273225346511,0.06612917495118385,xgb
2021-12-31,TTE.PA,0.1329059236040829,0.005008708219975233,0.004059269558638334,0.12789721538410767,0.12884665404544457,xgb
2021-12-31,UBSG.SW,0.04031889863713741,0.0025054384022951126,0.0020687850192189217,0.0378134602348423,0.03825011361791849,xgb
2021-12-31,UCG.MI,0.032399186815753246,-0.009367498569190502,-0.005140484310686588,0.04176668538494375,0.037539671126439834,xgb_sentiment
2021-12-31,VOW3.DE,0.0323753970054758,0.05592487379908562,0.058227892965078354,0.023549476793609816,0.025852495959602553,xgb
2021-12-31,WKL.AS,-0.13806475349296454,0.00363053847104311,0.0034999330528080463,0.14169529196400765,0.1415646865457726,xgb_sentiment
2022-01-31,ABBN.SW,-0.02685747526273971,0.020656747743487358,0.02313893474638462,0.04751422300622707,0.04999641000912433,xgb
2022-01-31,AD.AS,-0.05964680243198497,0.009167118929326534,0.00705127464607358,0.06881392136131151,0.06669807707805855,xgb_sentiment
2022-01-31,AI.PA,-0.022851272258159604,0.007665400393307209,0.006898632273077965,0.030516672651466813,0.02974990453123757,xgb_sentiment
2022-01-31,AIR.PA,-0.07344967970927889,0.02880719117820263,0.030317777767777443,0.10225687088748152,0.10376745747705633,xgb
2022-01-31,ALV.DE,-0.14980549573873939,0.009099009446799755,0.007998120039701462,0.15890450518553914,0.15780361577844085,xgb_sentiment
2022-01-31,ASML.AS,-0.0290270395112874,0.07027946412563324,0.06953147798776627,0.09930650363692065,0.09855851749905367,xgb_sentiment
2022-01-31,BAS.DE,-0.19568044495838705,0.016164477914571762,0.015240722335875034,0.2118449228729588,0.21092116729426208,xgb_sentiment
2022-01-31,BMW.DE,-0.11938447926862429,-0.001931778620928526,0.002055511809885502,0.11745270064769577,0.12143999107850979,xgb
2022-01-31,BNP.PA,-0.25264194838771653,0.026023484766483307,0.02551855705678463,0.27866543315419984,0.27816050544450116,xgb_sentiment
2022-01-31,CAC.PA,-0.08874150703919231,-0.002291504992172122,-0.0025854508858174086,0.08645000204702019,0.0861560561533749,xgb_sentiment
2022-01-31,CAP.PA,-0.07873531213792008,0.053056828677654266,0.049949705600738525,0.13179214081557433,0.1286850177386586,xgb_sentiment
2022-01-31,CFR.SW,-0.1268504621851387,0.06789945811033249,0.07340844720602036,0.1947499202954712,0.20025890939115906,xgb
2022-01-31,DTE.DE,-0.06838475310538251,0.013056740164756775,0.010516309179365635,0.08144149327013929,0.07890106228474815,xgb_sentiment
2022-01-31,ENEL.MI,-0.09377772697784563,0.008368547074496746,0.007896403782069683,0.10214627405234238,0.10167413075991531,xgb_sentiment
2022-01-31,ENI.MI,0.06853171215669095,0.0163873378187418,0.017220381647348404,0.05214437433794915,0.05131133050934254,xgb_sentiment
2022-01-31,EWI,-0.11643557039319521,0.005947531200945377,0.006149535067379475,0.12238310159414059,0.12258510546057469,xgb
2022-01-31,EWL,-0.04517000958212661,-0.0007879668264649808,-0.0010571209713816643,0.04438204275566163,0.044112888610744944,xgb_sentiment
2022-01-31,EWN,-0.12284507181903961,0.012067542411386967,0.012344099581241608,0.13491261423042658,0.13518917140028122,xgb
2022-01-31,EWP,-0.077168705853001,0.0006764712743461132,0.002711187582463026,0.0778451771273471,0.07987989343546402,xgb
2022-01-31,EXH7.DE,-0.07644170527851668,0.004529918543994427,0.0055588590912520885,0.08097162382251111,0.08200056436976877,xgb
2022-01-31,EXH8.DE,-0.15449844594866496,0.007532336283475161,0.008485378697514534,0.16203078223214012,0.1629838246461795,xgb
2022-01-31,EXS1.DE,-0.1102209174083388,0.008643907494843006,0.007911229506134987,0.1188648249031818,0.11813214691447378,xgb_sentiment
2022-01-31,EXSA.DE,-0.06100189556434743,0.0071616461500525475,0.006953127216547728,0.06816354171439998,0.06795502278089516,xgb_sentiment
2022-01-31,EXV1.DE,-0.15982266414961335,0.001069926074706018,0.003469030139967799,0.16089259022431937,0.16329169428958115,xgb
2022-01-31,EXV2.DE,-0.060796117752207536,-0.0018688763957470655,-0.0027134462725371122,0.05892724135646047,0.058082671479670424,xgb_sentiment
2022-01-31,EXV3.DE,-0.09026518861343129,0.0300965066999197,0.03324585407972336,0.12036169531335099,0.12351104269315465,xgb
2022-01-31,EXV4.DE,0.0051554570140898955,0.007775212172418833,0.008177614770829678,0.0026197551583289373,0.003022157756739782,xgb
2022-01-31,EXV6.DE,0.0887538779069977,0.020106622949242592,0.019345272332429886,0.0686472549577551,0.06940860557456781,xgb
2022-01-31,EXV7.DE,-0.07570845440406616,0.009239603765308857,0.008988812565803528,0.08494805816937502,0.08469726696986969,xgb_sentiment
2022-01-31,HEIA.AS,-0.07312064492489183,0.002356485463678837,-0.004612389951944351,0.07547713038857067,0.06850825497294748,xgb_sentiment
2022-01-31,HOLN.SW,-0.09169105462884104,0.013835763558745384,0.013232639990746975,0.10552681818758643,0.10492369461958802,xgb_sentiment
2022-01-31,IBE.MC,-0.06170792969721682,0.00422817375510931,0.004209785256534815,0.06593610345232613,0.06591771495375164,xgb_sentiment
2022-01-31,INGA.AS,-0.33166079179500585,0.014359801076352596,0.013159498572349548,0.34602059287135845,0.3448202903673554,xgb_sentiment
2022-01-31,ISP.MI,-0.21321950307625687,0.011038669385015965,0.011768298223614693,0.22425817246127283,0.22498780129987156,xgb
2022-01-31,ITX.MC,-0.1598384416778561,0.015456718392670155,0.015464701689779758,0.17529516007052626,0.17530314336763586,xgb
2022-01-31,MBG.DE,-0.05119543764826051,0.0216362401843071,0.027301806956529617,0.07283167783256761,0.07849724460479013,xgb
2022-01-31,MC.PA,-0.14382503574834646,0.03488194942474365,0.0188880804926157,0.1787069851730901,0.16271311624096216,xgb_sentiment
2022-01-31,MUV2.DE,-0.17137981249737932,0.005493339616805315,0.004592995159327984,0.17687315211418464,0.1759728076567073,xgb_sentiment
2022-01-31,NESN.SW,0.020457713053770723,0.01056591421365738,0.010822377167642117,0.009891798840113344,0.009635335886128606,xgb_sentiment
2022-01-31,NOVN.SW,0.014701851691193967,0.00582912378013134,0.004923997446894646,0.008872727911062627,0.009777854244299321,xgb
2022-01-31,OR.PA,-0.08902768663051387,0.008037648163735867,0.01453133299946785,0.09706533479424974,0.10355901962998172,xgb
2022-01-31,PHIA.AS,0.00017018349791743278,0.021961605176329613,0.02546333335340023,0.02179142167841218,0.025293149855482797,xgb
2022-01-31,RO.SW,0.01696510276567746,-0.0022778636775910854,-0.002387873362749815,0.019242966443268547,0.019352976128427277,xgb
2022-01-31,SAN.PA,-0.008445278314283412,0.010082514956593513,0.010527146980166435,0.018527793270876926,0.018972425294449848,xgb
2022-01-31,SAP.DE,-0.11020320935057042,0.0013115801848471165,-0.0027884095907211304,0.11151478953541753,0.10741479975984929,xgb_sentiment
2022-01-31,SIE.DE,-0.1214306654257049,0.0234055332839489,0.02875058352947235,0.1448361987096538,0.15018124895517726,xgb
2022-01-31,STMMI.MI,-0.11171054185961211,0.04497254267334938,0.044844336807727814,0.15668308453296148,0.15655487866733991,xgb_sentiment
2022-01-31,SU.PA,-0.11631122997573975,0.05395326390862465,0.04922576993703842,0.1702644938843644,0.16553699991277818,xgb_sentiment
2022-01-31,TEF.MC,0.02841649500034262,0.0029875123873353004,0.0031907453667372465,0.02542898261300732,0.025225749633605375,xgb_sentiment
2022-01-31,TTE.PA,-0.12430073998736134,0.01697675883769989,0.010214129462838173,0.14127749882506124,0.13451486945019953,xgb_sentiment
2022-01-31,UBSG.SW,-0.056451308808134225,0.012762300670146942,0.012618139386177063,0.06921360947828117,0.0690694481943113,xgb_sentiment
2022-01-31,UCG.MI,-0.2778662517372331,0.03451086953282356,0.03143831714987755,0.3123771212700567,0.30930456888711066,xgb_sentiment
2022-01-31,VOW3.DE,-0.10844434547892999,0.016765886917710304,0.018981782719492912,0.1252102323966403,0.12742612819842292,xgb
2022-01-31,WKL.AS,0.027327253308706244,0.012614213861525059,0.013575867749750614,0.014713039447181185,0.01375138555895563,xgb_sentiment
2022-02-28,ABBN.SW,0.04802859299080257,0.01865745149552822,0.020651426166296005,0.029371141495274346,0.02737716682450656,xgb_sentiment
2022-02-28,AD.AS,0.04882485818580649,0.010186639614403248,0.016376610845327377,0.03863821857140324,0.03244824734047911,xgb_sentiment
2022-02-28,AI.PA,0.0668476295133598,0.007287448737770319,0.006998000200837851,0.059560180775589486,0.059849629312521954,xgb
2022-02-28,AIR.PA,-0.011730848125747945,0.021826446056365967,0.023732444271445274,0.03355729418211391,0.035463292397193216,xgb
2022-02-28,ALV.DE,0.07233213556818882,-0.01052351575344801,-0.007241477724164724,0.08285565132163683,0.07957361329235355,xgb_sentiment
2022-02-28,ASML.AS,0.055375925132434854,0.026810530573129654,0.032473254948854446,0.0285653945593052,0.022902670183580408,xgb_sentiment
2022-02-28,BAS.DE,-0.07370560817503316,-0.08023581653833389,-0.06935147196054459,0.006530208363300732,0.004354136214488574,xgb_sentiment
2022-02-28,BMW.DE,-0.04646507274703842,0.013292800635099411,0.009065063670277596,0.05975787338213783,0.055530136417316016,xgb_sentiment
2022-02-28,BNP.PA,0.034256926889858076,6.297646905295551e-05,0.022195834666490555,0.03419395042080512,0.012061092223367521,xgb_sentiment
2022-02-28,CAC.PA,0.02023327405486629,0.006790840066969395,0.008987407200038433,0.013442433987896896,0.011245866854827858,xgb_sentiment
2022-02-28,CAP.PA,0.06675990096200535,0.006957188714295626,0.007373063825070858,0.05980271224770972,0.05938683713693449,xgb_sentiment
2022-02-28,CFR.SW,0.0003546988395584806,0.0411246083676815,0.04782761633396149,0.040769909528123024,0.04747291749440301,xgb
2022-02-28,DTE.DE,0.07705324875549181,0.0214830432087183,0.022555861622095108,0.05557020554677351,0.054497387133396705,xgb_sentiment
2022-02-28,ENEL.MI,-0.08240683896380012,0.022566242143511772,0.022938912734389305,0.10497308110731189,0.10534575169818942,xgb
2022-02-28,ENI.MI,-0.05467768308591684,0.001974677201360464,0.0008255556458607316,0.056652360287277305,0.05550323873177757,xgb_sentiment
2022-02-28,EWI,0.01058440940002726,0.03466081991791725,0.032939668744802475,0.02407641051788999,0.022355259344775214,xgb_sentiment
2022-02-28,EWL,0.054146713454820854,0.009424831718206406,0.008537578396499157,0.04472188173661445,0.0456091350583217,xgb
2022-02-28,EWN,0.047918669663843415,0.02914072573184967,0.03088146448135376,0.018777943931993744,0.017037205182489655,xgb_sentiment
2022-02-28,EWP,0.038158714008337875,0.015542482025921345,0.016180330887436867,0.02261623198241653,0.02197838312090101,xgb_sentiment
2022-02-28,EXH7.DE,-0.016787872225702813,0.006790353450924158,0.007035520859062672,0.02357822567662697,0.023823393084765485,xgb
2022-02-28,EXH8.DE,-0.08895708776234325,0.027599234133958817,0.02913064882159233,0.11655632189630206,0.11808773658393558,xgb
2022-02-28,EXS1.DE,0.022904197520275737,0.016526971012353897,0.015931271016597748,0.00637722650792184,0.006972926503677989,xgb
2022-02-28,EXSA.DE,0.024341507626736987,0.005205601919442415,0.005781276151537895,0.019135905707294572,0.018560231475199092,xgb_sentiment
2022-02-28,EXV1.DE,0.01807497203782922,0.01278679072856903,0.015488987788558006,0.00528818130926019,0.0025859842492712143,xgb_sentiment
2022-02-28,EXV2.DE,0.028011898687448803,0.008990246802568436,0.009769654832780361,0.019021651884880367,0.018242243854668442,xgb_sentiment
2022-02-28,EXV3.DE,0.03681980107679958,0.017040308564901352,0.020761597901582718,0.019779492511898228,0.016058203175216862,xgb_sentiment
2022-02-28,EXV4.DE,0.059946615493060726,0.004666940774768591,0.004149363376200199,0.055279674718292135,0.05579725211686053,xgb
2022-02-28,EXV6.DE,0.062157091607941584,0.009062869474291801,0.009655097499489784,0.05309422213364978,0.0525019941084518,xgb_sentiment
2022-02-28,EXV7.DE,0.03896482263403892,0.011204143054783344,0.011872120201587677,0.027760679579255577,0.027092702432451245,xgb_sentiment
2022-02-28,HEIA.AS,-0.014038980877541254,0.026350464671850204,0.026295345276594162,0.04038944554939146,0.040334326154135416,xgb_sentiment
2022-02-28,HOLN.SW,0.019735689661836135,-0.00189484644215554,-0.0009763076668605208,0.021630536103991675,0.020711997328696656,xgb_sentiment
2022-02-28,IBE.MC,-0.01964148398472117,0.021549485623836517,0.021465012803673744,0.041190969608557684,0.04110649678839491,xgb_sentiment
2022-02-28,INGA.AS,-0.0430155842772613,0.02115955948829651,0.013640892691910267,0.0641751437655578,0.05665647696917157,xgb_sentiment
2022-02-28,ISP.MI,-0.059507894612326376,-0.10622819513082504,-0.11119838804006577,0.04672030051849867,0.05169049342773939,xgb
2022-02-28,ITX.MC,-0.10347913132214057,0.030906537547707558,0.02608424425125122,0.13438566886984812,0.1295633755733918,xgb_sentiment
2022-02-28,MBG.DE,-0.048469505125718015,0.0074583846144378185,-0.00454510236158967,0.055927889740155834,0.043924402764128345,xgb_sentiment
2022-02-28,MC.PA,0.01787220384584186,0.018883375450968742,0.01703079231083393,0.0010111716051268808,0.0008414115350079306,xgb_sentiment
2022-02-28,MUV2.DE,-0.0018223067028875536,0.020946567878127098,0.019301539286971092,0.02276887458101465,0.021123845989858645,xgb_sentiment
2022-02-28,NESN.SW,0.01873162204550381,-0.009648136794567108,-0.008857009001076221,0.028379758840070917,0.02758863104658003,xgb_sentiment
2022-02-28,NOVN.SW,0.06815394130295756,0.0019793356768786907,0.0022609869483858347,0.06617460562607887,0.06589295435457172,xgb_sentiment
2022-02-28,OR.PA,0.039356102527072646,0.009464742615818977,0.010549662634730339,0.02989135991125367,0.028806439892342307,xgb_sentiment
2022-02-28,PHIA.AS,-0.06836918926993399,-0.0007583288825117052,0.0012719555525109172,0.06761086038742228,0.0696411448224449,xgb
2022-02-28,RO.SW,0.10577422356572305,0.003977961838245392,0.005430101417005062,0.10179626172747766,0.10034412214871799,xgb_sentiment
2022-02-28,SAN.PA,-0.015851858904686773,0.006632175296545029,0.008358687162399292,0.022484034201231802,0.024210546067086065,xgb
2022-02-28,SAP.DE,0.020514658063148426,0.018542837351560593,0.020205963402986526,0.001971820711587833,0.0003086946601618991,xgb_sentiment
2022-02-28,SIE.DE,0.059760417328561174,0.04508442431688309,0.03959008678793907,0.014675993011678087,0.020170330540622103,xgb
2022-02-28,STMMI.MI,0.08878087289376989,0.028983011841773987,0.028215019032359123,0.0597978610519959,0.060565853861410765,xgb
2022-02-28,SU.PA,0.10180580674085142,0.008930012583732605,-0.013027538545429707,0.09287579415711882,0.11483334528628113,xgb
2022-02-28,TEF.MC,0.018536240615536752,-0.004943571984767914,-0.006260132882744074,0.023479812600304666,0.024796373498280826,xgb
2022-02-28,TTE.PA,0.01933734428258992,0.02855871059000492,0.039773017168045044,0.009221366307415001,0.020435672885455124,xgb
2022-02-28,UBSG.SW,0.09033852687969321,0.014584328047931194,0.006144162733107805,0.07575419883176202,0.0841943641465854,xgb
2022-02-28,UCG.MI,-0.10138774010176985,0.08854109793901443,0.026640526950359344,0.18992883804078428,0.1280282670521292,xgb_sentiment
2022-02-28,VOW3.DE,-0.11008970749340681,0.06331159174442291,0.06506840884685516,0.1734012992378297,0.17515811634026196,xgb
2022-02-28,WKL.AS,0.0616992136413747,-0.0009621469653211534,0.0018224164377897978,0.06266136060669586,0.0598767972035849,xgb_sentiment
2022-03-31,ABBN.SW,-0.04432874439938212,0.015173583291471004,0.01809980906546116,0.059502327690853125,0.06242855346484328,xgb
2022-03-31,AD.AS,-0.015769454893101623,0.00624650064855814,0.005414098035544157,0.022015955541659762,0.02118355292864578,xgb_sentiment
2022-03-31,AI.PA,0.02547179297273202,0.007896686904132366,0.010808593593537807,0.017575106068599654,0.014663199379194213,xgb_sentiment
2022-03-31,AIR.PA,-0.04531348504203173,0.03248217701911926,0.03785332664847374,0.07779566206115099,0.08316681169050547,xgb
2022-03-31,ALV.DE,-0.007183417194159095,0.009258334524929523,0.009872586466372013,0.01644175171908862,0.01705600366053111,xgb
2022-03-31,ASML.AS,-0.12969796853938997,0.03498412296175957,0.03856742009520531,0.16468209150114954,0.16826538863459528,xgb
2022-03-31,BAS.DE,-0.01742798074269241,0.07196953147649765,0.07303738594055176,0.08939751221919007,0.09046536668324417,xgb
2022-03-31,BMW.DE,-0.012289006409511673,0.04197411611676216,0.044740233570337296,0.054263122526273834,0.05702923997984897,xgb
2022-03-31,BNP.PA,-0.0620639415925,0.04595450684428215,0.04636181890964508,0.10801844843678216,0.10842576050214509,xgb
2022-03-31,CAC.PA,-0.028911371141196678,0.01029740460216999,0.011579563841223717,0.03920877574336667,0.040490934982420394,xgb
2022-03-31,CAP.PA,-0.05663554837979106,0.022717390209436417,0.022731559351086617,0.07935293858922748,0.07936710773087768,xgb
2022-03-31,CFR.SW,-0.048750726798715734,0.03632722422480583,0.036984920501708984,0.08507795102352156,0.08573564730042471,xgb
2022-03-31,DTE.DE,0.05804163624819315,0.00921206921339035,0.010117182508111,0.0488295670348028,0.04792445374008215,xgb_sentiment
2022-03-31,ENEL.MI,0.017155879790547696,0.007972638122737408,0.007920905947685242,0.009183241667810288,0.009234973842862454,xgb
2022-03-31,ENI.MI,-0.007095851457618853,0.010180868208408356,0.01185213215649128,0.01727671966602721,0.018947983614110132,xgb
2022-03-31,EWI,-0.016063451968744973,0.025392796844244003,0.027103671804070473,0.041456248812988976,0.043167123772815445,xgb
2022-03-31,EWL,-0.005123288503515886,0.0025093702133744955,0.0030903948936611414,0.007632658716890382,0.008213683397177027,xgb
2022-03-31,EWN,-0.04155735905970249,0.05836545675992966,0.05976351350545883,0.09992281581963214,0.10132087256516131,xgb
2022-03-31,EWP,0.01804508489030625,0.011456918902695179,0.012844773940742016,0.006588165987611069,0.0052003109495642325,xgb_sentiment
2022-03-31,EXH7.DE,-0.022489933232759395,0.018993588164448738,0.02153845690190792,0.04148352139720814,0.04402839013466732,xgb
2022-03-31,EXH8.DE,-0.036823911229436575,0.020452383905649185,0.024140335619449615,0.05727629513508576,0.06096424684888619,xgb
2022-03-31,EXS1.DE,-0.03634945564568171,0.019641892984509468,0.02324969694018364,0.05599134863019118,0.05959915258586535,xgb
2022-03-31,EXSA.DE,-0.02576279816695167,0.0011664929334074259,0.0012727128341794014,0.026929291100359097,0.027035511001131073,xgb
2022-03-31,EXV1.DE,-0.04325537954262333,0.03088984824717045,0.03193355351686478,0.07414522778979378,0.07518893305948811,xgb
2022-03-31,EXV2.DE,0.01175841700430256,-0.002109295455738902,-0.0026712093967944384,0.013867712460041462,0.014429626401096999,xgb
2022-03-31,EXV3.DE,-0.09130206712982923,0.02307293191552162,0.02286420576274395,0.11437499904535085,0.11416627289257318,xgb_sentiment
2022-03-31,EXV4.DE,0.0011440214657144911,0.002322113374248147,0.002928680507466197,0.001178091908533656,0.001784659041751706,xgb
2022-03-31,EXV6.DE,-0.047427749280472116,0.001974486978724599,0.0027164912316948175,0.049402236259196715,0.050144240512166934,xgb
2022-03-31,EXV7.DE,0.011382142801773548,0.010298180393874645,0.014008210971951485,0.001083962407898903,0.0026260681701779365,xgb
2022-03-31,HEIA.AS,0.06694503800626955,0.01697886362671852,0.020451247692108154,0.04996617437955103,0.0464937903141614,xgb_sentiment
2022-03-31,HOLN.SW,0.05383800804511554,0.011917107738554478,0.014610150828957558,0.041920900306561065,0.039227857216157985,xgb_sentiment
2022-03-31,IBE.MC,0.09604305714435928,0.006979865487664938,0.009663774631917477,0.08906319165669434,0.0863792825124418,xgb_sentiment
2022-03-31,INGA.AS,-0.005495877431200458,0.044473644345998764,0.04367361217737198,0.049969521777199224,0.04916948960857244,xgb_sentiment
2022-03-31,ISP.MI,-0.08047465730188773,0.04061479866504669,0.041230209171772,0.12108945596693442,0.12170486647365973,xgb
2022-03-31,ITX.MC,0.041197852835297255,0.05022922530770302,0.053617071360349655,0.009031372472405763,0.0124192185250524,xgb
2022-03-31,MBG.DE,0.05220456295727847,0.02667468972504139,0.02905750274658203,0.02552987323223708,0.023147060210696437,xgb_sentiment
2022-03-31,MC.PA,-0.056743092464766456,0.03285127505660057,0.03541383892297745,0.08959436752136703,0.0921569313877439,xgb
2022-03-31,MUV2.DE,-0.03563070186398912,0.028579743579030037,0.03123658522963524,0.06421044544301915,0.06686728709362436,xgb
2022-03-31,NESN.SW,0.0721645900172686,0.0032671859953552485,0.0038497827481478453,0.06889740402191336,0.06831480726912076,xgb_sentiment
2022-03-31,NOVN.SW,0.056503085928046405,-0.002954634604975581,-0.002962342696264386,0.059457720533021986,0.05946542862431079,xgb
2022-03-31,OR.PA,-0.05320762617728882,0.021623603999614716,0.02484222501516342,0.07483123017690355,0.07804985119245225,xgb
2022-03-31,PHIA.AS,-0.10664354506654579,-0.004771834705024958,-0.0011191142257303,0.10187171036152083,0.10552443084081549,xgb
2022-03-31,RO.SW,-0.03951583796091899,0.000215800479054451,-0.00012698263162747025,0.03973163843997344,0.03938885532929152,xgb_sentiment
2022-03-31,SAN.PA,0.0880016280277893,-0.008426197804510593,-0.008356229402124882,0.09642782583229989,0.09635785742991418,xgb_sentiment
2022-03-31,SAP.DE,-0.04666122713809067,0.012715325690805912,0.008192380890250206,0.05937655282889658,0.054853608028340876,xgb_sentiment
2022-03-31,SIE.DE,-0.08760493231486842,0.059344951063394547,0.06480636447668076,0.14694988337826298,0.1524112967915492,xgb
2022-03-31,STMMI.MI,-0.12759857924995513,0.0321015939116478,0.03307650610804558,0.15970017316160293,0.1606750853580007,xgb
2022-03-31,SU.PA,-0.13503468428461302,0.01735278218984604,0.021770630031824112,0.15238746647445905,0.15680531431643713,xgb
2022-03-31,TEF.MC,0.04641634534586493,-0.00891031138598919,-0.012345957569777966,0.05532665673185412,0.0587623029156429,xgb
2022-03-31,TTE.PA,0.02042856067743342,0.006249565165489912,-0.003012457862496376,0.014178995511943508,0.023441018539929796,xgb
2022-03-31,UBSG.SW,-0.07024605001133745,0.008782891556620598,0.008800347335636616,0.07902894156795805,0.07904639734697406,xgb
2022-03-31,UCG.MI,-0.07162187705526325,0.022697705775499344,0.027664685621857643,0.0943195828307626,0.0992865626771209,xgb
2022-03-31,VOW3.DE,-0.0643177596790753,0.03339751809835434,0.03117355890572071,0.09771527777742964,0.09549131858479601,xgb_sentiment
2022-03-31,WKL.AS,-0.03112217946779032,0.01693224348127842,0.017931966111063957,0.04805442294906874,0.04905414557885428,xgb
2022-04-29,ABBN.SW,0.00923025166962968,0.02787473052740097,0.02184968814253807,0.01864447885777129,0.01261943647290839,xgb_sentiment
2022-04-29,AD.AS,-0.08795053405257093,0.007888521999120712,0.008124932646751404,0.09583905605169164,0.09607546669932233,xgb
2022-04-29,AI.PA,0.016323652253093294,-0.00037108262768015265,0.000778903195168823,0.016694734880773447,0.01554474905792447,xgb_sentiment
2022-04-29,AIR.PA,0.0642186813753071,0.02460598759353161,0.023699674755334854,0.039612693781775496,0.04051900661997225,xgb
2022-04-29,ALV.DE,-0.02799117563996756,0.0028212652541697025,0.0027752916794270277,0.030812440894137264,0.03076646731939459,xgb_sentiment
2022-04-29,ASML.AS,0.021602146387958095,0.07462969422340393,0.07316193729639053,0.05302754783544583,0.051559790908432435,xgb_sentiment
2022-04-29,BAS.DE,0.0900557456842982,0.02870551310479641,0.026536457240581512,0.061350232579501784,0.06351928844371668,xgb
2022-04-29,BMW.DE,0.11024883940107057,0.02363436482846737,0.021601460874080658,0.0866144745726032,0.08864737852698991,xgb
2022-04-29,BNP.PA,0.15919512231792105,0.04308012127876282,0.039887987077236176,0.11611500103915823,0.11930713524068487,xgb
2022-04-29,CAC.PA,0.017144222603680433,0.007027804385870695,0.00652665039524436,0.010116418217809738,0.010617572208436073,xgb
2022-04-29,CAP.PA,-0.050729874395239065,0.03102934919297695,0.03195168823003769,0.08175922358821602,0.08268156262527676,xgb
2022-04-29,CFR.SW,-0.08423271403456295,0.04239174351096153,0.044636212289333344,0.12662445754552448,0.1288689263238963,xgb
2022-04-29,DTE.DE,0.08255272752298239,0.001961278263479471,0.0017719323514029384,0.08059144925950291,0.08078079517157945,xgb
2022-04-29,ENEL.MI,-0.009046643479619318,0.016849946230649948,0.013972470536828041,0.025896589710269265,0.023019114016447358,xgb_sentiment
2022-04-29,ENI.MI,0.09018079633189384,0.014768511988222599,0.01355473417788744,0.07541228434367124,0.0766260621540064,xgb
2022-04-29,EWI,0.033080045580419194,0.00969849992543459,0.01017890963703394,0.023381545654984605,0.022901135943385255,xgb_sentiment
2022-04-29,EWL,-0.03521414558804552,-0.0008944260771386325,0.00021316450147423893,0.034319719510906885,0.035427310089519756,xgb
2022-04-29,EWN,7.878174045537024e-05,0.003595091635361314,0.0033162536565214396,0.0035163098949059436,0.0032374719160660694,xgb_sentiment
2022-04-29,EWP,0.05520659344547084,0.0018348302692174911,0.0014412447344511747,0.05337176317625335,0.053765348711019664,xgb
2022-04-29,EXH7.DE,-0.025141311356981447,0.026173746213316917,0.02212691865861416,0.05131505757029836,0.0472682300155956,xgb_sentiment
2022-04-29,EXH8.DE,0.05017789870153967,0.026415091007947922,0.02417534403502941,0.02376280769359175,0.02600255466651026,xgb
2022-04-29,EXS1.DE,0.029217237599324392,0.017519652843475342,0.015048892237246037,0.01169758475584905,0.014168345362078356,xgb
2022-04-29,EXSA.DE,-0.0003344292437196339,0.0057551320642232895,0.004079247359186411,0.006089561307942923,0.004413676602906045,xgb_sentiment
2022-04-29,EXV1.DE,0.06829376175500512,0.013398905284702778,0.013507362455129623,0.054894856470302344,0.0547863992998755,xgb_sentiment
2022-04-29,EXV2.DE,0.02288017228129584,-0.0014576605753973126,-0.0007346731144934893,0.024337832856693154,0.02361484539578933,xgb_sentiment
2022-04-29,EXV3.DE,-0.002007597057326154,0.03314702585339546,0.029794011265039444,0.03515462291072162,0.0318016083223656,xgb_sentiment
2022-04-29,EXV4.DE,-0.027891490347385566,-0.0016799562145024538,0.00033600794267840683,0.026211534132883112,0.028227498290063973,xgb
2022-04-29,EXV6.DE,0.009822300770360632,0.02585158497095108,0.029088309034705162,0.01602928420059045,0.01926600826434453,xgb
2022-04-29,EXV7.DE,0.005709829768753497,0.020837165415287018,0.020990023389458656,0.01512733564653352,0.015280193620705158,xgb
2022-04-29,HEIA.AS,-0.0006426827604596129,0.016773244366049767,0.017841124907135963,0.01741592712650938,0.018483807667595577,xgb
2022-04-29,HOLN.SW,0.04172477942729627,-0.0096513070166111,-0.007893756031990051,0.05137608644390737,0.04961853545928632,xgb_sentiment
2022-04-29,IBE.MC,0.009041413687334179,0.017047425732016563,0.01811176724731922,0.008006012044682384,0.009070353559985042,xgb
2022-04-29,INGA.AS,0.16707088914175758,0.03233056142926216,0.02890588529407978,0.13474032771249542,0.1381650038476778,xgb
2022-04-29,ISP.MI,0.09277672541837823,0.025520043447613716,0.0235582385212183,0.06725668197076451,0.06921848689715993,xgb
2022-04-29,ITX.MC,0.11235091797399745,0.05169692635536194,0.05241958051919937,0.06065399161863551,0.059931337454798075,xgb_sentiment
2022-04-29,MBG.DE,0.06499132517859166,-0.005648895166814327,-0.002011659787967801,0.07064022034540599,0.06700298496655946,xgb_sentiment
2022-04-29,MC.PA,-0.017751691566045176,0.03301309049129486,0.03076394647359848,0.05076478205734004,0.048515638039643656,xgb_sentiment
2022-04-29,MUV2.DE,0.014413840022369612,0.01861310563981533,0.019221056252717972,0.0041992656174457185,0.00480721623034836,xgb
2022-04-29,NESN.SW,-0.0813058284007843,0.001137377810664475,0.0014036466600373387,0.08244320621144878,0.08270947506082164,xgb
2022-04-29,NOVN.SW,0.002692563297959687,0.0009347897721454501,0.0005242977640591562,0.001757773525814237,0.002168265533900531,xgb
2022-04-29,OR.PA,-0.05055428275506017,0.03169098123908043,0.028099577873945236,0.0822452639941406,0.07865386062900541,xgb_sentiment
2022-04-29,PHIA.AS,0.009634964652694129,0.09081469476222992,0.08051314949989319,0.08117973010953579,0.07087818484719906,xgb_sentiment
2022-04-29,RO.SW,-0.04526241971218566,0.020051036030054092,0.01969987154006958,0.06531345574223976,0.06496229125225525,xgb_sentiment
2022-04-29,SAN.PA,0.03195664838398213,0.007146161049604416,0.00535745220258832,0.024810487334377712,0.026599196181393808,xgb
2022-04-29,SAP.DE,0.0018126429733713906,0.0263206847012043,0.024488002061843872,0.02450804172783291,0.022675359088472482,xgb_sentiment
2022-04-29,SIE.DE,0.05805425956299848,0.045558810234069824,0.03986212611198425,0.012495449328928654,0.018192133451014225,xgb
2022-04-29,STMMI.MI,0.05599304252960959,0.04083244875073433,0.036923836916685104,0.015160593778875263,0.019069205612924488,xgb
2022-04-29,SU.PA,-0.022476321030483512,0.05344712361693382,0.04973578080534935,0.07592344464741733,0.07221210183583286,xgb_sentiment
2022-04-29,TEF.MC,0.0667890136785253,0.008498577401041985,0.0059427302330732346,0.058290436277483315,0.060846283445452065,xgb
2022-04-29,TTE.PA,0.1556772370157758,0.008572535589337349,0.007253138814121485,0.14710470142643844,0.1484240982016543,xgb
2022-04-29,UBSG.SW,0.08319206507212377,-0.0015473718522116542,-0.0013894466683268547,0.08473943692433543,0.08458151174045063,xgb_sentiment
2022-04-29,UCG.MI,0.20361671934163275,0.048921916633844376,0.04632103070616722,0.15469480270778838,0.15729568863546553,xgb
2022-04-29,VOW3.DE,0.08615501078456601,0.03338725492358208,0.028892047703266144,0.052767755860983936,0.05726296308129987,xgb
2022-04-29,WKL.AS,-0.0392786804473576,7.906870450824499e-05,0.00034910099930129945,0.039357749151865844,0.0396277814466589,xgb
2022-05-31,ABBN.SW,-0.1091740812014876,0.0155453160405159,0.013808706775307655,0.1247193972420035,0.12298278797679525,xgb_sentiment
2022-05-31,AD.AS,-0.02921053495585557,0.011888843961060047,0.010276135057210922,0.04109937891691562,0.039486670013066494,xgb_sentiment
2022-05-31,AI.PA,-0.1157172406438617,-0.008129226975142956,-0.00836306344717741,0.10758801366871874,0.10735417719668429,xgb_sentiment
2022-05-31,AIR.PA,-0.1652589396855103,0.03423774987459183,0.0346442312002182,0.19949668956010214,0.1999031708857285,xgb
2022-05-31,ALV.DE,-0.059689350962493955,0.013170772232115269,0.010118801146745682,0.07286012319460922,0.06980815210923963,xgb_sentiment
2022-05-31,ASML.AS,-0.14166697469197068,0.037377748638391495,0.03829668089747429,0.17904472333036217,0.17996365558944497,xgb
2022-05-31,BAS.DE,-0.2098764111824254,0.012141966260969639,0.01240081898868084,0.22201837744339503,0.22227723017110623,xgb
2022-05-31,BMW.DE,-0.07880314671059274,0.012704716064035892,0.014690597541630268,0.09150786277462863,0.09349374425222301,xgb
2022-05-31,BNP.PA,-0.12051697624186887,0.0016528409905731678,-0.01293021161109209,0.12216981723244204,0.10758676463077678,xgb_sentiment
2022-05-31,CAC.PA,-0.06827884188094517,0.0021440228447318077,0.0024462565779685974,0.07042286472567698,0.07072509845891377,xgb
2022-05-31,CAP.PA,-0.052446317918463305,0.008217490278184414,0.00872613675892353,0.06066380819664772,0.061172454677386835,xgb
2022-05-31,CFR.SW,-0.008911800349683549,0.07530004531145096,0.07567204535007477,0.0842118456611345,0.08458384569975831,xgb
2022-05-31,DTE.DE,-0.004717162701313535,-0.006205064244568348,-0.004878225736320019,0.0014879015432548133,0.00016106303500648417,xgb_sentiment
2022-05-31,ENEL.MI,-0.11229686306395441,0.007538282312452793,0.007356549613177776,0.1198351453764072,0.11965341267713218,xgb_sentiment
2022-05-31,ENI.MI,-0.20192369135222243,-0.005161758046597242,-0.002963446546345949,0.1967619333056252,0.19896024480587648,xgb
2022-05-31,EWI,-0.11324681643399358,0.02878393419086933,0.02569100446999073,0.14203075062486292,0.13893782090398432,xgb_sentiment
2022-05-31,EWL,-0.05082057301728811,0.0125714847818017,0.013395934365689754,0.06339205779908981,0.06421650738297786,xgb
2022-05-31,EWN,-0.08003653251750936,0.052887748926877975,0.047375019639730453,0.13292428144438734,0.12741155215723982,xgb_sentiment
2022-05-31,EWP,-0.07874621304762403,0.01029303390532732,0.010730087757110596,0.08903924695295135,0.08947630080473462,xgb
2022-05-31,EXH7.DE,-0.019544568034632413,0.012732884846627712,0.012753784656524658,0.032277452881260126,0.03229835269115707,xgb
2022-05-31,EXH8.DE,-0.10363199532148795,0.024207159876823425,0.03135156258940697,0.12783915519831138,0.13498355791089492,xgb
2022-05-31,EXS1.DE,-0.09928642132894727,0.009041019715368748,0.010217415168881416,0.10832744104431602,0.10950383649782869,xgb
2022-05-31,EXSA.DE,-0.06863166536801953,0.0015092625981196761,0.0014048711163923144,0.0701409279661392,0.07003653648441184,xgb_sentiment
2022-05-31,EXV1.DE,-0.07364134971047265,-0.013454316183924675,-0.02372932992875576,0.06018703352654797,0.04991201978171689,xgb_sentiment
2022-05-31,EXV2.DE,-0.025851809107242316,-0.0033424152061343193,-0.0029811335261911154,0.022509393901107996,0.0228706755810512,xgb
2022-05-31,EXV3.DE,-0.08417961087988014,0.00032983662094920874,0.00520943570882082,0.08450944750082935,0.08938904658870096,xgb
2022-05-31,EXV4.DE,-0.018313658412386944,0.00098189408890903,0.0009646045509725809,0.019295552501295974,0.019278262963359525,xgb_sentiment
2022-05-31,EXV6.DE,-0.1729299183151796,0.0004555665946099907,0.0018032678635790944,0.17338548490978958,0.1747331861787587,xgb
2022-05-31,EXV7.DE,-0.1163255002489729,0.0015748528530821204,0.0016223985003307462,0.11790035310205502,0.11794789874930364,xgb
2022-05-31,HEIA.AS,-0.04848130970288146,0.012388350442051888,0.01349737960845232,0.06086966014493335,0.06197868931133378,xgb
2022-05-31,HOLN.SW,-0.10668948807172045,0.004949304740875959,0.005160409025847912,0.11163879281259641,0.11184989709756836,xgb
2022-05-31,IBE.MC,-0.09054933630227299,-0.010341054759919643,-0.010848021134734154,0.08020828154235335,0.07970131516753884,xgb_sentiment
2022-05-31,INGA.AS,-0.08050209948199168,0.006372370291501284,0.012721913866698742,0.08687446977349296,0.09322401334869042,xgb
2022-05-31,ISP.MI,-0.0791401022660128,0.0013594680931419134,-0.0008315285085700452,0.08049957035915471,0.07830857375744275,xgb_sentiment
2022-05-31,ITX.MC,-0.02167114389013084,-0.01065535843372345,-0.01347426325082779,0.011015785456407391,0.008196880639303052,xgb_sentiment
2022-05-31,MBG.DE,-0.13915793911765048,0.004615975543856621,0.004504452925175428,0.1437739146615071,0.1436623920428259,xgb_sentiment
2022-05-31,MC.PA,-0.013825984010370128,0.0428762249648571,0.04976198822259903,0.05670220897522723,0.06358797223296916,xgb
2022-05-31,MUV2.DE,-0.019512869533109253,0.006864811293780804,0.007081398740410805,0.026377680826890057,0.026594268273520058,xgb
2022-05-31,NESN.SW,-0.015071699987606747,0.006796213332563639,0.006220484618097544,0.021867913320170386,0.02129218460570429,xgb_sentiment
2022-05-31,NOVN.SW,-0.042467229304928786,-0.0028659722302109003,-0.002157108625397086,0.039601257074717885,0.0403101206795317,xgb
2022-05-31,OR.PA,0.006673617035420749,0.03233246132731438,0.0333901010453701,0.025658844291893627,0.026716484009949353,xgb
2022-05-31,PHIA.AS,-0.15965424160900865,0.0076824058778584,0.013826369307935238,0.16733664748686705,0.1734806109169439,xgb
2022-05-31,RO.SW,0.011600808010444967,0.004792149644345045,0.007278735283762217,0.006808658366099922,0.00432207272668275,xgb_sentiment
2022-05-31,SAN.PA,0.014980784400079978,-0.004559274762868881,-0.001786575186997652,0.01954005916294886,0.016767359587077632,xgb_sentiment
2022-05-31,SAP.DE,-0.028642046429894284,0.00795785617083311,0.008033277466893196,0.036599902600727395,0.03667532389678748,xgb
2022-05-31,SIE.DE,-0.1885481040707621,0.016152793541550636,0.014716350473463535,0.20470089761231275,0.20326445454422565,xgb_sentiment
2022-05-31,STMMI.MI,-0.18682160477884935,0.009814540855586529,0.012793558649718761,0.19663614563443588,0.1996151634285681,xgb
2022-05-31,SU.PA,-0.11050548243222788,0.012776385061442852,0.016494285315275192,0.12328186749367073,0.12699976774750307,xgb
2022-05-31,TEF.MC,-0.012496218651560356,-0.017087172716856003,-0.01387849636375904,0.004590954065295647,0.001382277712198685,xgb_sentiment
2022-05-31,TTE.PA,-0.07374107676741942,0.003093851264566183,0.0015565950889140368,0.0768349280319856,0.07529767185633346,xgb_sentiment
2022-05-31,UBSG.SW,-0.11608239843535162,-0.0035092916805297136,-0.00466403691098094,0.1125731067548219,0.11141836152437068,xgb_sentiment
2022-05-31,UCG.MI,-0.13033851224995444,-0.026646746322512627,-0.027844509109854698,0.10369176592744181,0.10249400314009974,xgb_sentiment
2022-05-31,VOW3.DE,-0.14009151215250673,-0.015059379860758781,-0.014219742268323898,0.12503213229174795,0.12587176988418283,xgb
2022-05-31,WKL.AS,-0.002825704956097048,0.001642545685172081,0.0013513133162632585,0.004468250641269129,0.004177018272360306,xgb_sentiment
2022-06-30,ABBN.SW,0.14660027553582447,0.027182776480913162,0.02431848831474781,0.11941749905491131,0.12228178722107666,xgb
2022-06-30,AD.AS,0.07830829481923546,0.004822582472115755,0.005123616196215153,0.0734857123471197,0.0731846786230203,xgb_sentiment
2022-06-30,AI.PA,0.04576757282264848,0.00541482912376523,0.006241209339350462,0.040352743698883246,0.039526363483298015,xgb_sentiment
2022-06-30,AIR.PA,0.1261489185553687,0.01680009625852108,0.01814679056406021,0.10934882229684761,0.10800212799130848,xgb_sentiment
2022-06-30,ALV.DE,-0.026709701985723804,0.0034558172337710857,0.003373820800334215,0.03016551921949489,0.03008352278605802,xgb_sentiment
2022-06-30,ASML.AS,0.19752504644208763,0.02518121898174286,0.01678820699453354,0.17234382746034477,0.1807368394475541,xgb
2022-06-30,BAS.DE,0.04450942069379954,0.034093134105205536,0.03750576451420784,0.010416286588594004,0.0070036561795917,xgb_sentiment
2022-06-30,BMW.DE,0.07876441951843104,0.0120419105514884,0.011813114397227764,0.06672250896694264,0.06695130512120327,xgb
2022-06-30,BNP.PA,0.01390043806553638,0.02917250618338585,0.02513539046049118,0.01527206811784947,0.011234952394954801,xgb_sentiment
2022-06-30,CAC.PA,0.08742340091888555,0.008782455697655678,0.00944835226982832,0.07864094522122987,0.07797504864905723,xgb_sentiment
2022-06-30,CAP.PA,0.125738870420097,0.01578683778643608,0.020430000498890877,0.1099520326336609,0.10530886992120611,xgb_sentiment
2022-06-30,CFR.SW,0.1385998758337283,0.035911887884140015,0.02878783829510212,0.10268798794958828,0.10981203753862617,xgb
2022-06-30,DTE.DE,-0.023497763580788558,-0.01387870218604803,-0.011497613973915577,0.009619061394740527,0.01200014960687298,xgb
2022-06-30,ENEL.MI,-0.022686308989318896,0.015132579952478409,0.01837504282593727,0.0378188889417973,0.041061351815256164,xgb
2022-06-30,ENI.MI,0.03367810007996662,0.019500698894262314,0.02135191485285759,0.014177401185704305,0.01232618522710903,xgb_sentiment
2022-06-30,EWI,0.04762997609079042,0.04025411978363991,0.03807003051042557,0.0073758563071505134,0.009559945580364854,xgb
2022-06-30,EWL,0.07075536516814297,0.010907425545156002,0.009254205971956253,0.05984793962298697,0.06150115919618672,xgb
2022-06-30,EWN,0.10648052644353327,0.048052556812763214,0.04290447756648064,0.05842796963077006,0.06357604887705263,xgb
2022-06-30,EWP,0.00821140781488922,0.008071000687777996,0.007482095155864954,0.0001404071271112247,0.0007293126590242668,xgb
2022-06-30,EXH7.DE,0.09762037812089723,-0.003705110400915146,-0.004471399821341038,0.10132548852181238,0.10209177794223827,xgb
2022-06-30,EXH8.DE,0.11667707500572055,-0.008089079521596432,-0.0007634884677827358,0.12476615452731699,0.11744056347350329,xgb_sentiment
2022-06-30,EXS1.DE,0.052691208785199437,0.003375367261469364,0.005377982743084431,0.04931584152373007,0.047313226042115006,xgb_sentiment
2022-06-30,EXSA.DE,0.07608535993117183,0.008082710206508636,0.011222668923437595,0.06800264972466319,0.06486269100773423,xgb_sentiment
2022-06-30,EXV1.DE,0.016219462429154556,0.0166313573718071,0.017044682055711746,0.0004118949426525423,0.0008252196265571901,xgb
2022-06-30,EXV2.DE,-0.008011046040202799,0.0015798036474734545,0.0018779062665998936,0.009590849687676253,0.009888952306802692,xgb
2022-06-30,EXV3.DE,0.1249493130148803,-0.006909389514476061,-0.006173780187964439,0.13185870252935636,0.13112309320284474,xgb_sentiment
2022-06-30,EXV4.DE,0.042493814243031336,-0.009177716448903084,-0.008319542743265629,0.05167153069193442,0.050813356986296965,xgb_sentiment
2022-06-30,EXV6.DE,0.05410366647520563,0.02395614981651306,0.02108757756650448,0.030147516658692572,0.033016088908701155,xgb
2022-06-30,EXV7.DE,0.06405632898177657,0.00998524110764265,0.01073040533810854,0.05407108787413392,0.05332592364366803,xgb_sentiment
2022-06-30,HEIA.AS,0.0994812644482425,0.0012006770120933652,0.002077922923490405,0.09828058743614913,0.0974033415247521,xgb_sentiment
2022-06-30,HOLN.SW,0.10838390726890966,0.01946914568543434,0.02124246582388878,0.08891476158347532,0.08714144144502088,xgb_sentiment
2022-06-30,IBE.MC,0.07939891514861569,-0.0004945526015944779,0.00022708224423695356,0.07989346775021017,0.07917183290437874,xgb_sentiment
2022-06-30,INGA.AS,0.006341987559047973,0.019426284357905388,0.017044005915522575,0.013084296798857415,0.010702018356474602,xgb_sentiment
2022-06-30,ISP.MI,-0.029301381030669114,0.0363846980035305,0.038002610206604004,0.06568607903419962,0.06730399123727313,xgb
2022-06-30,ITX.MC,0.092822670354891,-0.007743421941995621,-0.009946325793862343,0.10056609229688662,0.10276899614875334,xgb
2022-06-30,MBG.DE,0.03557817430414858,0.03125247731804848,0.030324038118124008,0.004325696986100101,0.00525413618602457,xgb
2022-06-30,MC.PA,0.1487577823501738,0.0032622949220240116,0.0014531415654346347,0.1454954874281498,0.14730464078473918,xgb
2022-06-30,MUV2.DE,-0.013923309346673724,0.012181130237877369,0.011386269703507423,0.026104439584551095,0.02530957905018115,xgb_sentiment
2022-06-30,NESN.SW,0.06826550626870531,0.0035163424909114838,0.00318097323179245,0.06474916377779383,0.06508453303691286,xgb
2022-06-30,NOVN.SW,0.03495653003887438,-0.001677778665907681,-0.007336388807743788,0.03663430870478206,0.04229291884661817,xgb
2022-06-30,OR.PA,0.11138549664453494,-0.012540183030068874,-0.008106288500130177,0.12392567967460381,0.11949178514466512,xgb_sentiment
2022-06-30,PHIA.AS,-0.019651817788123895,0.04328352212905884,0.04002024233341217,0.06293533991718273,0.059672060121536065,xgb_sentiment
2022-06-30,RO.SW,0.0741478333193244,0.0017207894707098603,0.0015462037408724427,0.07242704384861454,0.07260162957845195,xgb
2022-06-30,SAN.PA,0.008990035124879777,0.0022523761726915836,0.0034829964861273766,0.006737658952188193,0.0055070386387524005,xgb_sentiment
2022-06-30,SAP.DE,0.04223378567372747,0.0034874321427196264,0.005141084082424641,0.038746353531007846,0.03709270159130283,xgb_sentiment
2022-06-30,SIE.DE,0.11148039648316165,0.04080944135785103,0.040544543415308,0.07067095512531062,0.07093585306785365,xgb
2022-06-30,STMMI.MI,0.20846233187794916,0.04590384662151337,0.04324191436171532,0.1625584852564358,0.16522041751623384,xgb
2022-06-30,SU.PA,0.175359044973036,0.0009081603493541479,0.006254453212022781,0.17445088462368186,0.16910459176101322,xgb_sentiment
2022-06-30,TEF.MC,-0.1096661755909385,-0.06613817065954208,-0.049504946917295456,0.04352800493139641,0.06016122867364304,xgb
2022-06-30,TTE.PA,-0.012184544079281925,0.015162778086960316,0.01716134510934353,0.027347322166242242,0.029345889188625456,xgb
2022-06-30,UBSG.SW,0.030529538661165336,0.03318534046411514,0.0339273102581501,0.0026558018029498066,0.0033977715969847645,xgb
2022-06-30,UCG.MI,0.05525695990270849,0.055019550025463104,0.05138873681426048,0.00023740987724538837,0.00386822308844801,xgb
2022-06-30,VOW3.DE,0.07467964740836845,0.050957661122083664,0.047817111015319824,0.023721986286284788,0.026862536393048628,xgb
2022-06-30,WKL.AS,0.13558216166224832,-0.02693713642656803,-0.028718098998069763,0.16251929808881635,0.16430026066031808,xgb
2022-07-29,ABBN.SW,-0.03718532934906371,0.005157984793186188,0.006937222555279732,0.0423433141422499,0.04412255190434344,xgb
2022-07-29,AD.AS,0.03868805016972858,0.0015986219514161348,0.0015557456063106656,0.037089428218312445,0.037132304563417914,xgb
2022-07-29,AI.PA,-0.04483131840565087,-0.004331888165324926,-0.0048168618232011795,0.04049943024032594,0.04001445658244969,xgb_sentiment
2022-07-29,AIR.PA,-0.043853803084242485,0.005806043278425932,0.010206704027950764,0.04965984636266842,0.05406050711219325,xgb
2022-07-29,ALV.DE,-0.04557530339862962,0.006250619422644377,0.007491696625947952,0.051825922821274,0.05306700002457757,xgb
2022-07-29,ASML.AS,-0.09609855144680368,0.0004413207061588764,-0.005785751156508923,0.09653987215296256,0.09031280029029476,xgb_sentiment
2022-07-29,BAS.DE,-0.027437350728380574,-0.0171283558011055,-0.007031942252069712,0.010308994927275075,0.020405408476310862,xgb
2022-07-29,BMW.DE,-0.07808400581695372,-0.008147389627993107,-0.006479577161371708,0.06993661618896062,0.07160442865558202,xgb
2022-07-29,BNP.PA,-0.005230910611299478,-0.0002974334638565779,0.0017612234223634005,0.0049334771474429,0.006992134033662879,xgb
2022-07-29,CAC.PA,-0.03625675248738311,-0.004310097079724073,-0.002910173498094082,0.031946655407659036,0.03334657898928903,xgb
2022-07-29,CAP.PA,-0.06032116693694515,0.02328992635011673,0.027956580743193626,0.08361109328706187,0.08827774768013877,xgb
2022-07-29,CFR.SW,-0.01481853422437736,-0.003531964495778084,-0.00239003449678421,0.011286569728599276,0.01242849972759315,xgb
2022-07-29,DTE.DE,0.014271317642290487,0.010932509787380695,0.009480860084295273,0.0033388078549097915,0.004790457557995214,xgb
2022-07-29,ENEL.MI,-0.021725383516509874,0.009284285828471184,0.012474017217755318,0.031009669344981058,0.034199400734265195,xgb
2022-07-29,ENI.MI,0.06477311701934911,0.010918764397501945,0.010353860445320606,0.053854352621847165,0.054419256574028504,xgb
2022-07-29,EWI,-0.02089349660405092,0.0496477410197258,0.04270916432142258,0.07054123762377672,0.0636026609254735,xgb_sentiment
2022-07-29,EWL,-0.025983005580490035,0.01521287765353918,0.014151904731988907,0.041195883234029215,0.04013491031247894,xgb_sentiment
2022-07-29,EWN,-0.06064017258076973,0.016574939712882042,0.016616148874163628,0.07721511229365177,0.07725632145493336,xgb
2022-07-29,EWP,-0.010295030301067758,0.012488070875406265,0.01889355108141899,0.022783101176474023,0.02918858138248675,xgb
2022-07-29,EXH7.DE,-0.03107874057167129,-0.004487026482820511,-0.0037685702554881573,0.02659171408885078,0.027310170316183133,xgb
2022-07-29,EXH8.DE,-0.13009862701252872,-0.010439479723572731,-0.01091233640909195,0.11965914728895599,0.11918629060343677,xgb_sentiment
2022-07-29,EXS1.DE,-0.045307056521405514,-0.0030840367544442415,-0.00015323274419642985,0.04222301976696127,0.045153823777209084,xgb
2022-07-29,EXSA.DE,-0.03714079948686846,-0.004661891609430313,-0.004774664528667927,0.032478907877438144,0.03236613495820053,xgb_sentiment
2022-07-29,EXV1.DE,-0.018976982000399958,-0.006331818178296089,-0.0011307921959087253,0.012645163822103869,0.017846189804491232,xgb
2022-07-29,EXV2.DE,-0.032445413058385955,0.003113332437351346,0.002935722004622221,0.0355587454957373,0.035381135063008176,xgb_sentiment
2022-07-29,EXV3.DE,-0.06756267194719037,-0.011872859671711922,-0.011718443594872952,0.05568981227547845,0.05584422835231742,xgb
2022-07-29,EXV4.DE,-0.05708075816242312,-1.2519063602667302e-05,0.00019302938017062843,0.05706823909882045,0.05727378754259375,xgb
2022-07-29,EXV6.DE,0.02827523375979402,-0.009815312922000885,-0.005996227730065584,0.0380905466817949,0.0342714614898596,xgb_sentiment
2022-07-29,EXV7.DE,-0.03677733676523557,-0.025439927354454994,-0.024132953956723213,0.011337409410780576,0.012644382808512357,xgb
2022-07-29,HEIA.AS,-0.05205549792691713,0.001077722874470055,0.00047783798072487116,0.05313322080138719,0.052533335907642004,xgb_sentiment
2022-07-29,HOLN.SW,-0.002629625725086636,0.0020368164405226707,0.005023567471653223,0.004666442165609307,0.00765319319673986,xgb
2022-07-29,IBE.MC,0.032542272326971024,-0.007980979047715664,-0.009125111624598503,0.04052325137468669,0.04166738395156953,xgb
2022-07-29,INGA.AS,-0.06785519325559083,-0.014994206838309765,-0.0046707685105502605,0.05286098641728107,0.06318442474504057,xgb
2022-07-29,ISP.MI,-0.01586036549341529,0.012264685705304146,0.014483461156487465,0.028125051198719435,0.030343826649902754,xgb
2022-07-29,ITX.MC,-0.07310165819319128,-0.00023412943119183183,0.00630558468401432,0.07286752876199945,0.0794072428772056,xgb
2022-07-29,MBG.DE,-0.018342589291201267,0.003759959014132619,0.005619024857878685,0.022102548305333886,0.023961614149079952,xgb
2022-07-29,MC.PA,-0.018088518266239657,-0.00018313305918127298,0.003368139499798417,0.017905385207058384,0.021456657766038074,xgb
2022-07-29,MUV2.DE,0.058413856208771396,0.009136060252785683,0.011438779532909393,0.04927779595598571,0.046975076675862,xgb_sentiment
2022-07-29,NESN.SW,0.00205852870680175,-0.0007462948560714722,-0.0003894548281095922,0.002804823562873222,0.002447983534911342,xgb_sentiment
2022-07-29,NOVN.SW,-0.011014020805937327,-0.0017643357859924436,-0.0024424856528639793,0.009249685019944883,0.008571535153073347,xgb_sentiment
2022-07-29,OR.PA,-0.05946213890649977,-0.003023122437298298,-0.031149445101618767,0.05643901646920147,0.028312693804881002,xgb_sentiment
2022-07-29,PHIA.AS,-0.18195447741456752,0.025449782609939575,0.030856145545840263,0.2074042600245071,0.21281062296040779,xgb
2022-07-29,RO.SW,-0.0220384042384032,-0.00041363315540365875,-0.0004584003472700715,0.021624771082999542,0.02158000389113313,xgb_sentiment
2022-07-29,SAN.PA,-0.1773754277409566,0.0019590354058891535,0.0014604604803025723,0.17933446314684576,0.17883588822125918,xgb_sentiment
2022-07-29,SAP.DE,-0.06975735592439679,-0.002677530748769641,-0.010883073322474957,0.06707982517562715,0.05887428260192183,xgb_sentiment
2022-07-29,SIE.DE,-0.05999136269363554,-0.027922052890062332,-0.022487211972475052,0.032069309803573205,0.037504150721160485,xgb
2022-07-29,STMMI.MI,-0.05195603892168306,-0.0016063558869063854,-0.008992783725261688,0.050349683034776674,0.04296325519642137,xgb_sentiment
2022-07-29,SU.PA,-0.09587520019166514,-0.008286255411803722,-0.002236558822914958,0.08758894477986141,0.09363864136875018,xgb
2022-07-29,TEF.MC,-0.050604940873719334,0.028079168871045113,0.026171445846557617,0.07868410974476445,0.07677638672027695,xgb_sentiment
2022-07-29,TTE.PA,0.08915276441754741,0.02093871310353279,0.025745872408151627,0.06821405131401462,0.06340689200939578,xgb_sentiment
2022-07-29,UBSG.SW,0.008894900795315755,0.025869736447930336,0.024220410734415054,0.01697483565261458,0.0153255099390993,xgb_sentiment
2022-07-29,UCG.MI,-0.03354173842367881,0.005216790363192558,0.018682846799492836,0.03875852878687137,0.052224585223171645,xgb
2022-07-29,VOW3.DE,0.03787526601680338,0.007023898418992758,0.020465951412916183,0.030851367597810625,0.0174093146038872,xgb_sentiment
2022-07-29,WKL.AS,-0.021454905648402217,-0.0025125928223133087,-0.0031448013614863157,0.01894231282608891,0.0183101042869159,xgb_sentiment
2022-08-31,ABBN.SW,-0.033584881692234725,0.0155445272102952,0.016159502789378166,0.049129408902529925,0.04974438448161289,xgb
2022-08-31,AD.AS,-0.05206194410649545,-0.002410505199804902,-0.000705897284206003,0.04965143890669055,0.05135604682228945,xgb
2022-08-31,AI.PA,-0.07891178402140597,0.0064952741377055645,0.0079802256077528,0.08540705815911154,0.08689200962915877,xgb
2022-08-31,AIR.PA,-0.10548549968018242,0.0023990848567336798,0.004996675066649914,0.1078845845369161,0.11048217474683233,xgb
2022-08-31,ALV.DE,-0.05461444839339226,0.008870813995599747,0.008445827290415764,0.063485262388992,0.06306027568380802,xgb_sentiment
2022-08-31,ASML.AS,-0.1152326726785261,0.047364551573991776,0.0417097844183445,0.16259722425251788,0.1569424570968706,xgb_sentiment
2022-08-31,BAS.DE,-0.0796268844298732,0.012520463205873966,0.014162737876176834,0.09214734763574717,0.09378962230605004,xgb
2022-08-31,BMW.DE,-0.06088845171118759,0.007238561753183603,0.007723598275333643,0.0681270134643712,0.06861204998652123,xgb
2022-08-31,BNP.PA,-0.08880250477691362,0.006588607560843229,0.007263808976858854,0.09539111233775685,0.09606631375377248,xgb
2022-08-31,CAC.PA,-0.07293178063593958,0.009964977391064167,0.011128341779112816,0.08289675802700375,0.0840601224150524,xgb
2022-08-31,CAP.PA,-0.08030775949674743,0.017827577888965607,0.014719189144670963,0.09813533738571303,0.09502694864141839,xgb_sentiment
2022-08-31,CFR.SW,-0.10656939912283458,0.012343911454081535,0.01190347969532013,0.11891331057691612,0.11847287881815471,xgb_sentiment
2022-08-31,DTE.DE,-0.06316276163165019,-0.0010100388899445534,-0.0007003838545642793,0.062152722741705635,0.06246237777708591,xgb
2022-08-31,ENEL.MI,-0.10015637442845991,0.026571201160550117,0.03019559010863304,0.12672757558901004,0.13035196453709297,xgb
2022-08-31,ENI.MI,-0.06963487189212389,0.03066781349480152,0.03061485104262829,0.10030268538692541,0.10024972293475218,xgb_sentiment
2022-08-31,EWI,-0.041854750417028914,0.015278433449566364,0.01567334309220314,0.05713318386659528,0.057528093509232055,xgb
2022-08-31,EWL,-0.04462412127984445,0.002042664447799325,0.0026000416837632656,0.046666785727643774,0.047224162963607715,xgb
2022-08-31,EWN,-0.08151217226370923,0.02397632598876953,0.027423961088061333,0.10548849825247876,0.10893613335177056,xgb
2022-08-31,EWP,-0.05318055743744519,0.006286815740168095,0.006764068268239498,0.05946737317761328,0.059944625705684686,xgb
2022-08-31,EXH7.DE,-0.07173596033150338,0.00306688342243433,0.005724895279854536,0.07480284375393771,0.07746085561135792,xgb
2022-08-31,EXH8.DE,-0.1283556131064867,-0.028163671493530273,-0.026986178010702133,0.10019194161295641,0.10136943509578455,xgb
2022-08-31,EXS1.DE,-0.06936209579284672,0.013130958192050457,0.011679727584123611,0.08249305398489717,0.08104182337697033,xgb_sentiment
2022-08-31,EXSA.DE,-0.07900896701098403,0.008035850711166859,0.009492725133895874,0.08704481772215089,0.0885016921448799,xgb
2022-08-31,EXV1.DE,-0.06471176207303085,0.009618041105568409,0.010704368352890015,0.07432980317859926,0.07541613042592087,xgb
2022-08-31,EXV2.DE,-0.13656719817461144,0.00038482496165670455,0.0006870813085697591,0.13695202313626814,0.1372542794831812,xgb
2022-08-31,EXV3.DE,-0.1064186828989858,0.02975614368915558,0.026835624128580093,0.1361748265881414,0.1332543070275659,xgb_sentiment
2022-08-31,EXV4.DE,-0.05622694506131009,0.0019161406671628356,0.001885963254608214,0.058143085728472925,0.0581129083159183,xgb_sentiment
2022-08-31,EXV6.DE,-0.04870376752918955,0.0030734336469322443,0.0019562451634556055,0.05177720117612179,0.050660012692645154,xgb_sentiment
2022-08-31,EXV7.DE,-0.06597909169820451,0.019398953765630722,0.020661156624555588,0.08537804546383523,0.0866402483227601,xgb
2022-08-31,HEIA.AS,-0.004243503466282896,0.001865142141468823,0.00038900747313164175,0.006108645607751719,0.004632510939414538,xgb_sentiment
2022-08-31,HOLN.SW,-0.05618923896623823,0.004433323163539171,0.004188720136880875,0.0606225621297774,0.060377959103119105,xgb_sentiment
2022-08-31,IBE.MC,-0.07589461958202638,-0.0018507313216105103,-0.001451397780328989,0.07404388826041587,0.07444322180169739,xgb
2022-08-31,INGA.AS,-0.017375817603335897,0.018270911648869514,0.017656557261943817,0.03564672925220541,0.035032374865279714,xgb_sentiment
2022-08-31,ISP.MI,-0.0402658871914094,0.02601529099047184,0.02938130684196949,0.06628117818188124,0.06964719403337889,xgb
2022-08-31,ITX.MC,-0.025853317692666845,-0.0690263882279396,-0.06494573503732681,0.043173070535272765,0.03909241734465997,xgb_sentiment
2022-08-31,MBG.DE,-0.0680131415413677,0.011857663281261921,0.010865497402846813,0.07987080482262962,0.07887863894421451,xgb_sentiment
2022-08-31,MC.PA,-0.06294380214625864,0.005677488632500172,0.005490161944180727,0.06862129077875881,0.06843396409043936,xgb_sentiment
2022-08-31,MUV2.DE,0.030186315967664672,-0.0030783626716583967,-0.0027667612303048372,0.03326467863932307,0.03295307719796951,xgb_sentiment
2022-08-31,NESN.SW,-0.04420363728321778,0.0013930053682997823,0.002324736677110195,0.04559664265151756,0.046528373960327975,xgb
2022-08-31,NOVN.SW,-0.02630966846349393,-0.005613225046545267,-0.005630942061543465,0.02069644341694866,0.020678726401950464,xgb_sentiment
2022-08-31,OR.PA,-0.059723677974284566,-0.0001083111492334865,0.001460332190617919,0.05961536682505108,0.061184010164902485,xgb
2022-08-31,PHIA.AS,-0.06233050660423387,0.005485170055180788,0.0033966090995818377,0.06781567665941465,0.0657271157038157,xgb_sentiment
2022-08-31,RO.SW,0.06096156463247878,0.0011012718314304948,0.002446042140945792,0.059860292801048286,0.05851552249153299,xgb_sentiment
2022-08-31,SAN.PA,-0.05425665046913594,0.04037361964583397,0.03865126147866249,0.09463027011496991,0.09290791194779843,xgb_sentiment
2022-08-31,SAP.DE,-0.036812633447930496,0.01613621972501278,0.01967349648475647,0.052948853172943275,0.056486129932686965,xgb
2022-08-31,SIE.DE,-0.02829523318995224,0.017804816365242004,0.017168309539556503,0.04610004955519424,0.04546354272950874,xgb_sentiment
2022-08-31,STMMI.MI,-0.08769137838604964,0.05705760046839714,0.055674485862255096,0.14474897885444676,0.14336586424830472,xgb_sentiment
2022-08-31,SU.PA,-0.03967196117610864,0.0041878726333379745,0.009535183198750019,0.043859833809446615,0.04920714437485866,xgb
2022-08-31,TEF.MC,-0.20741516581618033,-0.004407316446304321,-0.0052713556215167046,0.203007849369876,0.20214381019466363,xgb_sentiment
2022-08-31,TTE.PA,-0.054892879711257406,-0.020295916125178337,-0.013144148513674736,0.03459696358607907,0.04174873119758267,xgb
2022-08-31,UBSG.SW,-0.04996554202606167,-0.0010528455022722483,-0.0016296040266752243,0.04891269652378942,0.048335937999386444,xgb_sentiment
2022-08-31,UCG.MI,0.03922840265141989,0.04140761122107506,0.04159785807132721,0.0021792085696551652,0.0023694554199073167,xgb
2022-08-31,VOW3.DE,-0.10119483534418323,0.006066687870770693,0.005969377234578133,0.10726152321495393,0.10716421257876137,xgb_sentiment
2022-08-31,WKL.AS,0.013455870979389158,-0.016240855678915977,-0.010808621533215046,0.029696726658305136,0.024264492512604204,xgb_sentiment
2022-09-30,ABBN.SW,0.08318232479079404,0.001183867803774774,0.001639140653423965,0.08199845698701927,0.08154318413737008,xgb_sentiment
2022-09-30,AD.AS,0.07781801672711958,0.00592171773314476,0.005985153838992119,0.07189629899397482,0.07183286288812746,xgb_sentiment
2022-09-30,AI.PA,0.11812323654117399,0.011896951124072075,0.014560109935700893,0.10622628541710191,0.1035631266054731,xgb_sentiment
2022-09-30,AIR.PA,0.20925521699377536,0.02127830870449543,0.01863684318959713,0.18797690828927993,0.19061837380417823,xgb
2022-09-30,ALV.DE,0.11874379428060755,0.01848033256828785,0.019490914419293404,0.1002634617123197,0.09925287986131415,xgb_sentiment
2022-09-30,ASML.AS,0.09748812268869822,0.012796100229024887,0.019002864137291908,0.08469202245967333,0.07848525855140631,xgb_sentiment
2022-09-30,BAS.DE,0.13745384597239496,0.00502689927816391,0.009097271598875523,0.13242694669423105,0.12835657437351944,xgb_sentiment
2022-09-30,BMW.DE,0.12765612692941522,0.010678115300834179,0.008734612725675106,0.11697801162858104,0.11892151420374011,xgb
2022-09-30,BNP.PA,0.08545236644415498,0.02015211433172226,0.030578333884477615,0.06530025211243272,0.05487403255967736,xgb_sentiment
2022-09-30,CAC.PA,0.08353676269361551,0.0037737819366157055,0.003164001740515232,0.07976298075699981,0.08037276095310028,xgb
2022-09-30,CAP.PA,0.0045214452132688555,0.018986137583851814,0.023618990555405617,0.014464692370582958,0.01909754534213676,xgb
2022-09-30,CFR.SW,0.0036202335933368922,0.012103657238185406,0.010717866942286491,0.008483423644848513,0.007097633348949599,xgb_sentiment
2022-09-30,DTE.DE,0.09128981845701338,-0.008017889223992825,-0.008748195134103298,0.0993077076810062,0.10003801359111668,xgb
2022-09-30,ENEL.MI,0.06750836031717736,-0.012643687427043915,-0.025912972167134285,0.08015204774422127,0.09342133248431164,xgb
2022-09-30,ENI.MI,0.19461971772775352,0.013151113875210285,0.015552057884633541,0.18146860385254324,0.17906765984311998,xgb_sentiment
2022-09-30,EWI,0.10064714803242669,0.04971114918589592,0.0495481863617897,0.05093599884653077,0.05109896167063699,xgb
2022-09-30,EWL,0.03068998921529236,0.013604204170405865,0.013972889631986618,0.017085785044886496,0.016717099583305743,xgb_sentiment
2022-09-30,EWN,0.056202412451294745,0.033615145832300186,0.03291141986846924,0.02258726661899456,0.023290992582825507,xgb
2022-09-30,EWP,0.08802644837789664,0.02920772135257721,0.028128402307629585,0.05881872702531943,0.05989804607026705,xgb
2022-09-30,EXH7.DE,0.029156338806299482,-0.0014768019318580627,-0.0026081635151058435,0.030633140738157545,0.031764502321405326,xgb
2022-09-30,EXH8.DE,0.074911305914347,0.00846136175096035,0.015320220962166786,0.06644994416338665,0.05959108495218021,xgb_sentiment
2022-09-30,EXS1.DE,0.09129538462415542,0.00933132879436016,0.00930702779442072,0.08196405582979525,0.0819883568297347,xgb
2022-09-30,EXSA.DE,0.06154621872323913,0.008158928714692593,0.009020352736115456,0.053387290008546535,0.05252586598712367,xgb_sentiment
2022-09-30,EXV1.DE,0.07987905184309141,0.010873590596020222,0.010365559719502926,0.06900546124707119,0.06951349212358848,xgb
2022-09-30,EXV2.DE,0.04016986693631604,0.017461834475398064,0.01646432653069496,0.022708032460917973,0.023705540405621076,xgb
2022-09-30,EXV3.DE,0.04928994687604852,0.01317255012691021,0.011686461046338081,0.03611739674913831,0.03760348582971044,xgb
2022-09-30,EXV4.DE,0.0522196338327537,-0.0018645263044163585,0.00014677669969387352,0.05408416013717006,0.05207285713305983,xgb_sentiment
2022-09-30,EXV6.DE,0.025298664725803766,0.002085076877847314,0.004323356319218874,0.023213587847956452,0.020975308406584892,xgb_sentiment
2022-09-30,EXV7.DE,0.08443853785254692,0.01021966990083456,0.007744534872472286,0.07421886795171236,0.07669400298007463,xgb
2022-09-30,HEIA.AS,-0.06031861031759578,0.0006208544946275651,0.000321814208291471,0.06093946481222334,0.06064042452588725,xgb_sentiment
2022-09-30,HOLN.SW,0.06972255109388283,0.0021256236359477043,0.0005248949746601284,0.06759692745793512,0.0691976561192227,xgb
2022-09-30,IBE.MC,0.06982763143216517,-0.00826776959002018,-0.005625251680612564,0.07809540102218535,0.07545288311277773,xgb_sentiment
2022-09-30,INGA.AS,0.11665353171294458,0.022514279931783676,0.027287237346172333,0.09413925178116091,0.08936629436677225,xgb_sentiment
2022-09-30,ISP.MI,0.12472786644053652,0.017821766436100006,0.023992521688342094,0.10690610000443651,0.10073534475219442,xgb_sentiment
2022-09-30,ITX.MC,0.09512591690077325,0.01235868688672781,0.014454812742769718,0.08276723001404544,0.08067110415800353,xgb_sentiment
2022-09-30,MBG.DE,0.11278270380271711,0.03553007170557976,0.0428495928645134,0.07725263209713736,0.06993311093820372,xgb_sentiment
2022-09-30,MC.PA,0.04578985231791151,0.004503440111875534,0.004966194275766611,0.041286412206035975,0.0408236580421449,xgb_sentiment
2022-09-30,MUV2.DE,0.07733512185224228,0.005697567015886307,0.00521167553961277,0.07163755483635598,0.07212344631262951,xgb
2022-09-30,NESN.SW,-0.016327263069712834,0.0028691876213997602,0.0033890812192112207,0.019196450691112595,0.019716344288924055,xgb
2022-09-30,NOVN.SW,0.034218041559035725,-0.002609615446999669,-0.0009735653293319046,0.036827657006035394,0.03519160688836763,xgb_sentiment
2022-09-30,OR.PA,-0.03748422266533148,0.0012278525391593575,0.0006252566236071289,0.03871207520449084,0.03810947928893861,xgb_sentiment
2022-09-30,PHIA.AS,-0.22173839647667218,-0.0035734123084694147,0.0006334622157737613,0.21816498416820276,0.22237185869244594,xgb
2022-09-30,RO.SW,0.01189006173229841,-0.010592998936772346,-0.010621532797813416,0.022483060669070756,0.022511594530111825,xgb
2022-09-30,SAN.PA,0.10787010504081937,0.003863224061205983,0.004317057318985462,0.10400688097961339,0.10355304772183391,xgb_sentiment
2022-09-30,SAP.DE,0.14935001085797903,0.00494035892188549,0.005753492005169392,0.14440965193609354,0.14359651885280963,xgb_sentiment
2022-09-30,SIE.DE,0.08918287628415358,0.002805191557854414,0.0030613658018410206,0.08637768472629917,0.08612151048231256,xgb_sentiment
2022-09-30,STMMI.MI,-0.02036090154518298,0.03869141265749931,0.03942466154694557,0.059052314202682296,0.059785563092128555,xgb
2022-09-30,SU.PA,0.09239845436376591,0.013348217122256756,0.015191455371677876,0.07905023724150916,0.07720699899208804,xgb_sentiment
2022-09-30,TEF.MC,0.031776574963632294,0.010071120224893093,0.007636738009750843,0.0217054547387392,0.02413983695388145,xgb
2022-09-30,TTE.PA,0.13223578016954388,0.010976131074130535,0.01052141934633255,0.12125964909541334,0.12171436082321133,xgb
2022-09-30,UBSG.SW,0.05880102329705097,0.00968361645936966,0.00841163657605648,0.04911740683768131,0.05038938672099449,xgb
2022-09-30,UCG.MI,0.1821940269189575,0.008456416428089142,0.008938033133745193,0.17373761049086836,0.1732559937852123,xgb_sentiment
2022-09-30,VOW3.DE,0.022993076359493644,0.05215087905526161,0.052018336951732635,0.029157802695767968,0.02902526059223899,xgb_sentiment
2022-09-30,WKL.AS,0.07358607604338961,0.0019297385588288307,0.0011794822057709098,0.07165633748456078,0.0724065938376187,xgb
2022-10-31,ABBN.SW,0.06574349808809336,-0.0035538177471607924,-0.0018565015634521842,0.06929731583525416,0.06759999965154555,xgb_sentiment
2022-10-31,AD.AS,-0.011033995543331466,-0.004407803528010845,-0.004482359625399113,0.006626192015320621,0.0065516359179323535,xgb_sentiment
2022-10-31,AI.PA,0.04767375298540845,-0.01714773289859295,-0.015535419806838036,0.0648214858840014,0.06320917279224648,xgb_sentiment
2022-10-31,AIR.PA,-0.003657005385526529,-0.002005587564781308,0.0030968862120062113,0.001651417820745221,0.00675389159753274,xgb
2022-10-31,ALV.DE,0.12082767719879946,-0.0008648280054330826,-0.004200644325464964,0.12169250520423254,0.1250283215242644,xgb
2022-10-31,ASML.AS,0.16087334474717557,-0.009510240517556667,-0.0032228692434728146,0.17038358526473224,0.1640962139906484,xgb_sentiment
2022-10-31,BAS.DE,0.07676127816149916,-0.029878228902816772,-0.023426702246069908,0.10663950706431594,0.10018798040756907,xgb_sentiment
2022-10-31,BMW.DE,0.06369727385510303,-0.003702937625348568,-0.0033099425490945578,0.0674002114804516,0.06700721640419759,xgb_sentiment
2022-10-31,BNP.PA,0.1203649388854096,-0.002533570397645235,-0.0037830742076039314,0.12289850928305483,0.12414801309301353,xgb
2022-10-31,CAC.PA,0.06272190640140046,-0.0059578632935881615,-0.005918979644775391,0.06867976969498862,0.06864088604617585,xgb_sentiment
2022-10-31,CAP.PA,0.038352810041839436,0.009676194749772549,0.00959390215575695,0.028676615292066887,0.028758907886082485,xgb
2022-10-31,CFR.SW,0.2129226465080833,0.011701204814016819,0.010825872421264648,0.20122144169406647,0.20209677408681864,xgb
2022-10-31,DTE.DE,0.015533290315918791,-0.011665108613669872,-0.010342827066779137,0.02719839892958866,0.025876117382697926,xgb_sentiment
2022-10-31,ENEL.MI,0.12212540352053082,-0.04233824834227562,-0.03787628561258316,0.16446365186280643,0.16000168913311397,xgb_sentiment
2022-10-31,ENI.MI,0.08428840209492575,-0.011965216137468815,-0.010608986020088196,0.09625361823239456,0.09489738811501394,xgb_sentiment
2022-10-31,EWI,0.0884888770197477,-0.007878337986767292,-0.004234926775097847,0.09636721500651499,0.09272380379484554,xgb_sentiment
2022-10-31,EWL,0.03921904137058525,0.002213242929428816,0.0019075431628152728,0.03700579844115644,0.03731149820776998,xgb
2022-10-31,EWN,0.1083589896115367,-0.00610884465277195,-0.005179640371352434,0.11446783426430865,0.11353862998288913,xgb_sentiment
2022-10-31,EWP,0.05467085134366358,-0.008027634583413601,-0.005798605736345053,0.06269848592707719,0.060469457080008636,xgb_sentiment
2022-10-31,EXH7.DE,0.08183161995092117,-0.00147185567766428,-0.0004999369848519564,0.08330347562858545,0.08233155693577313,xgb_sentiment
2022-10-31,EXH8.DE,0.12809897716441535,-0.016843045130372047,-0.016316674649715424,0.1449420222947874,0.14441565181413077,xgb_sentiment
2022-10-31,EXS1.DE,0.07854245074691121,-0.007200217340141535,-0.008451384492218494,0.08574266808705275,0.08699383523912971,xgb
2022-10-31,EXSA.DE,0.060292258884273295,-0.003994653467088938,-0.003776595927774906,0.06428691235136223,0.0640688548120482,xgb_sentiment
2022-10-31,EXV1.DE,0.08779036969418957,-0.007393060252070427,-0.006891208700835705,0.09518342994626,0.09468157839502528,xgb_sentiment
2022-10-31,EXV2.DE,0.008167544724785439,-0.0066244942136108875,-0.0055751558393239975,0.014792038938396326,0.013742700564109436,xgb_sentiment
2022-10-31,EXV3.DE,0.11974909965751208,-0.016289567574858665,-0.009645611979067326,0.13603866723237074,0.1293947116365794,xgb_sentiment
2022-10-31,EXV4.DE,0.02694711251633203,-0.005118310917168856,-0.004819474183022976,0.032065423433500884,0.031766586699355004,xgb_sentiment
2022-10-31,EXV6.DE,0.12987848428423102,-0.0024969130754470825,0.00028703612042590976,0.1323753973596781,0.1295914481638051,xgb_sentiment
2022-10-31,EXV7.DE,0.050639308401628745,-0.0023516761139035225,3.8689144275849685e-05,0.05299098451553227,0.050600619257352895,xgb_sentiment
2022-10-31,HEIA.AS,0.047325482136530254,0.01984250918030739,0.01729213073849678,0.027482972956222866,0.030033351398033474,xgb
2022-10-31,HOLN.SW,0.08332101403397602,-0.007805597502738237,-0.00866351556032896,0.09112661153671425,0.09198452959430498,xgb
2022-10-31,IBE.MC,0.036315500896946386,-0.019794147461652756,-0.016231104731559753,0.05610964835859914,0.05254660562850614,xgb_sentiment
2022-10-31,INGA.AS,0.1583612429050797,-0.001623230753466487,-0.006329893600195646,0.15998447365854618,0.16469113650527534,xgb
2022-10-31,ISP.MI,0.13509331010409353,-0.003438370767980814,-0.018634064123034477,0.13853168087207435,0.153727374227128,xgb
2022-10-31,ITX.MC,0.08278845376237252,-0.003935115411877632,-0.003009338630363345,0.08672356917425016,0.08579779239273587,xgb_sentiment
2022-10-31,MBG.DE,0.06507174745469492,-0.012080468237400055,-0.010284722782671452,0.07715221569209497,0.07535647023736637,xgb_sentiment
2022-10-31,MC.PA,0.09402888988424066,0.003623348893597722,0.0019865878857672215,0.09040554099064294,0.09204230199847344,xgb
2022-10-31,MUV2.DE,0.12002436905056808,-0.017336376011371613,-0.016719495877623558,0.13736074506193968,0.13674386492819163,xgb_sentiment
2022-10-31,NESN.SW,0.030357720067039788,0.0015322448452934623,0.0008790806750766933,0.028825475221746326,0.029478639391963095,xgb
2022-10-31,NOVN.SW,0.03943758841414333,-0.003495741169899702,-0.004408073611557484,0.042933329584043035,0.04384566202570082,xgb
2022-10-31,OR.PA,0.08839885096330286,0.00891159102320671,0.008150250650942326,0.07948725994009614,0.08024860031236053,xgb
2022-10-31,PHIA.AS,0.09390500915295172,0.08471953123807907,0.08870726078748703,0.009185477914872647,0.005197748365464688,xgb_sentiment
2022-10-31,RO.SW,-0.07560074371434916,-0.004192901309579611,-0.0054578096605837345,0.07140784240476955,0.07014293405376543,xgb_sentiment
2022-10-31,SAN.PA,0.009799531427253285,-0.02783362939953804,-0.02192923054099083,0.03763316082679133,0.03172876196824412,xgb_sentiment
2022-10-31,SAP.DE,0.05391097030650696,-0.013209614902734756,-0.01236629392951727,0.06712058520924172,0.06627726423602423,xgb_sentiment
2022-10-31,SIE.DE,0.18466883967357198,-0.00937026459723711,-0.007642371114343405,0.1940391042708091,0.19231121078791538,xgb_sentiment
2022-10-31,STMMI.MI,0.12325331034514929,0.02154288999736309,0.02363317273557186,0.1017104203477862,0.09962013760957743,xgb_sentiment
2022-10-31,SU.PA,0.07955075944422611,0.008944164030253887,0.011155941523611546,0.07060659541397223,0.06839481792061457,xgb_sentiment
2022-10-31,TEF.MC,0.029684224151549938,-0.008643175475299358,-0.0031276389490813017,0.03832739962684929,0.032811863100631236,xgb_sentiment
2022-10-31,TTE.PA,0.0673703411710441,0.00035891958395950496,-0.0014014323242008686,0.06701142158708459,0.06877177349524496,xgb
2022-10-31,UBSG.SW,0.09810532714900815,-0.010378588922321796,-0.01331243384629488,0.10848391607132994,0.11141776099530303,xgb
2022-10-31,UCG.MI,0.032306521484141225,0.010376921854913235,0.01416788250207901,0.02192959962922799,0.018138638982062215,xgb_sentiment
2022-10-31,VOW3.DE,0.06364900828620722,5.784320819657296e-05,-0.0008292352431453764,0.06359116507801064,0.0644782435293526,xgb
2022-10-31,WKL.AS,-0.03068448864656518,-0.017680339515209198,-0.018398527055978775,0.013004149131355981,0.012285961590586404,xgb_sentiment
2022-11-30,ABBN.SW,-0.04387671774552025,-0.0022112829610705376,-0.003042778931558132,0.041665434784449715,0.04083393881396212,xgb_sentiment
2022-11-30,AD.AS,-0.03568230992136311,0.0008133214432746172,0.0010006737429648638,0.03649563136463773,0.03668298366432798,xgb
2022-11-30,AI.PA,-0.043019035514526155,-0.005477328319102526,-0.004052646923810244,0.03754170719542363,0.03896638859071591,xgb
2022-11-30,AIR.PA,0.016529380721006612,0.007721312344074249,0.007940578274428844,0.008808068376932363,0.008588802446577767,xgb_sentiment
2022-11-30,ALV.DE,-0.01702710146835737,-0.0053176614455878735,-0.005061644595116377,0.011709440022769496,0.011965456873240993,xgb
2022-11-30,ASML.AS,-0.1077198579366692,0.03253724053502083,0.036626558750867844,0.14025709847169004,0.14434641668753706,xgb
2022-11-30,BAS.DE,-0.044789213988810764,0.005858210846781731,0.00601525604724884,0.050647424835592494,0.050804470036059604,xgb
2022-11-30,BMW.DE,-0.034537028882700924,0.005395375192165375,0.0058498503640294075,0.0399324040748663,0.04038687924673033,xgb
2022-11-30,BNP.PA,-0.0033746305591166887,-0.003965301439166069,-0.0038065556436777115,0.0005906708800493803,0.0004319250845610228,xgb_sentiment
2022-11-30,CAC.PA,-0.03493563993827314,-0.002995441434904933,-0.003536822274327278,0.031940198503368204,0.03139881766394586,xgb_sentiment
2022-11-30,CAP.PA,-0.09212813850071007,0.011459737084805965,0.009464402683079243,0.10358787558551603,0.10159254118378931,xgb_sentiment
2022-11-30,CFR.SW,-0.03261520408084573,0.003659780602902174,0.007124783005565405,0.0362749846837479,0.03973998708641113,xgb
2022-11-30,DTE.DE,-0.04037981354450312,-0.002003233414143324,-0.0024950571823865175,0.03837658013035979,0.0378847563621166,xgb_sentiment
2022-11-30,ENEL.MI,-0.020465019912996082,-0.005826212000101805,-0.005588710308074951,0.014638807912894278,0.014876309604921131,xgb
2022-11-30,ENI.MI,-0.07522556308191779,0.0036792904138565063,0.0038973947521299124,0.0789048534957743,0.0791229578340477,xgb
2022-11-30,EWI,-0.04903852127664262,0.01994026079773903,0.021223818883299828,0.06897878207438166,0.07026234015994245,xgb
2022-11-30,EWL,-0.054686446430734836,0.020172733813524246,0.019465256482362747,0.07485918024425908,0.07415170291309758,xgb_sentiment
2022-11-30,EWN,-0.07139215646490725,0.027394775301218033,0.031207704916596413,0.09878693176612528,0.10259986138150366,xgb
2022-11-30,EWP,-0.03029589503770358,0.007932888343930244,0.008090279065072536,0.038228783381633824,0.038386174102776116,xgb
2022-11-30,EXH7.DE,-0.04441012310770407,-0.002905562985688448,-0.004620686639100313,0.04150456012201562,0.03978943646860376,xgb_sentiment
2022-11-30,EXH8.DE,-0.003950281082559804,-0.001001581666059792,6.000174835207872e-05,0.0029486994165000124,0.004010282830911883,xgb
2022-11-30,EXS1.DE,-0.0346565138486728,-0.006070735398679972,-0.00509458314627409,0.028585778449992827,0.02956193070239871,xgb
2022-11-30,EXSA.DE,-0.029439716617717958,-0.005421622656285763,-0.005439869128167629,0.024018093961432195,0.02399984748955033,xgb_sentiment
2022-11-30,EXV1.DE,0.0021693643127723133,-0.007602340076118708,-0.007452416233718395,0.009771704388891021,0.009621780546490709,xgb_sentiment
2022-11-30,EXV2.DE,-0.04798269463056192,-0.005751665215939283,-0.005489426665008068,0.04223102941462264,0.04249326796555385,xgb
2022-11-30,EXV3.DE,-0.0721534169707799,0.008147239685058594,0.010707861743867397,0.08030065665583849,0.0828612787146473,xgb
2022-11-30,EXV4.DE,-0.013732550053921032,-0.003243457991629839,-0.0029845719691365957,0.010489092062291193,0.010747978084784436,xgb
2022-11-30,EXV6.DE,-0.0349749479492505,0.0017826410476118326,0.001972030848264694,0.03675758899686233,0.03694697879751519,xgb
2022-11-30,EXV7.DE,-0.04752149499380777,-0.003718454157933593,-0.003204870969057083,0.04380304083587418,0.044316624024750687,xgb
2022-11-30,HEIA.AS,-0.00454123866541599,-0.005178157240152359,-0.004772672429680824,0.000636918574736369,0.00023143376426483422,xgb_sentiment
2022-11-30,HOLN.SW,-0.016800908345534743,-0.002881118096411228,-0.0031657982617616653,0.013919790249123515,0.013635110083773078,xgb_sentiment
2022-11-30,IBE.MC,0.013818726379132576,-0.004457827657461166,-0.004965126980096102,0.018276554036593742,0.018783853359228678,xgb
2022-11-30,INGA.AS,-0.0175824049935577,-0.00026287048240192235,-0.002809423254802823,0.01731953451115578,0.014772981738754878,xgb_sentiment
2022-11-30,ISP.MI,-0.0209530916471015,0.002083399798721075,0.0008377381600439548,0.023036491445822576,0.021790829807145456,xgb_sentiment
2022-11-30,ITX.MC,-0.0004022143229618793,-0.00610481109470129,-0.006588552612811327,0.005702596771739411,0.006186338289849448,xgb
2022-11-30,MBG.DE,-0.04770390295244065,0.013556190766394138,0.014423537068068981,0.061260093718834785,0.06212744002050963,xgb
2022-11-30,MC.PA,-0.07424446056352826,0.007547838147729635,0.007277688477188349,0.0817922987112579,0.08152214904071661,xgb_sentiment
2022-11-30,MUV2.DE,0.009253038730276638,-0.014407070353627205,-0.011563470587134361,0.02366010908390384,0.020816509317410997,xgb_sentiment
2022-11-30,NESN.SW,-0.04598219525932129,-0.008634716272354126,-0.005088549107313156,0.037347478986967164,0.040893646152008134,xgb
2022-11-30,NOVN.SW,0.0006939851881529577,-0.004877859726548195,-0.005517484620213509,0.005571844914701153,0.0062114698083664665,xgb
2022-11-30,OR.PA,-0.061611462764009084,0.0030672994907945395,0.0019839603919535875,0.06467876225480362,0.06359542315596267,xgb_sentiment
2022-11-30,PHIA.AS,-0.013335483577353988,0.0604005791246891,0.05969603359699249,0.0737360627020431,0.07303151717434649,xgb_sentiment
2022-11-30,RO.SW,-0.05289068716298749,0.003565868828445673,0.0034363651648163795,0.05645655599143316,0.05632705232780387,xgb_sentiment
2022-11-30,SAN.PA,0.03811702828170515,-0.0004725645703729242,0.0011944613652303815,0.038589592852078074,0.03692256691647477,xgb_sentiment
2022-11-30,SAP.DE,-0.08040168380659816,0.0031096963211894035,-0.0038660054560750723,0.08351138012778757,0.07653567835052309,xgb_sentiment
2022-11-30,SIE.DE,-0.012113899394491347,0.014504162594676018,0.006463134195655584,0.026618061989167364,0.01857703359014693,xgb_sentiment
2022-11-30,STMMI.MI,-0.08648146227892174,0.007887404412031174,0.010972783900797367,0.09436886669095292,0.09745424617971911,xgb
2022-11-30,SU.PA,-0.06084065257315717,-4.0843544411472976e-05,0.0009108572266995907,0.0607998090287457,0.06175150979985676,xgb
2022-11-30,TEF.MC,-0.013110418565349443,-0.007982260547578335,-0.005371735896915197,0.005128158017771108,0.007738682668434246,xgb
2022-11-30,TTE.PA,-0.010745547380014176,-0.0077056619338691235,-0.005133976228535175,0.0030398854461450523,0.0056115711514790004,xgb
2022-11-30,UBSG.SW,0.00024953226004825,-0.0012909139040857553,-0.003874662797898054,0.0015404461641340054,0.004124195057946304,xgb
2022-11-30,UCG.MI,0.018862559327602616,0.011334395967423916,0.014441445469856262,0.0075281633601787,0.004421113857746354,xgb_sentiment
2022-11-30,VOW3.DE,-0.03337412083945305,0.016575274989008904,0.01643732190132141,0.04994939582846195,0.04981144274077446,xgb_sentiment
2022-11-30,WKL.AS,-0.07334765487550739,-0.016208181157708168,-0.015680307522416115,0.05713947371779922,0.05766734735309127,xgb
2022-12-30,ABBN.SW,0.11524181521484349,-0.006359496619552374,-0.004871191922575235,0.12160131183439586,0.12011300713741872,xgb_sentiment
2022-12-30,AD.AS,0.00723909621870161,0.0011754746083170176,-0.0003316901857033372,0.006063621610384593,0.007570786404404947,xgb
2022-12-30,AI.PA,0.11030298414801878,-0.00042641477193683386,0.00011078790703322738,0.11072939891995562,0.11019219624098556,xgb_sentiment
2022-12-30,AIR.PA,0.03973333333035594,-0.01070490200072527,-0.008186844177544117,0.05043823533108121,0.04792017750790006,xgb_sentiment
2022-12-30,ALV.DE,0.09693800478806465,-0.0027107337955385447,-0.003344286698848009,0.0996487385836032,0.10028229148691266,xgb
2022-12-30,ASML.AS,0.18040097659833332,0.03134322911500931,0.02678033895790577,0.149057747483324,0.15362063764042755,xgb
2022-12-30,BAS.DE,0.1290485092361721,0.0012168429093435407,0.002510285470634699,0.12783166632682855,0.1265382237655374,xgb_sentiment
2022-12-30,BMW.DE,0.09271204060302936,-0.0033216970041394234,-0.0017130373744294047,0.09603373760716878,0.09442507797745876,xgb_sentiment
2022-12-30,BNP.PA,0.1539092448100839,-0.012208811938762665,-0.011700866743922234,0.16611805674884655,0.16561011155400612,xgb_sentiment
2022-12-30,CAC.PA,0.08843396268312928,-0.0006350818439386785,-0.0008445772691629827,0.08906904452706796,0.08927853995229226,xgb
2022-12-30,CAP.PA,0.10288879710669056,0.024345044046640396,0.02464115433394909,0.07854375306005017,0.07824764277274147,xgb_sentiment
2022-12-30,CFR.SW,0.15489568115093214,0.002460006857290864,0.0030591441318392754,0.15243567429364127,0.15183653701909286,xgb_sentiment
2022-12-30,DTE.DE,0.08812397397537945,-0.0008545753662474453,0.0001629745529498905,0.0889785493416269,0.08796099942242956,xgb_sentiment
2022-12-30,ENEL.MI,0.11311151895349576,-0.00014480197569355369,0.001886025071144104,0.11325632092918932,0.11122549388235166,xgb_sentiment
2022-12-30,ENI.MI,0.06441621867074224,0.010963747277855873,0.009800002910196781,0.053452471392886364,0.054616215760545456,xgb
2022-12-30,EWI,0.07863659729038876,-0.0038532221224159002,-0.006196693517267704,0.08248981941280466,0.08483329080765646,xgb
2022-12-30,EWL,0.04752723805644165,0.001027422258630395,-0.00034865018096752465,0.046499815797811254,0.047875888237409174,xgb
2022-12-30,EWN,0.09522340491658517,0.005122180562466383,0.005604213103652,0.09010122435411878,0.08961919181293317,xgb_sentiment
2022-12-30,EWP,0.07919166650505018,0.001001256867311895,0.0008333486621268094,0.07819040963773828,0.07835831784292337,xgb
2022-12-30,EXH7.DE,0.0882563773766047,-0.0005299598560668528,-3.7322646676329896e-05,0.08878633723267156,0.08829370002328103,xgb_sentiment
2022-12-30,EXH8.DE,0.15930806850983972,7.81867274781689e-05,0.0003291746834293008,0.15922988178236155,0.15897889382641042,xgb_sentiment
2022-12-30,EXS1.DE,0.08205876436783126,-0.0006182778743095696,-0.0006224458920769393,0.08267704224214083,0.0826812102599082,xgb
2022-12-30,EXSA.DE,0.06400454415417281,-0.0005465004942379892,-0.0005562489968724549,0.0645510446484108,0.06456079315104526,xgb
2022-12-30,EXV1.DE,0.12117805312899788,-0.0054274084977805614,-0.005319538991898298,0.12660546162677844,0.12649759212089617,xgb_sentiment
2022-12-30,EXV2.DE,0.06894565764715617,0.0011432189494371414,0.0025263354182243347,0.06780243869771903,0.06641932222893183,xgb_sentiment
2022-12-30,EXV3.DE,0.13294503434110844,0.015888268128037453,0.014487151056528091,0.11705676621307098,0.11845788328458035,xgb
2022-12-30,EXV4.DE,0.0032818248070398633,-0.0007834386196918786,-0.0005482874694280326,0.0040652634267317415,0.003830112276467896,xgb_sentiment
2022-12-30,EXV6.DE,0.07465006544291747,9.593364666216075e-06,0.0007392229163087904,0.07464047207825125,0.07391084252660868,xgb_sentiment
2022-12-30,EXV7.DE,0.054558751724898095,-0.000674087496008724,-0.000190767488675192,0.05523283922090682,0.05474951921357329,xgb_sentiment
2022-12-30,HEIA.AS,0.04058541459825013,-0.0030140941962599754,-0.0015244008973240852,0.043599508794510106,0.042109815495574215,xgb_sentiment
2022-12-30,HOLN.SW,0.11424979902306871,-0.007273672614246607,-0.006632201373577118,0.12152347163731532,0.12088200039664583,xgb_sentiment
2022-12-30,IBE.MC,0.003060997848174054,-0.003429839387536049,-0.003545154584571719,0.0064908372357101035,0.006606152432745774,xgb
2022-12-30,INGA.AS,0.14367207426540152,0.004383166786283255,0.0014088922180235386,0.13928890747911826,0.14226318204737798,xgb
2022-12-30,ISP.MI,0.12045308362719485,0.00863540731370449,0.004909080918878317,0.11181767631349036,0.11554400270831654,xgb
2022-12-30,ITX.MC,0.13914916713450012,0.004642133601009846,0.0025952474679797888,0.13450703353349028,0.13655391966652033,xgb
2022-12-30,MBG.DE,0.09797176165355358,0.0007526559638790786,0.0022676163353025913,0.0972191056896745,0.09570414531825099,xgb_sentiment
2022-12-30,MC.PA,0.1611646844652997,0.006805445067584515,0.006056508515030146,0.15435923939771518,0.15510817595026954,xgb
2022-12-30,MUV2.DE,0.08629845116730858,0.0026915068738162518,0.00618960103020072,0.08360694429349233,0.08010885013710786,xgb_sentiment
2022-12-30,NESN.SW,0.019928197369603294,0.0014577145921066403,0.001655237516388297,0.018470482777496654,0.018272959853214997,xgb_sentiment
2022-12-30,NOVN.SW,-0.022123406164048436,-0.0008563462761230767,-0.0006086984649300575,0.02126705988792536,0.02151470769911838,xgb
2022-12-30,OR.PA,0.13101764846519054,0.009137935005128384,0.008721321821212769,0.12187971346006216,0.12229632664397777,xgb
2022-12-30,PHIA.AS,0.1727069233530513,-0.011875185184180737,-0.010082739405333996,0.18458210853723203,0.1827896627583853,xgb_sentiment
2022-12-30,RO.SW,-0.06685330713366962,0.0004198010137770325,0.0005849240114912391,0.06727310814744665,0.06743823114516086,xgb
2022-12-30,SAN.PA,-0.0005565540655935386,0.0016365264309570193,0.002260145265609026,0.002193080496550558,0.0028166993312025647,xgb
2022-12-30,SAP.DE,0.10536044037107507,0.010747002437710762,0.010237221606075764,0.09461343793336431,0.09512321876499931,xgb
2022-12-30,SIE.DE,0.09989977554102748,0.004010656848549843,0.0038884540554136038,0.09588911869247764,0.09601132148561388,xgb
2022-12-30,STMMI.MI,0.27828354456667903,0.02379523403942585,0.023008594289422035,0.2544883105272532,0.255274950277257,xgb
2022-12-30,SU.PA,0.11859858799328962,-0.013549068942666054,-0.006981245242059231,0.13214765693595568,0.12557983323534885,xgb_sentiment
2022-12-30,TEF.MC,0.034551311690688924,-0.017888719215989113,-0.02144269458949566,0.05244003090667804,0.05599400628018458,xgb
2022-12-30,TTE.PA,-0.000862913485641446,-0.007601418066769838,-0.004206797573715448,0.006738504581128392,0.003343884088074002,xgb_sentiment
2022-12-30,UBSG.SW,0.12591800375755016,-0.005929701961576939,-0.008162879385054111,0.1318477057191271,0.13408088314260427,xgb
2022-12-30,UCG.MI,0.18229645754464424,-0.01118073333054781,-0.011998236179351807,0.19347719087519205,0.19429469372399605,xgb
2022-12-30,VOW3.DE,0.08113895716867384,0.0066054691560566425,0.006881911773234606,0.0745334880126172,0.07425704539543923,xgb_sentiment
2022-12-30,WKL.AS,0.02145386739960649,0.002001859713345766,-0.00023445549595635384,0.019452007686260726,0.021688322895562846,xgb
2023-01-31,ABBN.SW,-0.0011413196268346693,0.0009726271382533014,0.0016274219378829002,0.0021139467650879706,0.0027687415647175695,xgb
2023-01-31,AD.AS,0.07099921648718095,0.0020303544588387012,0.002877763705328107,0.06896886202834225,0.06812145278185285,xgb_sentiment
2023-01-31,AI.PA,0.022074156677742353,5.9427955420687795e-05,0.00031704865978099406,0.022014728722321665,0.02175710801796136,xgb_sentiment
2023-01-31,AIR.PA,0.06310066502321773,0.0027281721122562885,0.0031603719107806683,0.060372492910961445,0.059940293112437065,xgb_sentiment
2023-01-31,ALV.DE,0.009534735897579062,-0.0007886930252425373,-0.0006669191643595695,0.0103234289228216,0.010201655061938632,xgb_sentiment
2023-01-31,ASML.AS,-0.04543491399203622,0.012073671445250511,0.012984778732061386,0.05750858543728673,0.058419692724097604,xgb
2023-01-31,BAS.DE,-0.07992346618955266,-0.0003674480249173939,0.000965550250839442,0.07955601816463527,0.0808890164403921,xgb
2023-01-31,BMW.DE,0.06347867076829576,-0.00026574614457786083,0.00010760776785900816,0.06374441691287362,0.06337106300043675,xgb_sentiment
2023-01-31,BNP.PA,0.007917787093760424,-0.032677751034498215,-0.029789801687002182,0.04059553812825864,0.03770758878076261,xgb_sentiment
2023-01-31,CAC.PA,0.019605644642362658,-0.004126429092139006,-0.003525277366861701,0.023732073734501664,0.02313092200922436,xgb_sentiment
2023-01-31,CAP.PA,0.02526754746271478,-0.0013348867651075125,-0.00029254850232973695,0.026602434227822293,0.025560095965044518,xgb_sentiment
2023-01-31,CFR.SW,0.023615331863129106,0.01279164757579565,0.011900501325726509,0.010823684287333456,0.011714830537402597,xgb
2023-01-31,DTE.DE,0.03342054894769585,-0.0012251174775883555,-0.002370254835113883,0.0346456664252842,0.03579080378280973,xgb
2023-01-31,ENEL.MI,-0.036072276995755805,-0.003781543578952551,-0.005096107255667448,0.032290733416803254,0.030976169740088356,xgb_sentiment
2023-01-31,ENI.MI,-0.07078300848109244,0.0016811087261885405,0.0032315177377313375,0.07246411720728098,0.07401452621882378,xgb
2023-01-31,EWI,0.021214110210443945,0.003624006174504757,0.0028058006428182125,0.017590104035939188,0.018408309567625732,xgb
2023-01-31,EWL,-0.01668618701083342,0.0037914877757430077,0.004224332515150309,0.020477674786576427,0.020910519525983728,xgb
2023-01-31,EWN,-0.002355163262812071,-0.0014865846605971456,-0.002527471398934722,0.0008685786022149256,0.00017230813612265083,xgb_sentiment
2023-01-31,EWP,0.046478551083903634,-0.0019781719893217087,-0.004335756879299879,0.04845672307322534,0.05081430796320351,xgb
2023-01-31,EXH7.DE,-0.0015744568657871567,-0.004007689654827118,-0.004965830594301224,0.0024332327890399614,0.0033913737285140673,xgb
2023-01-31,EXH8.DE,0.010502424053214235,-0.002761803101748228,-0.0032108230516314507,0.013264227154962463,0.013713247104845686,xgb
2023-01-31,EXS1.DE,0.011080863687951935,-0.0026672002859413624,-0.0028100840281695127,0.013748063973893297,0.013890947716121448,xgb
2023-01-31,EXSA.DE,0.011426293075356283,-0.001157691003754735,-0.0009550171089358628,0.012583984079111018,0.012381310184292145,xgb_sentiment
2023-01-31,EXV1.DE,0.043773551764879765,-0.005772980861365795,-0.005937355104833841,0.04954653262624556,0.049710906869713606,xgb
2023-01-31,EXV2.DE,0.042899210733720196,0.003969970624893904,0.005881419871002436,0.03892924010882629,0.03701779086271776,xgb_sentiment
2023-01-31,EXV3.DE,-0.008063960277294108,-0.002547020558267832,-0.001908572157844901,0.005516939719026276,0.006155388119449207,xgb
2023-01-31,EXV4.DE,-0.008891476599125968,0.0024027801118791103,0.001417256542481482,0.011294256711005079,0.01030873314160745,xgb_sentiment
2023-01-31,EXV6.DE,-0.040420340126905645,0.0006104410858824849,0.0008803103701211512,0.04103078121278813,0.041300650497026796,xgb
2023-01-31,EXV7.DE,0.005012541129456518,-0.000826238829176873,-0.00044885152601636946,0.005838779958633391,0.005461392655472888,xgb_sentiment
2023-01-31,HEIA.AS,0.05173004937324425,-0.00011634548718575388,0.0005510688642971218,0.05184639486043,0.051178980508947126,xgb_sentiment
2023-01-31,HOLN.SW,0.06931293782860959,-0.009878247044980526,-0.01061447523534298,0.07919118487359011,0.07992741306395257,xgb
2023-01-31,IBE.MC,-0.012643454424190185,-0.0004864546936005354,0.00021755027410108596,0.01215699973058965,0.01286100469829127,xgb
2023-01-31,INGA.AS,-0.0027202373682656726,-0.006895430851727724,-0.008200989104807377,0.004175193483462051,0.005480751736541704,xgb
2023-01-31,ISP.MI,0.05135541053533144,-0.015130267478525639,-0.014538801275193691,0.06648567801385707,0.06589421181052513,xgb_sentiment
2023-01-31,ITX.MC,0.013190033609436155,-0.012521576136350632,-0.011178688146173954,0.025711609745786786,0.02436872175561011,xgb_sentiment
2023-01-31,MBG.DE,0.07325870804751054,0.0012104795314371586,0.002078539691865444,0.07204822851607338,0.0711801683556451,xgb_sentiment
2023-01-31,MC.PA,-0.00979793725623238,-0.003518008626997471,-0.003099102759733796,0.0062799286292349096,0.006698834496498584,xgb
2023-01-31,MUV2.DE,-0.010019740189931785,0.010878014378249645,0.010028209537267685,0.02089775456818143,0.02004794972719947,xgb_sentiment
2023-01-31,NESN.SW,-0.04647012073392216,-0.0015962569741532207,-0.0009752152836881578,0.04487386375976894,0.045494905450234005,xgb
2023-01-31,NOVN.SW,-0.0402249958597278,0.0075118145905435085,0.007865683175623417,0.04773681045027131,0.04809067903535122,xgb
2023-01-31,OR.PA,-0.01613249879365712,-0.017616521567106247,-0.010332683101296425,0.0014840227734491257,0.005799815692360696,xgb
2023-01-31,PHIA.AS,-0.04765264128465724,0.02289581671357155,0.02026885189116001,0.07054845799822879,0.06792149317581725,xgb_sentiment
2023-01-31,RO.SW,-0.13414199346477895,0.009495124220848083,0.013176976703107357,0.14363711768562704,0.1473189701678863,xgb
2023-01-31,SAN.PA,-0.014830018712735048,0.001642886083573103,0.00277452589944005,0.01647290479630815,0.0176045446121751,xgb
2023-01-31,SAP.DE,-0.01637243453029297,0.0012584145879372954,0.0016955521423369646,0.017630849118230266,0.018067986672629936,xgb
2023-01-31,SIE.DE,0.04578635236855713,0.015446801669895649,0.014387507922947407,0.030339550698661483,0.031398844445609725,xgb
2023-01-31,STMMI.MI,0.05823387235619932,-0.01258161012083292,-0.0277596153318882,0.07081548247703223,0.08599348768808751,xgb
2023-01-31,SU.PA,0.0347192861024728,0.0019544370006769896,0.003090490819886327,0.032764849101795814,0.031628795282586476,xgb_sentiment
2023-01-31,TEF.MC,0.1101382414218222,-0.005861821584403515,0.0037718878593295813,0.11600006300622571,0.10636635356249262,xgb_sentiment
2023-01-31,TTE.PA,0.017397797733957755,0.007437246385961771,0.0083604846149683,0.009960551347995984,0.009037313118989455,xgb_sentiment
2023-01-31,UBSG.SW,0.051497067141740904,-0.002247367287054658,-0.00046724549611099064,0.05374443442879556,0.051964312637851895,xgb_sentiment
2023-01-31,UCG.MI,0.05377282336364925,0.023531636223196983,-0.05069383978843689,0.030241187140452264,0.10446666315208614,xgb
2023-01-31,VOW3.DE,0.012214338388841188,0.00014826098049525172,4.1464467358309776e-05,0.012066077408345937,0.012172873921482879,xgb
2023-01-31,WKL.AS,0.09925085340141115,-0.0017850861186161637,-0.0004355519195087254,0.10103593952002732,0.09968640532091988,xgb_sentiment
2023-02-28,ABBN.SW,-0.015547320580581595,0.00290655717253685,0.0028689762111753225,0.018453877753118443,0.018416296791756916,xgb_sentiment
2023-02-28,AD.AS,0.028249441945299915,0.002379771089181304,0.0017998389666900039,0.02586967085611861,0.02644960297860991,xgb
2023-02-28,AI.PA,0.0035801680996091862,-0.005677508190274239,-0.007243966683745384,0.009257676289883426,0.010824134783354571,xgb
2023-02-28,AIR.PA,-0.02547899573809855,-0.002380498219281435,-0.003953478764742613,0.023098497518817113,0.021525516973355936,xgb_sentiment
2023-02-28,ALV.DE,-0.05934520878687519,-0.001824539969675243,-0.002791654085740447,0.05752066881719995,0.056553554701134746,xgb_sentiment
2023-02-28,ASML.AS,0.0366486582749171,0.00624696072191,0.005069879814982414,0.030401697553007097,0.03157877845993468,xgb
2023-02-28,BAS.DE,-0.027078151331513728,0.0060560619458556175,0.0056738886050879955,0.033134213277369345,0.03275203993660172,xgb_sentiment
2023-02-28,BMW.DE,0.011999338088601383,0.008055683225393295,0.005569914355874062,0.003943654863208088,0.006429423732727322,xgb
2023-02-28,BNP.PA,-0.21467615356241349,0.005485239438712597,0.009190662764012814,0.22016139300112608,0.2238668163264263,xgb
2023-02-28,CAC.PA,-0.00984127157172521,0.0004450521955732256,-0.0008932473720051348,0.010286323767298435,0.008948024199720074,xgb_sentiment
2023-02-28,CAP.PA,-0.07106335733115722,0.008640341460704803,0.010878038592636585,0.07970369879186202,0.0819413959237938,xgb
2023-02-28,CFR.SW,0.0065414361920704284,0.01939660683274269,0.018579455092549324,0.012855170640672263,0.012038018900478896,xgb_sentiment
2023-02-28,DTE.DE,0.04037926118067126,-0.002585500944405794,-0.01096019335091114,0.042964762125077056,0.0513394545315824,xgb
2023-02-28,ENEL.MI,0.03529246012775111,0.005371816921979189,0.0059529319405555725,0.029920643205771924,0.02933952818719554,xgb_sentiment
2023-02-28,ENI.MI,-0.03490685460988084,-0.029763158410787582,-0.03538462892174721,0.005143696199093259,0.0004777743118663663,xgb_sentiment
2023-02-28,EWI,-0.018625999544874608,0.00779973529279232,0.007919146679341793,0.026425734837666928,0.0265451462242164,xgb
2023-02-28,EWL,0.005106983950841769,0.00825930293649435,0.00773475831374526,0.0031523189856525816,0.0026277743629034914,xgb_sentiment
2023-02-28,EWN,-0.005964951493656147,0.013434384949505329,0.012589038349688053,0.019399336443161476,0.0185539898433442,xgb_sentiment
2023-02-28,EWP,-0.01982993174194537,0.005098829977214336,0.00539454584941268,0.024928761719159705,0.025224477591358048,xgb
2023-02-28,EXH7.DE,0.02074722216436651,0.0015664825914427638,0.0009771592449396849,0.019180739572923745,0.019770062919426824,xgb
2023-02-28,EXH8.DE,-0.04049508762428219,0.0030194255523383617,0.0017586828907951713,0.04351451317662055,0.04225377051507736,xgb_sentiment
2023-02-28,EXS1.DE,-0.002787247247384218,0.002176737179979682,0.002279402920976281,0.0049639844273639,0.005066650168360499,xgb
2023-02-28,EXSA.DE,-0.02059363149177602,-0.0036296884063631296,-0.003502482082694769,0.01696394308541289,0.01709114940908125,xgb
2023-02-28,EXV1.DE,-0.15062409185206477,-0.0041674599051475525,-0.003307831007987261,0.14645663194691722,0.1473162608440775,xgb
2023-02-28,EXV2.DE,0.0010085346149103778,-0.001652285922318697,-0.00212869793176651,0.002660820537229075,0.003137232546676888,xgb
2023-02-28,EXV3.DE,0.02502060998134576,0.007929000072181225,0.008194400928914547,0.017091609909164536,0.016826209052431214,xgb_sentiment
2023-02-28,EXV4.DE,0.02971100473533172,-0.0008151374058797956,-0.0021397219970822334,0.030526142141211514,0.03185072673241395,xgb
2023-02-28,EXV6.DE,-0.05529908760136563,0.019914450123906136,0.018105650320649147,0.07521353772527176,0.07340473792201477,xgb_sentiment
2023-02-28,EXV7.DE,-0.02261981627647078,0.001065199263393879,0.001435002195648849,0.02368501553986466,0.02405481847211963,xgb
2023-02-28,HEIA.AS,0.0199042868654313,-0.011102767661213875,-0.009316200390458107,0.031007054526645175,0.029220487255889407,xgb_sentiment
2023-02-28,HOLN.SW,-0.009167931729453753,-0.011962010525166988,-0.010576645843684673,0.002794078795713235,0.00140871411423092,xgb_sentiment
2023-02-28,IBE.MC,0.041024458165393726,-0.007167719304561615,-0.006167238112539053,0.04819217746995534,0.04719169627793278,xgb_sentiment
2023-02-28,INGA.AS,-0.19956553914460445,0.00971955619752407,0.018844950944185257,0.20928509534212852,0.2184104900887897,xgb
2023-02-28,ISP.MI,-0.09558354815380751,0.013257399201393127,0.008694181218743324,0.10884094735520064,0.10427772937255084,xgb_sentiment
2023-02-28,ITX.MC,0.02243474478453255,0.009495222009718418,0.003762176027521491,0.012939522774814131,0.01867256875701106,xgb
2023-02-28,MBG.DE,-0.03202857415687186,0.006305956281721592,0.005649079568684101,0.03833453043859345,0.03767765372555596,xgb_sentiment
2023-02-28,MC.PA,0.04097410310137855,0.01861349307000637,0.013906131498515606,0.02236061003137218,0.027067971602862943,xgb
2023-02-28,MUV2.DE,-0.011411095095251714,0.020867379382252693,0.02551780268549919,0.032278474477504406,0.036928897780750904,xgb
2023-02-28,NESN.SW,0.049273839441698185,0.006240550894290209,0.007920661941170692,0.043033288547407976,0.04135317750052749,xgb_sentiment
2023-02-28,NOVN.SW,0.08472829600522577,0.005369015038013458,0.006346479058265686,0.07935928096721231,0.07838181694696009,xgb_sentiment
2023-02-28,OR.PA,0.07149574680849755,-0.0025015054270625114,-0.0020881874952465296,0.07399725223556006,0.07358393430374408,xgb_sentiment
2023-02-28,PHIA.AS,0.005422111573548519,0.017130963504314423,0.01397673599421978,0.011708851930765905,0.008554624420671262,xgb_sentiment
2023-02-28,RO.SW,-0.044057287763929295,0.040710482746362686,0.041615620255470276,0.08476777051029198,0.08567290801939957,xgb
2023-02-28,SAN.PA,0.12772084289349328,0.0034400641452521086,0.004656474571675062,0.12428077874824117,0.12306436832181822,xgb_sentiment
2023-02-28,SAP.DE,0.06414309861758553,0.006466671824455261,0.006855235900729895,0.05767642679313027,0.05728786271685564,xgb_sentiment
2023-02-28,SIE.DE,0.01099678293563963,0.007885017432272434,0.013644889928400517,0.003111765503367196,0.0026481069927608864,xgb_sentiment
2023-02-28,STMMI.MI,0.04327033834740994,0.0023536845110356808,-0.0008552358485758305,0.04091665383637426,0.04412557419598577,xgb
2023-02-28,SU.PA,-0.020589178947851967,0.006311120465397835,0.004423785954713821,0.0269002994132498,0.025012964902565788,xgb_sentiment
2023-02-28,TEF.MC,0.00724835454022083,0.0026839745696634054,0.003861132776364684,0.004564379970557425,0.003387221763856146,xgb_sentiment
2023-02-28,TTE.PA,-0.07162953030533568,0.006241755560040474,0.005142065696418285,0.07787128586537616,0.07677159600175397,xgb_sentiment
2023-02-28,UBSG.SW,-0.11066371495706988,8.229638478951529e-05,-0.001878864481113851,0.1107460113418594,0.10878485047595603,xgb_sentiment
2023-02-28,UCG.MI,-0.11477686724282919,0.008329492062330246,0.004228931851685047,0.12310635930515944,0.11900579909451424,xgb_sentiment
2023-02-28,VOW3.DE,-0.052124940406313956,0.0022276726085692644,0.002793746767565608,0.05435261301488322,0.054918687173879564,xgb
2023-02-28,WKL.AS,0.052069697214167286,-0.008121130056679249,-0.008790789172053337,0.060190827270846535,0.06086048638622062,xgb
2023-03-31,ABBN.SW,0.03111576245596011,0.002689264714717865,0.0022156296763569117,0.028426497741242247,0.0289001327796032,xgb
2023-03-31,AD.AS,0.01696340095845601,-0.0069461241364479065,-0.005726289469748735,0.023909525094903916,0.022689690428204744,xgb_sentiment
2023-03-31,AI.PA,0.04909885310187099,-0.0026291764806956053,-0.003201056504622102,0.051728029582566594,0.05229990960649309,xgb
2023-03-31,AIR.PA,0.03086700495265172,0.015405885875225067,0.014910338446497917,0.015461119077426654,0.015956666506153804,xgb
2023-03-31,ALV.DE,0.043899874370338536,0.0027265497483313084,0.00015444144082721323,0.04117332462200723,0.04374543292951132,xgb
2023-03-31,ASML.AS,-0.08436054228505913,-0.012911561876535416,-0.00877275038510561,0.07144898040852371,0.07558779189995352,xgb
2023-03-31,BAS.DE,0.005567252354737958,0.00205620052292943,0.0025708999019116163,0.0035110518318085277,0.0029963524528263414,xgb_sentiment
2023-03-31,BMW.DE,-0.003572884009121827,-0.007356895599514246,-0.009782918728888035,0.003784011590392419,0.006210034719766208,xgb
2023-03-31,BNP.PA,0.03120526065794692,0.043898873031139374,0.03601150959730148,0.012693612373192453,0.004806248939354562,xgb_sentiment
2023-03-31,CAC.PA,0.01568120950587897,-0.01432454027235508,-0.014201726764440536,0.03000574977823405,0.029882936270319505,xgb_sentiment
2023-03-31,CAP.PA,-0.038202016203466,0.014859243296086788,0.015236294828355312,0.05306125949955279,0.05343831103182131,xgb
2023-03-31,CFR.SW,0.027036737276834453,0.0045920489355921745,0.0007857931195758283,0.02244468834124228,0.026250944157258625,xgb
2023-03-31,DTE.DE,-0.013991893603745743,-0.002953912131488323,-0.0021422707941383123,0.01103798147225742,0.01184962280960743,xgb
2023-03-31,ENEL.MI,0.08038422653937347,-0.010873585939407349,-0.00867756363004446,0.09125781247878081,0.08906179016941793,xgb_sentiment
2023-03-31,ENI.MI,0.02024938299599079,0.011183158494532108,0.011869383975863457,0.009066224501458681,0.008379999020127333,xgb_sentiment
2023-03-31,EWI,0.014907808438157102,0.018790394067764282,0.016918469220399857,0.00388258562960718,0.002010660782242754,xgb_sentiment
2023-03-31,EWL,0.052379664278534,0.0021875628735870123,0.00242812791839242,0.05019210140494699,0.04995153636014158,xgb_sentiment
2023-03-31,EWN,-0.013995642135002453,0.007801434490829706,0.007641238626092672,0.02179707662583216,0.021636880761095125,xgb_sentiment
2023-03-31,EWP,0.0005317252094763889,0.012958870269358158,0.015198826789855957,0.012427145059881768,0.014667101580379567,xgb
2023-03-31,EXH7.DE,0.03601888808344157,-0.02131497859954834,-0.019959742203354836,0.05733386668298991,0.05597863028679641,xgb_sentiment
2023-03-31,EXH8.DE,-0.006486627903519021,-0.007670367602258921,-0.008640419691801071,0.0011837396987398998,0.0021537917882820503,xgb
2023-03-31,EXS1.DE,0.003941704776732295,-0.016121406108140945,-0.0165393203496933,0.02006311088487324,0.020481025126425592,xgb
2023-03-31,EXSA.DE,0.014358671889017903,-0.012961359694600105,-0.008369199000298977,0.02732003158361801,0.02272787088931688,xgb_sentiment
2023-03-31,EXV1.DE,0.019121687397408556,0.029603052884340286,0.02846197597682476,0.01048136548693173,0.009340288579416205,xgb_sentiment
2023-03-31,EXV2.DE,-8.909006034937598e-05,-0.0020431058946996927,-0.003573901019990444,0.0019540158343503166,0.003484810959641068,xgb
2023-03-31,EXV3.DE,-0.04614457181542873,-0.0095664719119668,-0.00598507933318615,0.036578099903461926,0.04015949248224258,xgb
2023-03-31,EXV4.DE,0.04306754764466011,-0.008645439520478249,-0.009828329086303711,0.051712987165138356,0.05289587673096382,xgb
2023-03-31,EXV6.DE,-0.0728053748451347,0.00560124684125185,0.007382446900010109,0.07840662168638655,0.08018782174514481,xgb
2023-03-31,EXV7.DE,0.014227033098506299,-0.0017466075951233506,-0.0004782780888490379,0.01597364069362965,0.014705311187355337,xgb_sentiment
2023-03-31,HEIA.AS,0.05684278024504168,0.0004848561075050384,0.0005063271964900196,0.05635792413753664,0.05633645304855166,xgb_sentiment
2023-03-31,HOLN.SW,0.007290923777488561,0.007771471049636602,0.010761559009552002,0.0004805472721480415,0.003470635232063441,xgb
2023-03-31,IBE.MC,0.023664261396731057,-0.00327009754255414,-0.003597014117985964,0.026934358939285197,0.02726127551471702,xgb
2023-03-31,INGA.AS,0.04261204858194179,0.08652820438146591,0.0620291642844677,0.04391615579952412,0.019417115702525904,xgb_sentiment
2023-03-31,ISP.MI,-0.01661030330047321,0.018768534064292908,0.02265596017241478,0.035378837364766116,0.03926626347288799,xgb
2023-03-31,ITX.MC,0.016951066051159997,-0.012823140248656273,-0.010288948193192482,0.02977420629981627,0.02724001424435248,xgb_sentiment
2023-03-31,MBG.DE,-0.017386783039943877,0.01643289066851139,0.01576445996761322,0.03381967370845527,0.0331512430075571,xgb_sentiment
2023-03-31,MC.PA,0.03616219266137213,-0.009343172423541546,-0.008719776757061481,0.04550536508491368,0.044881969418433615,xgb_sentiment
2023-03-31,MUV2.DE,0.03862427152546003,0.009567455388605595,0.008432863280177116,0.029056816136854437,0.030191408245282915,xgb
2023-03-31,NESN.SW,0.06654740236375885,-0.00387366465292871,-0.003706593532115221,0.07042106701668756,0.07025399589587407,xgb_sentiment
2023-03-31,NOVN.SW,0.10964329313072393,0.006366833578795195,0.005113012157380581,0.10327645955192874,0.10453028097334335,xgb
2023-03-31,OR.PA,0.06029977207058423,-0.010555032640695572,-0.009353753179311752,0.0708548047112798,0.06965352524989599,xgb_sentiment
2023-03-31,PHIA.AS,0.1244920793181362,0.019310256466269493,0.0222739540040493,0.10518182285186671,0.1022181253140869,xgb_sentiment
2023-03-31,RO.SW,0.10972326179270032,0.0029734019190073013,0.0015108089428395033,0.10674985987369302,0.10821245284986082,xgb
2023-03-31,SAN.PA,-0.03110529939033644,-0.0009559711907058954,-0.0012095313286408782,0.030149328199630544,0.02989576806169556,xgb_sentiment
2023-03-31,SAP.DE,0.049585797142301165,-0.009281972423195839,-0.006681698374450207,0.058867769565497004,0.05626749551675137,xgb_sentiment
2023-03-31,SIE.DE,-0.013082723379681317,-0.0034612873569130898,-0.001266231294721365,0.009621436022768227,0.011816492084959952,xgb
2023-03-31,STMMI.MI,-0.22365444622828817,-0.032854706048965454,-0.031214391812682152,0.19079974017932272,0.19244005441560602,xgb
2023-03-31,SU.PA,0.01511178132782069,0.015405341051518917,0.013964544050395489,0.0002935597236982269,0.0011472372774252015,xgb
2023-03-31,TEF.MC,0.018454364778242735,-0.01087342668324709,-0.01021693367511034,0.029327791461489824,0.028671298453353075,xgb_sentiment
2023-03-31,TTE.PA,0.011704465491230201,0.01750192604959011,0.01838771440088749,0.0057974605583599095,0.006683248909657288,xgb
2023-03-31,UBSG.SW,-0.043115618651961854,0.031055675819516182,0.024482838809490204,0.07417129447147804,0.06759845746145206,xgb_sentiment
2023-03-31,UCG.MI,0.06420602388447336,-0.12376013398170471,-0.10197985172271729,0.18796615786617807,0.16618587560719064,xgb_sentiment
2023-03-31,VOW3.DE,-0.019287000317335726,0.0009097927832044661,0.0016935623716562986,0.020196793100540192,0.020980562688992024,xgb
2023-03-31,WKL.AS,-0.017339049324478596,-0.0020280766766518354,-0.0067960466258227825,0.01531097264782676,0.010543002698655813,xgb_sentiment
2023-04-28,ABBN.SW,0.06389013027454836,0.005411808378994465,0.006758281961083412,0.058478321895553895,0.05713184831346495,xgb_sentiment
2023-04-28,AD.AS,-0.023824116647135407,0.00447540869936347,0.003202183172106743,0.028299525346498877,0.02702629981924215,xgb_sentiment
2023-04-28,AI.PA,-0.0036221250230173098,0.005725760478526354,0.0035378928296267986,0.009347885501543664,0.007160017852644108,xgb_sentiment
2023-04-28,AIR.PA,-0.014737566545090569,0.002736619208008051,0.003004693891853094,0.01747418575309862,0.017742260436943665,xgb
2023-04-28,ALV.DE,-0.03762097411076313,0.004521150607615709,0.0036238308530300856,0.04214212471837884,0.041244804963793215,xgb_sentiment
2023-04-28,ASML.AS,0.16473118248827057,0.023008346557617188,0.02428056113421917,0.14172283593065338,0.1404506213540514,xgb_sentiment
2023-04-28,BAS.DE,-0.0030997020289949104,0.011612361297011375,0.012129525654017925,0.014712063326006285,0.015229227683012835,xgb
2023-04-28,BMW.DE,0.11042055702033607,0.009597942233085632,0.009775981307029724,0.10082261478725044,0.10064457571330634,xgb_sentiment
2023-04-28,BNP.PA,0.02395487443946948,0.005868451204150915,0.005069415550678968,0.018086423235318564,0.01888545888879051,xgb
2023-04-28,CAC.PA,-0.01628490409826485,0.0022472406271845102,0.0032258923165500164,0.01853214472544936,0.019510796414814867,xgb
2023-04-28,CAP.PA,-0.045913772716396746,0.005543831270188093,0.006849041674286127,0.05145760398658484,0.05276281439068287,xgb
2023-04-28,CFR.SW,0.03441211142790074,0.0075674778781831264,0.011806078255176544,0.02684463354971761,0.022606033172724194,xgb_sentiment
2023-04-28,DTE.DE,-0.03843490507618238,0.00452389707788825,0.0035619549453258514,0.04295880215407063,0.04199686002150823,xgb_sentiment
2023-04-28,ENEL.MI,-0.03982099154052118,-0.0029715592972934246,-0.0030104010365903378,0.03684943224322776,0.036810590503930846,xgb_sentiment
2023-04-28,ENI.MI,-0.022827800281558085,0.0005956097738817334,0.0015499615110456944,0.023423410055439818,0.02437776179260378,xgb
2023-04-28,EWI,-0.010031845075387718,-0.00051612633978948,0.00022627439466305077,0.009515718735598238,0.010258119470050769,xgb
2023-04-28,EWL,0.012561100948206722,-0.0009207775583490729,-0.0005948689067736268,0.013481878506555795,0.013155969854980349,xgb_sentiment
2023-04-28,EWN,0.04445239864840825,-0.003077829722315073,-0.0024874177761375904,0.04753022837072332,0.04693981642454584,xgb_sentiment
2023-04-28,EWP,-0.008801168846519642,3.1195122573990375e-05,-0.0002544639864936471,0.008832363969093633,0.008546704860025995,xgb_sentiment
2023-04-28,EXH7.DE,-0.04158751586035666,0.0017651708330959082,0.0021506515331566334,0.04335268669345257,0.04373816739351329,xgb
2023-04-28,EXH8.DE,-0.04834696387116324,0.0003523105406202376,0.00037237987271510065,0.048699274411783476,0.04871934374387834,xgb
2023-04-28,EXS1.DE,-0.0016433949222490727,0.003220119746401906,0.003356591332703829,0.0048635146686509785,0.004999986254952901,xgb
2023-04-28,EXSA.DE,-0.006797212537828995,0.001445443369448185,-0.0001610393519513309,0.00824265590727718,0.006636173185877664,xgb_sentiment
2023-04-28,EXV1.DE,0.01409227320099712,0.005226775072515011,0.00510844960808754,0.00886549812848211,0.008983823592909581,xgb
2023-04-28,EXV2.DE,-0.05226121522846877,0.001775135169737041,0.001006387174129486,0.05403635039820581,0.05326760240259826,xgb_sentiment
2023-04-28,EXV3.DE,0.06831183300505049,0.008743907324969769,0.008083472028374672,0.05956792568008072,0.06022836097667582,xgb
2023-04-28,EXV4.DE,0.009010076412140956,0.00021530946833081543,0.00033089282806031406,0.00879476694381014,0.008679183584080642,xgb_sentiment
2023-04-28,EXV6.DE,-0.025869009736210143,0.017348693683743477,0.018013188615441322,0.043217703419953624,0.04388219835165147,xgb
2023-04-28,EXV7.DE,-0.019060772779871615,0.0019331213552504778,0.0015134952263906598,0.020993894135122093,0.020574268006262275,xgb_sentiment
2023-04-28,HEIA.AS,-0.04370952353869495,0.00017177753034047782,-0.00014356261817738414,0.04388130106903543,0.043565960920517566,xgb_sentiment
2023-04-28,HOLN.SW,0.018073829602921677,0.004210585728287697,0.006297859363257885,0.01386324387463398,0.011775970239663792,xgb_sentiment
2023-04-28,IBE.MC,-0.027540343825761444,-0.000960682169534266,-0.0019772127270698547,0.026579661656227178,0.02556313109869159,xgb_sentiment
2023-04-28,INGA.AS,0.06598820673196122,0.010630663484334946,0.009771633893251419,0.055357543247626276,0.0562165728387098,xgb
2023-04-28,ISP.MI,-0.031009560923244337,0.01847158931195736,0.017163971439003944,0.04948115023520169,0.04817353236224828,xgb_sentiment
2023-04-28,ITX.MC,0.0025640831479325377,-0.0014470176538452506,-0.0020748802926391363,0.004011100801777788,0.004638963440571674,xgb
2023-04-28,MBG.DE,0.08508810334807954,0.0034187163691967726,0.004703606478869915,0.08166938697888276,0.08038449686920962,xgb_sentiment
2023-04-28,MC.PA,-0.03623999130439347,0.007350961212068796,0.00538271851837635,0.043590952516462264,0.04162270982276982,xgb_sentiment
2023-04-28,MUV2.DE,0.01653545286116041,-0.0018227733671665192,-0.0024280615616589785,0.01835822622832693,0.018963514422819388,xgb
2023-04-28,NESN.SW,-0.005843928791827182,-0.0009086099453270435,-0.001365675125271082,0.004935318846500138,0.0044782536665561,xgb_sentiment
2023-04-28,NOVN.SW,-0.008791294726619655,0.0001619210815988481,-0.0004285995673853904,0.008953215808218503,0.008362695159234265,xgb_sentiment
2023-04-28,OR.PA,-0.058525482311812295,-0.0012106832582503557,-0.002056992379948497,0.05731479905356194,0.0564684899318638,xgb_sentiment
2023-04-28,PHIA.AS,-0.0021934104084228513,0.025368554517626762,0.02820468693971634,0.027561964926049613,0.03039809734813919,xgb
2023-04-28,RO.SW,0.056058065189596884,0.02136928401887417,0.022779935970902443,0.034688781170722716,0.03327812921869444,xgb_sentiment
2023-04-28,SAN.PA,-0.010555579875606748,0.0050734723918139935,0.0038751992397010326,0.015629052267420743,0.01443077911530778,xgb_sentiment
2023-04-28,SAP.DE,0.00889554400736068,-0.010046090930700302,-0.014541895128786564,0.018941634938060982,0.023437439136147244,xgb
2023-04-28,SIE.DE,0.046581138876821276,0.004332109820097685,0.004547967109829187,0.04224902905672359,0.04203317176699209,xgb_sentiment
2023-04-28,STMMI.MI,0.04066108023806323,0.05858275294303894,0.04156886413693428,0.01792167270497571,0.0009077838988710493,xgb_sentiment
2023-04-28,SU.PA,0.059056526087681645,0.005352663807570934,0.0066331434063613415,0.05370386228011071,0.0524233826813203,xgb_sentiment
2023-04-28,TEF.MC,-0.03754449401869833,0.0006320917163975537,0.0007738499552942812,0.038176585735095886,0.038318343973992613,xgb
2023-04-28,TTE.PA,-0.038889431286821007,-0.005237638019025326,-0.002671043388545513,0.03365179326779568,0.03621838789827549,xgb
2023-04-28,UBSG.SW,0.0075330858984980955,0.017341798171401024,0.01770099811255932,0.009808712272902928,0.010167912214061223,xgb
2023-04-28,UCG.MI,0.03956363391701158,0.004026706796139479,0.014252099208533764,0.0355369271208721,0.025311534708477815,xgb_sentiment
2023-04-28,VOW3.DE,0.04344994515636889,0.0030781212262809277,0.0033997383434325457,0.04037182393008796,0.04005020681293634,xgb_sentiment
2023-04-28,WKL.AS,-0.1047428943975109,0.004159143660217524,0.003371727652847767,0.10890203805772843,0.10811462205035867,xgb_sentiment
2023-05-31,ABBN.SW,0.02911268270118351,0.0036414265632629395,0.0030073204543441534,0.025471256137920572,0.026105362246839358,xgb
2023-05-31,AD.AS,0.04370397451042244,-0.005073035601526499,-0.007052741479128599,0.04877701011194894,0.05075671598955104,xgb
2023-05-31,AI.PA,0.04102631063795809,0.004248478915542364,0.004262478556483984,0.03677783172241573,0.03676383208147411,xgb_sentiment
2023-05-31,AIR.PA,0.06416109561290072,0.005375040229409933,0.007251367904245853,0.058786055383490785,0.056909727708654864,xgb_sentiment
2023-05-31,ALV.DE,0.05387772739742783,0.012926483526825905,0.011271015740931034,0.04095124387060192,0.04260671165649679,xgb
2023-05-31,ASML.AS,-0.00462739111934088,0.010742787271738052,0.009762936271727085,0.015370178391078931,0.014390327391067964,xgb_sentiment
2023-05-31,BAS.DE,-0.008478879763892298,0.010801096446812153,0.01093227881938219,0.01927997621070445,0.01941115858327449,xgb
2023-05-31,BMW.DE,0.08570223578112114,0.007762450724840164,0.006825682707130909,0.07793978505628098,0.07887655307399023,xgb
2023-05-31,BNP.PA,0.050191154359944694,-0.007635102141648531,-0.00950587633997202,0.057826256501593225,0.05969703069991671,xgb
2023-05-31,CAC.PA,0.03224752734484393,0.003266805550083518,0.00488606933504343,0.02898072179476041,0.0273614580098005,xgb_sentiment
2023-05-31,CAP.PA,0.04180421001907879,0.01866922713816166,0.01262662373483181,0.02313498288091713,0.02917758628424698,xgb
2023-05-31,CFR.SW,0.03271915427668346,0.03363063186407089,0.03444916009902954,0.0009114775873874312,0.0017300058223460799,xgb
2023-05-31,DTE.DE,-0.04007915425057995,0.005489146802574396,0.00620341906324029,0.04556830105315435,0.04628257331382024,xgb
2023-05-31,ENEL.MI,0.04652778897541546,0.013014967553317547,0.012312895618379116,0.03351282142209791,0.03421489335703634,xgb
2023-05-31,ENI.MI,0.03457594293077094,-0.016027873381972313,-0.019983163103461266,0.05060381631274325,0.0545591060342322,xgb
2023-05-31,EWI,0.06328219467126316,0.010739240795373917,0.010899816639721394,0.05254295387588924,0.05238237803154176,xgb_sentiment
2023-05-31,EWL,-0.01025140128241677,0.003471317235380411,0.003030461026355624,0.013722718517797182,0.013281862308772395,xgb_sentiment
2023-05-31,EWN,0.01640545925295505,-0.002449251478537917,-0.0040294635109603405,0.018854710731492967,0.02043492276391539,xgb
2023-05-31,EWP,0.05055901291481272,0.008737782016396523,0.009275335818529129,0.041821230898416197,0.04128367709628359,xgb_sentiment
2023-05-31,EXH7.DE,0.024227288913264547,0.006831093691289425,0.009114106185734272,0.017396195221975122,0.015113182727530275,xgb_sentiment
2023-05-31,EXH8.DE,0.07342348732809609,0.0069347405806183815,0.0059725260362029076,0.0664887467474777,0.06745096129189318,xgb
2023-05-31,EXS1.DE,0.017974993568088442,0.004393199924379587,0.004926472436636686,0.013581793643708855,0.013048521131451756,xgb_sentiment
2023-05-31,EXSA.DE,0.013306367966502766,-5.946243982180022e-05,-0.0003875921538565308,0.013365830406324566,0.013693960120359297,xgb
2023-05-31,EXV1.DE,0.057181080825740124,-0.0040961941704154015,-0.006961008068174124,0.061277274996155526,0.06414208889391425,xgb
2023-05-31,EXV2.DE,-0.02857635872139893,0.0013701122952625155,0.002721438417211175,0.029946471016661445,0.031297797138610105,xgb
2023-05-31,EXV3.DE,0.011086818695973553,-0.0021557037252932787,-0.002344599924981594,0.013242522421266832,0.013431418620955147,xgb
2023-05-31,EXV4.DE,-0.021750129062831712,0.0016346453921869397,0.0017492154147475958,0.023384774455018652,0.023499344477579308,xgb
2023-05-31,EXV6.DE,0.020855318175666295,0.008481936529278755,0.010393084026873112,0.01237338164638754,0.010462234148793183,xgb_sentiment
2023-05-31,EXV7.DE,0.009941888141603357,0.0042980811558663845,0.0061146849766373634,0.005643806985736972,0.0038272031649659935,xgb_sentiment
2023-05-31,HEIA.AS,-0.012568092750286478,-0.011157160624861717,-0.008968699723482132,0.001410932125424761,0.0035993930268043463,xgb
2023-05-31,HOLN.SW,0.05653573907079742,0.008226629346609116,0.008307179436087608,0.0483091097241883,0.04822855963470981,xgb_sentiment
2023-05-31,IBE.MC,0.039136316935087886,0.0036713238805532455,0.0046966299414634705,0.03546499305453464,0.034439686993624416,xgb_sentiment
2023-05-31,INGA.AS,0.05708122072759296,0.0014482111437246203,0.0035049926955252886,0.05563300958386834,0.05357622803206767,xgb_sentiment
2023-05-31,ISP.MI,0.10159558468957183,0.016685737296938896,0.017068183049559593,0.08490984739263294,0.08452740164001224,xgb_sentiment
2023-05-31,ITX.MC,0.11176378688044565,0.006145722232758999,0.0071940007619559765,0.10561806464768665,0.10456978611848967,xgb_sentiment
2023-05-31,MBG.DE,0.04498128740187136,-0.0013909580884501338,-0.0017286017537117004,0.04637224549032149,0.04670988915558306,xgb
2023-05-31,MC.PA,0.04926381759613581,0.02588820643723011,0.027554137632250786,0.0233756111589057,0.021709679963885023,xgb_sentiment
2023-05-31,MUV2.DE,0.013973752540148718,-0.001947638695128262,-0.002037279075011611,0.01592139123527698,0.016011031615160327,xgb
2023-05-31,NESN.SW,-0.015745267926316635,0.003504139371216297,0.000655416282825172,0.019249407297532932,0.016400684209141807,xgb_sentiment
2023-05-31,NOVN.SW,0.015729336555341738,0.013342088088393211,0.014244051650166512,0.0023872484669485265,0.0014852849051752263,xgb_sentiment
2023-05-31,OR.PA,0.05057869559083156,0.015048978850245476,0.013225113973021507,0.03552971674058608,0.03735358161781005,xgb
2023-05-31,PHIA.AS,0.09630914406336495,0.015780195593833923,0.016084562987089157,0.08052894846953103,0.0802245810762758,xgb_sentiment
2023-05-31,RO.SW,-0.055346270510545324,0.02070792019367218,0.01675337925553322,0.07605419070421751,0.07209964976607855,xgb_sentiment
2023-05-31,SAN.PA,0.030107111476805812,-0.00027574889827519655,0.001808864763006568,0.03038286037508101,0.028298246713799245,xgb_sentiment
2023-05-31,SAP.DE,0.009773642980552454,0.0017896300414577127,0.0034479000605642796,0.007984012939094742,0.006325742919988175,xgb_sentiment
2023-05-31,SIE.DE,-0.018163084418317293,0.006405733525753021,0.0038375258445739746,0.024568817944070315,0.022000610262891268,xgb_sentiment
2023-05-31,STMMI.MI,0.09622490808757812,0.003738377708941698,0.0028488952666521072,0.09248653037863643,0.09337601282092602,xgb
2023-05-31,SU.PA,0.010113552032807803,5.348401464289054e-05,0.0003630063438322395,0.010060068018164912,0.009750545688975563,xgb_sentiment
2023-05-31,TEF.MC,-0.033888730599583194,0.0025936514139175415,0.0034005146007984877,0.036482382013500736,0.03728924520038168,xgb
2023-05-31,TTE.PA,-0.007885480988299188,-0.013422277756035328,-0.006401303224265575,0.00553679676773614,0.0014841777640336121,xgb_sentiment
2023-05-31,UBSG.SW,0.030388448625879583,0.0002941171114798635,0.001915187924169004,0.03009433151439972,0.02847326070171058,xgb_sentiment
2023-05-31,UCG.MI,0.1646380959576841,0.042078856378793716,0.04363065958023071,0.1225592395788904,0.1210074363774534,xgb_sentiment
2023-05-31,VOW3.DE,0.048879985849211036,-0.0009159879409708083,0.0009036688134074211,0.049795973790181844,0.047976317035803615,xgb_sentiment
2023-05-31,WKL.AS,0.07571177331020512,0.00507559347897768,0.005606580525636673,0.07063617983122744,0.07010519278456845,xgb_sentiment
2023-06-30,ABBN.SW,0.009702366673295399,-0.002591865137219429,-0.0004901766660623252,0.012294231810514828,0.010192543339357724,xgb_sentiment
2023-06-30,AD.AS,0.003990732253270453,0.0005687227239832282,-0.0002302976936334744,0.0034220095292872245,0.004221029946903927,xgb
2023-06-30,AI.PA,-0.00512882101566177,-0.0025930949486792088,-0.0032939764205366373,0.0025357260669825613,0.0018348445951251327,xgb_sentiment
2023-06-30,AIR.PA,0.012165044615024212,0.0009212743025273085,0.0002475830551702529,0.011243770312496904,0.011917461559853959,xgb
2023-06-30,ALV.DE,0.019508259768526853,-0.002152824541553855,-0.0019634165801107883,0.021661084310080708,0.02147167634863764,xgb_sentiment
2023-06-30,ASML.AS,-0.016423541448612612,0.004209938459098339,0.004203616175800562,0.02063347990771095,0.020627157624413174,xgb_sentiment
2023-06-30,BAS.DE,0.09230060018702624,0.012646187096834183,0.00998677872121334,0.07965441309019206,0.0823138214658129,xgb
2023-06-30,BMW.DE,-0.014862775077361369,-0.00031938395113684237,-0.002253343118354678,0.014543391126224527,0.01260943195900669,xgb_sentiment
2023-06-30,BNP.PA,0.039074112632457726,-0.0064333961345255375,-0.005097107496112585,0.045507508766983264,0.04417122012857031,xgb_sentiment
2023-06-30,CAC.PA,0.01477745808403498,0.002353095915168524,0.002604239620268345,0.012424362168866457,0.012173218463766636,xgb_sentiment
2023-06-30,CAP.PA,-0.05142981941591312,0.0002198134025093168,0.0003561558260116726,0.051649632818422435,0.05178597524192479,xgb
2023-06-30,CFR.SW,-0.05895205748589646,0.002059457590803504,0.003906354308128357,0.06101151507669996,0.06285841179402482,xgb
2023-06-30,DTE.DE,-0.006730586929085785,-0.0008466029539704323,-0.0026114829815924168,0.005883983975115353,0.004119103947493368,xgb_sentiment
2023-06-30,ENEL.MI,0.048795224833667036,0.002964750863611698,0.002136235125362873,0.04583047397005534,0.04665898970830416,xgb
2023-06-30,ENI.MI,0.05188489250233079,-0.00015883150626905262,-0.00013342798047233373,0.05204372400859984,0.052018320482803124,xgb_sentiment
2023-06-30,EWI,0.0368627893384472,0.0014389316784217954,0.0013495484599843621,0.035423857660025405,0.03551324087846284,xgb
2023-06-30,EWL,0.017671500513008687,0.0023343521170318127,0.0028506468515843153,0.015337148395976875,0.014820853661424372,xgb_sentiment
2023-06-30,EWN,0.01756214754131833,-0.0026528658345341682,-0.003186870366334915,0.0202150133758525,0.020749017907653246,xgb
2023-06-30,EWP,0.0008369019187672399,-0.0001056004548445344,-0.00026925592101179063,0.0009425023736117743,0.0011061578397790306,xgb
2023-06-30,EXH7.DE,0.004015475961892057,0.0008572670631110668,0.001498604891821742,0.0031582088987809898,0.0025168710700703145,xgb_sentiment
2023-06-30,EXH8.DE,0.03346116775453786,-0.0015292951138690114,-0.003308511571958661,0.034990462868406874,0.036769679326496524,xgb
2023-06-30,EXS1.DE,0.018880925335178256,0.002131568267941475,0.0021054132375866175,0.01674935706723678,0.01677551209759164,xgb
2023-06-30,EXSA.DE,0.021346169264374486,-0.0017125727608799934,-0.002099275588989258,0.02305874202525448,0.023445444853363744,xgb
2023-06-30,EXV1.DE,0.053211758182382426,-0.0001640796835999936,-0.001028439262881875,0.05337583786598242,0.0542401974452643,xgb
2023-06-30,EXV2.DE,-0.010139323059275835,0.0027638706378638744,0.0020806037355214357,0.012903193697139709,0.01221992679479727,xgb_sentiment
2023-06-30,EXV3.DE,0.004604298990740113,0.0010604225099086761,-9.796939411899075e-05,0.003543876480831437,0.004702268384859104,xgb
2023-06-30,EXV4.DE,0.015329750477496176,0.0010222127893939614,0.0012503099860623479,0.014307537688102214,0.014079440491433828,xgb_sentiment
2023-06-30,EXV6.DE,0.05465369411236438,0.01546056941151619,0.014598176814615726,0.03919312470084819,0.04005551729774865,xgb
2023-06-30,EXV7.DE,0.03720848596303633,0.003028578357771039,0.0017073313938453794,0.03417990760526529,0.03550115456919095,xgb
2023-06-30,HEIA.AS,-0.054999660112508404,-0.00301781902089715,-0.0034612598828971386,0.051981841091611254,0.051538400229611266,xgb_sentiment
2023-06-30,HOLN.SW,0.02546247340692985,0.0005609843647107482,0.00040993429138325155,0.024901489042219102,0.0250525391155466,xgb
2023-06-30,IBE.MC,-0.02365762519897763,-0.0025189840234816074,-0.0020304785575717688,0.021138641175496024,0.021627146641405862,xgb
2023-06-30,INGA.AS,0.07357513819953619,-0.00357286399230361,-0.0038716266863048077,0.0771480021918398,0.077446764885841,xgb
2023-06-30,ISP.MI,0.09113469681103459,-0.002072485163807869,-0.0021156102884560823,0.09320718197484246,0.09325030709949067,xgb
2023-06-30,ITX.MC,-0.018500479060920158,0.00411625113338232,0.00638151727616787,0.02261673019430248,0.024881996337088028,xgb
2023-06-30,MBG.DE,-0.014079906083136053,-4.375939897727221e-05,-0.00023654346296098083,0.014036146684158781,0.013843362620175072,xgb_sentiment
2023-06-30,MC.PA,-0.017416124604678968,-0.0037025855854153633,-0.003086376702412963,0.013713539019263605,0.014329747902266005,xgb
2023-06-30,MUV2.DE,-0.0029146821107446695,-0.0033382223919034004,-0.005458721425384283,0.0004235402811587309,0.0025440393146396135,xgb
2023-06-30,NESN.SW,0.012125978413591438,0.004590384196490049,0.004597022198140621,0.007535594217101389,0.007528956215450817,xgb_sentiment
2023-06-30,NOVN.SW,0.030658766162505385,-0.00030639575561508536,0.000311756826704368,0.03096516191812047,0.030347009335801017,xgb_sentiment
2023-06-30,OR.PA,-0.009173164251526025,-0.006078473757952452,-0.005516116041690111,0.0030946904935735733,0.003657048209835914,xgb
2023-06-30,PHIA.AS,-0.04650085739305906,-0.010778783820569515,-0.012088095769286156,0.03572207357248954,0.0344127616237729,xgb_sentiment
2023-06-30,RO.SW,0.003048224388026493,0.010208901949226856,0.008512381464242935,0.007160677561200363,0.005464157076216442,xgb_sentiment
2023-06-30,SAN.PA,-0.011367917150078725,-0.0015496034175157547,-0.0010332375532016158,0.00981831373256297,0.01033467959687711,xgb
2023-06-30,SAP.DE,-0.005930903772790235,0.004606547299772501,0.0033384913112968206,0.010537451072562737,0.009269395084087056,xgb_sentiment
2023-06-30,SIE.DE,0.015869239497842025,0.019882220774888992,0.01763090491294861,0.0040129812770469675,0.0017616654151065836,xgb_sentiment
2023-06-30,STMMI.MI,0.06541586040130846,0.01164664514362812,0.01105898804962635,0.053769215257680344,0.054356872351682115,xgb
2023-06-30,SU.PA,-0.026911828679448493,-0.001049219979904592,-3.727501825778745e-05,0.0258626086995439,0.026874553661190705,xgb
2023-06-30,TEF.MC,0.04241389272274258,0.003916607704013586,0.003951502963900566,0.038497285018729,0.03846238975884202,xgb_sentiment
2023-06-30,TTE.PA,0.05028429098438282,0.0035640038549900055,0.004018684383481741,0.046720287129392815,0.04626560660090108,xgb_sentiment
2023-06-30,UBSG.SW,0.08201328449204123,0.0010552586754783988,0.002074452815577388,0.08095802581656283,0.07993883167646385,xgb_sentiment
2023-06-30,UCG.MI,0.07843157184882452,0.02153092622756958,0.026252401992678642,0.056900645621254936,0.052179169856145874,xgb_sentiment
2023-06-30,VOW3.DE,-0.01954895975811298,-0.003979632630944252,-0.003305756952613592,0.015569327127168728,0.016243202805499388,xgb
2023-06-30,WKL.AS,-0.01822185514662835,-0.001026062062010169,-0.0008680781465955079,0.01719579308461818,0.017353777000032843,xgb
2023-07-31,ABBN.SW,-0.03334215040481489,-0.003617084352299571,-0.0029207244515419006,0.02972506605251532,0.03042142595327299,xgb
2023-07-31,AD.AS,-0.017083220551670896,0.003481131512671709,0.002412192290648818,0.020564352064342605,0.019495412842319714,xgb_sentiment
2023-07-31,AI.PA,0.013135522792900235,0.0022379413712769747,0.0032453492749482393,0.01089758142162326,0.009890173517951996,xgb_sentiment
2023-07-31,AIR.PA,-0.010655161497575843,0.003923184238374233,0.004038201179355383,0.014578345735950076,0.014693362676931226,xgb
2023-07-31,ALV.DE,0.036581226325545745,-0.0008755106246098876,-0.0017465491546317935,0.03745673695015563,0.03832777548017754,xgb
2023-07-31,ASML.AS,-0.05976073615521,0.02270011603832245,0.024515630677342415,0.08246085219353244,0.08427636683255241,xgb
2023-07-31,BAS.DE,-0.0589089291168797,0.005483902059495449,-0.003189642680808902,0.06439283117637515,0.0557192864360708,xgb_sentiment
2023-07-31,BMW.DE,-0.12759564271043436,0.017089778557419777,0.01656726934015751,0.14468542126785414,0.14416291205059187,xgb_sentiment
2023-07-31,BNP.PA,-0.0020013017291171434,-0.0139724500477314,-0.012510807253420353,0.011971148318614256,0.010509505524303209,xgb_sentiment
2023-07-31,CAC.PA,-0.015582491701159983,-0.00637325644493103,-0.00848243199288845,0.009209235256228953,0.007100059708271532,xgb_sentiment
2023-07-31,CAP.PA,0.02397491752523548,0.03181964159011841,0.026530584320425987,0.00784472406488293,0.0025556667951905088,xgb_sentiment
2023-07-31,CFR.SW,-0.09977625918081275,0.02444169670343399,0.023418623954057693,0.12421795588424674,0.12319488313487044,xgb_sentiment
2023-07-31,DTE.DE,-0.014211909946731958,0.0026013022288680077,-0.0031765541061758995,0.016813212175599966,0.011035355840556059,xgb_sentiment
2023-07-31,ENEL.MI,-0.01041754310834642,-0.0027646205853670835,-0.0015872502699494362,0.007652922522979336,0.008830292838396984,xgb
2023-07-31,ENI.MI,0.03343094748359413,-0.005381904076784849,-0.004922351334244013,0.03881285156037898,0.038353298817838145,xgb_sentiment
2023-07-31,EWI,-0.014272400706654207,-0.0036490634083747864,-0.00382038252428174,0.01062333729827942,0.010452018182372467,xgb_sentiment
2023-07-31,EWL,-0.007069615832744204,0.001016248599626124,0.0008338048937730491,0.008085864432370329,0.007903420726517254,xgb_sentiment
2023-07-31,EWN,-0.05107588226405665,-0.002670984249562025,-0.0020638490095734596,0.04840489801449462,0.04901203325448319,xgb
2023-07-31,EWP,0.005497982056679955,-0.002236731816083193,-0.0020565532613545656,0.007734713872763148,0.007554535318034521,xgb_sentiment
2023-07-31,EXH7.DE,-0.03664688233467218,0.002268722513690591,0.001092821592465043,0.03891560484836277,0.03773970392713722,xgb_sentiment
2023-07-31,EXH8.DE,-0.029188378679208007,-0.0035826435778290033,-0.0031259802635759115,0.025605735101379003,0.026062398415632095,xgb
2023-07-31,EXS1.DE,-0.03241781754854444,-0.002528061391785741,-0.005844281520694494,0.0298897561567587,0.026573536027849946,xgb_sentiment
2023-07-31,EXSA.DE,-0.02210925238614342,-0.001008381717838347,-0.0016038707690313458,0.021100870668305072,0.020505381617112073,xgb_sentiment
2023-07-31,EXV1.DE,-0.024509444951105748,-0.002835682360455394,-0.0028194657061249018,0.021673762590650354,0.021689979244980846,xgb
2023-07-31,EXV2.DE,-0.01641698006270437,0.0009537721634842455,0.0027927448973059654,0.017370752226188616,0.019209724960010336,xgb
2023-07-31,EXV3.DE,-0.047802534579880596,0.003495896467939019,0.005603039637207985,0.051298431047819615,0.05340557421708858,xgb
2023-07-31,EXV4.DE,0.014520211280838548,-0.005052259191870689,-0.005504225846379995,0.019572470472709238,0.020024437127218544,xgb
2023-07-31,EXV6.DE,-0.06404666857588193,0.014293416403234005,0.014125457964837551,0.07834008497911593,0.07817212654071948,xgb_sentiment
2023-07-31,EXV7.DE,-0.024457476975196363,-0.001891142688691616,-0.0018596603767946362,0.022566334286504747,0.022597816598401727,xgb
2023-07-31,HEIA.AS,0.02358031569679619,0.017035922035574913,0.020376242697238922,0.006544393661221278,0.003204072999557269,xgb_sentiment
2023-07-31,HOLN.SW,-0.03508478381770398,-0.001658181194216013,-0.0054630497470498085,0.03342660262348797,0.029621734070654174,xgb_sentiment
2023-07-31,IBE.MC,-0.009734464054105423,-0.0007886514067649841,-0.0020459343213588,0.008945812647340439,0.007688529732746623,xgb_sentiment
2023-07-31,INGA.AS,0.035959390471317604,-0.006381150335073471,-0.005836771335452795,0.042340540806391075,0.0417961618067704,xgb_sentiment
2023-07-31,ISP.MI,-0.05331724326954291,-0.005581181962043047,-0.005512605886906385,0.04773606130749986,0.047804637382636524,xgb
2023-07-31,ITX.MC,0.012277209393221284,0.02216242253780365,0.021643582731485367,0.009885213144582366,0.009366373338264082,xgb_sentiment
2023-07-31,MBG.DE,-0.06851116509949483,0.00808340311050415,0.008012335747480392,0.07659456820999898,0.07652350084697522,xgb_sentiment
2023-07-31,MC.PA,-0.04596441484155527,0.006388464476913214,0.0042258212342858315,0.052352879318468486,0.0501902360758411,xgb_sentiment
2023-07-31,MUV2.DE,0.04592281452483772,-0.006783445365726948,-0.00435393862426281,0.05270625989056467,0.05027675314910053,xgb_sentiment
2023-07-31,NESN.SW,0.0033277110625179944,0.0005111272912472486,9.411969222128391e-05,0.0028165837712707457,0.0032335913702967105,xgb
2023-07-31,NOVN.SW,-0.002926106646880948,-0.010018064640462399,-0.011515331454575062,0.007091957993581451,0.008589224807694114,xgb
2023-07-31,OR.PA,-0.03376313590325834,-0.00011743171489797533,0.0022216150537133217,0.03364570418836037,0.035984750956971664,xgb
2023-07-31,PHIA.AS,0.09296133755177535,0.038742054253816605,0.03890546038746834,0.05421928329795875,0.054055877164307015,xgb_sentiment
2023-07-31,RO.SW,-0.0362260957826296,0.00651923380792141,0.00801823940128088,0.04274532959055101,0.04424433518391048,xgb
2023-07-31,SAN.PA,0.026226414748426245,-0.0070595284923911095,-0.003326345467939973,0.03328594324081735,0.029552760216366217,xgb_sentiment
2023-07-31,SAP.DE,0.03475862505252086,0.0038534982595592737,0.003311426844447851,0.030905126792961583,0.031447198208073006,xgb
2023-07-31,SIE.DE,-0.10108229801421931,-0.0029096866492182016,-0.001799228135496378,0.0981726113650011,0.09928306987872293,xgb
2023-07-31,STMMI.MI,-0.09787293639624685,0.002943306462839246,0.004743862897157669,0.1008162428590861,0.10261679929340452,xgb
2023-07-31,SU.PA,-0.00992309234133111,0.009954907931387424,0.011303882114589214,0.019878000272718535,0.021226974455920325,xgb
2023-07-31,TEF.MC,-0.02137725866614181,-0.010365869849920273,-0.009356250986456871,0.011011388816221539,0.01202100767968494,xgb
2023-07-31,TTE.PA,0.045976934432453306,-0.0024998635053634644,-0.0012053049867972732,0.04847679793781677,0.04718223941925058,xgb_sentiment
2023-07-31,UBSG.SW,0.13798966560386103,0.00014277717855293304,-0.0007088019046932459,0.1378468884253081,0.13869846750855427,xgb
2023-07-31,UCG.MI,-0.017544195085314133,0.01809293031692505,0.014512261375784874,0.03563712540223918,0.032056456461099,xgb_sentiment
2023-07-31,VOW3.DE,-0.05840821092453764,0.004676237236708403,-0.0007738061249256134,0.06308444816124605,0.05763440479961203,xgb_sentiment
2023-07-31,WKL.AS,-0.02730695998645666,-0.007470389362424612,-0.009144152514636517,0.01983657062403205,0.018162807471820145,xgb_sentiment
2023-08-31,ABBN.SW,-0.03356330136569828,0.003960123751312494,0.00252723041921854,0.037523425117010775,0.03609053178491682,xgb_sentiment
2023-08-31,AD.AS,-0.05640819463800886,-0.0008385168039239943,-0.0017215636326000094,0.05556967783408487,0.05468663100540885,xgb_sentiment
2023-08-31,AI.PA,-0.04298190919390751,-0.00045852019684389234,-0.001751205651089549,0.042523388997063614,0.04123070354281796,xgb_sentiment
2023-08-31,AIR.PA,-0.06405611446085191,-0.01386475469917059,-0.011699014343321323,0.05019135976168132,0.052357100117530586,xgb
2023-08-31,ALV.DE,0.005999319139171604,0.0011564961168915033,0.0011902416590601206,0.004842823022280101,0.004809077480111484,xgb_sentiment
2023-08-31,ASML.AS,-0.08368216930259158,0.006489155814051628,0.004228225909173489,0.0901713251166432,0.08791039521176507,xgb_sentiment
2023-08-31,BAS.DE,-0.08563283468625511,0.0035073996987193823,0.000847530784085393,0.0891402343849745,0.0864803654703405,xgb_sentiment
2023-08-31,BMW.DE,-0.00816332894354477,0.005612518172711134,0.005172817036509514,0.013775847116255903,0.013336145980054283,xgb_sentiment
2023-08-31,BNP.PA,0.011986192152798416,-0.009114077314734459,-0.007066613063216209,0.021100269467532875,0.019052805216014625,xgb_sentiment
2023-08-31,CAC.PA,-0.024520188040895046,0.002846160437911749,0.0028834433760493994,0.027366348478806795,0.027403631416944445,xgb
2023-08-31,CAP.PA,-0.03874510820516595,-0.016101960092782974,-0.015833264216780663,0.022643148112382973,0.022911843988385285,xgb
2023-08-31,CFR.SW,-0.09120640457102885,0.0057630958035588264,0.0058084954507648945,0.09696950037458768,0.09701490002179375,xgb
2023-08-31,DTE.DE,0.006362029068660252,0.0019447046797722578,0.0013537786435335875,0.004417324388887994,0.0050082504251266645,xgb
2023-08-31,ENEL.MI,-0.06486068580569518,-0.007073466200381517,-0.00672621326521039,0.05778721960531366,0.05813447254048479,xgb
2023-08-31,ENI.MI,0.08160595984790238,0.0008142613805830479,0.0015304525149986148,0.08079169846731933,0.08007550733290376,xgb_sentiment
2023-08-31,EWI,-0.019316732755827418,-0.004956759046763182,-0.003854315960779786,0.014359973709064236,0.015462416795047632,xgb
2023-08-31,EWL,-0.022655853029087365,0.006270331330597401,0.005683171562850475,0.028926184359684765,0.02833902459193784,xgb_sentiment
2023-08-31,EWN,-0.04709985095902648,0.010116581805050373,0.009103783406317234,0.057216432764076855,0.056203634365343716,xgb_sentiment
2023-08-31,EWP,-0.0005770695087937526,0.00014134359662421048,0.00027863308787345886,0.0007184131054179631,0.0008557025966672115,xgb
2023-08-31,EXH7.DE,-0.05668224271530244,0.006348644848912954,0.006578709930181503,0.0630308875642154,0.06326095264548395,xgb
2023-08-31,EXH8.DE,-0.035500367831016726,0.0014662641333416104,0.0018355976790189743,0.036966631964358336,0.0373359655100357,xgb
2023-08-31,EXS1.DE,-0.03673347494645659,0.004827893804758787,0.003934594802558422,0.041561368751215376,0.04066806974901501,xgb_sentiment
2023-08-31,EXSA.DE,-0.01712474651386897,0.004027877002954483,0.003991291858255863,0.021152623516823454,0.021116038372124835,xgb_sentiment
2023-08-31,EXV1.DE,0.02579379079541054,0.002883744426071644,0.0034439025912433863,0.022910046369338896,0.022349888204167154,xgb_sentiment
2023-08-31,EXV2.DE,0.0032825389101042994,0.0013883652864024043,0.0012400108389556408,0.0018941736237018951,0.0020425280711486586,xgb
2023-08-31,EXV3.DE,-0.05925111794533685,0.0017401580698788166,0.0018139246385544538,0.060991276015215666,0.0610650425838913,xgb
2023-08-31,EXV4.DE,-0.01238498589334085,0.0010649843607097864,0.001235653762705624,0.013449970254050637,0.013620639656046474,xgb
2023-08-31,EXV6.DE,0.04698423757246822,0.008856057189404964,0.008197756484150887,0.03812818038306325,0.03878648108831733,xgb
2023-08-31,EXV7.DE,-0.04252384462509868,0.0037295185029506683,0.004429534077644348,0.04625336312804935,0.04695337870274303,xgb
2023-08-31,HEIA.AS,-0.07344006353453301,0.0032470664009451866,0.002235491992905736,0.0766871299354782,0.07567555552743875,xgb_sentiment
2023-08-31,HOLN.SW,-0.0030410352976048593,0.004192601423710585,0.0005413815379142761,0.007233636721315444,0.0035824168355191354,xgb_sentiment
2023-08-31,IBE.MC,-0.03386992093035411,-0.0002510480990167707,-0.00048065886949189007,0.03361887283133734,0.03338926206086222,xgb_sentiment
2023-08-31,INGA.AS,-0.042891678430667025,0.0009622795623727143,0.0007154511986300349,0.04385395799303974,0.04360712962929706,xgb_sentiment
2023-08-31,ISP.MI,-0.013029366603206008,0.012588324956595898,0.012754754163324833,0.025617691559801904,0.02578412076653084,xgb
2023-08-31,ITX.MC,-0.0019816137697445985,-0.003604934085160494,-0.0016289870254695415,0.0016233203154158954,0.00035262674427505693,xgb_sentiment
2023-08-31,MBG.DE,-0.02473344668525254,0.0012725497363135219,0.00027235905872657895,0.026005996421566063,0.02500580574397912,xgb_sentiment
2023-08-31,MC.PA,-0.08787180638411367,0.006494691129773855,0.006255625747144222,0.09436649751388752,0.09412743213125789,xgb_sentiment
2023-08-31,MUV2.DE,0.0299761096201672,-0.004807393066585064,-0.004245753865689039,0.03478350268675226,0.034221863485856235,xgb_sentiment
2023-08-31,NESN.SW,-0.032108605482767734,0.0030256169848144054,0.0016817025607451797,0.03513422246758214,0.033790308043512914,xgb_sentiment
2023-08-31,NOVN.SW,0.04300648407168804,-0.0007969861035235226,-0.0018216089811176062,0.043803470175211565,0.04482809305280565,xgb
2023-08-31,OR.PA,-0.03154202165971542,-0.0030281953513622284,-0.0022850758396089077,0.02851382630835319,0.02925694582010651,xgb
2023-08-31,PHIA.AS,-0.09230522882676397,0.00555739551782608,0.004342825151979923,0.09786262434459005,0.09664805397874389,xgb_sentiment
2023-08-31,RO.SW,-0.03171871545529248,0.007951752282679081,0.00793925579637289,0.03967046773797156,0.03965797125166537,xgb_sentiment
2023-08-31,SAN.PA,0.0283848943925511,-0.0011933144414797425,-0.001944019109942019,0.029578208834030843,0.03032891350249312,xgb
2023-08-31,SAP.DE,-0.047696205663256976,-0.0026543396525084972,-0.002763379830867052,0.04504186601074848,0.044932825832389924,xgb_sentiment
2023-08-31,SIE.DE,-0.023458438842234367,0.012840482406318188,0.012009759433567524,0.03629892124855255,0.03546819827580189,xgb_sentiment
2023-08-31,STMMI.MI,-0.06188819391429647,-0.003099464112892747,-0.0029215009417384863,0.058788729801403726,0.05896669297255799,xgb
2023-08-31,SU.PA,-0.01014080333454342,0.000154521141666919,-0.0007289065979421139,0.010295324476210338,0.009411896736601305,xgb_sentiment
2023-08-31,TEF.MC,0.01144063450698134,-0.0033879680559039116,-0.003986503928899765,0.014828602562885252,0.015427138435881105,xgb
2023-08-31,TTE.PA,0.0822807226900458,-0.001384776085615158,-0.000647102715447545,0.08366549877566096,0.08292782540549334,xgb_sentiment
2023-08-31,UBSG.SW,-0.04186677535416765,0.0024739610962569714,-0.007841039448976517,0.04434073645042462,0.03402573590519113,xgb_sentiment
2023-08-31,UCG.MI,0.007285660017572306,0.03473558649420738,0.035602252930402756,0.027449926476635078,0.02831659291283045,xgb
2023-08-31,VOW3.DE,-0.03694447507198638,0.0039508044719696045,0.0022669085301458836,0.040895279543955984,0.03921138360213226,xgb_sentiment
2023-08-31,WKL.AS,0.030553523848689732,0.0005376492626965046,0.0003313992638140917,0.030015874585993228,0.03022212458487564,xgb
2023-09-29,ABBN.SW,-0.07794757490528886,-0.0022700002882629633,-0.0013289885828271508,0.0756775746170259,0.07661858632246171,xgb
2023-09-29,AD.AS,-0.007567052911422922,0.006932007614523172,0.006027986761182547,0.014499060525946093,0.013595039672605468,xgb_sentiment
2023-09-29,AI.PA,-0.0003754006400715717,0.004125205799937248,0.002541174180805683,0.00450060644000882,0.002916574820877255,xgb_sentiment
2023-09-29,AIR.PA,-0.006161691697015187,-0.0030606614891439676,-0.00022550162975676358,0.0031010302078712196,0.005936190067258424,xgb
2023-09-29,ALV.DE,-0.020817730104238145,-0.00467787915840745,-0.004217265639454126,0.016139850945830696,0.01660046446478402,xgb
2023-09-29,ASML.AS,-0.012780165037820115,0.008307121694087982,0.010361856780946255,0.021087286731908097,0.02314202181876637,xgb
2023-09-29,BAS.DE,-0.030015296207493943,0.01927213929593563,0.018344029784202576,0.04928743550342957,0.04835932599169652,xgb_sentiment
2023-09-29,BMW.DE,-0.09426281485374625,0.005397718865424395,0.00199296697974205,0.09966053371917065,0.0962557818334883,xgb_sentiment
2023-09-29,BNP.PA,-0.11770032235425514,-0.005524527747184038,-0.0044260225258767605,0.1121757946070711,0.11327429982837837,xgb
2023-09-29,CAC.PA,-0.04365155381247054,0.00734748737886548,0.00832741241902113,0.05099904119133602,0.05197896623149167,xgb
2023-09-29,CAP.PA,-0.02503952792062029,0.006243860814720392,0.005480180494487286,0.031283388735340686,0.030519708415107576,xgb_sentiment
2023-09-29,CFR.SW,-0.05330272718371119,0.0411795936524868,0.03882167488336563,0.094482320836198,0.09212440206707682,xgb_sentiment
2023-09-29,DTE.DE,0.03009429295550956,0.0055489023216068745,0.0059403846971690655,0.024545390633902684,0.024153908258340493,xgb_sentiment
2023-09-29,ENEL.MI,0.011276401753913708,0.015909908339381218,0.016284257173538208,0.00463350658546751,0.0050078554196245,xgb
2023-09-29,ENI.MI,0.007054298173265093,-0.0010741971200332046,-0.0019238312961533666,0.008128495293298298,0.00897812946941846,xgb
2023-09-29,EWI,-0.02833988843322986,0.004661082290112972,0.004290565848350525,0.033000970723342835,0.03263045428158039,xgb_sentiment
2023-09-29,EWL,-0.03337148701782984,0.009063378907740116,0.008884181268513203,0.042434865925569956,0.04225566828634304,xgb_sentiment
2023-09-29,EWN,-0.02180358997308263,0.007075752597302198,0.006247859448194504,0.02887934257038483,0.028051449421277134,xgb_sentiment
2023-09-29,EWP,-0.026530633105305425,0.0044327788054943085,0.0037906644865870476,0.030963411910799734,0.030321297591892473,xgb_sentiment
2023-09-29,EXH7.DE,-0.04462643082850566,0.005719903390854597,0.005828285124152899,0.05034633421936026,0.05045471595265856,xgb
2023-09-29,EXH8.DE,-0.0822161553264628,0.002419585594907403,0.002081179991364479,0.0846357409213702,0.08429733531782728,xgb_sentiment
2023-09-29,EXS1.DE,-0.043795703053997,0.008393475785851479,0.009235301055014133,0.05218917883984848,0.05303100410901113,xgb
2023-09-29,EXSA.DE,-0.04191428770819592,0.00780553137883544,0.008159893564879894,0.04971981908703136,0.050074181273075814,xgb
2023-09-29,EXV1.DE,-0.06203973033833947,-0.003788874251767993,-0.0038729074876755476,0.058250856086571476,0.05816682285066392,xgb_sentiment
2023-09-29,EXV2.DE,-0.03305531029193342,0.0044149667955935,0.006683691870421171,0.03747027708752692,0.03973900216235459,xgb
2023-09-29,EXV3.DE,-0.03146707266278616,0.006717789452522993,0.006794835440814495,0.03818486211530915,0.03826190810360065,xgb
2023-09-29,EXV4.DE,-0.05415950923024212,0.0073080952279269695,0.00826114322990179,0.06146760445816909,0.06242065246014391,xgb
2023-09-29,EXV6.DE,-0.03756537249979185,0.005491161253303289,0.00873854011297226,0.04305653375309514,0.04630391261276411,xgb
2023-09-29,EXV7.DE,-0.033786673980513535,0.008348762057721615,0.007844517007470131,0.04213543603823515,0.041631190987983666,xgb_sentiment
2023-09-29,HEIA.AS,0.010962881035787974,0.020026782527565956,0.019127175211906433,0.009063901491777982,0.008164294176118459,xgb_sentiment
2023-09-29,HOLN.SW,-0.03626002302973887,0.002384077524766326,0.002933358773589134,0.0386441005545052,0.03919338180332801,xgb
2023-09-29,IBE.MC,-0.01809583372104828,0.008581629022955894,0.008844893425703049,0.026677462744004173,0.026940727146751327,xgb
2023-09-29,INGA.AS,-0.04414755056499502,0.010454479604959488,0.01141815260052681,0.054602030169954505,0.055565703165521826,xgb
2023-09-29,ISP.MI,-0.015904536372133772,-0.0011798976920545101,-0.00024999643210321665,0.014724638680079262,0.015654539940030555,xgb
2023-09-29,ITX.MC,-0.06497320091132168,0.0030932012014091015,0.0035887255799025297,0.06806640211273078,0.06856192649122421,xgb
2023-09-29,MBG.DE,-0.1701631437285338,0.0027615083381533623,0.0034089505206793547,0.17292465206668717,0.17357209424921316,xgb
2023-09-29,MC.PA,-0.06546945602405463,0.019700992852449417,0.018551021814346313,0.08517044887650405,0.08402047783840094,xgb_sentiment
2023-09-29,MUV2.DE,0.028050472583054403,-0.0015365083236247301,-0.000676517840474844,0.029586980906679133,0.028726990423529247,xgb_sentiment
2023-09-29,NESN.SW,-0.046366682510337535,0.007749731186777353,0.007849583402276039,0.05411641369711489,0.054216265912613575,xgb
2023-09-29,NOVN.SW,-0.03638199428826918,-0.004262360278517008,-0.002842238638550043,0.03211963400975217,0.03353975564971914,xgb
2023-09-29,OR.PA,-0.0029290387859405584,0.012432990595698357,0.011795132420957088,0.015362029381638914,0.014724171206897646,xgb_sentiment
2023-09-29,PHIA.AS,-0.07691024896792986,0.018174218013882637,0.019569113850593567,0.0950844669818125,0.09647936281852343,xgb
2023-09-29,RO.SW,-0.03740027316319625,0.005127063486725092,0.004979749675840139,0.042527336649921345,0.04238002283903639,xgb_sentiment
2023-09-29,SAN.PA,-0.1873797062648591,-0.003740484593436122,-0.0030815538484603167,0.183639221671423,0.1842981524163988,xgb
2023-09-29,SAP.DE,0.022382353823946516,0.0034448241349309683,0.001556555274873972,0.018937529689015548,0.020825798549072544,xgb
2023-09-29,SIE.DE,-0.09229259071928693,0.005947382654994726,0.006933960597962141,0.09823997337428166,0.09922655131724907,xgb
2023-09-29,STMMI.MI,-0.1505987975957497,0.007090144790709019,0.008167026564478874,0.15768894238645872,0.15876582416022858,xgb
2023-09-29,SU.PA,-0.0943934405981431,0.005712122190743685,0.0057406919077038765,0.10010556278888678,0.10013413250584698,xgb
2023-09-29,TEF.MC,-0.06875288727121757,0.008128839544951916,0.006651964969933033,0.07688172681616949,0.07540485224115061,xgb_sentiment
2023-09-29,TTE.PA,0.010854145764108607,0.00022945457021705806,-0.00022285539307631552,0.010624691193891549,0.011077001157184923,xgb
2023-09-29,UBSG.SW,-0.051477379676073035,0.024226512759923935,0.02269924432039261,0.07570389243599697,0.07417662399646564,xgb_sentiment
2023-09-29,UCG.MI,0.03288915668626317,0.007566382642835379,0.008720499463379383,0.02532277404342779,0.024168657222883784,xgb_sentiment
2023-09-29,VOW3.DE,-0.09426436062116514,0.008410509675741196,0.008228552527725697,0.10267487029690633,0.10249291314889084,xgb_sentiment
2023-09-29,WKL.AS,0.04519105318733409,0.0018309481674805284,0.0016750255599617958,0.04336010501985356,0.04351602762737229,xgb
2023-10-31,ABBN.SW,0.10519676691824847,0.022563135251402855,0.022712426260113716,0.08263363166684562,0.08248434065813476,xgb_sentiment
2023-10-31,AD.AS,-0.06111579728889239,0.0023409833665937185,0.0018838185351341963,0.0634567806554861,0.06299961582402658,xgb_sentiment
2023-10-31,AI.PA,0.07205588827260673,0.0028284972067922354,0.00435841316357255,0.06922739106581449,0.06769747510903418,xgb_sentiment
2023-10-31,AIR.PA,0.07091267674045221,0.007327055558562279,0.007054766174405813,0.06358562118188993,0.0638579105660464,xgb
2023-10-31,ALV.DE,0.04470767120450678,-0.003862322075292468,-0.0036555586848407984,0.048569993279799245,0.048363229889347575,xgb_sentiment
2023-10-31,ASML.AS,0.10966079503078442,0.02072165161371231,0.02042081393301487,0.08893914341707211,0.08923998109776955,xgb
2023-10-31,BAS.DE,-0.012946757655777465,0.009443115442991257,0.009378688409924507,0.02238987309876872,0.02232544606570197,xgb_sentiment
2023-10-31,BMW.DE,0.09195375673285208,0.00557404849678278,0.003970853053033352,0.0863797082360693,0.08798290367981873,xgb
2023-10-31,BNP.PA,0.04730663376370705,0.012285495176911354,0.011824418790638447,0.035021138586795696,0.0354822149730686,xgb
2023-10-31,CAC.PA,0.055872577221232934,0.004045440815389156,0.004851138219237328,0.05182713640584378,0.05102143900199561,xgb_sentiment
2023-10-31,CAP.PA,0.12436790888442548,-0.000689883716404438,0.00035334107815288007,0.12505779260082991,0.1240145678062726,xgb_sentiment
2023-10-31,CFR.SW,0.01598094050878256,0.004348877817392349,0.006656855344772339,0.011632062691390211,0.009324085164010221,xgb_sentiment
2023-10-31,DTE.DE,0.06887881075557989,0.002154292305931449,0.004045356996357441,0.06672451844964844,0.06483345375922245,xgb_sentiment
2023-10-31,ENEL.MI,0.07168368958676734,-0.00021645915694534779,-0.0006527620134875178,0.07190014874371269,0.07233645160025486,xgb
2023-10-31,ENI.MI,-0.005520105440469974,-0.0023955649230629206,-0.002510865917429328,0.0031245405174070533,0.003009239523040646,xgb_sentiment
2023-10-31,EWI,0.06520854273287928,0.0006222848896868527,0.0005979811539873481,0.06458625784319243,0.06461056157889193,xgb
2023-10-31,EWL,0.04005470390029272,0.008401467464864254,0.006297350395470858,0.031653236435428465,0.03375735350482186,xgb
2023-10-31,EWN,0.08632530602025783,0.004363532178103924,0.0036253889556974173,0.0819617738421539,0.08269991706456041,xgb
2023-10-31,EWP,0.10119045103298886,0.0026199843268841505,0.0032560338731855154,0.09857046670610471,0.09793441715980335,xgb_sentiment
2023-10-31,EXH7.DE,0.04307834380256431,0.01038993988186121,0.011829272843897343,0.0326884039207031,0.03124907095866697,xgb_sentiment
2023-10-31,EXH8.DE,0.13033654899158317,0.015221666544675827,0.013845876790583134,0.11511488244690735,0.11649067220100004,xgb
2023-10-31,EXS1.DE,0.08905395490011633,0.003971050027757883,0.002617567079141736,0.08508290487235845,0.0864363878209746,xgb
2023-10-31,EXSA.DE,0.05927986598841895,0.0045009092427790165,0.0034688382875174284,0.054778956745639935,0.055811027700901523,xgb
2023-10-31,EXV1.DE,0.06997303667433842,0.011478658765554428,0.010323166847229004,0.05849437790878399,0.05964986982710942,xgb
2023-10-31,EXV2.DE,0.05407927783098388,0.003430870594456792,0.005257036536931992,0.05064840723652709,0.04882224129405189,xgb_sentiment
2023-10-31,EXV3.DE,0.14076092853693384,0.0029977948870509863,0.0037859773728996515,0.13776313364988285,0.1369749511640342,xgb_sentiment
2023-10-31,EXV4.DE,0.015664107418413103,0.015286547131836414,0.013867948204278946,0.00037756028657668847,0.0017961592141341569,xgb
2023-10-31,EXV6.DE,0.043389997196104556,0.005787956528365612,0.00593169592320919,0.037602040667738944,0.037458301272895365,xgb_sentiment
2023-10-31,EXV7.DE,0.05258510758299484,-0.0011075068032369018,-0.00016788898210506886,0.05369261438623174,0.05275299656509991,xgb_sentiment
2023-10-31,HEIA.AS,-0.024126344695139974,0.008012081496417522,0.005876488983631134,0.0321384261915575,0.03000283367877111,xgb_sentiment
2023-10-31,HOLN.SW,0.12249035265172242,0.00828446727246046,0.008512432686984539,0.11420588537926196,0.11397791996473788,xgb_sentiment
2023-10-31,IBE.MC,0.07386994201764835,-0.0027581488247960806,-0.0012107747606933117,0.07662809084244443,0.07508071677834166,xgb_sentiment
2023-10-31,INGA.AS,0.05970478205884077,0.0005804772954434156,0.0018462715670466423,0.059124304763397355,0.05785851049179413,xgb_sentiment
2023-10-31,ISP.MI,0.12963398211437802,9.639763447921723e-05,0.0010244848672300577,0.1295375844798988,0.12860949724714796,xgb_sentiment
2023-10-31,ITX.MC,0.14262968567732748,0.021138660609722137,0.01938358135521412,0.12149102506760534,0.12324610432211336,xgb
2023-10-31,MBG.DE,0.0673198134318614,-0.03147631511092186,-0.029011337086558342,0.09879612854278326,0.09633115051841974,xgb_sentiment
2023-10-31,MC.PA,0.023444186267793668,0.026472143828868866,0.02579508163034916,0.003027957561075198,0.0023508953625554913,xgb_sentiment
2023-10-31,MUV2.DE,0.023499777201746147,0.0002006183931371197,-0.0002559820713941008,0.023299158808609027,0.023755759273140248,xgb
2023-10-31,NESN.SW,0.002802737095591787,0.010356281884014606,0.005796053446829319,0.007553544788422819,0.002993316351237532,xgb_sentiment
2023-10-31,NOVN.SW,-0.0045075426410236255,0.002886177971959114,0.0014025522395968437,0.0073937206129827395,0.005910094880620469,xgb_sentiment
2023-10-31,OR.PA,0.086285397155953,0.0027943768072873354,0.0024555425625294447,0.08349102034866566,0.08382985459342356,xgb
2023-10-31,PHIA.AS,0.05065607208216113,0.006872342899441719,0.008044782094657421,0.04378372918271941,0.04261128998750371,xgb_sentiment
2023-10-31,RO.SW,8.373503723367647e-06,0.019433701410889626,0.016652733087539673,0.019425327907166258,0.016644359583816305,xgb_sentiment
2023-10-31,SAN.PA,-0.009732007059408397,0.03443741425871849,0.03473169356584549,0.044169421318126886,0.044463700625253885,xgb
2023-10-31,SAP.DE,0.13141841267144175,-0.007935660891234875,-0.005574419163167477,0.13935407356267662,0.13699283183460922,xgb_sentiment
2023-10-31,SIE.DE,0.20165957159947515,0.022881904616951942,0.022698568180203438,0.1787776669825232,0.1789610034192717,xgb
2023-10-31,STMMI.MI,0.1796767124761602,0.03555343672633171,0.040634531527757645,0.1441232757498285,0.13904218094840257,xgb_sentiment
2023-10-31,SU.PA,0.1425948819211107,0.009601466357707977,0.00969653856009245,0.13299341556340272,0.13289834336101825,xgb_sentiment
2023-10-31,TEF.MC,0.06426418909115805,0.008367405273020267,0.004582142923027277,0.055896783818137785,0.059682046168130776,xgb
2023-10-31,TTE.PA,-0.02434452634299551,-0.0018629201222211123,-0.0009677324560470879,0.022481606220774396,0.02337679388694842,xgb
2023-10-31,UBSG.SW,0.11088458923499953,0.027813972905278206,0.015096990391612053,0.08307061632972132,0.09578759884338747,xgb
2023-10-31,UCG.MI,0.06948657824051502,-0.0019019682658836246,-0.0005868972511962056,0.07138854650639864,0.07007347549171122,xgb_sentiment
2023-10-31,VOW3.DE,0.06823778342667047,0.022761892527341843,0.013435271568596363,0.04547589089932863,0.05480251185807411,xgb
2023-10-31,WKL.AS,0.039268342140032664,-0.0014445100678130984,-0.0007109635625965893,0.04071285220784576,0.03997930570262925,xgb_sentiment
2023-11-30,ABBN.SW,0.09813807474156853,-0.0027458122931420803,-0.001908294390887022,0.10088388703471061,0.10004636913245556,xgb_sentiment
2023-11-30,AD.AS,0.002068771834888005,0.023993758484721184,0.016422966495156288,0.021924986649833177,0.014354194660268283,xgb_sentiment
2023-11-30,AI.PA,0.006309230695579342,0.0032116156071424484,0.0004668678157031536,0.003097615088436894,0.005842362879876189,xgb
2023-11-30,AIR.PA,0.036619478474271924,0.0028476943261921406,0.003814968280494213,0.033771784148079784,0.03280451019377771,xgb_sentiment
2023-11-30,ALV.DE,0.06036947030382418,0.0017023063264787197,0.0013826588401570916,0.05866716397734546,0.05898681146366709,xgb
2023-11-30,ASML.AS,0.06418720126517184,0.001199729391373694,0.0018629973055794835,0.06298747187379815,0.06232420395959236,xgb_sentiment
2023-11-30,BAS.DE,0.1394001938607975,0.018148820847272873,0.017994767054915428,0.12125137301352462,0.12140542680588207,xgb
2023-11-30,BMW.DE,0.06274539871390612,0.0028892564587295055,0.0035267462953925133,0.05985614225517662,0.05921865241851361,xgb_sentiment
2023-11-30,BNP.PA,0.09236310891012568,-0.0007378304144367576,-0.00011534513032529503,0.09310093932456244,0.09247845404045098,xgb_sentiment
2023-11-30,CAC.PA,0.03162983997642616,0.002216049237176776,0.0015405077720060945,0.029413790739249386,0.030089332204420068,xgb
2023-11-30,CAP.PA,0.007683282648614355,-0.005797182209789753,-0.004676907788962126,0.01348046485840411,0.012360190437576482,xgb_sentiment
2023-11-30,CFR.SW,0.08442424213694126,0.015473215840756893,0.017423642799258232,0.06895102629618437,0.06700059933768303,xgb_sentiment
2023-11-30,DTE.DE,-0.0004551190826223673,0.0041459486819803715,0.00442539295181632,0.004601067764602739,0.004880512034438688,xgb
2023-11-30,ENEL.MI,0.03380392247992195,0.001796904718503356,0.002246689749881625,0.032007017761418594,0.031557232730040324,xgb_sentiment
2023-11-30,ENI.MI,0.025258515975573673,0.004049849696457386,0.0022184113040566444,0.021208666279116287,0.023040104671517028,xgb
2023-11-30,EWI,0.02776013415073759,0.004855487495660782,0.004591960925608873,0.02290464665507681,0.023168173225128718,xgb
2023-11-30,EWL,0.04829606294296135,0.0019737861584872007,0.0025120533537119627,0.04632227678447415,0.045784009589249386,xgb_sentiment
2023-11-30,EWN,0.03276333612295878,0.009415936656296253,0.008836575783789158,0.023347399466662526,0.02392676033916962,xgb
2023-11-30,EWP,0.00891554470002813,0.0010823715711012483,0.00091443961719051,0.007833173128926882,0.00800110508283762,xgb
2023-11-30,EXH7.DE,0.017016766059878518,0.009421693161129951,0.00936180166900158,0.0075950728987485665,0.007654964390876939,xgb
2023-11-30,EXH8.DE,0.031924937854293026,-0.007597577292472124,-0.006735522765666246,0.03952251514676515,0.03866046061995927,xgb_sentiment
2023-11-30,EXS1.DE,0.03317463518028702,0.004341816529631615,0.005879296455532312,0.028832818650655408,0.02729533872475471,xgb_sentiment
2023-11-30,EXSA.DE,0.03724595425358239,0.0032908993307501078,0.003935250919312239,0.03395505492283228,0.03331070333427015,xgb_sentiment
2023-11-30,EXV1.DE,0.044170388756279114,0.0031887288205325603,0.004710255190730095,0.04098165993574655,0.03946013356554902,xgb_sentiment
2023-11-30,EXV2.DE,0.01325659697014544,0.004790171515196562,0.006828492972999811,0.008466425454948879,0.006428103997145629,xgb_sentiment
2023-11-30,EXV3.DE,0.018284836533023707,-0.0032526066061109304,-0.0030576467979699373,0.021537443139134638,0.021342483330993645,xgb_sentiment
2023-11-30,EXV4.DE,0.038672676984269266,0.0015132895205169916,0.001519791199825704,0.037159387463752275,0.03715288578444356,xgb_sentiment
2023-11-30,EXV6.DE,0.047071597811137456,-0.0006822956493124366,-0.0001939555222634226,0.04775389346044989,0.04726555333340088,xgb_sentiment
2023-11-30,EXV7.DE,0.05846018740661535,0.0026770727708935738,0.001087216311134398,0.055783114635721776,0.05737297109548095,xgb
2023-11-30,HEIA.AS,0.081893017340788,0.016719672828912735,0.014135989360511303,0.06517334451187526,0.06775702798027669,xgb
2023-11-30,HOLN.SW,0.05257062409435548,0.0019706953316926956,0.0003818440018221736,0.05059992876266278,0.052188780092533305,xgb
2023-11-30,IBE.MC,0.04565830322557303,0.0009016030235216022,0.0017074905335903168,0.04475670020205143,0.04395081269198271,xgb_sentiment
2023-11-30,INGA.AS,0.043310063693013816,-0.0007978952489793301,-0.000983579084277153,0.044107958941993146,0.04429364277729097,xgb
2023-11-30,ISP.MI,0.019865627037063557,0.0018166236113756895,0.0004010857082903385,0.018049003425687868,0.01946454132877322,xgb
2023-11-30,ITX.MC,0.03429806987023316,-0.004841845948249102,-0.006462195888161659,0.03913991581848226,0.040760265758394816,xgb
2023-11-30,MBG.DE,0.06103924278107732,0.010708056390285492,0.011243135668337345,0.05033118639079183,0.049796107112739976,xgb_sentiment
2023-11-30,MC.PA,0.036376297729389745,0.006365887355059385,0.005885011050850153,0.03001041037433036,0.030491286678539592,xgb
2023-11-30,MUV2.DE,-0.033830978943073485,-0.005919850897043943,-0.00649912329390645,0.02791112804602954,0.027331855649167035,xgb_sentiment
2023-11-30,NESN.SW,0.00747863761771275,0.013257625512778759,0.010070249438285828,0.005778987895066009,0.002591611820573078,xgb_sentiment
2023-11-30,NOVN.SW,0.023231244983062206,-0.002290703821927309,-0.002517435234040022,0.025521948804989515,0.025748680217102228,xgb
2023-11-30,OR.PA,0.029149902531977055,-0.0016128893475979567,-0.0019444167846813798,0.03076279187957501,0.031094319316658434,xgb
2023-11-30,PHIA.AS,0.12480267300755785,0.007704338990151882,0.01001447532325983,0.11709833401740596,0.11478819768429802,xgb_sentiment
2023-11-30,RO.SW,0.07156373486853797,0.01827911101281643,0.018524806946516037,0.05328462385572154,0.05303892792202193,xgb_sentiment
2023-11-30,SAN.PA,0.06160159372527044,0.004979773890227079,0.00522620091214776,0.05662181983504336,0.05637539281312268,xgb_sentiment
2023-11-30,SAP.DE,-0.05757904349565946,-0.007406891323626041,-0.009566618129611015,0.05017215217203342,0.048012425366048446,xgb_sentiment
2023-11-30,SIE.DE,0.08629686970108363,0.008025048300623894,0.00444988626986742,0.07827182140045974,0.08184698343121621,xgb
2023-11-30,STMMI.MI,0.02680257020442336,0.012705010361969471,0.013736066408455372,0.01409755984245389,0.01306650379596799,xgb_sentiment
2023-11-30,SU.PA,0.059067623119671404,0.0057764118537306786,-0.002611689968034625,0.053291211265940726,0.06167931308770603,xgb
2023-11-30,TEF.MC,-0.047989902612302404,-0.00574155617505312,-0.009658767841756344,0.042248346437249285,0.03833113477054606,xgb_sentiment
2023-11-30,TTE.PA,0.007739765899712374,0.006731464061886072,0.006394875701516867,0.001008301837826302,0.0013448901981955074,xgb
2023-11-30,UBSG.SW,0.08414273837853672,-0.009190047159790993,-0.007344502955675125,0.09333278553832772,0.09148724133421185,xgb_sentiment
2023-11-30,UCG.MI,0.0017994178318635698,-0.0026994156651198864,-0.001737888203933835,0.004498833496983456,0.0035373060357974046,xgb_sentiment
2023-11-30,VOW3.DE,0.058931676980120654,0.013157397508621216,0.012345310300588608,0.04577427947149944,0.046586366679532046,xgb
2023-11-30,WKL.AS,0.009456305564840227,-0.011038221418857574,-0.008439634926617146,0.020494526983697803,0.017895940491457374,xgb_sentiment
2023-12-29,ABBN.SW,0.0007293884730222176,0.008374197408556938,0.006076265126466751,0.00764480893553472,0.005346876653444533,xgb_sentiment
2023-12-29,AD.AS,0.002495332171742464,0.017975326627492905,0.021328512579202652,0.015479994455750441,0.01883318040746019,xgb
2023-12-29,AI.PA,-0.017411545074714384,0.0017097158124670386,0.0015977340517565608,0.019121260887181423,0.019009279126470945,xgb_sentiment
2023-12-29,AIR.PA,0.06963161975542465,0.003511253045871854,0.0031828079372644424,0.06612036670955279,0.0664488118181602,xgb
2023-12-29,ALV.DE,0.02308346683394273,-0.0016699115512892604,-0.0026948750019073486,0.02475337838523199,0.02577834183585008,xgb
2023-12-29,ASML.AS,0.16164567039674974,0.0032625189051032066,0.002752493368461728,0.15838315149164653,0.158893177028288,xgb
2023-12-29,BAS.DE,-0.092505608342733,0.005281863268464804,0.0021999452728778124,0.0977874716111978,0.09470555361561081,xgb_sentiment
2023-12-29,BMW.DE,-0.0590630134635223,0.010482423938810825,0.00974084623157978,0.06954543740233313,0.06880385969510208,xgb_sentiment
2023-12-29,BNP.PA,-0.006250491989483552,0.005791675299406052,0.004730263724923134,0.012042167288889603,0.010980755714406685,xgb_sentiment
2023-12-29,CAC.PA,0.019998034246428386,0.005910933017730713,0.006193757057189941,0.014087101228697673,0.013804277189238445,xgb_sentiment
2023-12-29,CAP.PA,0.09951564926027773,-0.003919441718608141,-0.003916444256901741,0.10343509097888587,0.10343209351717947,xgb_sentiment
2023-12-29,CFR.SW,0.12001843211225081,0.023901045322418213,0.02466519922018051,0.0961173867898326,0.0953532328920703,xgb_sentiment
2023-12-29,DTE.DE,0.05043085837176198,0.003121019806712866,0.004141541663557291,0.04730983856504911,0.046289316708204686,xgb_sentiment
2023-12-29,ENEL.MI,-0.04022941062951273,0.0011732011334970593,0.0008349596755579114,0.041402611763009786,0.04106437030507064,xgb_sentiment
2023-12-29,ENI.MI,-0.028014456091997857,0.0013293303782120347,0.0014452324248850346,0.029343786470209892,0.029459688516882892,xgb
2023-12-29,EWI,0.010377786970105442,0.0017137404065579176,0.0019941390492022038,0.008664046563547525,0.008383647920903238,xgb_sentiment
2023-12-29,EWL,0.01947625981784246,0.002749249804764986,0.002203951356932521,0.016727010013077474,0.01727230846090994,xgb
2023-12-29,EWN,0.048747462056044376,0.0008237955044023693,0.0010887561365962029,0.04792366655164201,0.04765870591944817,xgb_sentiment
2023-12-29,EWP,-0.011861096887869819,0.0013990827137604356,0.0011356655741110444,0.013260179601630255,0.012996762461980864,xgb_sentiment
2023-12-29,EXH7.DE,0.02842603029929269,0.015194558538496494,0.01515315193682909,0.013231471760796195,0.0132728783624636,xgb
2023-12-29,EXH8.DE,-0.022406571743905195,0.0035898478236049414,0.0028074628207832575,0.025996419567510136,0.025214034564688452,xgb_sentiment
2023-12-29,EXS1.DE,0.012894206601207148,0.005636283196508884,0.007028032094240189,0.007257923404698264,0.00586617450696696,xgb_sentiment
2023-12-29,EXSA.DE,0.014786938188162414,0.005721624009311199,0.004902418237179518,0.009065314178851215,0.009884519950982896,xgb
2023-12-29,EXV1.DE,0.010128206360842705,0.003363372292369604,0.003223106963559985,0.006764834068473101,0.00690509939728272,xgb
2023-12-29,EXV2.DE,0.024708327335882047,0.0053732022643089294,0.005306547973304987,0.019335125071573117,0.01940177936257706,xgb
2023-12-29,EXV3.DE,0.07493878036108281,0.005960463546216488,0.006364223547279835,0.06897831681486633,0.06857455681380298,xgb_sentiment
2023-12-29,EXV4.DE,0.03494286119382909,0.007188622839748859,0.005806874018162489,0.02775423835408023,0.0291359871756666,xgb
2023-12-29,EXV6.DE,-0.05515874837754209,0.005475612822920084,0.004587947856634855,0.06063436120046217,0.059746696234176944,xgb_sentiment
2023-12-29,EXV7.DE,-0.041785842420403535,0.0062450990080833435,0.005825661588460207,0.04803094142848688,0.04761150400886374,xgb_sentiment
2023-12-29,HEIA.AS,0.011678328535879154,0.017027493566274643,0.016905726864933968,0.005349165030395489,0.005227398329054814,xgb_sentiment
2023-12-29,HOLN.SW,0.0276555153613217,0.0006523215561173856,0.00045604081242345273,0.027003193805204315,0.027199474548898248,xgb
2023-12-29,IBE.MC,-0.05053593718726526,0.006796841509640217,0.006941019557416439,0.05733277869690548,0.0574769567446817,xgb
2023-12-29,INGA.AS,-0.030781039237328438,0.0020098253153264523,0.0015693060122430325,0.03279086455265489,0.03235034524957147,xgb_sentiment
2023-12-29,ISP.MI,0.0846441793659631,0.004024662543088198,0.0035211544018238783,0.0806195168228749,0.08112302496413921,xgb
2023-12-29,ITX.MC,0.014352317435865663,0.003363910363987088,0.003510010428726673,0.010988407071878575,0.01084230700713899,xgb_sentiment
2023-12-29,MBG.DE,-0.004647164930863903,0.020889397710561752,0.01959444023668766,0.025536562641425654,0.024241605167551562,xgb_sentiment
2023-12-29,MC.PA,0.06389078440303254,0.02100871317088604,0.01891937106847763,0.042882071232146504,0.04497141333455491,xgb
2023-12-29,MUV2.DE,0.04814254478631736,0.01229582354426384,0.010950032621622086,0.03584672124205352,0.037192512164695275,xgb
2023-12-29,NESN.SW,0.015928993917071515,0.016262859106063843,0.016664454713463783,0.0003338651889923279,0.0007354607963922684,xgb
2023-12-29,NOVN.SW,0.08752158908008584,0.004217582754790783,0.004148371517658234,0.08330400632529505,0.0833732175624276,xgb
2023-12-29,OR.PA,-0.00969956100243402,0.0062652467750012875,0.005333200562745333,0.015964807777435308,0.015032761565179353,xgb_sentiment
2023-12-29,PHIA.AS,-0.056737277520631825,0.012469090521335602,0.013491674326360226,0.06920636804196742,0.07022895184699204,xgb
2023-12-29,RO.SW,0.0035170354447777888,0.02225937321782112,0.0230961125344038,0.018742337773043332,0.019579077089626012,xgb
2023-12-29,SAN.PA,0.02952847972395093,0.0183895044028759,0.01945432834327221,0.01113897532107503,0.010074151380678721,xgb_sentiment
2023-12-29,SAP.DE,0.1522642470394747,0.0028375317342579365,0.004335904493927956,0.14942671530521676,0.14792834254554674,xgb_sentiment
2023-12-29,SIE.DE,-0.00353729647337803,0.0016685912851244211,0.0014008163707330823,0.005205887758502451,0.004938112844111112,xgb_sentiment
2023-12-29,STMMI.MI,-0.09531015368555815,0.005546648055315018,0.005795508623123169,0.10085680174087316,0.10110566230868132,xgb
2023-12-29,SU.PA,0.01485232991736249,0.005636951886117458,0.004484924953430891,0.009215378031245032,0.0103674049639316,xgb
2023-12-29,TEF.MC,0.064379384642316,0.01727268099784851,0.01569310948252678,0.04710670364446749,0.048686275159789225,xgb
2023-12-29,TTE.PA,-0.007090447534638282,0.00868451688438654,0.008137024007737637,0.01577496441902482,0.015227471542375918,xgb_sentiment
2023-12-29,UBSG.SW,-0.0033776910412063412,0.005402650684118271,0.0021995119750499725,0.008780341725324612,0.005577203016256313,xgb_sentiment
2023-12-29,UCG.MI,0.09580962889033857,0.017325865104794502,0.015895700082182884,0.07848376378554407,0.07991392880815569,xgb
2023-12-29,VOW3.DE,0.04238068484240639,0.02122788317501545,0.01951909065246582,0.02115280166739094,0.02286159418994057,xgb
2023-12-29,WKL.AS,0.07627005346501889,0.0026995588559657335,0.0012554494896903634,0.07357049460905316,0.07501460397532853,xgb
2024-01-31,ABBN.SW,0.08515380322775931,-0.0005694912397302687,0.0005718533066101372,0.08572329446748958,0.08458194992114917,xgb_sentiment
2024-01-31,AD.AS,0.056432047965624406,0.015990793704986572,0.015332159586250782,0.040441254260637834,0.041099888379373624,xgb
2024-01-31,AI.PA,0.07869541614331217,-0.0060242279432713985,-0.002783177187666297,0.08471964408658357,0.08147859333097847,xgb_sentiment
2024-01-31,AIR.PA,0.03418565844699564,-0.0010713087394833565,-0.00049442274030298,0.035256967186479,0.03468008118729862,xgb_sentiment
2024-01-31,ALV.DE,0.02412158217938311,-0.002339893952012062,-0.0017979512922465801,0.026461476131395174,0.02591953347162969,xgb_sentiment
2024-01-31,ASML.AS,0.08848102943672953,0.02344525046646595,0.019292766228318214,0.06503577897026358,0.06918826320841132,xgb
2024-01-31,BAS.DE,0.05715228147804503,0.010790885426104069,0.01126664225012064,0.046361396051940965,0.045885639227924394,xgb_sentiment
2024-01-31,BMW.DE,0.12092379101705977,0.012132699601352215,0.011849693953990936,0.10879109141570756,0.10907409706306884,xgb
2024-01-31,BNP.PA,-0.12174766278880189,-0.008374227210879326,-0.008197983726859093,0.11337343557792257,0.1135496790619428,xgb
2024-01-31,CAC.PA,0.035771545332025145,0.004610879346728325,0.004045071080327034,0.03116066598529682,0.03172647425169811,xgb
2024-01-31,CAP.PA,0.08108167126833238,0.0011799467029049993,-0.003103816881775856,0.07990172456542738,0.08418548815010823,xgb
2024-01-31,CFR.SW,0.06704537939960153,0.015195147134363651,0.006654258817434311,0.05185023226523788,0.060391120582167224,xgb
2024-01-31,DTE.DE,-0.03398498862043486,-0.0017497935332357883,-0.0004278958076611161,0.03223519508719907,0.03355709281277374,xgb
2024-01-31,ENEL.MI,-0.07496963096203255,0.008142173290252686,0.0071044801734387875,0.08311180425228523,0.08207411113547133,xgb_sentiment
2024-01-31,ENI.MI,-0.0389561126622242,-0.002009693766012788,-0.0002587329363450408,0.03694641889621141,0.03869737972587916,xgb
2024-01-31,EWI,0.0623638193297696,-0.005287246312946081,-0.004285179544240236,0.06765106564271568,0.06664899887400984,xgb_sentiment
2024-01-31,EWL,-0.014206991737044119,0.004908157978206873,0.005347763653844595,0.019115149715250992,0.019554755390888714,xgb
2024-01-31,EWN,0.0476013945730251,-0.006477289367467165,-0.008187049999833107,0.05407868394049226,0.055788444572858205,xgb
2024-01-31,EWP,-0.009101189021497647,0.000427836028393358,0.0018167973030358553,0.009529025049891005,0.010917986324533502,xgb
2024-01-31,EXH7.DE,0.037186222107788186,-0.000361316604539752,-0.006004277616739273,0.03754753871232794,0.04319049972452746,xgb
2024-01-31,EXH8.DE,0.013672071807967968,-0.0001778390578692779,0.0014979381812736392,0.013849910865837246,0.012174133626694329,xgb_sentiment
2024-01-31,EXS1.DE,0.04477738354223114,-0.0002089900226565078,-0.0007571365567855537,0.04498637356488765,0.04553452009901669,xgb
2024-01-31,EXSA.DE,0.01805567213748348,0.00579111510887742,0.004554295912384987,0.01226455702860606,0.013501376225098494,xgb
2024-01-31,EXV1.DE,0.021177895129289432,-0.0069621866568923,-0.00837195385247469,0.02814008178618173,0.02954984898176412,xgb
2024-01-31,EXV2.DE,-0.02352012140254221,0.005462907254695892,0.005363932810723782,0.0289830286572381,0.02888405421326599,xgb_sentiment
2024-01-31,EXV3.DE,0.040362753590424266,-0.004521284252405167,-0.0019709295593202114,0.04488403784282943,0.04233368314974448,xgb_sentiment
2024-01-31,EXV4.DE,-0.0003635258570448318,0.00552750937640667,0.005290513392537832,0.005891035233451501,0.005654039249582664,xgb_sentiment
2024-01-31,EXV6.DE,-0.06629598900460264,0.010504336096346378,0.010196465998888016,0.07680032510094902,0.07649245500349065,xgb_sentiment
2024-01-31,EXV7.DE,0.021023007406391344,0.008793462999165058,0.008821583352982998,0.012229544407226286,0.012201424053408346,xgb_sentiment
2024-01-31,HEIA.AS,-0.08823989832785883,0.0027600133325904608,0.0034966624807566404,0.0909999116604493,0.09173656080861547,xgb
2024-01-31,HOLN.SW,0.06691661744873588,0.0029712319374084473,0.0018449315102770925,0.06394538551132743,0.06507168593845879,xgb
2024-01-31,IBE.MC,-0.05094031062126328,0.005344969220459461,0.0042321765795350075,0.05628527984172274,0.05517248720079829,xgb_sentiment
2024-01-31,INGA.AS,-0.03864453383009173,0.0021436249371618032,0.0025605398695915937,0.040788158767253536,0.04120507369968333,xgb
2024-01-31,ISP.MI,0.025859048146416718,-0.013824507594108582,-0.012666165828704834,0.0396835557405253,0.038525213975121556,xgb_sentiment
2024-01-31,ITX.MC,0.032212884943113515,-0.003020733594894409,-0.003456167643889785,0.035233618538007924,0.0356690525870033,xgb
2024-01-31,MBG.DE,0.1584373963581745,0.007036062888801098,0.008092920295894146,0.1514013334693734,0.15034447606228035,xgb_sentiment
2024-01-31,MC.PA,0.08567481819880643,0.023478571325540543,0.02304689772427082,0.06219624687326589,0.06262792047453561,xgb
2024-01-31,MUV2.DE,0.08785656424960515,-0.006040844134986401,-0.004187258891761303,0.09389740838459155,0.09204382314136646,xgb_sentiment
2024-01-31,NESN.SW,-0.09055035142170453,0.014699487015604973,0.015252656303346157,0.1052498384373095,0.10580300772505069,xgb
2024-01-31,NOVN.SW,-0.018055158619873463,0.0017446306301280856,0.0021225425880402327,0.01979978925000155,0.020177701207913696,xgb
2024-01-31,OR.PA,-0.006768992015703498,-0.014773781411349773,-0.024908531457185745,0.008004789395646274,0.018139539441482246,xgb
2024-01-31,PHIA.AS,-0.06659022539639949,-0.008984994143247604,-0.011551723815500736,0.05760523125315188,0.05503850158089875,xgb_sentiment
2024-01-31,RO.SW,-0.08375264828784079,0.009960510767996311,0.010355856269598007,0.0937131590558371,0.0941085045574388,xgb
2024-01-31,SAN.PA,-0.060376877329463625,0.007455671206116676,0.00719310762360692,0.0678325485355803,0.06756998495307054,xgb_sentiment
2024-01-31,SAP.DE,0.07243640879589318,0.0019441925687715411,0.003333179047331214,0.07049221622712164,0.06910322974856196,xgb_sentiment
2024-01-31,SIE.DE,0.12115581721288553,-0.005391556769609451,-0.008185325190424919,0.126547373982495,0.12934114240331046,xgb
2024-01-31,STMMI.MI,0.020207593628803172,0.024852940812706947,0.027104152366518974,0.004645347183903775,0.006896558737715802,xgb
2024-01-31,SU.PA,0.13721529224352488,-0.0058203283697366714,-0.005983096081763506,0.14303562061326155,0.1431983883252884,xgb
2024-01-31,TEF.MC,0.006082358770109757,0.0042376141063869,0.0033928612247109413,0.0018447446637228568,0.0026894975453988154,xgb
2024-01-31,TTE.PA,-0.018641905091138476,-0.002115814480930567,-0.0006517498986795545,0.01652609061020791,0.01799015519245892,xgb
2024-01-31,UBSG.SW,-0.049532518721575235,0.00041343874181620777,-0.0050566415302455425,0.04994595746339144,0.04447587719132969,xgb_sentiment
2024-01-31,UCG.MI,0.12933449405598516,-0.00517849950119853,-0.0023628880735486746,0.13451299355718369,0.13169738212953383,xgb_sentiment
2024-01-31,VOW3.DE,0.04487258607657616,0.007968630641698837,0.007866610772907734,0.036903955434877324,0.03700597530366843,xgb
2024-01-31,WKL.AS,0.06625413233834836,-0.0039568389765918255,-0.0037627234123647213,0.07021097131494018,0.07001685575071308,xgb_sentiment
2024-02-29,ABBN.SW,0.021269996987731094,-0.006562069524079561,-0.0054054888896644115,0.027832066511810655,0.026675485877395506,xgb_sentiment
2024-02-29,AD.AS,0.007240966113727561,-0.0018079215660691261,-0.0035545434802770615,0.009048887679796686,0.010795509594004622,xgb
2024-02-29,AI.PA,0.025950910081786977,0.00039516438846476376,-0.0005826848209835589,0.025555745693322213,0.026533594902770536,xgb
2024-02-29,AIR.PA,0.10997909519443726,-0.001114054350182414,0.0008128636400215328,0.11109314954461967,0.10916623155441572,xgb_sentiment
2024-02-29,ALV.DE,0.09015786625860468,-0.0036708626430481672,-0.003250611713156104,0.09382872890165285,0.09340847797176079,xgb_sentiment
2024-02-29,ASML.AS,0.024622535508975568,0.0009067681967280805,0.0010671213967725635,0.023715767312247487,0.023555414112203004,xgb_sentiment
2024-02-29,BAS.DE,0.11722826759428226,-0.002298849169164896,-0.003012513043358922,0.11952711676344716,0.12024078063764118,xgb
2024-02-29,BMW.DE,-0.02090933383339197,-0.0043831816874444485,-0.0027542319148778915,0.01652615214594752,0.018155101918514077,xgb
2024-02-29,BNP.PA,0.173312759787305,0.006335468962788582,0.004544983152300119,0.16697729082451643,0.1687677766350049,xgb
2024-02-29,CAC.PA,0.034042153283266124,-0.0044664605520665646,-0.004223404452204704,0.03850861383533269,0.03826555773547083,xgb_sentiment
2024-02-29,CAP.PA,-0.05206653772203566,-0.0017846740083768964,-0.0035568007733672857,0.05028186371365877,0.04850973694866838,xgb_sentiment
2024-02-29,CFR.SW,-0.04988470267696464,-0.001011352869682014,-0.002356814220547676,0.048873349807282626,0.047527888456416964,xgb_sentiment
2024-02-29,DTE.DE,0.023154917670751014,0.007716884836554527,0.007437413092702627,0.015438032834196487,0.015717504578048387,xgb
2024-02-29,ENEL.MI,0.03933190325945737,-0.00032981374533846974,0.000531304394826293,0.039661717004795836,0.038800598864631074,xgb_sentiment
2024-02-29,ENI.MI,0.04437062183992735,0.006194869056344032,0.004984096623957157,0.03817575278358332,0.03938652521597019,xgb
2024-02-29,EWI,0.05940640907594414,-0.0071812099777162075,-0.0064880927093327045,0.06658761905366034,0.06589450178527684,xgb_sentiment
2024-02-29,EWL,0.017205912828718327,0.007832823321223259,0.007938353344798088,0.009373089507495068,0.009267559483920239,xgb_sentiment
2024-02-29,EWN,0.047710819793904076,0.0008168171625584364,0.0007363544427789748,0.04689400263134564,0.0469744653511251,xgb
2024-02-29,EWP,0.09408833808399311,0.004365019034594297,0.005508051719516516,0.08972331904939881,0.0885802863644766,xgb_sentiment
2024-02-29,EXH7.DE,0.000576188805396121,-0.0012044794857501984,-6.249057332752272e-05,0.0017806682911463193,0.0006386793787236438,xgb_sentiment
2024-02-29,EXH8.DE,0.13264023178289147,-0.002272235229611397,-0.0019319464918226004,0.13491246701250287,0.13457217827471407,xgb_sentiment
2024-02-29,EXS1.DE,0.04479839371206041,-0.003295338014140725,-0.0030728999990969896,0.048093731726201135,0.0478712937111574,xgb_sentiment
2024-02-29,EXSA.DE,0.04131208751604208,-0.006017130799591541,-0.005715257953852415,0.04732921831563362,0.047027345469894496,xgb_sentiment
2024-02-29,EXV1.DE,0.10577037768910205,-0.00607283553108573,-0.005737680476158857,0.11184321322018778,0.11150805816526091,xgb_sentiment
2024-02-29,EXV2.DE,0.025323037856330343,0.007322230376303196,0.006060017738491297,0.018000807480027147,0.019263020117839046,xgb
2024-02-29,EXV3.DE,0.004764993009352458,-0.0008298842585645616,-0.0011523794382810593,0.00559487726791702,0.005917372447633518,xgb
2024-02-29,EXV4.DE,0.04080005413616163,0.003755116369575262,0.0037378622218966484,0.03704493776658637,0.037062191914264984,xgb
2024-02-29,EXV6.DE,0.070230305987107,0.010601510293781757,0.010237686336040497,0.05962879569332524,0.0599926196510665,xgb
2024-02-29,EXV7.DE,0.059044476708255376,-0.0033787351567298174,-0.0027915826067328453,0.062423211864985194,0.06183605931498822,xgb_sentiment
2024-02-29,HEIA.AS,0.044869063058201375,0.018386317417025566,0.023591531440615654,0.02648274564117581,0.02127753161758572,xgb_sentiment
2024-02-29,HOLN.SW,0.09692094945439493,-0.0006077126017771661,-0.0008162200101651251,0.0975286620561721,0.09773716946456006,xgb
2024-02-29,IBE.MC,0.0791732130728665,0.006338818464428186,0.0062543959356844425,0.07283439460843831,0.07291881713718205,xgb
2024-02-29,INGA.AS,0.18350288653285313,-0.0028388332575559616,-0.0008410318405367434,0.1863417197904091,0.18434391837338987,xgb_sentiment
2024-02-29,ISP.MI,0.1351044237359922,-0.0006702773389406502,-0.0019411948742344975,0.13577470107493286,0.1370456186102267,xgb
2024-02-29,ITX.MC,0.12928572680763709,-0.007563777733594179,-0.008070630021393299,0.13684950454123126,0.13735635682903038,xgb
2024-02-29,MBG.DE,0.002305781706893886,-0.0015420577256008983,-0.0003171369608025998,0.0038478394324947844,0.002622918667696486,xgb_sentiment
2024-02-29,MC.PA,-0.010856015504836506,-0.002202398143708706,-0.002530136378481984,0.0086536173611278,0.008325879126354522,xgb_sentiment
2024-02-29,MUV2.DE,0.04963062793356375,-0.001904113800264895,0.00014220386219676584,0.051534741733828646,0.049488424071366985,xgb_sentiment
2024-02-29,NESN.SW,0.014974677979774698,0.021291421726346016,0.02426689863204956,0.006316743746571318,0.009292220652274863,xgb
2024-02-29,NOVN.SW,-0.014651500162697409,-0.0015113531844690442,-0.0018852335633710027,0.013140146978228365,0.012766266599326406,xgb_sentiment
2024-02-29,OR.PA,-0.0069292257559301716,-0.0033449199981987476,-0.0006714067421853542,0.003584305757731424,0.006257819013744817,xgb
2024-02-29,PHIA.AS,0.005605240399403697,0.0032870150171220303,0.0026573080103844404,0.0023182253822816665,0.0029479323890192564,xgb
2024-02-29,RO.SW,0.0010179477968314521,0.009043257683515549,0.008076679892838001,0.008025309886684097,0.007058732096006549,xgb_sentiment
2024-02-29,SAN.PA,0.03433375463805343,0.010040654800832272,0.009088144637644291,0.02429309983722116,0.02524561000040914,xgb
2024-02-29,SAP.DE,0.04291141880534065,0.0006973383133299649,-0.00013577932259067893,0.04221408049201068,0.04304719812793133,xgb
2024-02-29,SIE.DE,-0.03323454304786806,-0.006952205207198858,-0.0013283856678754091,0.026282337840669204,0.03190615737999265,xgb
2024-02-29,STMMI.MI,-0.04275707841173606,0.01392303965985775,0.013444090262055397,0.05668011807159381,0.056201168673791456,xgb_sentiment
2024-02-29,SU.PA,-0.0007152114427209069,-0.009351363405585289,-0.009382878430187702,0.008636151962864382,0.008667666987466795,xgb
2024-02-29,TEF.MC,0.07514326425888641,-0.003805736778303981,-0.0029866942204535007,0.0789490010371904,0.07812995847933991,xgb_sentiment
2024-02-29,TTE.PA,0.08477458563923644,0.006860617082566023,0.00580103462561965,0.07791396855667042,0.07897355101361679,xgb
2024-02-29,UBSG.SW,0.06804531709707287,0.0217863991856575,0.021914014592766762,0.04625891791141537,0.04613130250430611,xgb_sentiment
2024-02-29,UCG.MI,0.12925588065964913,0.0018165584187954664,-0.0007440075278282166,0.12743932224085366,0.12999988818747735,xgb
2024-02-29,VOW3.DE,-0.02014738323617663,-0.005891472566872835,-0.005811271723359823,0.014255910669303797,0.014336111512816808,xgb
2024-02-29,WKL.AS,-0.004466758646718127,-0.006397021934390068,-0.006185412406921387,0.0019302632876719407,0.0017186537602032594,xgb_sentiment
2024-03-28,ABBN.SW,0.07922659464411975,-0.005106810014694929,-0.00375290191732347,0.08433340465881468,0.08297949656144323,xgb_sentiment
2024-03-28,AD.AS,0.036594246320837694,0.004113854840397835,0.0037157214246690273,0.03248039148043986,0.032878524896168666,xgb
2024-03-28,AI.PA,-0.04475347899248791,0.0016236974624916911,0.0013969471910968423,0.0463771764549796,0.04615042618358475,xgb_sentiment
2024-03-28,AIR.PA,-0.07354691545669131,-0.0017654224066063762,-0.0011740191839635372,0.07178149305008494,0.07237289627272778,xgb
2024-03-28,ALV.DE,-0.04227796919591939,0.0016495201271027327,0.0026521128602325916,0.04392748932302212,0.04493008205615198,xgb
2024-03-28,ASML.AS,-0.0490620998259929,0.03874621540307999,0.04211931303143501,0.08780831522907288,0.09118141285742791,xgb
2024-03-28,BAS.DE,-0.0070214043253188745,-0.003081084694713354,-0.0031418774742633104,0.00394031963060552,0.003879526851055564,xgb_sentiment
2024-03-28,BMW.DE,-0.001496890710635663,0.012635476887226105,0.012256723828613758,0.014132367597861767,0.01375361453924942,xgb_sentiment
2024-03-28,BNP.PA,0.02785023372305859,-0.008237596601247787,-0.0024486365728080273,0.036087830324306375,0.030298870295866618,xgb_sentiment
2024-03-28,CAC.PA,-0.013302940334922035,-0.006537101697176695,-0.006639185827225447,0.006765838637745341,0.006663754507696589,xgb_sentiment
2024-03-28,CAP.PA,-0.037253566993248825,0.02066889777779579,0.014298005029559135,0.05792246477104462,0.05155157202280796,xgb_sentiment
2024-03-28,CFR.SW,-0.057653819244965224,0.009887411259114742,0.01511338073760271,0.06754123050407997,0.07276719998256793,xgb
2024-03-28,DTE.DE,0.002600520321216253,-0.004568505100905895,-0.005049323197454214,0.007169025422122149,0.007649843518670468,xgb
2024-03-28,ENEL.MI,0.013150586518481371,9.927358041750267e-05,0.0005080941482447088,0.013051312938063869,0.012642492370236662,xgb_sentiment
2024-03-28,ENI.MI,0.041848146177149916,0.00017904836568050086,-0.001853545312769711,0.041669097811469415,0.04370169148991963,xgb
2024-03-28,EWI,-0.0007619936825619809,-0.002881825901567936,-0.0013552684104070067,0.002119832219005955,0.0005932747278450259,xgb_sentiment
2024-03-28,EWL,-0.02255459381051421,0.0027105947956442833,0.0026630908250808716,0.025265188606158492,0.02521768463559508,xgb_sentiment
2024-03-28,EWN,-0.004759144832690834,-0.00014640166773460805,-0.0016315700486302376,0.004612743164956226,0.003127574784060596,xgb_sentiment
2024-03-28,EWP,0.014860588467378186,-0.0037658645305782557,-0.0038104376289993525,0.01862645299795644,0.018671026096377538,xgb
2024-03-28,EXH7.DE,-0.01639410323680889,0.001019965624436736,0.0015017284313216805,0.017414068861245625,0.01789583166813057,xgb
2024-03-28,EXH8.DE,-0.03481806625669538,0.0054996684193611145,0.0024484461173415184,0.040317734676056496,0.0372665123740369,xgb_sentiment
2024-03-28,EXS1.DE,-0.021950193648077918,-0.00522531196475029,-0.004728883039206266,0.016724881683327628,0.01722131060887165,xgb
2024-03-28,EXSA.DE,-0.0039425783808325655,-0.006509826518595219,-0.00828936230391264,0.002567248137762653,0.004346783923080074,xgb
2024-03-28,EXV1.DE,0.04432269346776614,-0.00034475864958949387,-0.0009412314393557608,0.044667452117355635,0.0452639249071219,xgb
2024-03-28,EXV2.DE,-0.0006118656545995266,0.0037745602894574404,0.0029767327941954136,0.004386425944056967,0.00358859844879494,xgb_sentiment
2024-03-28,EXV3.DE,-0.03253875651954942,0.010704264044761658,0.009490279480814934,0.04324302056431108,0.04202903600036435,xgb_sentiment
2024-03-28,EXV4.DE,0.0014684620137046106,-0.0017029556911438704,-0.0021444777958095074,0.003171417704848481,0.003612939809514118,xgb
2024-03-28,EXV6.DE,0.10849905584129378,-0.004823210649192333,-0.00461471127346158,0.11332226649048611,0.11311376711475536,xgb_sentiment
2024-03-28,EXV7.DE,-0.0350376595384515,-0.004864316899329424,-0.005322575569152832,0.030173342639122074,0.029715083969298665,xgb_sentiment
2024-03-28,HEIA.AS,0.032487869655083046,0.0021551295649260283,0.0011630742810666561,0.030332740090157018,0.03132479537401639,xgb
2024-03-28,HOLN.SW,-0.03313035088741686,-0.008094889111816883,-0.007179934065788984,0.025035461775599975,0.025950416821627874,xgb
2024-03-28,IBE.MC,0.01382333182546891,-0.0024466782342642546,-0.0017492173938080668,0.016270010059733164,0.015572549219276977,xgb_sentiment
2024-03-28,INGA.AS,0.02201006385791885,-0.004983784165233374,-0.001734043937176466,0.026993848023152224,0.023744107795095316,xgb_sentiment
2024-03-28,ISP.MI,0.05214035038019786,0.0012391800992190838,-0.0010526902042329311,0.05090117028097878,0.05319304058443079,xgb
2024-03-28,ITX.MC,-0.04474215056105095,0.014597760513424873,0.013332491740584373,0.059339911074475823,0.058074642301635324,xgb_sentiment
2024-03-28,MBG.DE,0.013189998671403686,0.002888310234993696,0.002452458254992962,0.01030168843640999,0.010737540416410724,xgb
2024-03-28,MC.PA,-0.05814861108950426,0.0044461386278271675,0.004174476955085993,0.06259474971733142,0.062323088044590254,xgb_sentiment
2024-03-28,MUV2.DE,-0.051667620349981964,-0.00012576326844282448,-0.0013384701451286674,0.05154185708153914,0.0503291502048533,xgb_sentiment
2024-03-28,NESN.SW,-0.0063306510962439794,0.0020674860570579767,0.0013981538359075785,0.008398137153301956,0.007728804932151558,xgb_sentiment
2024-03-28,NOVN.SW,0.01776850461545845,0.007177656050771475,0.007642477285116911,0.010590848564686974,0.010126027330341538,xgb_sentiment
2024-03-28,OR.PA,0.010348771722609467,0.001543135498650372,0.0027240042109042406,0.008805636223959095,0.007624767511705226,xgb_sentiment
2024-03-28,PHIA.AS,0.31676172961421856,0.009108437225222588,0.008867121301591396,0.30765329238899597,0.30789460831262716,xgb
2024-03-28,RO.SW,-0.006689080941437206,0.007009035907685757,0.0058634355664253235,0.013698116849122963,0.01255251650786253,xgb_sentiment
2024-03-28,SAN.PA,0.0096280645054346,0.004204294644296169,0.0017738448223099113,0.0054237698611384316,0.00785421968312469,xgb
2024-03-28,SAP.DE,-0.05139243871675999,0.0011668462539091706,-0.0009911872912198305,0.05255928497066916,0.05040125142554016,xgb_sentiment
2024-03-28,SIE.DE,0.003835389000098305,0.020775675773620605,0.017580026760697365,0.0169402867735223,0.01374463776059906,xgb_sentiment
2024-03-28,STMMI.MI,-0.04559636448571697,0.02645517885684967,0.026877669617533684,0.07205154334256664,0.07247403410325065,xgb
2024-03-28,SU.PA,0.030070282888110304,0.013792802579700947,0.014805600047111511,0.016277480308409358,0.015264682840998793,xgb_sentiment
2024-03-28,TEF.MC,0.03814781761394801,0.002384661231189966,0.001650425372645259,0.035763156382758045,0.03649739224130275,xgb
2024-03-28,TTE.PA,0.08715581871898354,-0.0008759044576436281,0.00011672775872284546,0.08803172317662716,0.08703909096026069,xgb_sentiment
2024-03-28,UBSG.SW,-0.09926167194186261,0.0026583573780953884,0.002117536496371031,0.101920029319958,0.10137920843823364,xgb_sentiment
2024-03-28,UCG.MI,0.04947263828105211,-0.00397837208583951,-0.008580951951444149,0.05345101036689162,0.05805359023249626,xgb
2024-03-28,VOW3.DE,-0.017160313259633943,0.02514461614191532,0.026142166927456856,0.042304929401549264,0.0433024801870908,xgb
2024-03-28,WKL.AS,-0.02828882719578918,0.013933376409113407,0.013196843676269054,0.042222203604902586,0.04148567087205823,xgb_sentiment
2024-04-30,ABBN.SW,0.08103180686519254,-0.00015192579303402454,-0.0013157117646187544,0.08118373265822657,0.0823475186298113,xgb
2024-04-30,AD.AS,0.005959641808974871,0.004693653434514999,0.005903285462409258,0.001265988374459872,5.6356346565613474e-05,xgb_sentiment
2024-04-30,AI.PA,-0.008616249735881973,0.008507783524692059,0.008813709020614624,0.01712403326057403,0.017429958756496597,xgb
2024-04-30,AIR.PA,0.013230049821078236,0.01848861202597618,0.022043941542506218,0.0052585622048979454,0.008813891721427982,xgb
2024-04-30,ALV.DE,0.04179029112319786,0.008845502510666847,0.008138942532241344,0.032944788612531015,0.03365134859095652,xgb
2024-04-30,ASML.AS,0.06486139863378101,0.0751529410481453,0.060520805418491364,0.01029154241436428,0.004340593215289651,xgb_sentiment
2024-04-30,BAS.DE,-0.039737468059470794,0.01077673677355051,0.011506077833473682,0.050514204833021305,0.05124354589294448,xgb
2024-04-30,BMW.DE,-0.049466644986820456,0.016765212640166283,0.01998351514339447,0.06623185762698675,0.06945016013021493,xgb
2024-04-30,BNP.PA,0.05507036327510579,-0.0008808689890429378,-0.0024617784656584263,0.05595123226414873,0.057532141740764216,xgb
2024-04-30,CAC.PA,0.009914103499284824,0.009202433750033379,0.008305949158966541,0.0007116697492514455,0.0016081543403182828,xgb
2024-04-30,CAP.PA,0.04274414499752589,0.019432583823800087,0.01959685981273651,0.023311561173725806,0.023147285184789382,xgb_sentiment
2024-04-30,CFR.SW,0.0922413798961863,0.014209436252713203,0.014723151922225952,0.0780319436434731,0.07751822797396035,xgb_sentiment
2024-04-30,DTE.DE,0.006031139816642009,0.006559540517628193,0.006837967783212662,0.0005284007009861841,0.0008068279665706529,xgb
2024-04-30,ENEL.MI,0.06103375389537806,0.0014362181536853313,0.0012449304340407252,0.05959753574169273,0.059788823461337334,xgb
2024-04-30,ENI.MI,-0.035187655883303304,0.006238668225705624,0.005316140130162239,0.04142632410900893,0.04050379601346554,xgb_sentiment
2024-04-30,EWI,0.02943030006137287,0.0109602315351367,0.010385900735855103,0.018470068526236172,0.01904439932551777,xgb
2024-04-30,EWL,0.03809251046882,0.011866611428558826,0.011992929503321648,0.026225899040261173,0.026099580965498352,xgb_sentiment
2024-04-30,EWN,0.05142701534480728,0.004915226250886917,0.0060774339362978935,0.04651178909392036,0.045349581408509386,xgb_sentiment
2024-04-30,EWP,0.03268565108506222,0.0024248287081718445,0.0021667254623025656,0.030260822376890373,0.03051892562275965,xgb
2024-04-30,EXH7.DE,-0.0017746253380771517,0.00905129685997963,0.006352631375193596,0.010825922198056781,0.008127256713270747,xgb_sentiment
2024-04-30,EXH8.DE,0.035515438994359515,0.010697901248931885,0.01102087926119566,0.02481753774542763,0.024494559733163855,xgb_sentiment
2024-04-30,EXS1.DE,0.02686494132555022,0.009087463840842247,0.008439338766038418,0.01777747748470797,0.0184256025595118,xgb
2024-04-30,EXSA.DE,0.02431963640713417,2.5595829356461763e-05,-0.0004468824772629887,0.024294040577777707,0.024766518884397157,xgb
2024-04-30,EXV1.DE,0.037188634434557236,-0.011210729368031025,-0.010429526679217815,0.04839936380258826,0.04761816111377505,xgb_sentiment
2024-04-30,EXV2.DE,0.03544242927888974,0.00784222036600113,0.0074561601504683495,0.027600208912888613,0.027986269128421393,xgb
2024-04-30,EXV3.DE,0.058632631765517244,0.010317100211977959,0.012000969611108303,0.048315531553539286,0.04663166215440894,xgb_sentiment
2024-04-30,EXV4.DE,0.014393818055238618,-0.004497140180319548,-0.004577124025672674,0.018890958235558166,0.018970942080911293,xgb
2024-04-30,EXV6.DE,0.010155644504226643,0.005021321587264538,0.0061087841168046,0.005134322916962105,0.0040468603874220434,xgb_sentiment
2024-04-30,EXV7.DE,0.0013985937278567493,0.006762724369764328,0.005844684783369303,0.005364130641907579,0.004446091055512554,xgb_sentiment
2024-04-30,HEIA.AS,0.011326675943273802,-0.0025971666909754276,-0.0009115899447351694,0.01392384263424923,0.012238265888008972,xgb_sentiment
2024-04-30,HOLN.SW,0.044127799521559895,0.01800266094505787,0.01784864068031311,0.026125138576502026,0.026279158841246784,xgb
2024-04-30,IBE.MC,0.03583865683393044,0.005273902323096991,0.0031166006810963154,0.03056475451083345,0.03272205615283413,xgb
2024-04-30,INGA.AS,0.08323618801703105,-0.002194951521232724,-0.0024515376426279545,0.08543113953826377,0.085687725659659,xgb
2024-04-30,ISP.MI,0.04286483608724899,-0.013301720842719078,-0.009688583202660084,0.05616655692996807,0.05255341928990907,xgb_sentiment
2024-04-30,ITX.MC,0.01689275350290695,0.01977817714214325,0.023019393905997276,0.002885423639236301,0.006126640403090328,xgb
2024-04-30,MBG.DE,-0.005189568253868107,0.013781357556581497,0.01564319059252739,0.018970925810449603,0.020832758846395495,xgb
2024-04-30,MC.PA,-0.0670208845801972,0.011487885378301144,0.01172002125531435,0.07850876995849834,0.07874090583551155,xgb
2024-04-30,MUV2.DE,0.10361224008766916,0.015688203275203705,0.013099255971610546,0.08792403681246545,0.09051298411605861,xgb
2024-04-30,NESN.SW,-0.025220545738046662,0.008228068239986897,0.007333929184824228,0.03344861397803356,0.03255447492287089,xgb_sentiment
2024-04-30,NOVN.SW,0.0021662167526334056,0.005099672824144363,0.0037182720843702555,0.002933456071510958,0.00155205533173685,xgb_sentiment
2024-04-30,OR.PA,0.0014773533361759467,0.0007598770898766816,0.0007798955193720758,0.0007174762462992651,0.0006974578168038709,xgb_sentiment
2024-04-30,PHIA.AS,0.0371538414483232,0.01456846110522747,0.025851668789982796,0.022585380343095728,0.011302172658340402,xgb_sentiment
2024-04-30,RO.SW,0.028982512331457325,0.023026619106531143,0.02127271331846714,0.005955893224926182,0.007709799012990185,xgb
2024-04-30,SAN.PA,-0.01874727353891413,0.0027634426951408386,0.004420223645865917,0.02151071623405497,0.023167497184780048,xgb
2024-04-30,SAP.DE,0.048000370453662705,0.026959626004099846,0.02368917502462864,0.02104074444956286,0.024311195429034066,xgb
2024-04-30,SIE.DE,-0.0009099545677841139,0.0089372918009758,0.008687514811754227,0.009847246368759914,0.00959746937953834,xgb_sentiment
2024-04-30,STMMI.MI,-0.004392738218863964,0.01896873116493225,0.01887037791311741,0.023361469383796213,0.02326311613198137,xgb_sentiment
2024-04-30,SU.PA,0.07022471894517732,0.002214063424617052,-0.0005026303697377443,0.06801065552056026,0.07072734931491506,xgb
2024-04-30,TEF.MC,-0.005722368441586601,-0.015436487272381783,-0.014079129323363304,0.009714118830795182,0.008356760881776703,xgb_sentiment
2024-04-30,TTE.PA,-0.04411391336274461,-0.004759849049150944,-0.005339956842362881,0.039354064313593666,0.03877395652038173,xgb_sentiment
2024-04-30,UBSG.SW,0.12564798819565956,0.021878080442547798,0.02490481175482273,0.10376990775311176,0.10074317644083683,xgb_sentiment
2024-04-30,UCG.MI,0.040382217266844975,0.021819405257701874,0.021412169560790062,0.0185628120091431,0.018970047706054913,xgb
2024-04-30,VOW3.DE,0.04790051947234138,-0.004618678707629442,-0.0007234785589389503,0.05251919817997082,0.04862399803128033,xgb_sentiment
2024-04-30,WKL.AS,0.06180829824595586,0.002758875023573637,0.0042752535082399845,0.05904942322238222,0.05753304473771587,xgb_sentiment
2024-05-31,ABBN.SW,0.03202492476619271,0.00589103763923049,-0.00152989337220788,0.02613388712696222,0.03355481813840059,xgb
2024-05-31,AD.AS,-0.020531827569123282,0.004507850855588913,0.00287491618655622,0.025039678424712195,0.023406743755679502,xgb_sentiment
2024-05-31,AI.PA,-0.008782684304668194,-0.00651494599878788,-0.006510365754365921,0.002267738305880314,0.002272318550302273,xgb
2024-05-31,AIR.PA,-0.1691438668777856,-0.0015550648095086217,-0.0029992961790412664,0.16758880206827698,0.16614457069874433,xgb_sentiment
2024-05-31,ALV.DE,-0.021854584338002987,5.932039493927732e-05,0.00017401750665158033,0.021913904732942264,0.022028601844654567,xgb
2024-05-31,ASML.AS,0.09156563146900977,0.006245065480470657,0.0027018592227250338,0.08532056598853911,0.08886377224628474,xgb
2024-05-31,BAS.DE,-0.0866921987174139,0.003255773102864623,-0.0003276644856669009,0.08994797182027853,0.086364534231747,xgb_sentiment
2024-05-31,BMW.DE,-0.044325039326046874,-0.0023089160677045584,-0.002290932694450021,0.042016123258342315,0.04203410663159685,xgb
2024-05-31,BNP.PA,-0.09328866602092599,-0.0003877969866152853,-0.0014009325532242656,0.0929008690343107,0.09188773346770172,xgb_sentiment
2024-05-31,CAC.PA,-0.052566708670292214,-0.000714098394382745,0.0005222048494033515,0.05185261027590947,0.053088913519695566,xgb
2024-05-31,CAP.PA,0.021850024234136626,-0.07652763277292252,-0.08231176435947418,0.09837765700705914,0.1041617885936108,xgb
2024-05-31,CFR.SW,-0.012216120406157625,-0.0031176465563476086,-0.0055962493643164635,0.009098473849810017,0.006619871041841162,xgb_sentiment
2024-05-31,DTE.DE,0.060492560547421075,0.00257101166062057,0.0029216015245765448,0.057921548886800504,0.05757095902284453,xgb_sentiment
2024-05-31,ENEL.MI,-0.0073889244457346565,0.003468139562755823,0.0026906272396445274,0.010857064008490479,0.010079551685379183,xgb_sentiment
2024-05-31,ENI.MI,0.0024803627106796643,0.004014451056718826,0.003150658216327429,0.001534088346039162,0.0006702955056477646,xgb_sentiment
2024-05-31,EWI,-0.029726580722088898,0.0036795681808143854,0.004157706629484892,0.033406148902903283,0.03388428735157379,xgb
2024-05-31,EWL,0.008490692553001755,0.004364254418760538,0.004671260714530945,0.004126438134241217,0.00381943183847081,xgb_sentiment
2024-05-31,EWN,0.005841666798454754,0.0010475984308868647,0.0005352630978450179,0.00479406836756789,0.005306403700609736,xgb
2024-05-31,EWP,-0.035435382706701574,0.003383369417861104,0.003601391799747944,0.03881875212456268,0.03903677450644952,xgb
2024-05-31,EXH7.DE,-0.024173410650374465,0.0019250764744356275,0.001467886846512556,0.026098487124810093,0.02564129749688702,xgb_sentiment
2024-05-31,EXH8.DE,-0.030411399330182345,-0.0012678010389208794,-0.0006228763959370553,0.029143598291261466,0.02978852293424529,xgb
2024-05-31,EXS1.DE,-0.011219955840179086,-0.00016563094686716795,0.0002189579390687868,0.011054324893311918,0.011438913779247873,xgb
2024-05-31,EXSA.DE,-0.009140859106002375,-0.0006045053014531732,-0.00125990086235106,0.008536353804549202,0.007880958243651315,xgb_sentiment
2024-05-31,EXV1.DE,-0.02431434072341011,0.0018868382321670651,0.00035629578633233905,0.026201178955577175,0.02467063650974245,xgb_sentiment
2024-05-31,EXV2.DE,0.012781651192686384,0.001182568958029151,0.0016907422104850411,0.011599082234657233,0.011090908982201343,xgb_sentiment
2024-05-31,EXV3.DE,0.04046809645418458,0.0007654275395907462,-5.682677874574438e-05,0.039702668914593835,0.040524923232930325,xgb
2024-05-31,EXV4.DE,0.027596050176459615,-0.0038298633880913258,-0.0035138146486133337,0.03142591356455094,0.03110986482507295,xgb_sentiment
2024-05-31,EXV6.DE,-0.04943500727055188,-0.0012781781842932105,-0.0008896874496713281,0.04815682908625867,0.048545319820880554,xgb
2024-05-31,EXV7.DE,-0.0322836878302851,-0.0038918228819966316,-0.00387916574254632,0.02839186494828847,0.028404522087738783,xgb
2024-05-31,HEIA.AS,-0.022898408037036685,0.0035409226547926664,0.004774556495249271,0.02643933069182935,0.027672964532285956,xgb
2024-05-31,HOLN.SW,0.026497791986177206,0.004996964707970619,0.004264456685632467,0.021500827278206586,0.02223333530054474,xgb
2024-05-31,IBE.MC,0.018018335080897823,-0.003033196786418557,-0.004555190913379192,0.02105153186731638,0.022573525994277015,xgb
2024-05-31,INGA.AS,-0.0003668442508646598,0.0033870378974825144,0.0026624840684235096,0.003753882148347174,0.0030293283192881692,xgb_sentiment
2024-05-31,ISP.MI,-0.006817459125070799,0.0010190056636929512,-0.0018336777575314045,0.00783646478876375,0.004983781367539394,xgb_sentiment
2024-05-31,ITX.MC,0.052325785246757794,0.004820935893803835,0.0053647952154278755,0.04750484935295396,0.04696099003132992,xgb_sentiment
2024-05-31,MBG.DE,-0.024391374773229047,0.0013374225236475468,0.0020487240981310606,0.025728797296876594,0.026440098871360108,xgb
2024-05-31,MC.PA,-0.03165643853633439,-0.00039382517570629716,-0.003362661227583885,0.03126261336062809,0.028293777308750503,xgb_sentiment
2024-05-31,MUV2.DE,0.019464292926433098,-6.416700489353389e-05,-1.634781074244529e-05,0.019528459931326632,0.019480640737175543,xgb_sentiment
2024-05-31,NESN.SW,-0.026889878474779267,0.013058174401521683,0.012018347159028053,0.039948052876300946,0.03890822563380732,xgb_sentiment
2024-05-31,NOVN.SW,0.04977552120385569,0.005389571655541658,0.005633602384477854,0.044385949548314034,0.04414191881937784,xgb_sentiment
2024-05-31,OR.PA,-0.09227342963119084,0.002100244862958789,0.0022633655462414026,0.09437367449414963,0.09453679517743224,xgb
2024-05-31,PHIA.AS,-0.05919371331498941,0.0006960735772736371,0.0004919561906717718,0.05988978689226305,0.05968566950566118,xgb_sentiment
2024-05-31,RO.SW,0.09509798980420801,0.005536545533686876,0.005971506237983704,0.08956144427052114,0.08912648356622431,xgb_sentiment
2024-05-31,SAN.PA,0.02301730502410196,0.0007243473082780838,0.001943724462762475,0.022292957715823875,0.021073580561339483,xgb_sentiment
2024-05-31,SAP.DE,0.11227792725414307,-0.033742256462574005,-0.03595533221960068,0.14602018371671707,0.14823325947374374,xgb
2024-05-31,SIE.DE,0.004867383882431377,0.006551011465489864,0.008599022403359413,0.001683627583058487,0.0037316385209280357,xgb
2024-05-31,STMMI.MI,-0.03992487946598491,0.006664673797786236,0.007768901996314526,0.04658955326377114,0.04769378146229943,xgb
2024-05-31,SU.PA,-0.009275653823623749,0.006775745190680027,-0.007389148231595755,0.016051399014303774,0.0018865055920279945,xgb_sentiment
2024-05-31,TEF.MC,-0.036289433893953824,0.00013490249693859369,-0.0006033087847754359,0.03642433639089242,0.03568612510917839,xgb_sentiment
2024-05-31,TTE.PA,-0.03942385256378519,0.00017323496285825968,0.00031363661400973797,0.03959708752664345,0.039737489177794925,xgb
2024-05-31,UBSG.SW,-0.04207625206321609,0.0025652165059000254,0.002817003522068262,0.04464146856911611,0.04489325558528435,xgb
2024-05-31,UCG.MI,-0.004959421360915257,-0.019712116569280624,-0.01229601539671421,0.014752695208365366,0.007336594035798953,xgb_sentiment
2024-05-31,VOW3.DE,-0.08102141285450053,-0.0053967637941241264,-0.005520057864487171,0.0756246490603764,0.07550135499001336,xgb_sentiment
2024-05-31,WKL.AS,0.05007716635645363,0.0005875085480511189,-0.0016603232361376286,0.04948965780840251,0.05173748959259126,xgb
2024-06-28,ABBN.SW,-0.04143339888118286,0.01808546856045723,0.018743112683296204,0.05951886744164009,0.06017651156447906,xgb
2024-06-28,AD.AS,0.07806119159586913,0.002957127057015896,0.0033623268827795982,0.07510406453885324,0.07469886471308954,xgb_sentiment
2024-06-28,AI.PA,0.025829258255663408,0.004365194123238325,0.004624325316399336,0.021464064132425083,0.021204932939264072,xgb_sentiment
2024-06-28,AIR.PA,0.015165942302411401,0.011595928110182285,0.008675554767251015,0.003570014192229116,0.006490387535160387,xgb
2024-06-28,ALV.DE,-0.002701243953781885,0.00783280748873949,0.007233063690364361,0.010534051442521376,0.009934307644146247,xgb_sentiment
2024-06-28,ASML.AS,-0.17698880797862676,-0.01215316727757454,-0.01921614445745945,0.16483564070105222,0.1577726635211673,xgb_sentiment
2024-06-28,BAS.DE,-0.04956507395521611,0.008995539508759975,0.009990934282541275,0.058560613463976084,0.059556008237757384,xgb
2024-06-28,BMW.DE,-0.0205768278465145,0.00813816487789154,0.01007895078510046,0.02871499272440604,0.03065577863161496,xgb
2024-06-28,BNP.PA,0.0709954898330602,0.02081778272986412,0.021531397476792336,0.05017770710319608,0.049464092356267864,xgb_sentiment
2024-06-28,CAC.PA,-0.003973017013720533,-0.0022343352902680635,-0.0023510796017944813,0.0017386817234524695,0.0016219374119260518,xgb_sentiment
2024-06-28,CAP.PA,0.0005384143865799785,0.006053095683455467,0.007126363459974527,0.005514681296875489,0.006587949073394549,xgb
2024-06-28,CFR.SW,-0.04748395854756505,0.012352815829217434,0.011498257517814636,0.05983677437678248,0.058982216065379685,xgb_sentiment
2024-06-28,DTE.DE,0.028963259365487694,0.002484984928742051,0.004144560545682907,0.026478274436745643,0.024818698819804787,xgb_sentiment
2024-06-28,ENEL.MI,0.05612793572250448,-0.0005485020810738206,0.0013463355135172606,0.0566764378035783,0.054781600208987216,xgb_sentiment
2024-06-28,ENI.MI,0.019045523417326186,0.014740614220499992,0.012668044306337833,0.004304909196826193,0.006377479110988352,xgb
2024-06-28,EWI,0.021336343310357584,0.013246719725430012,0.014436772093176842,0.008089623584927572,0.006899571217180742,xgb_sentiment
2024-06-28,EWL,0.01736487086228223,0.001819148426875472,0.0025067126844078302,0.015545722435406757,0.014858158177874399,xgb_sentiment
2024-06-28,EWN,-0.05576722629206329,0.00459521496668458,0.005625327117741108,0.06036244125874787,0.0613925534098044,xgb
2024-06-28,EWP,0.02976391319992704,0.010309990495443344,0.010673271492123604,0.019453922704483696,0.019090641707803436,xgb_sentiment
2024-06-28,EXH7.DE,-0.005891644847186773,0.005389575380831957,0.004629060160368681,0.01128122022801873,0.010520705007555455,xgb_sentiment
2024-06-28,EXH8.DE,0.01970489138291041,0.007318113464862108,0.006346213165670633,0.012386777918048302,0.013358678217239777,xgb
2024-06-28,EXS1.DE,0.0034156909178224594,0.006613368168473244,0.006502931471914053,0.0031976772506507843,0.0030872405540915936,xgb_sentiment
2024-06-28,EXSA.DE,0.0007859792468052979,0.009435463696718216,0.00866621732711792,0.008649484449912918,0.007880238080312622,xgb_sentiment
2024-06-28,EXV1.DE,0.04627630645171381,0.019517922773957253,0.020183660089969635,0.026758383677756556,0.026092646361744173,xgb_sentiment
2024-06-28,EXV2.DE,0.040251999272760255,0.0027664159424602985,0.0036152289249002934,0.03748558333029996,0.03663677034785996,xgb_sentiment
2024-06-28,EXV3.DE,-0.08687041984508317,-0.00038054509786888957,-1.860182237578556e-05,0.08648987474721428,0.08685181802270739,xgb
2024-06-28,EXV4.DE,0.013141671104402907,0.0016510774148628116,0.0003878141287714243,0.011490593689540095,0.012753856975631483,xgb
2024-06-28,EXV6.DE,-0.060253983098521695,0.009640253148972988,0.009397720918059349,0.06989423624749469,0.06965170401658105,xgb_sentiment
2024-06-28,EXV7.DE,5.163769064976812e-05,0.005339266732335091,0.004297824576497078,0.005287629041685322,0.0042461868858473095,xgb_sentiment
2024-06-28,HEIA.AS,-0.10253456296123896,0.007364400662481785,0.00808283407241106,0.10989896362372074,0.11061739703365002,xgb
2024-06-28,HOLN.SW,0.023963069433195126,0.005368473473936319,0.006008759140968323,0.018594595959258806,0.017954310292226803,xgb_sentiment
2024-06-28,IBE.MC,0.03517109007861154,0.001054449356161058,0.001079506240785122,0.034116640722450485,0.03409158383782642,xgb_sentiment
2024-06-28,INGA.AS,0.054970305497277154,0.025801947340369225,0.022914092987775803,0.02916835815690793,0.03205621250950135,xgb
2024-06-28,ISP.MI,0.055067546737750175,0.037311967462301254,0.03995268791913986,0.01775557927544892,0.015114858818610313,xgb_sentiment
2024-06-28,ITX.MC,-0.04004936915568276,-0.008776459842920303,-0.007973948493599892,0.031272909312762456,0.03207542066208287,xgb
2024-06-28,MBG.DE,-0.042229772983126974,0.0011673799017444253,0.0007242218707688153,0.0433971528848714,0.04295399485389579,xgb_sentiment
2024-06-28,MC.PA,-0.08614545330335077,0.009320511482656002,0.008364897221326828,0.09546596478600677,0.0945103505246776,xgb_sentiment
2024-06-28,MUV2.DE,-0.034197059557966016,-0.0043467008508741856,-0.0040956889279186726,0.02985035870709183,0.030101370630047343,xgb
2024-06-28,NESN.SW,-0.03858583979632933,0.017605602741241455,0.016574569046497345,0.05619144253757079,0.05516040884282668,xgb_sentiment
2024-06-28,NOVN.SW,0.022154663301398543,-0.003178035607561469,-0.003790510119870305,0.025332698908960012,0.025945173421268848,xgb
2024-06-28,OR.PA,-0.04348775084350561,-0.0057564242742955685,-0.010911468416452408,0.03773132656921004,0.0325762824270532,xgb_sentiment
2024-06-28,PHIA.AS,0.14276157624718874,0.02774466946721077,0.02864133007824421,0.11501690677997797,0.11412024616894453,xgb_sentiment
2024-06-28,RO.SW,0.12353397826378658,0.002964327810332179,0.0022288202308118343,0.1205696504534544,0.12130515803297474,xgb
2024-06-28,SAN.PA,0.06291109293172548,0.008357666432857513,0.009976186789572239,0.05455342649886796,0.05293490614215324,xgb_sentiment
2024-06-28,SAP.DE,0.017573713807152076,-0.0064144441857934,-0.0039307489059865475,0.023988157992945475,0.021504462713138623,xgb_sentiment
2024-06-28,SIE.DE,-0.03443364595349852,0.006605587434023619,0.006199107505381107,0.04103923338752214,0.04063275345887963,xgb_sentiment
2024-06-28,STMMI.MI,-0.1722570963925716,0.036995694041252136,0.038667090237140656,0.20925279043382375,0.21092418662971227,xgb
2024-06-28,SU.PA,-0.026656256170405457,0.021322591230273247,0.015528268180787563,0.047978847400678704,0.04218452435119302,xgb_sentiment
2024-06-28,TEF.MC,0.049991939874361936,0.014307613484561443,0.015370280481874943,0.03568432638980049,0.03462165939248699,xgb_sentiment
2024-06-28,TTE.PA,-0.00951084949810513,-5.446669820230454e-05,0.0013711547944694757,0.009456382799902826,0.010882004292574606,xgb
2024-06-28,UBSG.SW,0.011997971829824717,0.002142820041626692,0.0035430563148111105,0.009855151788198025,0.008454915515013607,xgb_sentiment
2024-06-28,UCG.MI,0.09068900609447322,0.05518928915262222,0.06040601432323456,0.035499716941851,0.030282991771238665,xgb_sentiment
2024-06-28,VOW3.DE,-0.01049123235671577,0.014190430752933025,0.013286367058753967,0.024681663109648797,0.02377759941546974,xgb_sentiment
2024-06-28,WKL.AS,0.004190095906468985,-0.002666291082277894,-0.002669733949005604,0.006856386988746879,0.006859829855474589,xgb
2024-07-31,ABBN.SW,0.011421210784589683,0.02462869882583618,0.02598544955253601,0.0132074880412465,0.014564238767946328,xgb
2024-07-31,AD.AS,0.05280643711392327,-0.004178017843514681,-0.003918023314327002,0.05698445495743795,0.05672446042825027,xgb_sentiment
2024-07-31,AI.PA,0.003312558773655939,0.004640111234039068,0.004834037274122238,0.0013275524603831293,0.0015214785004662992,xgb
2024-07-31,AIR.PA,0.004277728433163663,0.015543357469141483,0.012749073095619678,0.01126562903597782,0.008471344662456016,xgb_sentiment
2024-07-31,ALV.DE,0.07424498162476155,0.000960826757363975,0.00036074197851121426,0.07328415486739757,0.07388423964625034,xgb
2024-07-31,ASML.AS,-0.032868368817951035,0.05746300518512726,0.05020125210285187,0.0903313740030783,0.0830696209208029,xgb_sentiment
2024-07-31,BAS.DE,0.05912219488133155,0.022819872945547104,0.022046586498618126,0.03630232193578445,0.037075608382713426,xgb
2024-07-31,BMW.DE,-0.02310339711493485,0.02016475610435009,0.01985437609255314,0.04326815321928494,0.04295777320748799,xgb_sentiment
2024-07-31,BNP.PA,-0.021502704567687513,-0.0007220173720270395,-4.2018531530629843e-05,0.020780687195660473,0.021460686036156883,xgb
2024-07-31,CAC.PA,0.01406466260101035,0.012363957241177559,0.012813170440495014,0.0017007053598327906,0.0012514921605153353,xgb_sentiment
2024-07-31,CAP.PA,0.01298716042326075,0.00303705339320004,0.003079318907111883,0.00995010703006071,0.009907841516148867,xgb_sentiment
2024-07-31,CFR.SW,0.012258504684557239,0.00934677291661501,0.00824598129838705,0.0029117317679422296,0.004012523386170188,xgb
2024-07-31,DTE.DE,0.06176775039912802,-0.005460263695567846,-0.007226703688502312,0.06722801409469586,0.06899445408763033,xgb
2024-07-31,ENEL.MI,0.037504439705793716,-0.0020180437713861465,-0.003086781594902277,0.03952248347717986,0.04059122130069599,xgb
2024-07-31,ENI.MI,0.0005405809904434577,0.008638010360300541,0.008195698261260986,0.008097429369857084,0.0076551172708175285,xgb_sentiment
2024-07-31,EWI,0.01117698327832411,0.0021679706405848265,0.0025808888021856546,0.009009012637739284,0.008596094476138455,xgb_sentiment
2024-07-31,EWL,0.01758673639818018,-0.0022716037929058075,-0.0016075223684310913,0.019858340191085986,0.01919425876661127,xgb_sentiment
2024-07-31,EWN,-0.006939713920679017,0.013258814811706543,0.012958258390426636,0.02019852873238556,0.01989797231110565,xgb_sentiment
2024-07-31,EWP,0.008463316126751351,-0.0029493551701307297,-0.0021099881269037724,0.01141267129688208,0.010573304253655123,xgb_sentiment
2024-07-31,EXH7.DE,0.022000644857911814,0.007699938025325537,0.007681365590542555,0.014300706832586278,0.01431927926736926,xgb
2024-07-31,EXH8.DE,0.049277957452810967,-0.0009244245593436062,-0.0017199566354975104,0.05020238201215457,0.05099791408830848,xgb
2024-07-31,EXS1.DE,0.021550349675040575,-0.004360286518931389,-0.003410573350265622,0.025910636193971964,0.024960923025306198,xgb_sentiment
2024-07-31,EXSA.DE,0.015781641679492746,-0.003212546929717064,-0.0024198784958571196,0.01899418860920981,0.018201520175349865,xgb_sentiment
2024-07-31,EXV1.DE,-0.019508582688198887,-0.004829139914363623,-0.004957320634275675,0.014679442773835264,0.014551262053923212,xgb_sentiment
2024-07-31,EXV2.DE,0.04140847379561482,-0.0017537660896778107,-0.0024806978181004524,0.04316223988529263,0.04388917161371527,xgb
2024-07-31,EXV3.DE,-0.006748418996737132,0.006768408697098494,0.004750062711536884,0.013516827693835626,0.011498481708274017,xgb_sentiment
2024-07-31,EXV4.DE,0.03677883670394868,0.0007931654108688235,0.0005561387515626848,0.035985671293079856,0.036222697952385995,xgb
2024-07-31,EXV6.DE,-0.02920854943944418,0.0010154956253245473,0.0017969822511076927,0.030224045064768727,0.031005531690551872,xgb
2024-07-31,EXV7.DE,0.022525842843055824,0.006874203681945801,0.006517752073705196,0.015651639161110023,0.016008090769350627,xgb
2024-07-31,HEIA.AS,0.0,0.044149212539196014,0.04509996622800827,0.044149212539196014,0.04509996622800827,xgb
2024-07-31,HOLN.SW,0.008355629122339074,0.00022791780065745115,0.000312569085508585,0.008127711321681623,0.00804306003683049,xgb_sentiment
2024-07-31,IBE.MC,0.044951333079876525,-0.005650782026350498,-0.005204872693866491,0.05060211510622702,0.050156205773743016,xgb_sentiment
2024-07-31,INGA.AS,-0.0037068284766720084,-0.006521755829453468,-0.008744517341256142,0.00281492735278146,0.005037688864584134,xgb
2024-07-31,ISP.MI,-0.00588329318622959,0.0015570485265925527,0.0015265810070559382,0.007440341712822143,0.0074098741932855285,xgb_sentiment
2024-07-31,ITX.MC,0.0953911227432763,0.004544230177998543,0.0029534250497817993,0.09084689256527775,0.0924376976934945,xgb
2024-07-31,MBG.DE,0.019751268984992375,0.010542572475969791,0.011875936761498451,0.009208696509022583,0.007875332223493924,xgb_sentiment
2024-07-31,MC.PA,0.03668489859313546,0.022704370319843292,0.019719740375876427,0.013980528273292166,0.01696515821725903,xgb
2024-07-31,MUV2.DE,0.06890504191610439,-0.003174230456352234,-0.001986599061638117,0.07207927237245662,0.0708916409777425,xgb_sentiment
2024-07-31,NESN.SW,0.04037171818161217,0.010842886753380299,0.011785171926021576,0.029528831428231872,0.028586546255590595,xgb_sentiment
2024-07-31,NOVN.SW,0.051941825461065606,-0.0008567644981667399,0.0005037540686316788,0.052798589959232346,0.05143807139243393,xgb_sentiment
2024-07-31,OR.PA,-0.00525527895678303,0.0081325713545084,0.007522057741880417,0.01338785031129143,0.012777336698663447,xgb_sentiment
2024-07-31,PHIA.AS,0.050468550576365165,-0.008043695241212845,-0.0001343374460702762,0.05851224581757801,0.05060288802243544,xgb_sentiment
2024-07-31,RO.SW,0.007586598133961864,0.000618750462308526,0.0008458899683319032,0.006967847671653338,0.006740708165629961,xgb_sentiment
2024-07-31,SAN.PA,0.06212302736036072,-0.003688496770337224,-0.003637249581515789,0.06581152413069793,0.0657602769418765,xgb_sentiment
2024-07-31,SAP.DE,0.020303115292683232,-0.008441193960607052,-0.0056797051802277565,0.028744309253290284,0.02598282047291099,xgb_sentiment
2024-07-31,SIE.DE,0.004710813271586051,-0.0032126111909747124,-0.004342386033385992,0.007923424462560762,0.009053199304972042,xgb
2024-07-31,STMMI.MI,-0.06811796046765356,0.10696487873792648,0.09253965318202972,0.17508283920558004,0.16065761364968328,xgb_sentiment
2024-07-31,SU.PA,0.033318021256187734,0.01097622700035572,0.011722520925104618,0.022341794255832013,0.021595500331083116,xgb_sentiment
2024-07-31,TEF.MC,-0.024710511288967958,-0.0015009393682703376,-0.0015886720502749085,0.02320957192069762,0.02312183923869305,xgb_sentiment
2024-07-31,TTE.PA,0.0036744177610523883,0.008095853962004185,0.007956340909004211,0.004421436200951796,0.004281923147951823,xgb_sentiment
2024-07-31,UBSG.SW,-0.0037569577333479358,0.003784240921959281,0.003582852426916361,0.007541198655307217,0.007339810160264297,xgb_sentiment
2024-07-31,UCG.MI,-0.028054169820951533,0.0031784430611878633,0.00030301252263598144,0.031232612882139396,0.028357182343587514,xgb_sentiment
2024-07-31,VOW3.DE,-0.07086331278335907,0.008907834067940712,0.008576950989663601,0.07977114685129978,0.07944026377302267,xgb_sentiment
2024-07-31,WKL.AS,0.006474922075150394,-0.0017611717339605093,-0.0017648838693276048,0.008236093809110903,0.008239805944477999,xgb
2024-08-30,ABBN.SW,0.00605602291970261,-0.0012053194222971797,6.699818186461926e-05,0.00726134234199979,0.005989024737837991,xgb_sentiment
2024-08-30,AD.AS,-0.0009662366081951648,-0.0006783923017792404,-0.004580257926136255,0.0002878443064159244,0.0036140213179410904,xgb
2024-08-30,AI.PA,0.026552790653956375,0.005651895422488451,0.005387916695326567,0.020900895231467924,0.021164873958629808,xgb
2024-08-30,AIR.PA,-0.05630288245971994,-0.00011471678590169176,0.0009794159559533,0.05618816567381825,0.05728229841567324,xgb
2024-08-30,ALV.DE,0.048976627373214586,0.0021444312296807766,0.0023968107998371124,0.04683219614353381,0.046579816573377474,xgb_sentiment
2024-08-30,ASML.AS,-0.0853110854017969,-0.013850467279553413,-0.006773579865694046,0.07146061812224348,0.07853750553610285,xgb
2024-08-30,BAS.DE,0.036511697581927356,0.008737185038626194,0.007718013599514961,0.027774512543301162,0.028793683982412395,xgb
2024-08-30,BMW.DE,-0.056947866258540744,0.0022252651397138834,0.007279365323483944,0.05917313139825463,0.06422723158202469,xgb
2024-08-30,BNP.PA,-0.016595873478554946,0.0044479332864284515,0.00579221872612834,0.021043806764983398,0.022388092204683286,xgb
2024-08-30,CAC.PA,0.0001295436697763875,0.003310506697744131,0.003626730293035507,0.0031809630279677438,0.00349718662325912,xgb
2024-08-30,CAP.PA,0.033821498563638565,0.0077292658388614655,0.0070220427587628365,0.0260922327247771,0.02679945580487573,xgb
2024-08-30,CFR.SW,0.021887839532847966,0.004511850420385599,0.0027446222957223654,0.017375989112462367,0.0191432172371256,xgb
2024-08-30,DTE.DE,0.026105152300302782,-0.0016392803518101573,-0.001497877761721611,0.02774443265211294,0.027603030062024393,xgb_sentiment
2024-08-30,ENEL.MI,0.044312398689665224,0.0048703597858548164,0.003966092597693205,0.03944203890381041,0.04034630609197202,xgb
2024-08-30,ENI.MI,-0.0523364374412946,0.00764163862913847,0.00703335739672184,0.05997807607043307,0.05936979483801644,xgb_sentiment
2024-08-30,EWI,-0.0052048562237773585,-0.002941790735349059,-0.001746246125549078,0.0022630654884282994,0.0034586100982282805,xgb
2024-08-30,EWL,-0.022324971708693256,-0.006698342505842447,-0.00819308590143919,0.01562662920285081,0.014131885807254066,xgb_sentiment
2024-08-30,EWN,-0.006654974138042589,-0.0021214017178863287,-0.0005890600150451064,0.00453357242015626,0.006065914122997482,xgb
2024-08-30,EWP,0.032447517217714564,-0.0024108916986733675,-0.0006033219979144633,0.03485840891638793,0.03305083921562903,xgb_sentiment
2024-08-30,EXH7.DE,0.01362153662756784,0.00447089271619916,0.00551880057901144,0.00915064391136868,0.0081027360485564,xgb_sentiment
2024-08-30,EXH8.DE,0.051540359554323394,-0.005590424872934818,-0.007271535694599152,0.05713078442725821,0.058811895248922545,xgb
2024-08-30,EXS1.DE,0.021981668179910777,-0.00020505570864770561,-0.0013126761186867952,0.022186723888558482,0.023294344298597572,xgb
2024-08-30,EXSA.DE,-0.0038603812652836704,0.0015408872859552503,0.0020602811127901077,0.005401268551238921,0.005920662378073778,xgb
2024-08-30,EXV1.DE,0.007375172365123168,0.0004961277008987963,0.0008214711560867727,0.006879044664224372,0.006553701209036395,xgb_sentiment
2024-08-30,EXV2.DE,0.022702044225451384,-0.00418939208611846,-0.003692123107612133,0.026891436311569844,0.026394167333063517,xgb_sentiment
2024-08-30,EXV3.DE,-0.0008813397594219204,0.0014315396547317505,0.002240249654278159,0.002312879414153671,0.0031215894137000795,xgb
2024-08-30,EXV4.DE,-0.06527721830971761,0.0004591757897287607,4.465883466764353e-05,0.06573639409944637,0.06532187714438525,xgb_sentiment
2024-08-30,EXV6.DE,0.08307204149351205,0.004366671200841665,0.004933811724185944,0.07870537029267038,0.0781382297693261,xgb_sentiment
2024-08-30,EXV7.DE,0.03475801646064531,0.007060776464641094,0.007549293339252472,0.027697239996004215,0.027208723121392837,xgb_sentiment
2024-08-30,HEIA.AS,-0.02259559893310334,0.004178658127784729,0.004971757996827364,0.026774257060888068,0.027567356929930703,xgb
2024-08-30,HOLN.SW,0.008906950082638357,0.00012339287786744535,-5.2566101658158004e-06,0.008783557204770911,0.008912206692804172,xgb
2024-08-30,IBE.MC,0.0801627512204481,-0.001780914724804461,0.0004094018950127065,0.08194366594525256,0.07975334932543539,xgb_sentiment
2024-08-30,INGA.AS,-0.007346617918016408,0.0027838940732181072,0.000385650695534423,0.010130511991234516,0.007732268613550831,xgb_sentiment
2024-08-30,ISP.MI,0.01920608373703131,0.010693620890378952,0.009086105972528458,0.008512462846652358,0.010119977764502852,xgb
2024-08-30,ITX.MC,0.08151787590540902,-0.0008093979558907449,-0.0007493131561204791,0.08232727386129976,0.0822671890615295,xgb_sentiment
2024-08-30,MBG.DE,-0.0714707995402293,0.005656926427036524,0.006156022194772959,0.07712772596726582,0.07762682173500225,xgb
2024-08-30,MC.PA,0.020840167171533103,-0.0003409087657928467,0.0017044129781425,0.02118107593732595,0.019135754193390603,xgb_sentiment
2024-08-30,MUV2.DE,0.010166797840507863,0.0031911213882267475,0.0034269429743289948,0.0069756764522811154,0.006739854866178868,xgb_sentiment
2024-08-30,NESN.SW,-0.07021813207233794,0.003638582769781351,0.0038434239104390144,0.0738567148421193,0.07406155598277696,xgb
2024-08-30,NOVN.SW,-0.051211916781067984,0.005549468565732241,0.003754494246095419,0.056761385346800225,0.0549664110271634,xgb_sentiment
2024-08-30,OR.PA,0.013648276516074682,0.00575331412255764,0.006558458786457777,0.007894962393517042,0.007089817729616905,xgb_sentiment
2024-08-30,PHIA.AS,0.07809020431767492,-0.0015025422908365726,-0.0010300397407263517,0.0795927466085115,0.07912024405840128,xgb_sentiment
2024-08-30,RO.SW,-0.06490740846114967,-0.005118631757795811,-0.004365631379187107,0.05978877670335386,0.06054177708196257,xgb
2024-08-30,SAN.PA,0.016658917243922076,4.0453840483678505e-05,-0.0006024891044944525,0.016618463403438397,0.017261406348416528,xgb
2024-08-30,SAP.DE,0.03322693852358142,-0.009020878002047539,-0.008126881904900074,0.04224781652562896,0.04135382042848149,xgb_sentiment
2024-08-30,SIE.DE,0.06504600541542988,0.008977764286100864,0.00918179377913475,0.05606824112932901,0.055864211636295125,xgb_sentiment
2024-08-30,STMMI.MI,-0.07294554550140932,0.006336573511362076,0.005530902184545994,0.0792821190127714,0.07847644768595531,xgb_sentiment
2024-08-30,SU.PA,0.02790473344215758,0.0031708001624792814,0.0048265159130096436,0.024733933279678297,0.023078217529147935,xgb_sentiment
2024-08-30,TEF.MC,0.07117258325523673,-0.004566931631416082,-0.002339059952646494,0.07573951488665281,0.07351164320788323,xgb_sentiment
2024-08-30,TTE.PA,-0.048487629161219396,0.005010122898966074,0.004336262587457895,0.05349775206018547,0.05282389174867729,xgb_sentiment
2024-08-30,UBSG.SW,0.00214010704239079,0.003656260669231415,0.000628627254627645,0.0015161536268406247,0.0015114797877631451,xgb_sentiment
2024-08-30,UCG.MI,0.051741188988457774,0.00556497648358345,0.005736075807362795,0.046176212504874324,0.04600511318109498,xgb_sentiment
2024-08-30,VOW3.DE,-0.01066171140281552,0.010497694835066795,0.006635806057602167,0.021159406237882317,0.01729751746041769,xgb_sentiment
2024-08-30,WKL.AS,-0.01866133774317099,-0.006141759920865297,-0.005661427974700928,0.012519577822305693,0.012999909768470062,xgb
2024-09-30,ABBN.SW,0.0005399895126490397,-0.0003465279296506196,-0.0014116964302957058,0.0008865174422996593,0.0019516859429447456,xgb
2024-09-30,AD.AS,-0.006141892475164337,0.0030087337363511324,0.0037210797891020775,0.00915062621151547,0.009862972264266415,xgb
2024-09-30,AI.PA,-0.026197314305447045,0.0035932380706071854,0.004410816356539726,0.02979055237605423,0.03060813066198677,xgb
2024-09-30,AIR.PA,0.06719266573833318,0.006496411748230457,0.00692631583660841,0.06069625399010273,0.060266349901724775,xgb_sentiment
2024-09-30,ALV.DE,0.0,0.00042955775279551744,-0.005277073010802269,0.00042955775279551744,0.005277073010802269,xgb
2024-09-30,ASML.AS,-0.1269272117041967,0.031593844294548035,0.0311721283942461,0.15852105599874475,0.15809934009844281,xgb_sentiment
2024-09-30,BAS.DE,-0.0491318923130499,0.0201261043548584,0.021422384306788445,0.0692579966679083,0.07055427661983835,xgb
2024-09-30,BMW.DE,-0.06361273116745868,0.0040192436426877975,-0.0011005271226167679,0.06763197481014648,0.06251220404484191,xgb_sentiment
2024-09-30,BNP.PA,0.06889532448448214,0.011241545900702477,0.010176393203437328,0.057653778583779666,0.058718931281044814,xgb
2024-09-30,CAC.PA,-0.016717061958259276,0.004197909962385893,0.004579231142997742,0.02091497192064517,0.021296293101257018,xgb
2024-09-30,CAP.PA,-0.09683228731712966,0.015689199790358543,0.015130532905459404,0.1125214871074882,0.11196282022258906,xgb_sentiment
2024-09-30,CFR.SW,-0.03560233775791936,0.02195729687809944,0.018854442983865738,0.0575596346360188,0.054456780741785095,xgb_sentiment
2024-09-30,DTE.DE,0.07128909326003571,-0.0004265601164661348,0.0008377062622457743,0.07171565337650185,0.07045138699778994,xgb_sentiment
2024-09-30,ENEL.MI,-0.005170080163108322,0.0006656796904280782,0.00114773353561759,0.0058357598535364,0.006317813698725912,xgb
2024-09-30,ENI.MI,0.02554440403443567,0.008856554515659809,0.011530060321092606,0.01668784951877586,0.014014343713343064,xgb_sentiment
2024-09-30,EWI,0.018159436709072763,0.007029389496892691,0.005883016157895327,0.011130047212180073,0.012276420551177437,xgb
2024-09-30,EWL,-0.0028442149758520162,-0.0017575954552739859,-0.001896149362437427,0.0010866195205780304,0.0009480656134145892,xgb_sentiment
2024-09-30,EWN,-0.028470920343509724,0.01383515540510416,0.012687104754149914,0.042306075748613885,0.04115802509765964,xgb_sentiment
2024-09-30,EWP,-0.008953178854081341,-0.0012294996995478868,-5.629605584545061e-05,0.007723679154533454,0.00889688279823589,xgb
2024-09-30,EXH7.DE,-0.045511573359788456,0.015909772366285324,0.01510909479111433,0.06142134572607378,0.060620668150902786,xgb_sentiment
2024-09-30,EXH8.DE,-0.01838153540706634,-0.010317588225007057,-0.008550274185836315,0.008063947182059283,0.009831261221230025,xgb
2024-09-30,EXS1.DE,0.0070566645163333275,0.005076476838439703,0.005166286136955023,0.0019801876778936245,0.0018903783793783047,xgb_sentiment
2024-09-30,EXSA.DE,-0.009716464900349386,0.008343249559402466,0.008016024716198444,0.018059714459751852,0.01773248961654783,xgb_sentiment
2024-09-30,EXV1.DE,0.01773087600736677,-0.008021630346775055,-0.007204127032309771,0.025752506354141825,0.02493500303967654,xgb_sentiment
2024-09-30,EXV2.DE,0.03476931618917015,0.001700971624813974,0.0013179464731365442,0.03306834456435618,0.03345136971603361,xgb
2024-09-30,EXV3.DE,-0.03798600706357131,0.0147264888510108,0.01356056984513998,0.05271249591458211,0.05154657690871129,xgb_sentiment
2024-09-30,EXV4.DE,-0.016142081256993943,-0.0001879023911897093,0.00042053888319060206,0.015954178865804233,0.016562620140184545,xgb
2024-09-30,EXV6.DE,-0.03186113112884884,0.029865428805351257,0.025628449395298958,0.0617265599342001,0.0574895805241478,xgb_sentiment
2024-09-30,EXV7.DE,-0.05130995000257865,0.005694170482456684,0.004971228539943695,0.05700412048503534,0.05628117854252235,xgb_sentiment
2024-09-30,HEIA.AS,-0.014163210518697551,0.009179842658340931,0.009085392579436302,0.023343053177038484,0.023248603098133855,xgb_sentiment
2024-09-30,HOLN.SW,0.04478270615687619,-0.001158743049018085,-0.0001277825067518279,0.045941449205894276,0.04491048866362802,xgb_sentiment
2024-09-30,IBE.MC,0.0014388077815894944,-0.0008840275695547462,-0.0005336252506822348,0.0023228353511442405,0.001972433032271729,xgb_sentiment
2024-09-30,INGA.AS,-0.03298242653453751,0.002397185657173395,0.0036979317665100098,0.0353796121917109,0.036680358301047516,xgb
2024-09-30,ISP.MI,0.034700467256956066,-0.005435338709503412,-0.003807480912655592,0.04013580596645948,0.03850794816961166,xgb_sentiment
2024-09-30,ITX.MC,0.02453656913608919,0.008219913579523563,0.010005430318415165,0.016316655556565626,0.014531138817674025,xgb_sentiment
2024-09-30,MBG.DE,-0.018958739813716034,0.03406364098191261,0.034247010946273804,0.05302238079562865,0.05320575075998984,xgb
2024-09-30,MC.PA,-0.08736790415066106,0.03220820799469948,0.030453024432063103,0.11957611214536054,0.11782092858272417,xgb_sentiment
2024-09-30,MUV2.DE,-0.04172432214983688,0.00042535262764431536,0.0015516288112848997,0.042149674777481196,0.04327595096112178,xgb
2024-09-30,NESN.SW,-0.01819146814769375,0.00816106516867876,0.009958547540009022,0.02635253331637251,0.02815001568770277,xgb
2024-09-30,NOVN.SW,-0.010194133331545672,0.0040971399284899235,0.005095696542412043,0.014291273260035596,0.015289829873957715,xgb
2024-09-30,OR.PA,-0.12276995441263704,0.023359399288892746,0.02464267611503601,0.1461293537015298,0.14741263052767306,xgb
2024-09-30,PHIA.AS,-0.1592053264551809,0.003844981314614415,0.0016701428685337305,0.16305030776979532,0.16087546932371463,xgb_sentiment
2024-09-30,RO.SW,0.05100887731071335,0.013467586599290371,0.012106201611459255,0.03754129071142298,0.0389026756992541,xgb
2024-09-30,SAN.PA,-0.02818754452716935,0.005527622066438198,0.006110068876296282,0.03371516659360755,0.034297613403465634,xgb
2024-09-30,SAP.DE,0.09156722320985071,-0.005818013101816177,-0.006033954676240683,0.09738523631166689,0.09760117788609139,xgb
2024-09-30,SIE.DE,-0.001545228281839161,0.016113758087158203,0.015584472566843033,0.017658986368997365,0.017129700848682195,xgb_sentiment
2024-09-30,STMMI.MI,0.0026240314450225394,0.03530585393309593,0.028532274067401886,0.03268182248807339,0.025908242622379347,xgb_sentiment
2024-09-30,SU.PA,0.01949546856638312,-0.009249184280633926,-0.010007545351982117,0.028744652847017046,0.029503013918365236,xgb
2024-09-30,TEF.MC,-0.009140770481738182,-0.006644941866397858,-0.006427706219255924,0.002495828615340324,0.0027130642624822576,xgb
2024-09-30,TTE.PA,0.015267538651382775,0.011564677581191063,0.01139712706208229,0.003702861070191712,0.003870411589300484,xgb
2024-09-30,UBSG.SW,0.09287522604112941,0.005288487300276756,-0.002564852125942707,0.08758673874085265,0.09544007816707212,xgb
2024-09-30,UCG.MI,0.04203546558640968,0.004487557802349329,0.0034175461623817682,0.03754790778406035,0.03861791942402791,xgb
2024-09-30,VOW3.DE,-0.06782272268410869,0.017639661207795143,0.016000038012862206,0.08546238389190383,0.0838227606969709,xgb_sentiment
2024-09-30,WKL.AS,0.05590906942830467,-0.0009526658686809242,-0.0019423196790739894,0.05686173529698559,0.05785138910737866,xgb
2024-10-31,ABBN.SW,0.058016035669295085,0.009450268000364304,0.00787776242941618,0.04856576766893078,0.050138273239878905,xgb
2024-10-31,AD.AS,0.07436723646241447,0.005325513891875744,0.004921849351376295,0.06904172257053873,0.06944538711103818,xgb
2024-10-31,AI.PA,-0.04585506538837563,0.011762446723878384,0.010895865969359875,0.057617512112254014,0.056750931357735505,xgb_sentiment
2024-10-31,AIR.PA,0.05145029517284018,-0.0013777387794107199,-0.0004618274397216737,0.0528280339522509,0.05191212261256185,xgb_sentiment
2024-10-31,ALV.DE,0.009628711659864017,0.005639299284666777,0.0029379765037447214,0.003989412375197241,0.006690735156119296,xgb
2024-10-31,ASML.AS,0.05815951775480603,0.07895314693450928,0.07497847825288773,0.020793629179703246,0.016818960498081695,xgb_sentiment
2024-10-31,BAS.DE,-0.05112237987859982,0.013340722769498825,0.015092235058546066,0.06446310264809865,0.0662146149371459,xgb
2024-10-31,BMW.DE,-0.03231984265895578,0.014353430829942226,0.012494377791881561,0.04667327348889801,0.04481422045083734,xgb_sentiment
2024-10-31,BNP.PA,-0.10244307787226843,0.0044709546491503716,0.002609084825962782,0.1069140325214188,0.10505216269823121,xgb_sentiment
2024-10-31,CAC.PA,-0.014375143926055968,0.010155483148992062,0.010495873168110847,0.02453062707504803,0.024871017094166815,xgb
2024-10-31,CAP.PA,-0.04693901372366789,0.007456708699464798,0.012585449032485485,0.05439572242313269,0.059524462756153376,xgb
2024-10-31,CFR.SW,-0.011843153281648127,0.01095200888812542,0.011319953016936779,0.022795162169773547,0.023163106298584906,xgb
2024-10-31,DTE.DE,0.08473226863795687,0.002702687168493867,0.003725159913301468,0.082029581469463,0.0810071087246554,xgb_sentiment
2024-10-31,ENEL.MI,-0.02322319928916966,0.005954515188932419,0.004415141884237528,0.02917771447810208,0.027638341173407188,xgb_sentiment
2024-10-31,ENI.MI,-0.026317034554005702,0.00660072173923254,0.0069765979424119,0.032917756293238246,0.033293632496417605,xgb
2024-10-31,EWI,-0.017540710719447777,0.004924657754600048,0.00419261259958148,0.022465368474047825,0.021733323319029257,xgb_sentiment
2024-10-31,EWL,0.0038663016688845015,0.007307310588657856,0.006634186487644911,0.0034410089197733544,0.0027678848187604093,xgb_sentiment
2024-10-31,EWN,0.00380066405932726,0.015567883849143982,0.014818050898611546,0.011767219789816721,0.011017386839284285,xgb_sentiment
2024-10-31,EWP,-0.008060158057963299,-0.0033006963785737753,-0.005360345356166363,0.004759461679389523,0.002699812701796936,xgb_sentiment
2024-10-31,EXH7.DE,0.004582447678815729,0.00870851892977953,0.010472110472619534,0.0041260712509638,0.005889662793803804,xgb
2024-10-31,EXH8.DE,-0.012543393071176582,0.02109774947166443,0.021101322025060654,0.03364114254284101,0.03364471509623723,xgb
2024-10-31,EXS1.DE,0.028436769543640085,0.0035831029526889324,0.0036256015300750732,0.024853666590951153,0.02481116801356501,xgb_sentiment
2024-10-31,EXSA.DE,0.010338079746989503,0.012105573900043964,0.01181663479655981,0.0017674941530544611,0.0014785550495703074,xgb_sentiment
2024-10-31,EXV1.DE,0.0012440317572785038,-0.0026061590760946274,-0.0010743045713752508,0.0038501908333731312,0.0023183363286537547,xgb_sentiment
2024-10-31,EXV2.DE,0.027108005024422163,0.0027255364693701267,0.0014847724232822657,0.024382468555052036,0.025623232601139898,xgb
2024-10-31,EXV3.DE,0.03457471913028472,0.022287271916866302,0.021370338276028633,0.012287447213418415,0.013204380854256084,xgb
2024-10-31,EXV4.DE,-0.012085256199178232,0.0101579325273633,0.008655957877635956,0.022243188726541532,0.020741214076814188,xgb_sentiment
2024-10-31,EXV6.DE,-0.004760208282351226,0.005014253780245781,0.007960589602589607,0.009774462062597007,0.012720797884940833,xgb
2024-10-31,EXV7.DE,-0.046658518896518605,0.013357706367969513,0.012174125760793686,0.06001622526448812,0.05883264465731229,xgb_sentiment
2024-10-31,HEIA.AS,-0.07478067956491498,0.017700161784887314,0.015449878759682178,0.09248084134980229,0.09023055832459716,xgb_sentiment
2024-10-31,HOLN.SW,0.06284891685328567,0.0004441587661858648,-0.0001206250672112219,0.062404758087099804,0.06296954192049689,xgb
2024-10-31,IBE.MC,-0.011424629055929999,0.008203553967177868,0.009118250571191311,0.019628183023107867,0.02054287962712131,xgb
2024-10-31,INGA.AS,-0.06701701166077935,0.005471409764140844,0.004520720802247524,0.0724884214249202,0.07153773246302687,xgb_sentiment
2024-10-31,ISP.MI,-0.0374448790164207,0.0005614655092358589,-0.000223952200030908,0.03800634452565656,0.03722092681638979,xgb_sentiment
2024-10-31,ITX.MC,-0.0022970320712048884,0.002594050718471408,0.002000377280637622,0.004891082789676296,0.00429740935184251,xgb_sentiment
2024-10-31,MBG.DE,-0.050443318370653405,0.021732879802584648,0.019162535667419434,0.07217619817323806,0.06960585403807285,xgb_sentiment
2024-10-31,MC.PA,-0.028780121068948845,0.016845690086483955,0.01715925708413124,0.0456258111554328,0.045939378153080086,xgb
2024-10-31,MUV2.DE,0.049984385447625686,0.012196536175906658,0.012720360420644283,0.03778784927171903,0.0372640250269814,xgb_sentiment
2024-10-31,NESN.SW,-0.055030446223431964,0.01889180764555931,0.01818442903459072,0.07392225386899128,0.07321487525802269,xgb_sentiment
2024-10-31,NOVN.SW,0.0038578025130321446,0.012713227421045303,0.014987499453127384,0.008855424908013158,0.01112969694009524,xgb
2024-10-31,OR.PA,-0.0463747650478295,0.016959497705101967,0.015719933435320854,0.06333426275293147,0.06209469848315036,xgb_sentiment
2024-10-31,PHIA.AS,0.06694551373463739,0.05041761323809624,0.07550935447216034,0.016527900496541154,0.008563840737522949,xgb_sentiment
2024-10-31,RO.SW,-0.0699502110903546,-0.0017020003870129585,-0.0017934958450496197,0.06824821070334164,0.06815671524530498,xgb_sentiment
2024-10-31,SAN.PA,-0.053078061692383174,0.00841142050921917,0.008177323266863823,0.061489482201602344,0.061255384959247,xgb_sentiment
2024-10-31,SAP.DE,0.045948438603816644,-0.0018211359856650233,-0.0018196082673966885,0.04776957458948167,0.04776804687121333,xgb_sentiment
2024-10-31,SIE.DE,0.026331866569249532,0.008519560098648071,0.00880375411361456,0.01781230647060146,0.017528112455634973,xgb_sentiment
2024-10-31,STMMI.MI,-0.03042203735762921,0.027224132791161537,0.010025345720350742,0.05764617014879075,0.04044738307797995,xgb_sentiment
2024-10-31,SU.PA,0.02621318804987572,-0.004433207679539919,-0.005804292391985655,0.03064639572941564,0.032017480441861375,xgb
2024-10-31,TEF.MC,-0.006511768650615167,0.005201483611017466,0.0032137746457010508,0.011713252261632633,0.009725543296316218,xgb_sentiment
2024-10-31,TTE.PA,-0.04325681977209225,0.0141029953956604,0.015111221000552177,0.057359815167752654,0.05836804077264443,xgb
2024-10-31,UBSG.SW,0.08007325541873771,0.01061284076422453,0.006842454895377159,0.06946041465451318,0.07323080052336055,xgb
2024-10-31,UCG.MI,-0.08860288769334376,-0.00043574225855991244,-0.0004487422411330044,0.08816714543478385,0.08815414545221076,xgb_sentiment
2024-10-31,VOW3.DE,-0.09697560555722591,0.010675132274627686,0.015945417806506157,0.1076507378318536,0.11292102336373207,xgb
2024-10-31,WKL.AS,0.020790762038471182,-0.0027630121912807226,-0.0018254797905683517,0.023553774229751905,0.022616241829039534,xgb_sentiment
2024-11-29,ABBN.SW,-0.033582667238901756,-0.0088134054094553,-0.008140161633491516,0.024769261829446457,0.02544250560541024,xgb
2024-11-29,AD.AS,-0.03617489973001499,-0.002121567726135254,-0.0019664664287120104,0.034053332003879735,0.03420843330130298,xgb
2024-11-29,AI.PA,-0.002291580146596276,0.00403501745313406,0.006099914666265249,0.006326597599730336,0.008391494812861526,xgb
2024-11-29,AIR.PA,0.047769805654669165,0.009402970783412457,0.011683039367198944,0.03836683487125671,0.03608676628747022,xgb_sentiment
2024-11-29,ALV.DE,0.012582985875380495,-0.0013600802049040794,-0.000722268596291542,0.013943066080284575,0.013305254471672037,xgb_sentiment
2024-11-29,ASML.AS,0.030366501826848108,0.022187724709510803,0.02404128760099411,0.008178777117337305,0.006325214225853998,xgb_sentiment
2024-11-29,BAS.DE,0.0009425947131151588,0.01768679916858673,0.01824032887816429,0.016744204455471572,0.017297734165049133,xgb
2024-11-29,BMW.DE,0.12041380521030746,0.005787684582173824,0.006104340311139822,0.11462612062813364,0.11430946489916764,xgb_sentiment
2024-11-29,BNP.PA,0.044543790008971296,0.013036217540502548,0.01367365662008524,0.03150757246846875,0.030870133388886056,xgb_sentiment
2024-11-29,CAC.PA,0.021957342117961107,0.005193520337343216,0.006701292935758829,0.01676382178061789,0.015256049182202278,xgb_sentiment
2024-11-29,CAP.PA,0.04032165749118268,0.015939801931381226,0.017290081828832626,0.024381855559801456,0.023031575662350055,xgb_sentiment
2024-11-29,CFR.SW,0.10756322729161667,0.022054972127079964,0.02237478457391262,0.08550825516453671,0.08518844271770405,xgb_sentiment
2024-11-29,DTE.DE,-0.046991973036676744,-0.006177831441164017,-0.004444474820047617,0.04081414159551273,0.04254749821662913,xgb
2024-11-29,ENEL.MI,0.011098455177505382,0.004467707592993975,0.0035817224998027086,0.006630747584511407,0.007516732677702673,xgb
2024-11-29,ENI.MI,-0.023853895622634468,0.01302187517285347,0.012772761285305023,0.03687577079548794,0.036626656907939495,xgb_sentiment
2024-11-29,EWI,0.019758126129914236,0.00862379651516676,0.00761941634118557,0.011134329614747477,0.012138709788728667,xgb
2024-11-29,EWL,-0.03241920546031571,0.006041290704160929,0.006123506464064121,0.03846049616447664,0.03854271192437983,xgb
2024-11-29,EWN,-0.00039594058683313407,0.006275847088545561,0.006082886829972267,0.006671787675378695,0.006478827416805401,xgb_sentiment
2024-11-29,EWP,-0.012477027194044856,0.0015992808621376753,-0.0004284184251446277,0.014076308056182532,0.012048608768900229,xgb_sentiment
2024-11-29,EXH7.DE,0.03762480004159185,0.006135433446615934,0.007552998140454292,0.031489366594975914,0.030071801901137556,xgb_sentiment
2024-11-29,EXH8.DE,-0.011031639181186877,0.0011334952432662249,-0.00021361115796025842,0.012165134424453102,0.010818028023226619,xgb_sentiment
2024-11-29,EXS1.DE,0.01349811461649721,-0.0020433368626981974,-0.0018120863242074847,0.015541451479195407,0.015310200940704694,xgb_sentiment
2024-11-29,EXSA.DE,-0.008117430465759927,0.002311896998435259,0.0020786349195986986,0.010429327464195186,0.010196065385358626,xgb_sentiment
2024-11-29,EXV1.DE,0.038062720314891905,0.001875055255368352,0.00017538911197334528,0.036187665059523554,0.03788733120291856,xgb
2024-11-29,EXV2.DE,-0.030548741082606218,-0.002723146928474307,-0.0023026398848742247,0.02782559415413191,0.028246101197731993,xgb
2024-11-29,EXV3.DE,0.029044350680906373,0.0010062998626381159,-1.4891758837620728e-05,0.028038050818268257,0.029059242439743994,xgb
2024-11-29,EXV4.DE,-0.047821451413454036,0.005475982092320919,0.005863327533006668,0.053297433505774955,0.053684778946460704,xgb
2024-11-29,EXV6.DE,-0.04542827731915992,0.012150853872299194,0.010828439146280289,0.05757913119145911,0.056256716465440205,xgb_sentiment
2024-11-29,EXV7.DE,-0.011755901491150699,0.005367942154407501,0.003502168692648411,0.0171238436455582,0.01525807018379911,xgb_sentiment
2024-11-29,HEIA.AS,-0.01960291608782792,0.011109592393040657,0.013372822664678097,0.030712508480868577,0.03297573875250602,xgb
2024-11-29,HOLN.SW,-0.036102257614485815,-0.001700292807072401,-0.0011203257599845529,0.034401964807413414,0.03498193185450126,xgb
2024-11-29,IBE.MC,-0.014184495490860378,0.002291496377438307,0.0016419000457972288,0.016475991868298685,0.015826395536657607,xgb_sentiment
2024-11-29,INGA.AS,0.03169328978452925,0.0009159552864730358,0.003638479858636856,0.03077733449805621,0.02805480992589239,xgb_sentiment
2024-11-29,ISP.MI,0.06303817032146938,0.005918262526392937,0.004755961708724499,0.05711990779507645,0.058282208612744885,xgb
2024-11-29,ITX.MC,-0.04990231887590379,0.0004545226984191686,0.0018250885186716914,0.05035684157432296,0.05172740739457548,xgb
2024-11-29,MBG.DE,0.015736591533081455,-0.005283128470182419,0.0011374624446034431,0.021019720003263874,0.014599129088478012,xgb_sentiment
2024-11-29,MC.PA,0.07938728595562206,-0.0034404343459755182,3.3220268960576504e-05,0.08282772030159757,0.07935406568666148,xgb_sentiment
2024-11-29,MUV2.DE,-0.01467310650347466,-0.007379372604191303,-0.00763038219884038,0.007293733899283356,0.00704272430463428,xgb_sentiment
2024-11-29,NESN.SW,-0.03036569826134634,0.0030996587593108416,0.004428531043231487,0.033465357020657185,0.03479422930457783,xgb
2024-11-29,NOVN.SW,-0.05946167274133694,0.0017634095856919885,0.0009018823620863259,0.06122508232702893,0.06036355510342327,xgb_sentiment
2024-11-29,OR.PA,0.039378788500786986,-0.012488730251789093,-0.009973314590752125,0.05186751875257608,0.04935210309153911,xgb_sentiment
2024-11-29,PHIA.AS,-0.05540381296724003,-0.01144776213914156,-0.011017123237252235,0.04395605082809847,0.04438668972998779,xgb
2024-11-29,RO.SW,-0.00996189540874637,0.008098901249468327,0.006076338235288858,0.018060796658214695,0.016038233644035227,xgb_sentiment
2024-11-29,SAN.PA,0.017758644823285773,-0.005727808922529221,-0.0061796922236680984,0.023486453745814994,0.023938337046953872,xgb
2024-11-29,SAP.DE,0.04944636965848513,-0.002823598450049758,-0.0024594783317297697,0.05226996810853489,0.0519058479902149,xgb_sentiment
2024-11-29,SIE.DE,0.029056173240154522,0.008612802252173424,0.010448483750224113,0.0204433709879811,0.01860768948993041,xgb_sentiment
2024-11-29,STMMI.MI,-0.007556417173441512,0.003223908832296729,-0.002520016161724925,0.010780326005738241,0.005036401011716587,xgb_sentiment
2024-11-29,SU.PA,-0.010735009880397791,-0.011319464072585106,-0.007401809561997652,0.0005844541921873146,0.0033332003184001393,xgb
2024-11-29,TEF.MC,-0.04940288063771056,-0.0030735605396330357,-0.0035163755528628826,0.046329320098077525,0.04588650508484768,xgb_sentiment
2024-11-29,TTE.PA,-0.02953879200032138,0.014949795790016651,0.016261715441942215,0.04448858779033803,0.04580050744226359,xgb
2024-11-29,UBSG.SW,-0.03591036378728945,-0.01025116816163063,-0.006570663768798113,0.02565919562565882,0.029339700018491337,xgb
2024-11-29,UCG.MI,0.05715074317076059,0.0316397026181221,0.028895707800984383,0.02551104055263849,0.028255035369776207,xgb
2024-11-29,VOW3.DE,0.09809926980116519,0.001350680715404451,0.0017140458803623915,0.09674858908576074,0.0963852239208028,xgb_sentiment
2024-11-29,WKL.AS,0.015392199320412924,-0.0033179675228893757,-0.0023480698000639677,0.0187101668433023,0.017740269120476892,xgb_sentiment
2024-12-31,ABBN.SW,0.01697865427686462,0.00634759059175849,0.006620331201702356,0.010631063685106131,0.010358323075162264,xgb_sentiment
2024-12-31,AD.AS,0.08780495609720641,0.007900862023234367,0.0071951174177229404,0.07990409407397205,0.08060983867948347,xgb
2024-12-31,AI.PA,0.07499083223029022,0.008325840346515179,0.008056864142417908,0.06666499188377505,0.06693396808787232,xgb
2024-12-31,AIR.PA,0.07190893434752935,0.004432226065546274,0.004746316000819206,0.06747670828198307,0.06716261834671014,xgb_sentiment
2024-12-31,ALV.DE,0.06445408861403976,-0.0017376700416207314,-0.0017018982907757163,0.06619175865566049,0.06615598690481547,xgb_sentiment
2024-12-31,ASML.AS,0.040427115484985614,0.027874259278178215,0.028563067317008972,0.012552856206807399,0.011864048167976642,xgb_sentiment
2024-12-31,BAS.DE,0.10699596933513075,0.01442316360771656,0.014216110110282898,0.09257280572741419,0.09277985922484785,xgb
2024-12-31,BMW.DE,0.011330783457170666,0.006430102977901697,0.003666551783680916,0.004900680479268969,0.007664231673489751,xgb
2024-12-31,BNP.PA,0.10323059687068337,0.005475034471601248,0.005792293697595596,0.09775556239908212,0.09743830317308777,xgb_sentiment
2024-12-31,CAC.PA,0.071420985251325,0.004899580031633377,0.005146408919245005,0.06652140521969162,0.06627457633207999,xgb_sentiment
2024-12-31,CAP.PA,0.10324000371005725,0.007864439859986305,0.005850374232977629,0.09537556385007094,0.09738962947707962,xgb
2024-12-31,CFR.SW,0.2458754418829915,0.0047602299600839615,0.00467708008363843,0.24111521192290755,0.24119836179935308,xgb
2024-12-31,DTE.DE,0.11126216937221005,0.02128368802368641,0.02099636010825634,0.08997848134852364,0.09026580926395371,xgb
2024-12-31,ENEL.MI,0.02759654536766132,0.0010376329300925136,0.0006056776619516313,0.026558912437568808,0.02699086770570969,xgb
2024-12-31,ENI.MI,0.04086474874102253,0.009418624453246593,0.009646208956837654,0.031446124287775934,0.031218539784184873,xgb_sentiment
2024-12-31,EWI,0.07467479393262802,0.0016401914181187749,0.0009927673963829875,0.07303460251450924,0.07368202653624503,xgb
2024-12-31,EWL,0.08281832613319337,0.0037206895649433136,0.004071986302733421,0.07909763656825006,0.07874633983045995,xgb_sentiment
2024-12-31,EWN,0.04299961816454004,0.007138104643672705,0.007061099633574486,0.03586151352086733,0.03593851853096555,xgb
2024-12-31,EWP,0.07052505405342052,0.005921037867665291,0.0058255745097994804,0.06460401618575523,0.06469947954362104,xgb
2024-12-31,EXH7.DE,0.09686077377391718,0.0040678596124053,0.0052566686645150185,0.09279291416151188,0.09160410510940216,xgb_sentiment
2024-12-31,EXH8.DE,0.02685842528315013,0.006237227004021406,0.007034512236714363,0.020621198279128724,0.019823913046435767,xgb_sentiment
2024-12-31,EXS1.DE,0.08848988589243861,0.004321530926972628,0.004303905181586742,0.08416835496546599,0.08418598071085187,xgb
2024-12-31,EXSA.DE,0.0655513406285816,0.00823278073221445,0.009576248936355114,0.05731855989636715,0.05597509169222649,xgb_sentiment
2024-12-31,EXV1.DE,0.10240203949213882,-0.00011059416283387691,-0.00040455907583236694,0.10251263365497269,0.10280659856797118,xgb
2024-12-31,EXV2.DE,0.0573421045734053,0.01241768803447485,0.012018447741866112,0.04492441653893045,0.04532365683153919,xgb
2024-12-31,EXV3.DE,0.05137768912901437,0.003492092015221715,0.004365324974060059,0.04788559711379266,0.047012364154954314,xgb_sentiment
2024-12-31,EXV4.DE,0.061121449429841504,0.01300693117082119,0.012871881015598774,0.048114518259020314,0.04824956841424273,xgb
2024-12-31,EXV6.DE,0.04220693833915526,0.01059005968272686,0.011246546171605587,0.0316168786564284,0.030960392167549672,xgb_sentiment
2024-12-31,EXV7.DE,0.06135697489874855,0.01169153768569231,0.012199729681015015,0.04966543721305624,0.049157245217733535,xgb_sentiment
2024-12-31,HEIA.AS,-0.01732528703884599,0.01318360585719347,0.011774531565606594,0.03050889289603946,0.029099818604452585,xgb_sentiment
2024-12-31,HOLN.SW,0.04650602435273188,0.0095801567658782,0.008394187316298485,0.03692586758685368,0.038111837036433394,xgb
2024-12-31,IBE.MC,0.04366277926483437,0.006496259476989508,0.005310718901455402,0.03716651978784486,0.038352060363378966,xgb
2024-12-31,INGA.AS,0.07580804908583653,0.005473191849887371,0.0057119326665997505,0.07033485723594916,0.07009611641923678,xgb_sentiment
2024-12-31,ISP.MI,0.08779859084009554,0.0006282483227550983,0.0012563858181238174,0.08717034251734045,0.08654220502197173,xgb_sentiment
2024-12-31,ITX.MC,0.06057727576515114,0.01738608255982399,0.015626059845089912,0.04319119320532715,0.044951215920061224,xgb
2024-12-31,MBG.DE,0.09784170001384637,0.012548034079372883,0.011877813376486301,0.08529366593447349,0.08596388663736007,xgb
2024-12-31,MC.PA,0.11898869003877602,0.021011698991060257,0.019052796065807343,0.09797699104771576,0.09993589397296868,xgb
2024-12-31,MUV2.DE,0.077971711232686,-0.002406049519777298,-8.222080941777676e-05,0.08037776075246329,0.07805393204210377,xgb_sentiment
2024-12-31,NESN.SW,0.04490956926468086,0.015563767403364182,0.01838192529976368,0.029345801861316675,0.026527643964917177,xgb_sentiment
2024-12-31,NOVN.SW,0.051312369862396845,0.004198481794446707,0.0025906553491950035,0.04711388806795014,0.04872171451320184,xgb
2024-12-31,OR.PA,0.0615447178405699,0.008460971526801586,0.007107177283614874,0.05308374631376831,0.05443754055695502,xgb
2024-12-31,PHIA.AS,0.09605514156419272,0.0042350320145487785,0.0024492042139172554,0.09182010954964394,0.09360593735027546,xgb
2024-12-31,RO.SW,0.11179329946214633,0.006908657494932413,0.006321764085441828,0.10488464196721392,0.1054715353767045,xgb
2024-12-31,SAN.PA,0.10020542521019982,0.004876986145973206,0.005216163117438555,0.09532843906422661,0.09498926209276126,xgb_sentiment
2024-12-31,SAP.DE,0.12607124340406264,0.010589261539280415,0.01064396183937788,0.11548198186478223,0.11542728156468476,xgb_sentiment
2024-12-31,SIE.DE,0.08432510422488862,-0.0002625939960125834,-0.0012154595460742712,0.0845876982209012,0.08554056377096289,xgb
2024-12-31,STMMI.MI,-0.12376208394653525,0.030509797856211662,0.024919681251049042,0.15427188180274692,0.1486817651975843,xgb_sentiment
2024-12-31,SU.PA,0.0004150380813962413,-0.003035525791347027,-0.0009466997580602765,0.003450563872743268,0.0013617378394565178,xgb_sentiment
2024-12-31,TEF.MC,0.007338960849832965,0.010427131317555904,0.009619181975722313,0.0030881704677229397,0.0022802211258893482,xgb_sentiment
2024-12-31,TTE.PA,0.06586899966855093,0.018581554293632507,0.01840253174304962,0.04728744537491843,0.04746646792550131,xgb
2024-12-31,UBSG.SW,0.15074223996822056,-0.0013854337157681584,0.0012418965343385935,0.15212767368398872,0.14950034343388197,xgb_sentiment
2024-12-31,UCG.MI,0.151347094088198,0.0026563999708741903,0.0037861913442611694,0.1486906941173238,0.14756090274393682,xgb_sentiment
2024-12-31,VOW3.DE,0.09404330493850602,0.00413134740665555,0.0024468840565532446,0.08991195753185047,0.09159642088195277,xgb
2024-12-31,WKL.AS,0.0874008951548952,-0.002034921897575259,-0.0014992376090958714,0.08943581705247046,0.08890013276399107,xgb_sentiment
2025-01-31,ABBN.SW,-0.018383837858791774,-0.08116938918828964,-0.06266121566295624,0.06278555132949787,0.044277377804164464,xgb_sentiment
2025-01-31,AD.AS,-0.005577493067315704,0.0013763506431132555,0.001827809028327465,0.00695384371042896,0.0074053020956431695,xgb
2025-01-31,AI.PA,0.063648468951373,0.006894071586430073,0.0075911167077720165,0.05675439736494292,0.05605735224360098,xgb_sentiment
2025-01-31,AIR.PA,0.04252480197930816,0.0015471120132133365,0.0012722231913357973,0.04097768996609483,0.041252578787972366,xgb
2025-01-31,ALV.DE,0.07916146029246186,0.0015683306846767664,0.0007675231900066137,0.0775931296077851,0.07839393710245525,xgb
2025-01-31,ASML.AS,-0.04370335539371833,0.030355801805853844,0.025281652808189392,0.07405915719957218,0.06898500820190773,xgb_sentiment
2025-01-31,BAS.DE,0.07040790767635093,0.0025108084082603455,0.00364001770503819,0.06789709926809058,0.06676788997131274,xgb_sentiment
2025-01-31,BMW.DE,0.07733787892675838,0.01039036549627781,0.00961308367550373,0.06694751343048057,0.06772479525125465,xgb
2025-01-31,BNP.PA,0.11893201766946578,0.007086059078574181,0.008801053278148174,0.1118459585908916,0.1101309643913176,xgb_sentiment
2025-01-31,CAC.PA,0.03339319832182286,0.004562297835946083,0.003441394539549947,0.028830900485876776,0.029951803782272912,xgb
2025-01-31,CAP.PA,-0.17163713431468486,-0.007832885719835758,-0.00795579794794321,0.1638042485948491,0.16368133636674165,xgb_sentiment
2025-01-31,CFR.SW,0.04896880426547394,-0.01707511954009533,-0.022161191329360008,0.06604392380556927,0.07112999559483395,xgb
2025-01-31,DTE.DE,0.10272947452921972,0.01640010066330433,0.016263913363218307,0.0863293738659154,0.08646556116600142,xgb
2025-01-31,ENEL.MI,0.01674649791104706,0.006259479559957981,0.006852511316537857,0.010487018351089079,0.009893986594509203,xgb_sentiment
2025-01-31,ENI.MI,0.010889370288201949,0.006322363391518593,0.006932672578841448,0.004567006896683356,0.003956697709360501,xgb_sentiment
2025-01-31,EWI,0.06755650306441179,0.0037688049487769604,0.0040490091778337955,0.06378769811563482,0.06350749388657799,xgb_sentiment
2025-01-31,EWL,0.0520184382868329,0.008265442214906216,0.00846732035279274,0.04375299607192668,0.04355111793404016,xgb_sentiment
2025-01-31,EWN,0.020175618786631357,0.007386287208646536,0.006605286616832018,0.01278933157798482,0.013570332169799339,xgb
2025-01-31,EWP,0.09594762049130047,0.007245211862027645,0.0065267994068562984,0.08870240862927282,0.08942082108444417,xgb
2025-01-31,EXH7.DE,0.0047688336196838954,0.004764108918607235,0.00474033085629344,4.724701076660488e-06,2.8502763390455578e-05,xgb
2025-01-31,EXH8.DE,-0.02028137006912596,0.01664169691503048,0.01616833359003067,0.03692306698415644,0.03644970365915663,xgb_sentiment
2025-01-31,EXS1.DE,0.06320374165057058,0.0020563495345413685,0.0032829761039465666,0.06114739211602921,0.05992076554662401,xgb_sentiment
2025-01-31,EXSA.DE,0.04502958216512058,0.004804609809070826,0.0039198389276862144,0.04022497235604976,0.04110974323743437,xgb
2025-01-31,EXV1.DE,0.13427054465123903,0.002214526291936636,0.003497607307508588,0.1320560183593024,0.13077293734373044,xgb_sentiment
2025-01-31,EXV2.DE,0.08032977131459809,0.005365398712456226,0.006490190979093313,0.07496437260214187,0.07383958033550478,xgb_sentiment
2025-01-31,EXV3.DE,0.0015700215268456927,0.004414459224790335,0.0039746081456542015,0.002844437697944642,0.002404586618808509,xgb_sentiment
2025-01-31,EXV4.DE,0.03995423906157928,0.005302987061440945,0.005254114978015423,0.034651252000138334,0.034700124083563856,xgb
2025-01-31,EXV6.DE,0.020295058088199116,0.00022811006056144834,0.0010209910105913877,0.020066948027637668,0.019274067077607728,xgb_sentiment
2025-01-31,EXV7.DE,0.0395019142447402,0.0010145221604034305,0.0009118097950704396,0.03848739208433677,0.03859010444966976,xgb
2025-01-31,HEIA.AS,0.1825699135510765,-0.0015479599824175239,0.0029677688144147396,0.18411787353349401,0.17960214473666175,xgb_sentiment
2025-01-31,HOLN.SW,0.07444985242492538,0.006034775171428919,0.006742504891008139,0.06841507725349646,0.06770734753391724,xgb_sentiment
2025-01-31,IBE.MC,0.010211534142997629,0.0027140360325574875,0.0006842472357675433,0.007497498110440141,0.009527286907230086,xgb
2025-01-31,INGA.AS,0.09935419166096292,0.004185425117611885,0.004831901751458645,0.09516876654335103,0.09452228990950427,xgb_sentiment
2025-01-31,ISP.MI,0.1362406071101653,-0.0028695338405668736,-0.0037459812592715025,0.13911014095073218,0.1399865883694368,xgb
2025-01-31,ITX.MC,-0.03003698801120112,0.009392356500029564,0.011454585939645767,0.03942934451123069,0.04149157395084689,xgb
2025-01-31,MBG.DE,0.03025729038972821,0.000712660956196487,0.002238237066194415,0.029544629433531724,0.028019053323533796,xgb_sentiment
2025-01-31,MC.PA,-0.018217596861253522,0.024778995662927628,0.022488465532660484,0.04299659252418115,0.04070606239391401,xgb_sentiment
2025-01-31,MUV2.DE,0.07235621306038761,-0.0008292537531815469,-0.00045296340249478817,0.07318546681356916,0.0728091764628824,xgb_sentiment
2025-01-31,NESN.SW,0.14025063065303778,0.00641413452103734,0.005120032466948032,0.13383649613200044,0.13513059818608975,xgb
2025-01-31,NOVN.SW,0.040486470285629635,0.0056564114056527615,-0.0006237247725948691,0.03483005887997687,0.041110195058224504,xgb
2025-01-31,OR.PA,0.0015329431628357453,-0.011736609973013401,-0.01426051463931799,0.013269553135849146,0.015793457802153736,xgb
2025-01-31,PHIA.AS,-0.0542962538548038,0.009495454840362072,0.009551315568387508,0.06379170869516587,0.06384756942319131,xgb
2025-01-31,RO.SW,0.0625277162998604,0.008894712664186954,0.00857173278927803,0.05363300363567344,0.05395598351058237,xgb
2025-01-31,SAN.PA,0.03093420205948546,0.011260444298386574,0.009891959838569164,0.019673757761098885,0.021042242220916295,xgb
2025-01-31,SAP.DE,0.011295351204006458,0.0006116057629697025,0.003423404647037387,0.010683745441036755,0.007871946556969071,xgb_sentiment
2025-01-31,SIE.DE,0.10855095917779402,-0.0011228059884160757,-0.0007879526820033789,0.1096737651662101,0.1093389118597974,xgb_sentiment
2025-01-31,STMMI.MI,0.08578875152809816,0.047350190579891205,0.04736940562725067,0.038438560948206954,0.03841934590084749,xgb_sentiment
2025-01-31,SU.PA,-0.06612942559732035,-0.0223105289041996,-0.026454251259565353,0.04381889669312075,0.039675174337755,xgb_sentiment
2025-01-31,TEF.MC,0.08100014414484706,0.012232357636094093,0.012065591290593147,0.06876778650875297,0.06893455285425391,xgb
2025-01-31,TTE.PA,0.031077785880432734,0.006509368773549795,0.008175085298717022,0.02456841710688294,0.022902700581715712,xgb_sentiment
2025-01-31,UBSG.SW,-0.028146802296471984,0.00459590507671237,0.004007344134151936,0.032742707373184354,0.03215414643062392,xgb_sentiment
2025-01-31,UCG.MI,0.15697684366988068,0.0009844702435657382,0.0022028284147381783,0.15599237342631495,0.1547740152551425,xgb_sentiment
2025-01-31,VOW3.DE,0.07666807159442753,-0.0022115118335932493,0.002799054840579629,0.07887958342802077,0.0738690167538479,xgb_sentiment
2025-01-31,WKL.AS,-0.15642924654067797,0.003223140724003315,0.0013697210233658552,0.15965238726468128,0.15779896756404382,xgb_sentiment
2025-02-28,ABBN.SW,-0.06573350769289538,0.025761283934116364,0.024940412491559982,0.09149479162701174,0.09067392018445536,xgb_sentiment
2025-02-28,AD.AS,0.017219097946997757,0.009510260075330734,0.008930519223213196,0.007708837871667023,0.008288578723784561,xgb
2025-02-28,AI.PA,-0.008414855377713403,0.007609810214489698,0.007804513443261385,0.0160246655922031,0.016219368820974786,xgb
2025-02-28,AIR.PA,-0.017779278953441155,0.00832979567348957,0.008095170371234417,0.026109074626930726,0.025874449324675572,xgb_sentiment
2025-02-28,ALV.DE,0.06391393951863089,0.005546887405216694,0.004327291157096624,0.0583670521134142,0.05958664836153427,xgb
2025-02-28,ASML.AS,-0.11315179379816247,0.025655901059508324,0.02537246234714985,0.1388076948576708,0.13852425614531233,xgb_sentiment
2025-02-28,BAS.DE,-0.06974065595408617,0.022250164300203323,0.022731509059667587,0.0919908202542895,0.09247216501375376,xgb
2025-02-28,BMW.DE,-0.12989428733413638,0.011843264102935791,0.01172594539821148,0.14173755143707217,0.14162023273234786,xgb_sentiment
2025-02-28,BNP.PA,0.05409615493872495,0.007389700505882502,0.007227239198982716,0.04670645443284245,0.04686891573974224,xgb
2025-02-28,CAC.PA,-0.03950150932727473,0.005358140915632248,0.005125253461301327,0.04485965024290698,0.04462676278857606,xgb_sentiment
2025-02-28,CAP.PA,-0.07733647359385361,0.02754024788737297,0.025818051770329475,0.10487672148122658,0.10315452536418308,xgb_sentiment
2025-02-28,CFR.SW,-0.20108929529353448,0.002271647099405527,0.0008051297627389431,0.20336094239294,0.20189442505627342,xgb_sentiment
2025-02-28,DTE.DE,-0.015369306751255484,0.009191957302391529,0.006932453718036413,0.024561264053647013,0.022301760469291897,xgb_sentiment
2025-02-28,ENEL.MI,0.06019966163207419,0.009519308805465698,0.009084378369152546,0.050680352826608495,0.05111528326292165,xgb
2025-02-28,ENI.MI,0.049088730756368604,0.007134378422051668,0.008008993230760098,0.041954352334316936,0.041079737525608506,xgb_sentiment
2025-02-28,EWI,-0.0038439748145843236,0.007238929625600576,0.00755663076415658,0.0110829044401849,0.011400605578740904,xgb
2025-02-28,EWL,-0.03926268325398644,0.011323885060846806,0.011026453226804733,0.05058656831483325,0.050289136480791176,xgb_sentiment
2025-02-28,EWN,-0.04979355644675866,0.01381679531186819,0.01342084351927042,0.06361035175862685,0.06321439996602908,xgb_sentiment
2025-02-28,EWP,0.0130033383390284,0.00840000994503498,0.008109399117529392,0.00460332839399342,0.004893939221499008,xgb
2025-02-28,EXH7.DE,-0.0945934584533928,0.0021649927366524935,0.0026521352119743824,0.0967584511900453,0.09724559366536718,xgb
2025-02-28,EXH8.DE,-0.06327438786484602,0.012798575684428215,0.013077160343527794,0.07607296354927423,0.07635154820837381,xgb
2025-02-28,EXS1.DE,-0.017419742820013316,0.001537396921776235,0.0021470128558576107,0.01895713974178955,0.019566755675870927,xgb
2025-02-28,EXSA.DE,-0.040346135189508615,0.005037310998886824,0.0050569623708724976,0.04538344618839544,0.04540309756038111,xgb
2025-02-28,EXV1.DE,-0.0036924207850150513,0.013873856514692307,0.013127758167684078,0.017566277299707358,0.01682017895269913,xgb_sentiment
2025-02-28,EXV2.DE,0.01005028223994671,0.002393749076873064,0.002429531654343009,0.007656533163073647,0.007620750585603702,xgb_sentiment
2025-02-28,EXV3.DE,-0.08137069656485564,0.019263572990894318,0.01747586950659752,0.10063426955574996,0.09884656607145316,xgb_sentiment
2025-02-28,EXV4.DE,-0.08169957129565054,0.006717443000525236,0.005626210942864418,0.08841701429617578,0.08732578223851496,xgb_sentiment
2025-02-28,EXV6.DE,-0.07248152990788648,0.0096460385248065,0.010635127313435078,0.08212756843269298,0.08311665722132155,xgb
2025-02-28,EXV7.DE,-0.04577756085522384,0.0029601026326417923,0.003986846189945936,0.04873766348786563,0.049764407045169774,xgb
2025-02-28,HEIA.AS,-0.07437326307227395,0.004857263993471861,0.004664743319153786,0.0792305270657458,0.07903800639142773,xgb_sentiment
2025-02-28,HOLN.SW,-0.060848569948234905,0.006995602510869503,0.007933230139315128,0.0678441724591044,0.06878180008755003,xgb
2025-02-28,IBE.MC,0.06856271207365486,0.006620075553655624,0.005161091219633818,0.061942636519999233,0.06340162085402104,xgb
2025-02-28,INGA.AS,0.04816784371322919,0.011489151045680046,0.010490888729691505,0.03667869266754915,0.03767695498353769,xgb
2025-02-28,ISP.MI,0.00021123942214579337,0.007410879712551832,0.007221179082989693,0.007199640290406039,0.007009939660843899,xgb_sentiment
2025-02-28,ITX.MC,-0.1258685566088357,0.017363646999001503,0.019556742161512375,0.1432322036078372,0.14542529877034807,xgb
2025-02-28,MBG.DE,-0.09800749166461076,0.010989239439368248,0.011104235425591469,0.108996731103979,0.10911172709020223,xgb
2025-02-28,MC.PA,-0.19515366631827558,0.014014595188200474,0.014493628405034542,0.20916826150647605,0.20964729472331012,xgb
2025-02-28,MUV2.DE,0.06344025659382597,0.007522224448621273,0.008911201730370522,0.0559180321452047,0.05452905486345545,xgb_sentiment
2025-02-28,NESN.SW,0.006177091861022691,0.008523749187588692,0.006619640160351992,0.002346657326566001,0.000442548299329301,xgb_sentiment
2025-02-28,NOVN.SW,0.017989227662217944,0.010004124604165554,0.011361968703567982,0.00798510305805239,0.006627258958649962,xgb_sentiment
2025-02-28,OR.PA,-0.029174963637204933,0.012377995997667313,0.01683928444981575,0.041552959634872245,0.04601424808702068,xgb
2025-02-28,PHIA.AS,-0.07061761732141214,0.03886961564421654,0.037913013249635696,0.10948723296562868,0.10853063057104784,xgb_sentiment
2025-02-28,RO.SW,-0.01978517191348959,0.007294286508113146,0.007035273592919111,0.027079458421602736,0.0268204455064087,xgb_sentiment
2025-02-28,SAN.PA,-0.023658352422995084,0.00848662480711937,0.00831274501979351,0.03214497723011445,0.031971097442788594,xgb_sentiment
2025-02-28,SAP.DE,-0.08205496395916455,0.03344205766916275,0.03332297503948212,0.1154970216283273,0.11537793899864666,xgb_sentiment
2025-02-28,SIE.DE,-0.04295287036735446,0.0034781191498041153,0.0017123743891716003,0.04643098951715858,0.044665244756526064,xgb_sentiment
2025-02-28,STMMI.MI,-0.16680757276792382,0.036114342510700226,0.03945201635360718,0.20292191527862405,0.206259589121531,xgb
2025-02-28,SU.PA,-0.1044347026188742,0.037122324109077454,0.034891534596681595,0.14155702672795167,0.13932623721555581,xgb_sentiment
2025-02-28,TEF.MC,0.012247395974854443,0.008343107998371124,0.007908008061349392,0.003904287976483319,0.004339387913505051,xgb
2025-02-28,TTE.PA,0.04541925368329428,0.0029732747934758663,0.003020684001967311,0.042445978889818416,0.04239856968132697,xgb_sentiment
2025-02-28,UBSG.SW,-0.15873151166872745,0.01744368113577366,0.015256887301802635,0.1761751928045011,0.1739883989705301,xgb_sentiment
2025-02-28,UCG.MI,0.018014944371326582,0.007804105523973703,0.007683821953833103,0.010210838847352879,0.010331122417493479,xgb
2025-02-28,VOW3.DE,-0.1067490275989479,0.019150881096720695,0.02158164419233799,0.12589990869566858,0.12833067179128588,xgb
2025-02-28,WKL.AS,-0.027822563814220224,0.04418763145804405,0.04338866472244263,0.07201019527226428,0.07121122853666285,xgb_sentiment
2025-03-31,ABBN.SW,-0.029404911225409208,0.043314456939697266,0.04407074674963951,0.07271936816510648,0.07347565797504872,xgb
2025-03-31,AD.AS,0.06490000631810851,0.005861833691596985,0.005789152346551418,0.05903817262651152,0.05911085397155709,xgb
2025-03-31,AI.PA,0.030477491616882256,0.008245049975812435,0.008211862295866013,0.02223244164106982,0.022265629321016243,xgb
2025-03-31,AIR.PA,-0.07878536343834644,0.0310979001224041,0.03282975032925606,0.10988326356075054,0.1116151137676025,xgb
2025-03-31,ALV.DE,0.0335133417997312,0.0040704477578401566,0.004500273615121841,0.029442894041891043,0.02901306818460936,xgb_sentiment
2025-03-31,ASML.AS,-0.03643608980831665,0.04518507421016693,0.04615131393074989,0.08162116401848357,0.08258740373906653,xgb
2025-03-31,BAS.DE,-0.027949881453007534,0.03944125026464462,0.04377099499106407,0.06739113171765215,0.0717208764440716,xgb
2025-03-31,BMW.DE,0.008379623262795075,0.05329722911119461,0.05613192543387413,0.04491760584839954,0.04775230217107906,xgb
2025-03-31,BNP.PA,-0.03465958353238956,0.00947333499789238,0.008462746627628803,0.04413291853028194,0.04312233016001836,xgb_sentiment
2025-03-31,CAC.PA,-0.01789285412244936,0.009567712433636189,0.009731069207191467,0.027460566556085548,0.027623923329640827,xgb
2025-03-31,CAP.PA,0.012954445468583082,0.04835203289985657,0.04526970162987709,0.03539758743127348,0.032315256161294006,xgb_sentiment
2025-03-31,CFR.SW,-0.03512899855197387,0.09183941036462784,0.08918541669845581,0.12696840891660172,0.12431441525042969,xgb_sentiment
2025-03-31,DTE.DE,-0.050758652095828374,0.030187034979462624,0.02842041663825512,0.080945687075291,0.0791790687340835,xgb_sentiment
2025-03-31,ENEL.MI,0.019418030017309292,0.013869347982108593,0.01455284096300602,0.005548682035200699,0.004865189054303273,xgb_sentiment
2025-03-31,ENI.MI,-0.11851763418859634,0.006819144822657108,0.001161076594144106,0.12533677901125345,0.11967871078274045,xgb_sentiment
2025-03-31,EWI,-0.007221743763383081,0.01086103543639183,0.010271204635500908,0.018082779199774912,0.01749294839888399,xgb_sentiment
2025-03-31,EWL,-0.011721845468411918,0.008897875435650349,0.008541026152670383,0.020619720904062267,0.020262871621082302,xgb_sentiment
2025-03-31,EWN,-0.006544758856054484,0.028004180639982224,0.026478605344891548,0.034548939496036705,0.03302336420094603,xgb_sentiment
2025-03-31,EWP,0.013691304208241724,0.0050836107693612576,0.004082639701664448,0.008607693438880466,0.009608664506577276,xgb
2025-03-31,EXH7.DE,-0.016442376902299057,0.010486282408237457,0.010288834571838379,0.026928659310536514,0.026731211474137435,xgb_sentiment
2025-03-31,EXH8.DE,0.06032206321312978,0.013812301680445671,0.013325966894626617,0.04650976153268411,0.04699609631850316,xgb
2025-03-31,EXS1.DE,0.013146753796603482,0.022161120548844337,0.02356766164302826,0.009014366752240856,0.010420907846424778,xgb
2025-03-31,EXSA.DE,-0.0049232016274766985,0.009957403875887394,0.009703441523015499,0.014880605503364092,0.014626643150492197,xgb_sentiment
2025-03-31,EXV1.DE,-0.00562211817243749,0.02139253541827202,0.022013723850250244,0.02701465359070951,0.027635842022687734,xgb
2025-03-31,EXV2.DE,0.003740823239899431,0.008133679628372192,0.006861689034849405,0.0043928563884727614,0.0031208657949499743,xgb_sentiment
2025-03-31,EXV3.DE,-0.01242715916145274,0.04185368865728378,0.040195100009441376,0.05428084781873652,0.052622259170894116,xgb_sentiment
2025-03-31,EXV4.DE,-0.03430330257792218,0.015012148767709732,0.015235407277941704,0.049315451345631915,0.04953870985586389,xgb
2025-03-31,EXV6.DE,-0.06717559322297395,0.034517258405685425,0.036685168743133545,0.10169285162865938,0.1038607619661075,xgb
2025-03-31,EXV7.DE,0.018110670324634183,0.015674559399485588,0.015470602549612522,0.002436110925148595,0.002640067775021661,xgb
2025-03-31,HEIA.AS,0.05805254465657604,0.01828612945973873,0.019611787050962448,0.03976641519683731,0.03844075760561359,xgb_sentiment
2025-03-31,HOLN.SW,-0.01464283850547565,0.035694755613803864,0.03883939981460571,0.050337594119279516,0.053482238320081366,xgb
2025-03-31,IBE.MC,0.061962403728844706,0.010070914402604103,0.010754795745015144,0.0518914893262406,0.05120760798382956,xgb_sentiment
2025-03-31,INGA.AS,-0.014162912743268242,0.006433764472603798,0.0059519303031265736,0.02059667721587204,0.020114843046394815,xgb_sentiment
2025-03-31,ISP.MI,-0.01104506685926926,0.020918220281600952,0.024638347327709198,0.03196328714087021,0.03568341418697846,xgb
2025-03-31,ITX.MC,0.0473189937586825,0.028315089643001556,0.025673886761069298,0.019003904115680946,0.021645106997613205,xgb
2025-03-31,MBG.DE,-0.03225484106826999,0.05803179740905762,0.05996600538492203,0.09028663847732761,0.09222084645319202,xgb
2025-03-31,MC.PA,-0.14339935136392168,0.023361828178167343,0.020218143239617348,0.16676117954208902,0.16361749460353903,xgb_sentiment
2025-03-31,MUV2.DE,0.032435189964274413,0.004661010578274727,0.005046104080975056,0.027774179385999687,0.027389085883299358,xgb_sentiment
2025-03-31,NESN.SW,0.033736291259863355,0.011738324537873268,0.011957085691392422,0.021997966721990087,0.021779205568470933,xgb_sentiment
2025-03-31,NOVN.SW,-0.02574958073390044,0.010940770618617535,0.013272021897137165,0.036690351352517976,0.03902160263103761,xgb
2025-03-31,OR.PA,0.12113155080143717,0.014851698651909828,0.014408444985747337,0.10627985214952734,0.10672310581568983,xgb
2025-03-31,PHIA.AS,-0.04641809939148822,0.01787555404007435,0.01695454679429531,0.06429365343156257,0.06337264618578353,xgb_sentiment
2025-03-31,RO.SW,-0.04679518124124552,0.008053209632635117,0.009623604826629162,0.05484839087388064,0.056418786067874684,xgb
2025-03-31,SAN.PA,-0.06088209681124208,0.011405454017221928,0.010801398195326328,0.072287550828464,0.0716834950065684,xgb_sentiment
2025-03-31,SAP.DE,0.043633105733200075,0.05971980094909668,0.05300090089440346,0.016086695215896604,0.009367795161203382,xgb_sentiment
2025-03-31,SIE.DE,-0.04809427033549116,0.03509095683693886,0.022905534133315086,0.08318522717243002,0.07099980446880624,xgb_sentiment
2025-03-31,STMMI.MI,-0.008942471481976558,0.057363126426935196,0.05184213072061539,0.06630559790891176,0.06078460220259194,xgb_sentiment
2025-03-31,SU.PA,-0.031572744287416965,0.05373326316475868,0.048463448882102966,0.08530600745217565,0.08003619316951993,xgb_sentiment
2025-03-31,TEF.MC,0.03697456629696365,0.005918384529650211,0.00578525522723794,0.031056181767313437,0.03118931106972571,xgb
2025-03-31,TTE.PA,-0.15370371322888934,0.014600362628698349,0.014519973658025265,0.1683040758575877,0.1682236868869146,xgb_sentiment
2025-03-31,UBSG.SW,-0.020900287011971535,0.03988509252667427,0.03921563923358917,0.06078537953864581,0.06011592624556071,xgb_sentiment
2025-03-31,UCG.MI,0.019112999529898683,0.015101711265742779,0.02042045071721077,0.004011288264155904,0.0013074511873120871,xgb_sentiment
2025-03-31,VOW3.DE,0.019894953508054095,0.03739254176616669,0.03265674412250519,0.017497588258112592,0.012761790614451093,xgb_sentiment
2025-03-31,WKL.AS,0.07964075439730191,0.01221180334687233,0.012346731498837471,0.06742895105042958,0.06729402289846444,xgb_sentiment
2025-04-30,ABBN.SW,0.09078499423629886,0.022792378440499306,0.023128103464841843,0.06799261579579956,0.06765689077145702,xgb_sentiment
2025-04-30,AD.AS,0.02054019317914946,0.015600082464516163,0.01173297967761755,0.004940110714633298,0.008807213501531911,xgb
2025-04-30,AI.PA,0.025672929900154646,0.019234422594308853,0.01209297776222229,0.006438507305845793,0.013579952137932356,xgb
2025-04-30,AIR.PA,0.09966267053414755,0.0024444526061415672,0.0033065530005842447,0.09721821792800599,0.09635611753356331,xgb_sentiment
2025-04-30,ALV.DE,-0.003855686918458306,0.01347675733268261,0.008721178397536278,0.017332444251140916,0.012576865315994584,xgb_sentiment
2025-04-30,ASML.AS,0.1332094362672333,0.03367399424314499,0.030110197141766548,0.09953544202408832,0.10309923912546676,xgb
2025-04-30,BAS.DE,0.00593411768803959,0.02483878843486309,0.019639335572719574,0.0189046707468235,0.013705217884679984,xgb_sentiment
2025-04-30,BMW.DE,0.10839513526818378,0.023036090657114983,0.02400190569460392,0.0853590446110688,0.08439322957357986,xgb_sentiment
2025-04-30,BNP.PA,0.09585068046103006,0.00039706839015707374,0.002351597649976611,0.09545361207087298,0.09349908281105344,xgb_sentiment
2025-04-30,CAC.PA,0.03803040255970562,0.027836427092552185,0.02767918072640896,0.010193975467153435,0.010351221833296662,xgb
2025-04-30,CAP.PA,0.07671709279870541,-0.001599575742147863,-0.03650263324379921,0.07831666854085327,0.11321972604250462,xgb
2025-04-30,CFR.SW,0.07064199730234332,0.01356608234345913,0.009545902721583843,0.057075914958884186,0.06109609458075947,xgb
2025-04-30,DTE.DE,0.04546935486315932,0.028752746060490608,0.01866852678358555,0.01671660880266871,0.02680082807957377,xgb
2025-04-30,ENEL.MI,0.04876525665214984,0.018924860283732414,0.011090015061199665,0.029840396368417427,0.037675241590950176,xgb
2025-04-30,ENI.MI,0.036792578507670065,0.0349385030567646,0.03403578698635101,0.0018540754509054624,0.002756791521319052,xgb
2025-04-30,EWI,0.08721595587389283,-0.0251261368393898,-0.018321983516216278,0.11234209271328263,0.10553793939010911,xgb_sentiment
2025-04-30,EWL,0.03287966567721378,0.02105673961341381,0.021840831264853477,0.01182292606379997,0.011038834412360303,xgb_sentiment
2025-04-30,EWN,0.09415904795450968,-0.006575226318091154,-0.004441559314727783,0.10073427427260083,0.09860060726923746,xgb_sentiment
2025-04-30,EWP,0.0730451284800635,-0.03730013221502304,-0.03183703124523163,0.11034526069508654,0.10488215972529513,xgb_sentiment
2025-04-30,EXH7.DE,0.01283057532629424,0.02135913446545601,0.02242598496377468,0.008528559139161769,0.009595409637480441,xgb
2025-04-30,EXH8.DE,0.03689598039952313,0.015249361284077168,0.014849385246634483,0.021646619115445964,0.02204659515288865,xgb
2025-04-30,EXS1.DE,0.06064347447786091,0.015068030916154385,0.011319728568196297,0.04557544356170653,0.04932374590966462,xgb
2025-04-30,EXSA.DE,0.04672711400769807,0.02728591486811638,0.028212182223796844,0.019441199139581693,0.018514931783901227,xgb_sentiment
2025-04-30,EXV1.DE,0.09086074106504154,0.020326785743236542,0.014131397008895874,0.070533955321805,0.07672934405614566,xgb
2025-04-30,EXV2.DE,0.031793514467935796,0.01444139052182436,0.015379737131297588,0.017352123946111436,0.016413777336638208,xgb_sentiment
2025-04-30,EXV3.DE,0.08177319100730576,0.021101435646414757,0.02182258851826191,0.060671755360891005,0.05995060248904385,xgb_sentiment
2025-04-30,EXV4.DE,0.00018968909033902494,0.03250125050544739,0.029720449820160866,0.03231156141510836,0.02953076072982184,xgb_sentiment
2025-04-30,EXV6.DE,0.06404902515627364,0.03110242262482643,0.03625410422682762,0.03294660253144721,0.02779492092944602,xgb_sentiment
2025-04-30,EXV7.DE,0.03361535237670029,0.02346552349627018,0.020218247547745705,0.01014982888043011,0.013397104828954585,xgb
2025-04-30,HEIA.AS,-0.013817968826776984,0.020247094333171844,0.01872589811682701,0.034065063159948825,0.03254386694360399,xgb_sentiment
2025-04-30,HOLN.SW,0.051601890947034344,0.008654944598674774,0.007452331483364105,0.04294694634835957,0.04414955946367024,xgb
2025-04-30,IBE.MC,0.005329994100535449,0.016812246292829514,0.008587900549173355,0.011482252192294064,0.003257906448637906,xgb_sentiment
2025-04-30,INGA.AS,0.08944759966495214,0.0038858891930431128,-0.0013683723518624902,0.08556171047190902,0.09081597201681463,xgb
2025-04-30,ISP.MI,0.07042518769993468,0.019799834117293358,-0.004178258590400219,0.05062535358264132,0.0746034462903349,xgb
2025-04-30,ITX.MC,0.0019033490578991485,0.013097621500492096,0.012548230588436127,0.011194272442592947,0.010644881530536977,xgb_sentiment
2025-04-30,MBG.DE,0.08888590836958811,0.025453461334109306,0.028481099754571915,0.0634324470354788,0.060404808615016195,xgb_sentiment
2025-04-30,MC.PA,-0.013723572779607911,0.017205560579895973,0.02369687519967556,0.030929133359503883,0.03742044797928347,xgb
2025-04-30,MUV2.DE,-0.03072863635405659,-0.007389807607978582,-0.0006506359786726534,0.023338828746078007,0.030078000375383936,xgb
2025-04-30,NESN.SW,-0.0027410350831565907,0.01203567162156105,0.0123524721711874,0.01477670670471764,0.015093507254343991,xgb
2025-04-30,NOVN.SW,-0.011482433396966822,0.02457232028245926,0.025518177077174187,0.03605475367942608,0.03700061047414101,xgb
2025-04-30,OR.PA,-0.03755967273751525,0.022023221477866173,0.022464681416749954,0.059582894215381425,0.06002435415426521,xgb
2025-04-30,PHIA.AS,-0.05573985652376571,0.03148428723216057,0.03791908547282219,0.08722414375592627,0.09365894199658789,xgb
2025-04-30,RO.SW,-0.0376693515361812,0.030475381761789322,0.026301952078938484,0.06814473329797052,0.06397130361511968,xgb_sentiment
2025-04-30,SAN.PA,0.001258981937177883,0.034193459898233414,0.03601051867008209,0.03293447796105553,0.03475153673290421,xgb
2025-04-30,SAP.DE,0.036619178245768734,-0.026756655424833298,-0.018013082444667816,0.06337583367060204,0.05463226069043655,xgb_sentiment
2025-04-30,SIE.DE,0.05139232894345778,-0.0037841200828552246,0.003799692029133439,0.055176449026313,0.04759263691432434,xgb_sentiment
2025-04-30,STMMI.MI,0.12880179382204562,-0.004915930796414614,0.008126137778162956,0.13371772461846024,0.12067565604388267,xgb_sentiment
2025-04-30,SU.PA,0.10317822682705924,0.0026644959580153227,0.00971523579210043,0.10051373086904392,0.09346299103495881,xgb_sentiment
2025-04-30,TEF.MC,0.03351764441221925,0.02430805191397667,0.021777067333459854,0.009209592498242582,0.011740577078759397,xgb
2025-04-30,TTE.PA,0.004874604553465324,0.030739659443497658,0.03376314416527748,0.025865054890032334,0.028888539611812158,xgb
2025-04-30,UBSG.SW,0.053845260259339,0.0213580634444952,-7.409325917251408e-05,0.0324871968148438,0.053919353518511515,xgb
2025-04-30,UCG.MI,0.10229516591271623,-0.017921045422554016,-0.007492959499359131,0.12021621133527025,0.10978812541207536,xgb_sentiment
2025-04-30,VOW3.DE,0.06780581822388808,0.011395208537578583,0.011419303715229034,0.056410609686309496,0.056386514508659044,xgb_sentiment
2025-04-30,WKL.AS,0.012924491391915488,0.018650582060217857,0.01554668415337801,0.00572609066830237,0.002622192761462522,xgb_sentiment
2025-05-30,ABBN.SW,0.01540448037565724,0.01175313163548708,0.01057351939380169,0.00365134874017016,0.0048309609818555505,xgb
2025-05-30,AD.AS,-0.04623826017948379,0.005702698603272438,0.005214194767177105,0.05194095878275623,0.0514524549466609,xgb_sentiment
2025-05-30,AI.PA,-0.04061633995252057,0.004014110658317804,0.003555432427674532,0.044630450610838375,0.0441717723801951,xgb_sentiment
2025-05-30,AIR.PA,0.08952749029895005,0.00794802326709032,0.00801881868392229,0.08157946703185973,0.08150867161502776,xgb_sentiment
2025-05-30,ALV.DE,-0.013279674080371742,0.009407543577253819,0.009640572592616081,0.02268721765762556,0.022920246672987823,xgb
2025-05-30,ASML.AS,0.03560260536788693,-0.009578067809343338,-0.007892838679254055,0.04518067317723027,0.04349544404714099,xgb_sentiment
2025-05-30,BAS.DE,-0.012817621236865572,0.007699895650148392,0.004766365978866816,0.020517516887013962,0.017583987215732386,xgb_sentiment
2025-05-30,BMW.DE,-0.03438739532543234,0.0003061749739572406,0.0021483052987605333,0.03469357029938958,0.036535700624192875,xgb
2025-05-30,BNP.PA,-0.010686921831546868,0.005597530398517847,0.004474905785173178,0.016284452230064715,0.015161827616720046,xgb_sentiment
2025-05-30,CAC.PA,-0.008370404634048213,0.003782687010243535,0.0029315475840121508,0.012153091644291748,0.011301952218060364,xgb_sentiment
2025-05-30,CAP.PA,-0.008238936344187004,-0.016136929392814636,-0.017406709492206573,0.007897993048627632,0.00916777314801957,xgb
2025-05-30,CFR.SW,-0.03650019726601039,-0.003414312144741416,-0.011038053780794144,0.033085885121268976,0.02546214348521625,xgb_sentiment
2025-05-30,DTE.DE,-0.07193762349635706,0.005118942819535732,0.004928420763462782,0.07705656631589279,0.07686604425981984,xgb_sentiment
2025-05-30,ENEL.MI,-0.0035934265795527047,0.004410260356962681,0.004522415343672037,0.008003686936515386,0.008115841923224742,xgb
2025-05-30,ENI.MI,0.058972639378426304,0.00473193870857358,0.004547552205622196,0.054240700669852725,0.05442508717280411,xgb
2025-05-30,EWI,-0.005019515093513536,0.006569345947355032,0.006735258735716343,0.011588861040868568,0.011754773829229879,xgb
2025-05-30,EWL,-0.01824610669700858,0.009649015963077545,0.009540786035358906,0.027895122660086126,0.027786892732367487,xgb_sentiment
2025-05-30,EWN,0.013856124256659436,0.009011835791170597,0.009128274396061897,0.004844288465488839,0.004727849860597539,xgb_sentiment
2025-05-30,EWP,-0.002014379430022338,0.005624543875455856,0.006012312136590481,0.007638923305478194,0.008026691566612818,xgb
2025-05-30,EXH7.DE,-0.04346025259972159,0.003640764392912388,0.0032141569536179304,0.04710101699263398,0.04667440955333952,xgb_sentiment
2025-05-30,EXH8.DE,-0.04402608681865492,0.0031445645727217197,0.0028424961492419243,0.04717065139137664,0.046868582967896845,xgb_sentiment
2025-05-30,EXS1.DE,-0.0036246577285804493,0.001530201407149434,0.002048291265964508,0.005154859135729883,0.005672948994544957,xgb
2025-05-30,EXSA.DE,-0.014377971895272625,0.00548163428902626,0.005808674264699221,0.019859606184298884,0.020186646159971844,xgb
2025-05-30,EXV1.DE,-0.004299503636168533,-0.0034103915095329285,-0.002760105300694704,0.0008891121266356048,0.0015393983354738293,xgb
2025-05-30,EXV2.DE,-0.02764606067468452,0.002938801422715187,0.0024310611188411713,0.030584862097399707,0.03007712179352569,xgb_sentiment
2025-05-30,EXV3.DE,0.012788087872379443,0.002171135973185301,0.0020074290223419666,0.010616951899194142,0.010780658850037476,xgb
2025-05-30,EXV4.DE,-0.03618062076903376,0.008146928623318672,0.006957923527806997,0.04432754939235243,0.043138544296840754,xgb_sentiment
2025-05-30,EXV6.DE,-0.026151204415632363,0.001287719584070146,0.0006852852529846132,0.02743892399970251,0.026836489668616976,xgb_sentiment
2025-05-30,EXV7.DE,-0.04595379871052521,0.003166873473674059,0.0028891570400446653,0.04912067218419927,0.04884295575056988,xgb_sentiment
2025-05-30,HEIA.AS,-0.05774370498747962,0.0088175218552351,0.008534695953130722,0.06656122684271472,0.06627840094061034,xgb_sentiment
2025-05-30,HOLN.SW,-0.4362432420650204,0.013064895756542683,0.012408411130309105,0.4493081378215631,0.4486516531953295,xgb_sentiment
2025-05-30,IBE.MC,0.012975291974094963,0.009712867438793182,0.0076999664306640625,0.00326242453530178,0.0052753255434309,xgb
2025-05-30,INGA.AS,-0.0028949382596378235,0.0042998758144676685,0.004312577191740274,0.007194814074105492,0.0072075154513780975,xgb
2025-05-30,ISP.MI,-0.003774807885563428,0.007076439913362265,0.005899152252823114,0.010851247798925693,0.009673960138386542,xgb_sentiment
2025-05-30,ITX.MC,-0.07707836886733807,0.010022977367043495,0.01104431226849556,0.08710134623438157,0.08812268113583363,xgb
2025-05-30,MBG.DE,-0.05672229114194898,0.006688999943435192,0.00626277644187212,0.06341129108538418,0.06298506758382111,xgb_sentiment
2025-05-30,MC.PA,-0.0729585932181026,0.022203655913472176,0.022455984726548195,0.09516224913157477,0.09541457794465079,xgb
2025-05-30,MUV2.DE,-0.03708104543074868,0.010440362617373466,0.011751241981983185,0.047521408048122146,0.048832287412731865,xgb
2025-05-30,NESN.SW,-0.10763328893984642,0.006959871854633093,0.007530181668698788,0.11459316079447951,0.1151634706085452,xgb
2025-05-30,NOVN.SW,0.021498447173466176,0.01320582628250122,0.013055218383669853,0.008292620890964955,0.008443228789796323,xgb
2025-05-30,OR.PA,-0.02529018271095264,0.01619880273938179,0.01715749502182007,0.04148898545033443,0.04244767773277271,xgb
2025-05-30,PHIA.AS,0.00787010874248363,0.015462305396795273,0.017639171332120895,0.007592196654311642,0.009769062589637265,xgb
2025-05-30,RO.SW,-0.019023682007243286,0.016199661418795586,0.015332333743572235,0.035223343426038875,0.034356015750815525,xgb_sentiment
2025-05-30,SAN.PA,-0.06259030624074219,0.03869826719164848,0.03203029930591583,0.10128857343239067,0.09462060554665802,xgb_sentiment
2025-05-30,SAP.DE,-0.029579510705648,0.004023893270641565,0.004029473755508661,0.03360340397628957,0.03360898446115666,xgb
2025-05-30,SIE.DE,0.027245789245936607,0.008117670193314552,0.008248322643339634,0.019128119052622055,0.018997466602596973,xgb_sentiment
2025-05-30,STMMI.MI,0.16379908229693652,9.130049147643149e-05,-0.0006820495473220944,0.16370778180546008,0.1644811318442586,xgb
2025-05-30,SU.PA,0.019904497731086428,0.0021454086527228355,0.0015025204047560692,0.017759089078363592,0.01840197732633036,xgb
2025-05-30,TEF.MC,-0.02319980004845387,0.007018236443400383,0.007332250475883484,0.030218036491854252,0.030532050524337353,xgb
2025-05-30,TTE.PA,0.024171322771633322,0.007468895521014929,0.006752534303814173,0.016702427250618393,0.01741878846781915,xgb
2025-05-30,UBSG.SW,0.02388307067556733,0.013691158965229988,0.012636709958314896,0.010191911710337342,0.011246360717252435,xgb
2025-05-30,UCG.MI,0.006168994756191386,-0.01206495612859726,-0.011181452311575413,0.018233950884788644,0.017350447067766797,xgb_sentiment
2025-05-30,VOW3.DE,-0.062080722603862236,0.0053048040717840195,0.005214753095060587,0.06738552667564626,0.06729547569892283,xgb_sentiment
2025-05-30,WKL.AS,-0.09630234323028102,0.007219430059194565,0.007450588047504425,0.10352177328947558,0.10375293127778544,xgb
2025-06-30,ABBN.SW,0.11856995240588064,0.008904589340090752,0.01107459794729948,0.10966536306578989,0.10749535445858116,xgb_sentiment
2025-06-30,AD.AS,-0.023369609404175564,0.008609654381871223,0.008809384889900684,0.03197926378604679,0.03217899429407625,xgb
2025-06-30,AI.PA,0.0010272281902943502,0.013393188826739788,0.013354253955185413,0.012365960636445439,0.012327025764891064,xgb_sentiment
2025-06-30,AIR.PA,0.01222335483862367,0.010368496179580688,0.012985307723283768,0.0018548586590429808,0.0007619528846600984,xgb_sentiment
2025-06-30,ALV.DE,0.0017421731532152303,0.008481908589601517,0.007523837499320507,0.006739735436386287,0.005781664346105277,xgb_sentiment
2025-06-30,ASML.AS,-0.08136202403654869,-0.0008033979102037847,-0.00016166163550224155,0.0805586261263449,0.08120036240104644,xgb
2025-06-30,BAS.DE,0.04758362631358634,0.008855962194502354,0.009215916506946087,0.03872766411908399,0.038367709806640254,xgb_sentiment
2025-06-30,BMW.DE,0.13260345632540368,0.019445320591330528,0.01942049153149128,0.11315813573407316,0.1131829647939124,xgb
2025-06-30,BNP.PA,0.02790889944478542,0.020266667008399963,0.0228269062936306,0.007642232436385458,0.005081993151154821,xgb_sentiment
2025-06-30,CAC.PA,0.0252821425364969,0.0077929263934493065,0.007201076485216618,0.017489216143047593,0.018081066051280282,xgb
2025-06-30,CAP.PA,-0.07923874760681886,0.008873442187905312,0.006209270097315311,0.08811218979472417,0.08544801770413417,xgb_sentiment
2025-06-30,CFR.SW,-0.07688464016961466,0.012238124385476112,0.012186190113425255,0.08912276455509077,0.08907083028303991,xgb_sentiment
2025-06-30,DTE.DE,0.02361309400369675,0.012888328172266483,0.01253481861203909,0.010724765831430266,0.01107827539165766,xgb
2025-06-30,ENEL.MI,-0.01455019910145661,0.0051299799233675,0.004710229113698006,0.01968017902482411,0.019260428215154616,xgb_sentiment
2025-06-30,ENI.MI,0.07326663631368413,0.001356926397420466,0.002257935469970107,0.07190970991626366,0.07100870084371402,xgb_sentiment
2025-06-30,EWI,0.030137742451257856,0.009450757876038551,0.010042121633887291,0.020686984575219305,0.020095620817370565,xgb_sentiment
2025-06-30,EWL,-0.001461817514029321,0.010733284056186676,0.011441104114055634,0.012195101570215998,0.012902921628084955,xgb
2025-06-30,EWN,-0.022568081155381822,0.009968584403395653,0.01032401155680418,0.032536665558777475,0.032892092712186,xgb
2025-06-30,EWP,0.032331470890607464,0.01256665401160717,0.011827602051198483,0.019764816879000294,0.02050386883940898,xgb
2025-06-30,EXH7.DE,0.023077552097633784,0.010316827334463596,0.008671768940985203,0.012760724763170188,0.014405783156648581,xgb
2025-06-30,EXH8.DE,-0.02752188413796706,0.009161367081105709,0.00919436663389206,0.036683251219072774,0.036716250771859124,xgb
2025-06-30,EXS1.DE,0.011881899298296255,0.004680414218455553,0.004477824084460735,0.007201485079840702,0.00740407521383552,xgb
2025-06-30,EXSA.DE,0.018551422990616344,0.0073586213402450085,0.007723837159574032,0.011192801650371335,0.010827585831042312,xgb_sentiment
2025-06-30,EXV1.DE,0.06348169701269918,0.0171547532081604,0.0161365307867527,0.04632694380453878,0.04734516622594648,xgb
2025-06-30,EXV2.DE,-0.00431298137512178,0.006546766497194767,0.005954910069704056,0.010859747872316547,0.010267891444825835,xgb_sentiment
2025-06-30,EXV3.DE,-0.02739509545254057,0.004105883650481701,0.003887301543727517,0.03150097910302227,0.031282396996268086,xgb_sentiment
2025-06-30,EXV4.DE,0.008970253949205212,0.014742123894393444,0.01208893209695816,0.005771869945188232,0.0031186781477529485,xgb_sentiment
2025-06-30,EXV6.DE,0.05630122809135,0.00712325656786561,0.00796491838991642,0.04917797152348439,0.04833630970143358,xgb_sentiment
2025-06-30,EXV7.DE,-0.01291697341553277,0.011285881511867046,0.010586260817945004,0.024202854927399816,0.023503234233477773,xgb_sentiment
2025-06-30,HEIA.AS,-0.03128684907823918,0.011569800786674023,0.012088599614799023,0.0428566498649132,0.0433754486930382,xgb
2025-06-30,HOLN.SW,0.1013897657547373,0.026115670800209045,0.02063591219484806,0.07527409495452825,0.08075385355988923,xgb
2025-06-30,IBE.MC,-0.039639688182369244,0.00018897061818279326,0.0008567814948037267,0.03982865880055204,0.04049646967717297,xgb
2025-06-30,INGA.AS,0.09122157865750818,0.014534898102283478,0.012980503961443901,0.0766866805552247,0.07824107469606428,xgb
2025-06-30,ISP.MI,0.06077486433178705,0.0057752723805606365,0.007327442057430744,0.05499959195122641,0.0534474222743563,xgb_sentiment
2025-06-30,ITX.MC,-0.019427026268620296,0.012849666178226471,0.012180046178400517,0.032276692446846764,0.03160707244702081,xgb_sentiment
2025-06-30,MBG.DE,0.06844268096273923,0.011535756289958954,0.012029130943119526,0.056906924672780274,0.0564135500196197,xgb_sentiment
2025-06-30,MC.PA,0.06571863826517806,0.027226682752370834,0.036315690726041794,0.03849195551280722,0.029402947539136262,xgb_sentiment
2025-06-30,MUV2.DE,0.04475181217616625,0.014027204364538193,0.013661391101777554,0.030724607811628057,0.031090421074388697,xgb
2025-06-30,NESN.SW,-0.07981143224922364,0.01864844188094139,0.018611803650856018,0.09845987413016503,0.09842323590007966,xgb_sentiment
2025-06-30,NOVN.SW,-0.0101924749447311,0.007167150732129812,0.008239702321588993,0.01735962567686091,0.018432177266320092,xgb
2025-06-30,OR.PA,0.028507427131548024,0.011269325390458107,0.010731574147939682,0.017238101741089917,0.017775852983608342,xgb
2025-06-30,PHIA.AS,0.16825942919767842,-0.01697481982409954,-0.013567277230322361,0.18523424902177796,0.18182670642800078,xgb_sentiment
2025-06-30,RO.SW,0.005726922591271479,0.015809718519449234,0.015123779885470867,0.010082795928177755,0.009396857294199389,xgb_sentiment
2025-06-30,SAN.PA,0.043324564613821455,0.011389350518584251,0.012187514454126358,0.031935214095237204,0.031137050159695097,xgb_sentiment
2025-06-30,SAP.DE,-0.03829912963349491,0.010442553088068962,0.010819250717759132,0.04874168272156387,0.04911838035125404,xgb
2025-06-30,SIE.DE,0.04228204029927626,0.009963883087038994,0.010624292306602001,0.03231815721223727,0.03165774799267426,xgb_sentiment
2025-06-30,STMMI.MI,-0.12331488953066772,-0.020602192729711533,-0.018069762736558914,0.10271269680095618,0.1052451267941088,xgb
2025-06-30,SU.PA,0.05367088239253689,0.009411285631358624,0.011334724724292755,0.044259596761178265,0.04233615766824413,xgb_sentiment
2025-06-30,TEF.MC,0.02481303686648969,0.0070621478371322155,0.006617915816605091,0.017750889029357474,0.018195121049884598,xgb
2025-06-30,TTE.PA,0.008219507951128732,0.009889096021652222,0.010250138118863106,0.0016695880705234895,0.0020306301677343735,xgb
2025-06-30,UBSG.SW,0.13638732216454222,0.026046989485621452,0.025340093299746513,0.11034033267892077,0.1110472288647957,xgb
2025-06-30,UCG.MI,0.10166363808221283,0.007450129836797714,0.011360492557287216,0.09421350824541512,0.09030314552492562,xgb_sentiment
2025-06-30,VOW3.DE,0.06375709516641495,0.01168275810778141,0.01218988373875618,0.05207433705863354,0.05156721142765877,xgb_sentiment
2025-06-30,WKL.AS,-0.04539687501034779,0.018102696165442467,0.017010590061545372,0.06349957117579025,0.06240746507189316,xgb_sentiment
2025-07-31,ABBN.SW,-0.004321257876231564,0.005160910543054342,0.005473769269883633,0.009482168419285907,0.009795027146115198,xgb
2025-07-31,AD.AS,0.004469401787129615,0.005705126561224461,0.007313227280974388,0.0012357247740948452,0.0028438254938447727,xgb
2025-07-31,AI.PA,0.019598290573065023,0.006652046460658312,0.007100416347384453,0.012946244112406712,0.01249787422568057,xgb_sentiment
2025-07-31,AIR.PA,0.01700970829189104,0.01683063432574272,0.0157907884567976,0.0001790739661483194,0.0012189198350934412,xgb
2025-07-31,ALV.DE,0.03953081737501024,0.005824148654937744,0.0052949124947190285,0.0337066687200725,0.03423590488029121,xgb
2025-07-31,ASML.AS,0.0376135599356688,0.024457842111587524,0.032681096345186234,0.013155717824081273,0.004932463590482564,xgb_sentiment
2025-07-31,BAS.DE,0.04971654121952053,0.006270674988627434,0.006540489383041859,0.043445866230893096,0.04317605183647867,xgb_sentiment
2025-07-31,BMW.DE,0.06440442565109586,-0.0046804058365523815,-0.005854758433997631,0.06908483148764824,0.07025918408509349,xgb
2025-07-31,BNP.PA,-0.04118111892128937,0.011819344945251942,0.01281574834138155,0.05300046386654131,0.05399686726267092,xgb
2025-07-31,CAC.PA,-0.009734885580647399,0.006154592614620924,0.006050449330359697,0.01588947819526832,0.015785334911007094,xgb_sentiment
2025-07-31,CAP.PA,-0.07493097967329303,0.03439262509346008,0.035577595233917236,0.10932360476675311,0.11050857490721026,xgb
2025-07-31,CFR.SW,0.03919665082118523,0.02252098172903061,0.023585624992847443,0.01667566909215462,0.015611025828337788,xgb_sentiment
2025-07-31,DTE.DE,-0.008293531624073041,0.004952469374984503,0.002946876920759678,0.013246000999057544,0.01124040854483272,xgb_sentiment
2025-07-31,ENEL.MI,0.01933854193054487,0.007893597707152367,0.008179527707397938,0.011444944223392504,0.011159014223146933,xgb_sentiment
2025-07-31,ENI.MI,0.02202269789385419,0.006293213926255703,0.005558373406529427,0.015729483967598486,0.016464324487324763,xgb
2025-07-31,EWI,0.03458325959501222,0.010076007805764675,0.01020173542201519,0.024507251789247543,0.024381524172997028,xgb_sentiment
2025-07-31,EWL,0.026493856799100157,0.010288963094353676,0.010265406221151352,0.01620489370474648,0.016228450577948805,xgb
2025-07-31,EWN,0.011554713721045278,0.008235961198806763,0.008559898473322392,0.003318752522238516,0.002994815247722887,xgb_sentiment
2025-07-31,EWP,0.04289366331313312,0.008417533710598946,0.008365705609321594,0.034476129602534177,0.03452795770381153,xgb
2025-07-31,EXH7.DE,0.025904972154671517,0.007040282711386681,0.009103831835091114,0.018864689443284836,0.016801140319580403,xgb_sentiment
2025-07-31,EXH8.DE,0.0021299279246936673,0.006573052145540714,0.006051625590771437,0.004443124220847047,0.003921697666077769,xgb_sentiment
2025-07-31,EXS1.DE,-0.0065402611444416526,0.00385338650085032,0.003381015732884407,0.010393647645291972,0.009921276877326059,xgb_sentiment
2025-07-31,EXSA.DE,0.009125823725327824,0.002540851943194866,0.002439102390781045,0.006584971782132958,0.006686721334546779,xgb
2025-07-31,EXV1.DE,0.017632851666505658,0.00570029066875577,0.005340693984180689,0.011932560997749888,0.012292157682324969,xgb
2025-07-31,EXV2.DE,0.024175875277398503,0.005060464609414339,0.005591682158410549,0.019115410667984164,0.018584193118987954,xgb_sentiment
2025-07-31,EXV3.DE,-0.03666564468968448,0.011294353753328323,0.012077468447387218,0.047959998443012804,0.0487431131370717,xgb
2025-07-31,EXV4.DE,0.037725754329192354,0.00821976363658905,0.009350480511784554,0.029505990692603304,0.0283752738174078,xgb_sentiment
2025-07-31,EXV6.DE,0.04744725191993021,0.01169405784457922,0.013706812635064125,0.03575319407535099,0.033740439284866086,xgb_sentiment
2025-07-31,EXV7.DE,0.01309681334016282,0.011881038546562195,0.011534473858773708,0.0012157747936006255,0.001562339481389112,xgb
2025-07-31,HEIA.AS,-0.0008691584576074819,0.053605686873197556,0.04939858987927437,0.05447484533080504,0.05026774833688185,xgb_sentiment
2025-07-31,HOLN.SW,0.023306714265293058,-0.0067754690535366535,-0.0031747242901474237,0.03008218331882971,0.02648143855544048,xgb_sentiment
2025-07-31,IBE.MC,0.04582414623701398,0.012663859874010086,0.015121105127036572,0.033160286363003895,0.03070304110997741,xgb_sentiment
2025-07-31,INGA.AS,0.011678040948741501,0.008747370913624763,0.008226205594837666,0.0029306700351167374,0.0034518353539038354,xgb
2025-07-31,ISP.MI,0.014995568077951485,0.008641770109534264,0.010414756834506989,0.006353797968417221,0.004580811243444496,xgb_sentiment
2025-07-31,ITX.MC,0.0068957983436900485,0.009695447050035,0.008956465870141983,0.0027996487063449513,0.0020606675264519345,xgb_sentiment
2025-07-31,MBG.DE,0.06285296622025824,0.013650279492139816,0.016726242378354073,0.04920268672811842,0.046126723841904166,xgb_sentiment
2025-07-31,MC.PA,0.06505435159670651,0.010514295659959316,0.010043418034911156,0.0545400559367472,0.05501093356179536,xgb
2025-07-31,MUV2.DE,-0.05536139040785423,0.003037630347535014,0.003254951210692525,0.05839902075538925,0.05861634161854676,xgb
2025-07-31,NESN.SW,0.05128093645516548,0.02087295427918434,0.021315908059477806,0.03040798217598114,0.029965028395687675,xgb_sentiment
2025-07-31,NOVN.SW,0.06408310651716763,0.010975337587296963,0.01042990107089281,0.053107768929870666,0.05365320544627482,xgb
2025-07-31,OR.PA,0.021721996594442877,0.007883446291089058,0.006561755668371916,0.01383855030335382,0.015160240926070961,xgb
2025-07-31,PHIA.AS,0.01929309970612918,0.009381898678839207,0.004884723573923111,0.009911201027289974,0.01440837613220607,xgb
2025-07-31,RO.SW,-0.0021874122815979773,0.008389492519199848,0.008706780150532722,0.010576904800797825,0.0108941924321307,xgb
2025-07-31,SAN.PA,0.06921273411037708,0.02126704901456833,0.020908579230308533,0.04794568509580875,0.04830415488006855,xgb
2025-07-31,SAP.DE,-0.07921234992217789,0.013248435221612453,0.010561789385974407,0.09246078514379034,0.0897741393081523,xgb_sentiment
2025-07-31,SIE.DE,0.05071514283286549,-0.00023649320064578205,-0.0027389349415898323,0.05095163603351127,0.05345407777445532,xgb
2025-07-31,STMMI.MI,0.034799506279498585,0.018373820930719376,0.019513098523020744,0.01642568534877921,0.01528640775647784,xgb_sentiment
2025-07-31,SU.PA,-0.08309590831577973,0.011582131497561932,0.009919626638293266,0.09467803981334166,0.093015534954073,xgb_sentiment
2025-07-31,TEF.MC,0.01186554489794299,0.0055267587304115295,0.005102992057800293,0.00633878616753146,0.0067625528401426965,xgb
2025-07-31,TTE.PA,0.028053526871142015,0.010951397009193897,0.011290243826806545,0.017102129861948118,0.01676328304433547,xgb_sentiment
2025-07-31,UBSG.SW,0.05447708156293415,0.010801124386489391,0.009547155350446701,0.043675957176444756,0.044929926212487446,xgb
2025-07-31,UCG.MI,0.021582063230446563,0.01883457414805889,0.018105605617165565,0.002747489082387672,0.0034764576132809977,xgb
2025-07-31,VOW3.DE,0.07786924464976602,-0.0021781185641884804,-0.004086900968104601,0.0800473632139545,0.08195614561787062,xgb
2025-07-31,WKL.AS,-0.2310966453304638,0.009222805500030518,0.010413164272904396,0.24031945083049433,0.2415098096033682,xgb
2025-08-29,ABBN.SW,0.06308156856883251,0.0045023695565760136,0.004257769789546728,0.0585791990122565,0.058823798779285785,xgb
2025-08-29,AD.AS,-0.0032168409719522,0.0026054910849779844,0.003565426217392087,0.005822332056930184,0.006782267189344287,xgb
2025-08-29,AI.PA,0.0011343520834542526,0.008887375704944134,0.008155861869454384,0.007753023621489882,0.007021509786000132,xgb_sentiment
2025-08-29,AIR.PA,0.08927064599367084,0.008811200968921185,0.010662507265806198,0.08045944502474965,0.07860813872786464,xgb_sentiment
2025-08-29,ALV.DE,-0.013378221167604676,0.0030804218258708715,0.005847584921866655,0.016458642993475547,0.01922580608947133,xgb
2025-08-29,ASML.AS,0.2598476856416193,0.00419894652441144,0.0053445715457201,0.25564873911720787,0.2545031140958992,xgb_sentiment
2025-08-29,BAS.DE,-0.06301116813287652,0.00472319545224309,0.004222978837788105,0.06773436358511961,0.06723414697066463,xgb_sentiment
2025-08-29,BMW.DE,-0.04457374193870127,0.0005185630870983005,0.00044885295210406184,0.04509230502579957,0.04502259489080533,xgb_sentiment
2025-08-29,BNP.PA,0.041617963445878266,0.017477618530392647,0.015230241231620312,0.02414034491548562,0.026387722214257954,xgb
2025-08-29,CAC.PA,0.024915519278425606,0.0034471985418349504,0.0032035622280091047,0.021468320736590656,0.0217119570504165,xgb
2025-08-29,CAP.PA,-0.0012357687783241256,0.018956132233142853,0.016647063195705414,0.02019190101146698,0.01788283197402954,xgb_sentiment
2025-08-29,CFR.SW,0.10149579981516717,0.013522939756512642,0.013810154050588608,0.08797286005865453,0.08768564576457856,xgb_sentiment
2025-08-29,DTE.DE,-0.0813781566459666,0.009698581881821156,0.005446091294288635,0.09107673852778776,0.08682424794025524,xgb_sentiment
2025-08-29,ENEL.MI,0.012353608934610995,0.003567573381587863,0.004951525013893843,0.008786035553023132,0.007402083920717152,xgb_sentiment
2025-08-29,ENI.MI,0.0071878373275167315,-0.002025920432060957,-0.0014131218194961548,0.009213757759577688,0.008600959147012886,xgb_sentiment
2025-08-29,EWI,0.006495736020645895,0.0014725037617608905,0.0012696949997916818,0.0050232322588850045,0.005226041020854213,xgb
2025-08-29,EWL,-0.016111503191930637,0.003382657887414098,0.0043783606961369514,0.019494161079344735,0.02048986388806759,xgb
2025-08-29,EWN,0.08216463776918256,0.0008610919467173517,0.001894741435535252,0.08130354582246521,0.08026989633364731,xgb_sentiment
2025-08-29,EWP,0.022764698701913846,0.006746270693838596,0.008371843956410885,0.01601842800807525,0.014392854745502962,xgb_sentiment
2025-08-29,EXH7.DE,-0.007555836499385685,0.0030572523828595877,0.0033591878600418568,0.010613088882245273,0.010915024359427542,xgb
2025-08-29,EXH8.DE,0.06902623911059143,0.0056958855129778385,0.00652340380474925,0.06333035359761359,0.06250283530584218,xgb_sentiment
2025-08-29,EXS1.DE,-0.007294877769831899,0.002531687030568719,0.002059969585388899,0.009826564800400617,0.009354847355220797,xgb_sentiment
2025-08-29,EXSA.DE,0.009979234982808064,-0.0034910363610833883,-0.0025994700845330954,0.013470271343891452,0.01257870506734116,xgb_sentiment
2025-08-29,EXV1.DE,0.042199069350130444,0.012860425747931004,0.01863553747534752,0.02933864360219944,0.023563531874782925,xgb_sentiment
2025-08-29,EXV2.DE,-0.03492648578693253,0.0034551245626062155,0.004257129970937967,0.03838161034953875,0.0391836157578705,xgb
2025-08-29,EXV3.DE,0.05838648967612186,0.004513558465987444,0.0047762030735611916,0.053872931210134416,0.05361028660256067,xgb_sentiment
2025-08-29,EXV4.DE,-0.028061878502970657,0.001630603102967143,0.0028039508033543825,0.0296924816059378,0.03086582930632504,xgb
2025-08-29,EXV6.DE,0.09021745510254442,0.004194921348243952,0.0041267238557338715,0.08602253375430047,0.08609073124681055,xgb
2025-08-29,EXV7.DE,-0.034663380301931807,0.003576709423214197,0.003787351306527853,0.038240089725146004,0.03845073160845966,xgb
2025-08-29,HEIA.AS,-0.04324042073421957,0.005153567995876074,0.005158994346857071,0.04839398873009564,0.04839941508107664,xgb
2025-08-29,HOLN.SW,-0.0026168590787487653,0.021966008469462395,0.021143021062016487,0.02458286754821116,0.02375988014076525,xgb_sentiment
2025-08-29,IBE.MC,-0.0024914249073753284,0.0007336888229474425,0.0005093632498756051,0.003225113730322771,0.0030007881572509335,xgb_sentiment
2025-08-29,INGA.AS,0.08494224683032944,0.014988959766924381,0.02075805887579918,0.06995328706340506,0.06418418795453026,xgb_sentiment
2025-08-29,ISP.MI,0.033119926029110416,0.016756560653448105,0.021663177758455276,0.01636336537566231,0.01145674827065514,xgb_sentiment
2025-08-29,ITX.MC,0.08077143348247755,0.014446654357016087,0.014368505217134953,0.06632477912546146,0.0664029282653426,xgb
2025-08-29,MBG.DE,0.010070959494223384,0.0033255447633564472,0.002780797192826867,0.006745414730866936,0.0072901623013965165,xgb
2025-08-29,MC.PA,0.03699802833012081,-0.014903146773576736,-0.011833688244223595,0.051901175103697544,0.0488317165743444,xgb_sentiment
2025-08-29,MUV2.DE,-0.0007346461753499556,0.012631138786673546,0.012234347872436047,0.013365784962023501,0.012968994047786002,xgb_sentiment
2025-08-29,NESN.SW,-0.041688487014968835,0.005309205036610365,0.006535709369927645,0.0469976920515792,0.04822419638489648,xgb
2025-08-29,NOVN.SW,-0.01800787675665895,0.002541989553719759,0.004364543128758669,0.02054986631037871,0.02237241988541762,xgb
2025-08-29,OR.PA,-0.08616634900201246,0.0045028734020888805,0.004475110676139593,0.09066922240410134,0.09064145967815206,xgb_sentiment
2025-08-29,PHIA.AS,-0.02319687814247715,0.0033481777645647526,0.0035754393320530653,0.0265450559070419,0.026772317474530214,xgb
2025-08-29,RO.SW,-0.01905396229879969,0.014772456139326096,0.014489763416349888,0.03382641843812578,0.033543725715149575,xgb_sentiment
2025-08-29,SAN.PA,-0.0763409907959763,0.008436588570475578,0.00775425648316741,0.08477757936645187,0.0840952472791437,xgb_sentiment
2025-08-29,SAP.DE,-0.026901568400494735,0.01937299408018589,0.016036665067076683,0.046274562480680625,0.04293823346757142,xgb_sentiment
2025-08-29,SIE.DE,-0.04495145523935804,0.0015447029145434499,-0.0006129893590696156,0.04649615815390149,0.044338465880288426,xgb_sentiment
2025-08-29,STMMI.MI,0.03475617315464941,-1.4275145076680928e-05,0.00036084058228880167,0.034770448299726094,0.03439533257236061,xgb_sentiment
2025-08-29,SU.PA,0.10904333358199321,0.016661588102579117,0.01788708008825779,0.09238174547941409,0.09115625349373542,xgb_sentiment
2025-08-29,TEF.MC,-0.052466739710524436,0.008891744539141655,0.009694467298686504,0.06135848424966609,0.06216120700921094,xgb
2025-08-29,TTE.PA,-0.008446900851113071,0.005260469391942024,0.005840181838721037,0.013707370243055095,0.014287082689834108,xgb
2025-08-29,UBSG.SW,0.00769253996098248,0.0023516856599599123,0.0016228293534368277,0.005340854301022568,0.0060697106075456525,xgb
2025-08-29,UCG.MI,-0.037018528514320324,0.013773948885500431,0.008387545123696327,0.050792477399820755,0.04540607363801665,xgb_sentiment
2025-08-29,VOW3.DE,-0.08178487346970617,0.0008546812459826469,0.0010734025854617357,0.08263955471568882,0.0828582760551679,xgb
2025-08-29,WKL.AS,0.05690026220152737,0.07914763689041138,0.05887766182422638,0.022247374688884006,0.001977399622699008,xgb_sentiment
2025-09-30,ABBN.SW,0.05095285021230883,0.0006141987396404147,0.0021075899712741375,0.050338651472668416,0.048845260241034694,xgb_sentiment
2025-09-30,AD.AS,0.04484285643374243,0.006856101565063,0.007106988225132227,0.03798675486867943,0.037735868208610204,xgb_sentiment
2025-09-30,AI.PA,-0.04179788527454349,0.007739198859781027,0.007276107557117939,0.04953708413432452,0.04907399283166143,xgb_sentiment
2025-09-30,AIR.PA,0.054227182048737894,0.0020096851512789726,0.0029183393344283104,0.05221749689745892,0.051308842714309584,xgb_sentiment
2025-09-30,ALV.DE,-0.008711683145666584,0.00670171994715929,0.0073106782510876656,0.015413403092825875,0.01602236139675425,xgb
2025-09-30,ASML.AS,0.10635096247284816,0.00707835191860795,0.008965660817921162,0.0992726105542402,0.097385301654927,xgb_sentiment
2025-09-30,BAS.DE,0.03089320147018247,0.006517548114061356,0.007605000399053097,0.024375653356121116,0.023288201071129375,xgb_sentiment
2025-09-30,BMW.DE,-0.039876416202600386,0.017487170174717903,0.01920161210000515,0.05736358637731829,0.059078028302605536,xgb
2025-09-30,BNP.PA,-0.14428525720618637,0.005489630158990622,0.00515184598043561,0.149774887365177,0.14943710318662198,xgb_sentiment
2025-09-30,CAC.PA,0.03948616745531167,0.007123101036995649,0.006555096246302128,0.032363066418316024,0.032931071209009545,xgb
2025-09-30,CAP.PA,0.07069115848769891,0.004298703279346228,0.004586489871144295,0.06639245520835269,0.06610466861655462,xgb_sentiment
2025-09-30,CFR.SW,0.07737141023095437,-0.00035292611573822796,-0.0011235473211854696,0.0777243363466926,0.07849495755213984,xgb
2025-09-30,DTE.DE,-0.03044855809809375,0.012784204445779324,0.015756336972117424,0.04323276254387307,0.04620489507021117,xgb
2025-09-30,ENEL.MI,0.07681399231175864,0.005835914984345436,0.006695928517729044,0.07097807732741321,0.0701180637940296,xgb_sentiment
2025-09-30,ENI.MI,0.07113419138264593,0.008957087993621826,0.008549355901777744,0.0621771033890241,0.06258483548086818,xgb
2025-09-30,EWI,0.009366868556600922,0.004896512720733881,0.004379427991807461,0.004470355835867041,0.004987440564793461,xgb
2025-09-30,EWL,0.013866076070129199,0.005784505512565374,0.00659020384773612,0.008081570557563825,0.007275872222393079,xgb_sentiment
2025-09-30,EWN,0.0294653415757993,0.005448413547128439,0.004547250922769308,0.02401692802867086,0.02491809065302999,xgb
2025-09-30,EWP,0.029258228858691285,0.0036363829858601093,0.004083096981048584,0.025621845872831176,0.0251751318776427,xgb_sentiment
2025-09-30,EXH7.DE,0.053022332829814556,0.0024893388617783785,0.002584779402241111,0.05053299396803618,0.050437553427573445,xgb_sentiment
2025-09-30,EXH8.DE,0.033675047338144776,0.004240742884576321,0.004134116694331169,0.029434304453568455,0.029540930643813607,xgb
2025-09-30,EXS1.DE,0.0114747047374329,0.0031325467862188816,0.002794877626001835,0.008342157951214018,0.008679827111431065,xgb
2025-09-30,EXSA.DE,0.031867410205047575,-0.0003905272460542619,-0.0007747925701551139,0.03225793745110184,0.03264220277520269,xgb
2025-09-30,EXV1.DE,0.013266218087919028,0.0015257748309522867,0.0015734662301838398,0.011740443256966741,0.011692751857735188,xgb_sentiment
2025-09-30,EXV2.DE,0.04111123410410581,0.007238671649247408,0.008238805457949638,0.0338725624548584,0.03287242864615617,xgb_sentiment
2025-09-30,EXV3.DE,0.037928006479093224,0.005558609031140804,0.006769913714379072,0.03236939744795242,0.03115809276471415,xgb_sentiment
2025-09-30,EXV4.DE,0.049142250483860235,0.0057590617798268795,0.006846780423074961,0.043383188704033356,0.042295470060785274,xgb_sentiment
2025-09-30,EXV6.DE,0.0760144188926284,0.006138763390481472,0.0060514784418046474,0.06987565550214693,0.06996294045082375,xgb
2025-09-30,EXV7.DE,0.001862251139903054,0.005780206061899662,0.006605283357203007,0.003917954921996608,0.004743032217299953,xgb
2025-09-30,HEIA.AS,0.024685364745791125,0.007187838200479746,0.0072545562870800495,0.01749752654531138,0.017430808458711075,xgb_sentiment
2025-09-30,HOLN.SW,0.07440432105350481,0.03129452466964722,0.028917785733938217,0.04310979638385759,0.04548653531956659,xgb
2025-09-30,IBE.MC,0.09047213978165045,0.00652304757386446,0.007447751704603434,0.08394909220778599,0.08302438807704701,xgb_sentiment
2025-09-30,INGA.AS,-0.05278456202269771,-0.0007072831504046917,-0.00041635087109170854,0.05207727887229302,0.052368211151606,xgb
2025-09-30,ISP.MI,0.010278302352001176,0.009696915745735168,0.009219716303050518,0.0005813866062660076,0.001058586048950658,xgb
2025-09-30,ITX.MC,0.04679102379398256,-0.0005807215347886086,-0.00014397328777704388,0.04737174532877117,0.046934997081759605,xgb_sentiment
2025-09-30,MBG.DE,0.06463203814840893,0.010049554519355297,0.010344520211219788,0.05458248362905363,0.05428751793718914,xgb_sentiment
2025-09-30,MC.PA,0.17299224777693825,0.02700369618833065,0.022648492828011513,0.1459885515886076,0.15034375494892674,xgb
2025-09-30,MUV2.DE,0.00513957991732389,0.012017551809549332,0.012201259844005108,0.006877971892225442,0.007061679926681218,xgb
2025-09-30,NESN.SW,0.08324542165806212,0.002843446098268032,0.0026229762006551027,0.08040197555979409,0.08062244545740702,xgb
2025-09-30,NOVN.SW,-0.004366050745981295,0.008175480179488659,0.008537940680980682,0.012541530925469953,0.012903991426961976,xgb
2025-09-30,OR.PA,-0.0005428600461168975,0.014095250517129898,0.015794847160577774,0.014638110563246796,0.01633770720669467,xgb
2025-09-30,PHIA.AS,0.038318826163292304,0.006312071345746517,0.005147022195160389,0.032006754817545786,0.033171803968131915,xgb
2025-09-30,RO.SW,0.014148648249586662,0.013849839568138123,0.013506785966455936,0.0002988086814485393,0.0006418622831307255,xgb
2025-09-30,SAN.PA,0.11269184474850802,0.01610955037176609,0.019796222448349,0.09658229437674193,0.09289562230015902,xgb_sentiment
2025-09-30,SAP.DE,-0.015922482097059806,0.010262766852974892,-0.00017401482909917831,0.026185248950034698,0.015748467267960628,xgb_sentiment
2025-09-30,SIE.DE,0.06971983162153782,0.006721246521919966,0.0066090174950659275,0.06299858509961785,0.06311081412647189,xgb
2025-09-30,STMMI.MI,-0.10421949399987157,-0.007753575686365366,-0.00990072637796402,0.0964659183135062,0.09431876762190755,xgb_sentiment
2025-09-30,SU.PA,0.08004263241341929,0.0019417547155171633,0.00111858278978616,0.07810087769790212,0.07892404962363313,xgb
2025-09-30,TEF.MC,0.022705288128426922,0.009449830278754234,0.009023809805512428,0.013255457849672688,0.013681478322914494,xgb
2025-09-30,TTE.PA,0.062103266952088135,0.013772071339190006,0.013607646338641644,0.04833119561289813,0.04849562061344649,xgb
2025-09-30,UBSG.SW,-0.0486007478225975,0.010134037584066391,0.010267931036651134,0.05873478540666389,0.05886867885924863,xgb
2025-09-30,UCG.MI,-0.012486543417200202,0.02922757901251316,0.030152883380651474,0.04171412242971336,0.042639426797851675,xgb
2025-09-30,VOW3.DE,0.00043488015534482637,0.026541084051132202,0.02927538938820362,0.026106203895787376,0.028840509232858795,xgb
2025-09-30,WKL.AS,-0.09144337101777976,6.692057650070637e-05,-0.000707443687133491,0.09151029159428047,0.09073592733064627,xgb_sentiment
2025-10-31,ABBN.SW,-0.046469143728335674,0.0040203589014709,0.001730191521346569,0.050489502629806574,0.04819933524968224,xgb_sentiment
2025-10-31,AD.AS,0.00952915127287617,0.008945601060986519,0.009745991788804531,0.0005835502118896503,0.00021684051592836193,xgb_sentiment
2025-10-31,AI.PA,-0.011981952937825306,0.009915769100189209,0.010425961576402187,0.021897722038014517,0.022407914514227495,xgb
2025-10-31,AIR.PA,-0.10265664190419939,0.009376898407936096,0.009197821840643883,0.11203354031213549,0.11185446374484327,xgb_sentiment
2025-10-31,ALV.DE,0.05991479040184815,0.011176112107932568,0.010481372475624084,0.04873867829391558,0.04943341792622406,xgb
2025-10-31,ASML.AS,0.009323623246949296,0.001397719606757164,0.0013948740670457482,0.007925903640192132,0.007928749179903547,xgb
2025-10-31,BAS.DE,0.04456356771319268,0.009695715270936489,0.010635546408593655,0.03486785244225619,0.03392802130459902,xgb_sentiment
2025-10-31,BMW.DE,0.10191052817989697,0.002755218418315053,0.004342257976531982,0.09915530976158192,0.09756827020336499,xgb_sentiment
2025-10-31,BNP.PA,0.09088107494736386,0.03649944067001343,0.03186303749680519,0.05438163427735043,0.05901803745055867,xgb
2025-10-31,CAC.PA,-0.0023158166585417936,0.006936776917427778,0.006730876863002777,0.009252593575969572,0.009046693521544571,xgb_sentiment
2025-10-31,CAP.PA,0.02075684095450772,-0.003013528883457184,-0.001094344537705183,0.023770369837964905,0.021851185492212905,xgb_sentiment
2025-10-31,CFR.SW,0.0850273891108556,0.0005400875234045088,-0.004147269297391176,0.08448730158745109,0.08917465840824677,xgb
2025-10-31,DTE.DE,0.026785763260862763,0.010228222236037254,0.014366659335792065,0.016557541024825508,0.012419103925070698,xgb_sentiment
2025-10-31,ENEL.MI,0.01549713089932309,0.005724497139453888,0.006580298766493797,0.009772633759869202,0.008916832132829292,xgb_sentiment
2025-10-31,ENI.MI,0.030854570668976813,0.01321771927177906,0.012633241713047028,0.017636851397197752,0.018221328955929785,xgb
2025-10-31,EWI,0.013770152970518378,0.008040308952331543,0.007096557877957821,0.005729844018186835,0.006673595092560557,xgb
2025-10-31,EWL,0.03403251151153415,0.01150119211524725,0.012022568844258785,0.0225313193962869,0.022009942667275365,xgb_sentiment
2025-10-31,EWN,-0.010699577273426615,0.003773211967200041,0.003727107774466276,0.014472789240626656,0.014426685047892891,xgb_sentiment
2025-10-31,EWP,0.02502011930984207,0.004436529241502285,0.0038670538924634457,0.020583590068339784,0.021153065417378623,xgb
2025-10-31,EXH7.DE,0.04305114091264318,0.01222321018576622,0.011466479860246181,0.030827930726876958,0.031584661052396996,xgb
2025-10-31,EXH8.DE,-0.01190350467198427,0.010731261223554611,0.010246284306049347,0.02263476589553888,0.022149788978033616,xgb_sentiment
2025-10-31,EXS1.DE,-0.016653505651759822,0.010687410831451416,0.010903021320700645,0.027340916483211238,0.027556526972460468,xgb
2025-10-31,EXSA.DE,0.00492004386403258,0.005240070167928934,0.005328801926225424,0.0003200263038963544,0.00040875806219284414,xgb
2025-10-31,EXV1.DE,0.04807933630293015,0.013787097297608852,0.01296378392726183,0.034292239005321294,0.03511555237566832,xgb
2025-10-31,EXV2.DE,-0.02245428875627752,0.00883850734680891,0.008453905582427979,0.031292796103086426,0.030908194338705498,xgb_sentiment
2025-10-31,EXV3.DE,-0.04804068952885018,0.013541399501264095,0.013362908735871315,0.06158208903011428,0.0614035982647215,xgb_sentiment
2025-10-31,EXV4.DE,0.0459430869785838,0.012903696857392788,0.013256966136395931,0.03303939012119101,0.03268612084218787,xgb_sentiment
2025-10-31,EXV6.DE,0.02263877421964392,0.005115771200507879,0.005421783775091171,0.017523003019136042,0.01721699044455275,xgb_sentiment
2025-10-31,EXV7.DE,-0.005576072071680754,0.013186473399400711,0.011848948895931244,0.018762545471081464,0.017425020967611997,xgb_sentiment
2025-10-31,HEIA.AS,0.04833553902073614,0.005313392728567123,0.0030435221269726753,0.043022146292169015,0.04529201689376346,xgb
2025-10-31,HOLN.SW,0.04665256934580591,-0.027845649048686028,-0.023381387814879417,0.07449821839449194,0.07003395716068533,xgb_sentiment
2025-10-31,IBE.MC,0.021403217731033226,0.00341434171423316,0.004532619379460812,0.017988876016800066,0.016870598351572414,xgb_sentiment
2025-10-31,INGA.AS,0.03550402744631444,0.029655450955033302,0.026804596185684204,0.005848576491281135,0.008699431260630233,xgb
2025-10-31,ISP.MI,0.03348275924493206,0.014377647079527378,0.011518435552716255,0.019105112165404683,0.021964323692215806,xgb
2025-10-31,ITX.MC,0.028605698830570212,0.003169592469930649,0.0017269407398998737,0.025436106360639563,0.02687875809067034,xgb
2025-10-31,MBG.DE,0.04962850187063672,0.014071686193346977,0.012875773012638092,0.035556815677289744,0.03675272885799863,xgb
2025-10-31,MC.PA,0.048782493144565245,-0.019599881023168564,-0.029455162584781647,0.06838237416773381,0.07823765572934689,xgb
2025-10-31,MUV2.DE,0.007059264239872523,0.010058683343231678,0.009869527071714401,0.002999419103359155,0.0028102628318418784,xgb_sentiment
2025-10-31,NESN.SW,0.03581971910274459,-0.00687621533870697,-0.007345701567828655,0.04269593444145156,0.043165420670573246,xgb
2025-10-31,NOVN.SW,0.04433354828820178,0.013023297302424908,0.01268716249614954,0.031310250985776875,0.03164638579205224,xgb
2025-10-31,OR.PA,0.041323730507682614,0.015708135440945625,0.014637527987360954,0.02561559506673699,0.02668620252032166,xgb
2025-10-31,PHIA.AS,0.030286464711010142,0.004644776228815317,0.004955160431563854,0.025641688482194825,0.025331304279446288,xgb_sentiment
2025-10-31,RO.SW,0.15916854238131906,0.015069438144564629,0.014580338262021542,0.14409910423675443,0.14458820411929751,xgb
2025-10-31,SAN.PA,-0.011596651161179777,0.0051575652323663235,0.0050039892084896564,0.0167542163935461,0.016600640369669434,xgb_sentiment
2025-10-31,SAP.DE,-0.07179727192641217,0.011642658151686192,0.010685242712497711,0.08343993007809836,0.08248251463890988,xgb_sentiment
2025-10-31,SIE.DE,-0.08208109559022715,0.007357213646173477,0.006524797063320875,0.08943830923640063,0.08860589265354803,xgb_sentiment
2025-10-31,STMMI.MI,-0.06762109432863492,0.0280971247702837,0.02412797324359417,0.09571821909891862,0.09174906757222909,xgb_sentiment
2025-10-31,SU.PA,-0.0678761090350809,0.008028052747249603,0.008891812525689602,0.0759041617823305,0.0767679215607705,xgb
2025-10-31,TEF.MC,-0.17899905316446504,0.008522932417690754,0.008342660032212734,0.1875219855821558,0.18734171319667778,xgb_sentiment
2025-10-31,TTE.PA,0.04989278867925246,0.008764566853642464,0.0034475713036954403,0.04112822182561,0.04644521737555702,xgb
2025-10-31,UBSG.SW,0.0033916274045750782,0.01540276687592268,0.014989277347922325,0.012011139471347602,0.011597649943347247,xgb_sentiment
2025-10-31,UCG.MI,0.035402918786438926,0.015338454395532608,0.016967758536338806,0.02006446439090632,0.01843516025010012,xgb_sentiment
2025-10-31,VOW3.DE,0.09830842504737505,0.010203138925135136,0.007811321411281824,0.08810528612223992,0.09049710363609323,xgb
2025-10-31,WKL.AS,-0.158899199067371,0.03905140236020088,0.026106419041752815,0.19795060142757187,0.1850056181091238,xgb_sentiment
2025-11-28,ABBN.SW,0.030487418011647224,0.02825980819761753,0.02690596505999565,0.002227609814029693,0.0035814529516515724,xgb
2025-11-28,AD.AS,-0.020116882525355297,0.004670188296586275,0.004999984055757523,0.02478707082194157,0.02511686658111282,xgb
2025-11-28,AI.PA,-0.02763112725760198,0.009901458397507668,0.009760160930454731,0.03753258565510965,0.03739128818805671,xgb_sentiment
2025-11-28,AIR.PA,-0.02732017564040966,0.021382464095950127,0.02114332653582096,0.048702639736359785,0.04846350217623062,xgb_sentiment
2025-11-28,ALV.DE,0.047728051593584925,0.004842631984502077,0.006056131795048714,0.04288541960908285,0.04167191979853621,xgb_sentiment
2025-11-28,ASML.AS,0.01646756387944087,0.033659838140010834,0.03526197373867035,0.017192274260569965,0.01879440985922948,xgb
2025-11-28,BAS.DE,-0.010522928931318237,-0.00039186925278045237,-0.00037763838190585375,0.010131059678537785,0.010145290549412383,xgb
2025-11-28,BMW.DE,0.056312533189066094,-0.014124739915132523,-0.011847070418298244,0.07043727310419862,0.06815960360736434,xgb_sentiment
2025-11-28,BNP.PA,0.09581574916074634,0.008233024738729,0.006038202438503504,0.08758272442201734,0.08977754672224283,xgb
2025-11-28,CAC.PA,0.006154405845947607,0.002735641086474061,0.0027479908894747496,0.003418764759473546,0.0034064149564728575,xgb_sentiment
2025-11-28,CAP.PA,0.05975146930538608,0.005131265614181757,0.005156888626515865,0.05462020369120432,0.054594580678870214,xgb_sentiment
2025-11-28,CFR.SW,0.015055364531001838,-0.012918297201395035,-0.013450020924210548,0.027973661732396873,0.028505385455212386,xgb
2025-11-28,DTE.DE,-0.003608797656190982,0.011688090860843658,0.009389613755047321,0.01529688851703464,0.012998411411238303,xgb_sentiment
2025-11-28,ENEL.MI,-0.003486080432632538,0.0038311693351715803,0.003767634741961956,0.0073172497678041185,0.007253715174594494,xgb_sentiment
2025-11-28,ENI.MI,0.0004957234883409672,0.002621930092573166,0.003518377197906375,0.002126206604232199,0.003022653709565408,xgb
2025-11-28,EWI,0.029074823533505115,0.006651125382632017,0.006800924893468618,0.022423698150873098,0.022273898640036496,xgb_sentiment
2025-11-28,EWL,0.025033066222860466,0.007093977648764849,0.008105842396616936,0.017939088574095617,0.01692722382624353,xgb_sentiment
2025-11-28,EWN,0.00637242685074319,0.011667897924780846,0.011296220123767853,0.005295471074037656,0.004923793273024663,xgb_sentiment
2025-11-28,EWP,0.045325020578999696,0.007968331687152386,0.008624513633549213,0.03735668889184731,0.03670050694545048,xgb_sentiment
2025-11-28,EXH7.DE,0.0013503858084699858,0.003640947164967656,0.0036624025087803602,0.0022905613564976703,0.0023120167003103744,xgb
2025-11-28,EXH8.DE,0.07249880523314373,0.0056681400164961815,0.006344214081764221,0.06683066521664754,0.0661545911513795,xgb_sentiment
2025-11-28,EXS1.DE,0.027713684820717874,0.008936211466789246,0.00915045291185379,0.01877747335392863,0.018563231908864084,xgb_sentiment
2025-11-28,EXSA.DE,0.02687040667124594,0.003520899685099721,0.0033934914972633123,0.02334950698614622,0.023476915173982628,xgb
2025-11-28,EXV1.DE,0.07711435853106711,0.004976261872798204,0.0036408526357263327,0.07213809665826891,0.07347350589534078,xgb
2025-11-28,EXV2.DE,0.019040494584059008,0.0061801401898264885,0.006703301798552275,0.012860354394232519,0.012337192785506733,xgb_sentiment
2025-11-28,EXV3.DE,0.011539141123269408,0.011104959063231945,0.012323625385761261,0.0004341820600374628,0.0007844842624918531,xgb
2025-11-28,EXV4.DE,0.012174745969630571,0.0015378587413579226,0.0016893984284251928,0.010636887228272648,0.010485347541205378,xgb_sentiment
2025-11-28,EXV6.DE,0.09876137185341922,0.007453519850969315,0.009307422675192356,0.09130785200244991,0.08945394917822687,xgb_sentiment
2025-11-28,EXV7.DE,-0.009787994642506485,0.004975931718945503,0.002360140671953559,0.014763926361451988,0.012148135314460044,xgb_sentiment
2025-11-28,HEIA.AS,-0.007724329215055741,0.00141923560295254,0.001693293685093522,0.00914356481800828,0.009417622900149263,xgb
2025-11-28,HOLN.SW,0.038041762064652575,0.0023927618749439716,0.0011586963664740324,0.0356490001897086,0.03688306569817854,xgb
2025-11-28,IBE.MC,0.014738227804617624,0.0025407937355339527,0.002513160230591893,0.012197434069083671,0.01222506757402573,xgb
2025-11-28,INGA.AS,0.07226853052316787,0.005625022575259209,0.0054386756382882595,0.06664350794790866,0.06682985488487961,xgb
2025-11-28,ISP.MI,0.05824191832382133,0.0031196714844554663,-0.00046263099648058414,0.05512224683936586,0.05870454932030191,xgb
2025-11-28,ITX.MC,0.15996645874465015,0.004618893377482891,0.0014167253393679857,0.15534756536716726,0.15854973340528217,xgb
2025-11-28,MBG.DE,0.03231270363579693,0.0017604045569896698,0.0024280985817313194,0.030552299078807257,0.029884605054065608,xgb_sentiment
2025-11-28,MC.PA,0.014556194770208326,0.008651357144117355,0.008159023709595203,0.00590483762609097,0.006397171060613122,xgb
2025-11-28,MUV2.DE,0.032908443524756956,0.004996489267796278,0.006024560425430536,0.027911954256960678,0.02688388309932642,xgb_sentiment
2025-11-28,NESN.SW,-0.008916401724878812,0.003800848498940468,0.004504482727497816,0.01271725022381928,0.013420884452376628,xgb
2025-11-28,NOVN.SW,0.052673458273616774,0.0047075385227799416,0.004914085380733013,0.04796591975083683,0.04775937289288376,xgb_sentiment
2025-11-28,OR.PA,-0.023299134209819043,0.014124288223683834,0.013904867693781853,0.03742342243350288,0.037204001903600896,xgb_sentiment
2025-11-28,PHIA.AS,-0.03994643134289553,0.0048612928949296474,0.006211321800947189,0.044807724237825176,0.04615775314384272,xgb
2025-11-28,RO.SW,0.053114966565396264,0.0064861588180065155,0.006810567807406187,0.04662880774738975,0.04630439875799008,xgb_sentiment
2025-11-28,SAN.PA,-0.032712109444856786,0.014607667922973633,0.014983982779085636,0.04731977736783042,0.04769609222394242,xgb
2025-11-28,SAP.DE,-0.0009594289186371754,0.007295945659279823,0.009489906951785088,0.008255374577916998,0.010449335870422263,xgb
2025-11-28,SIE.DE,0.046430398837613546,0.01744426041841507,0.015030922368168831,0.028986138419198476,0.031399476469444715,xgb
2025-11-28,STMMI.MI,0.13136104155264397,0.016334356740117073,0.02052808552980423,0.1150266848125269,0.11083295602283974,xgb_sentiment
2025-11-28,SU.PA,0.021202204366525278,0.012629282660782337,0.012082157656550407,0.00857292170574294,0.00912004670997487,xgb
2025-11-28,TEF.MC,-0.021392401163815862,0.018536094576120377,0.022688494995236397,0.03992849573993624,0.04408089615905226,xgb
2025-11-28,TTE.PA,-0.007067200871284663,0.00201406073756516,-0.0006358822574838996,0.009081261608849823,0.006431318613800764,xgb_sentiment
2025-11-28,UBSG.SW,0.1800358410878385,0.012038709595799446,0.01094516646116972,0.16799713149203904,0.16909067462666877,xgb
2025-11-28,UCG.MI,0.10126415348926701,0.003376935375854373,0.0030214309226721525,0.09788721811341264,0.09824272256659486,xgb
2025-11-28,VOW3.DE,0.051217106620211145,0.00021626209490932524,0.000523650087416172,0.05100084452530182,0.05069345653279497,xgb_sentiment
2025-11-28,WKL.AS,-0.026774487469154434,-0.004128640983253717,0.009894481860101223,0.022645846485900716,0.03666896932925566,xgb
