date,strategy,ticker,weight
2019-01-31,markowitz,EXV6.DE,0.13499513816725917
2019-01-31,markowitz,MC.PA,0.11915520796156412
2019-01-31,markowitz,AIR.PA,0.08641336260689213
2019-01-31,markowitz,ASML.AS,0.037678985835693395
2019-01-31,markowitz,AD.AS,0.07054752354580389
2019-01-31,markowitz,WKL.AS,0.14999999999999916
2019-01-31,markowitz,NESN.SW,0.10648935675823837
2019-01-31,markowitz,ENEL.MI,0.1499999999999969
2019-01-31,markowitz,STMMI.MI,0.14472042512455296
2019-01-31,hrp,EXSA.DE,0.01896913602925967
2019-01-31,hrp,EXV1.DE,0.00764939612905958
2019-01-31,hrp,EXV4.DE,0.03363430991870733
2019-01-31,hrp,EXV3.DE,0.023438649921558478
2019-01-31,hrp,EXV2.DE,0.01779569088655086
2019-01-31,hrp,EXV6.DE,0.011174606345619793
2019-01-31,hrp,EXV7.DE,0.016197559028614368
2019-01-31,hrp,EXH7.DE,0.033175112327460274
2019-01-31,hrp,EXH8.DE,0.028442050482100738
2019-01-31,hrp,EXS1.DE,0.014730026794909952
2019-01-31,hrp,CAC.PA,0.015919282037997667
2019-01-31,hrp,EWI,0.013774634854673708
2019-01-31,hrp,EWP,0.022641964949857353
2019-01-31,hrp,EWN,0.020285303224236648
2019-01-31,hrp,EWL,0.02651918341265951
2019-01-31,hrp,SAP.DE,0.016071378504157175
2019-01-31,hrp,SIE.DE,0.011664873002989429
2019-01-31,hrp,BAS.DE,0.010794086105662614
2019-01-31,hrp,VOW3.DE,0.00748747914207997
2019-01-31,hrp,DTE.DE,0.015536376364904072
2019-01-31,hrp,ALV.DE,0.01110271477385639
2019-01-31,hrp,BMW.DE,0.009731190916666698
2019-01-31,hrp,MBG.DE,0.010141526109586116
2019-01-31,hrp,MUV2.DE,0.017247435793246637
2019-01-31,hrp,MC.PA,0.012675329173718029
2019-01-31,hrp,TTE.PA,0.01954522604353025
2019-01-31,hrp,OR.PA,0.023676554195606457
2019-01-31,hrp,SAN.PA,0.02337184723865707
2019-01-31,hrp,BNP.PA,0.006461140971450031
2019-01-31,hrp,AIR.PA,0.014032380864547268
2019-01-31,hrp,SU.PA,0.017431865766601926
2019-01-31,hrp,CAP.PA,0.010616498699985693
2019-01-31,hrp,AI.PA,0.01977118473234093
2019-01-31,hrp,ASML.AS,0.011815962931719616
2019-01-31,hrp,PHIA.AS,0.01660967891927319
2019-01-31,hrp,INGA.AS,0.006449688559437304
2019-01-31,hrp,HEIA.AS,0.03224712376937843
2019-01-31,hrp,AD.AS,0.03232065471505913
2019-01-31,hrp,WKL.AS,0.030769597651527137
2019-01-31,hrp,SAN.MC,0.004343256220368688
2019-01-31,hrp,IBE.MC,0.018520665820861742
2019-01-31,hrp,ITX.MC,0.018414247727363667
2019-01-31,hrp,TEF.MC,0.010468249375120512
2019-01-31,hrp,ENG.MC,0.02102867942272563
2019-01-31,hrp,BBVA.MC,0.005118400560927578
2019-01-31,hrp,NESN.SW,0.043437117929896886
2019-01-31,hrp,NOVN.SW,0.025199908259917924
2019-01-31,hrp,UBSG.SW,0.010100403750226682
2019-01-31,hrp,RO.SW,0.03184347179777642
2019-01-31,hrp,ABBN.SW,0.024305622977075822
2019-01-31,hrp,CFR.SW,0.015892232644979826
2019-01-31,hrp,HOLN.SW,0.01585192019749372
2019-01-31,hrp,ENI.MI,0.020007109350907926
2019-01-31,hrp,ISP.MI,0.004858783573005971
2019-01-31,hrp,UCG.MI,0.003349000076741696
2019-01-31,hrp,ENEL.MI,0.029465638629507043
2019-01-31,hrp,STMMI.MI,0.005876590395854572
2019-01-31,minimum_variance,EXV4.DE,0.12410594246091775
2019-01-31,minimum_variance,EXV7.DE,0.04748645546015663
2019-01-31,minimum_variance,EXH8.DE,0.08424317685094282
2019-01-31,minimum_variance,EWN,0.040880794331553005
2019-01-31,minimum_variance,EWL,0.15000000000000002
2019-01-31,minimum_variance,DTE.DE,0.012995117489768256
2019-01-31,minimum_variance,MUV2.DE,0.055737425866045937
2019-01-31,minimum_variance,HEIA.AS,0.09148487515146381
2019-01-31,minimum_variance,AD.AS,0.09461325380615691
2019-01-31,minimum_variance,WKL.AS,0.021120278263887394
2019-01-31,minimum_variance,ENG.MC,0.0854003412856363
2019-01-31,minimum_variance,NESN.SW,0.1389084221541769
2019-01-31,minimum_variance,RO.SW,0.053023916879294385
2019-01-31,xgb,SAN.PA,0.14999999999981053
2019-01-31,xgb,AI.PA,0.14999999999981053
2019-01-31,xgb,AD.AS,0.13820691823196213
2019-01-31,xgb,ENG.MC,0.14999999999981053
2019-01-31,xgb,NESN.SW,0.057648132326211556
2019-01-31,xgb,NOVN.SW,0.14999999999981053
2019-01-31,xgb,RO.SW,0.08427384684309876
2019-01-31,xgb,CFR.SW,0.11987110259948548
2019-01-31,xgb_sentiment,MUV2.DE,0.12479025377256729
2019-01-31,xgb_sentiment,SAN.PA,0.15000000000096575
2019-01-31,xgb_sentiment,AD.AS,0.15000000000096575
2019-01-31,xgb_sentiment,ENG.MC,0.13999913202225234
2019-01-31,xgb_sentiment,NOVN.SW,0.15000000000096575
2019-01-31,xgb_sentiment,RO.SW,0.15000000000096575
2019-01-31,xgb_sentiment,CFR.SW,0.13521061420131744
2019-01-31,equal_weight,EXSA.DE,0.017543859649122806
2019-01-31,equal_weight,EXV1.DE,0.017543859649122806
2019-01-31,equal_weight,EXV4.DE,0.017543859649122806
2019-01-31,equal_weight,EXV3.DE,0.017543859649122806
2019-01-31,equal_weight,EXV2.DE,0.017543859649122806
2019-01-31,equal_weight,EXV6.DE,0.017543859649122806
2019-01-31,equal_weight,EXV7.DE,0.017543859649122806
2019-01-31,equal_weight,EXH7.DE,0.017543859649122806
2019-01-31,equal_weight,EXH8.DE,0.017543859649122806
2019-01-31,equal_weight,EXS1.DE,0.017543859649122806
2019-01-31,equal_weight,CAC.PA,0.017543859649122806
2019-01-31,equal_weight,EWI,0.017543859649122806
2019-01-31,equal_weight,EWP,0.017543859649122806
2019-01-31,equal_weight,EWN,0.017543859649122806
2019-01-31,equal_weight,EWL,0.017543859649122806
2019-01-31,equal_weight,SAP.DE,0.017543859649122806
2019-01-31,equal_weight,SIE.DE,0.017543859649122806
2019-01-31,equal_weight,BAS.DE,0.017543859649122806
2019-01-31,equal_weight,VOW3.DE,0.017543859649122806
2019-01-31,equal_weight,DTE.DE,0.017543859649122806
2019-01-31,equal_weight,ALV.DE,0.017543859649122806
2019-01-31,equal_weight,BMW.DE,0.017543859649122806
2019-01-31,equal_weight,MBG.DE,0.017543859649122806
2019-01-31,equal_weight,MUV2.DE,0.017543859649122806
2019-01-31,equal_weight,MC.PA,0.017543859649122806
2019-01-31,equal_weight,TTE.PA,0.017543859649122806
2019-01-31,equal_weight,OR.PA,0.017543859649122806
2019-01-31,equal_weight,SAN.PA,0.017543859649122806
2019-01-31,equal_weight,BNP.PA,0.017543859649122806
2019-01-31,equal_weight,AIR.PA,0.017543859649122806
2019-01-31,equal_weight,SU.PA,0.017543859649122806
2019-01-31,equal_weight,CAP.PA,0.017543859649122806
2019-01-31,equal_weight,AI.PA,0.017543859649122806
2019-01-31,equal_weight,ASML.AS,0.017543859649122806
2019-01-31,equal_weight,PHIA.AS,0.017543859649122806
2019-01-31,equal_weight,INGA.AS,0.017543859649122806
2019-01-31,equal_weight,HEIA.AS,0.017543859649122806
2019-01-31,equal_weight,AD.AS,0.017543859649122806
2019-01-31,equal_weight,WKL.AS,0.017543859649122806
2019-01-31,equal_weight,SAN.MC,0.017543859649122806
2019-01-31,equal_weight,IBE.MC,0.017543859649122806
2019-01-31,equal_weight,ITX.MC,0.017543859649122806
2019-01-31,equal_weight,TEF.MC,0.017543859649122806
2019-01-31,equal_weight,ENG.MC,0.017543859649122806
2019-01-31,equal_weight,BBVA.MC,0.017543859649122806
2019-01-31,equal_weight,NESN.SW,0.017543859649122806
2019-01-31,equal_weight,NOVN.SW,0.017543859649122806
2019-01-31,equal_weight,UBSG.SW,0.017543859649122806
2019-01-31,equal_weight,RO.SW,0.017543859649122806
2019-01-31,equal_weight,ABBN.SW,0.017543859649122806
2019-01-31,equal_weight,CFR.SW,0.017543859649122806
2019-01-31,equal_weight,HOLN.SW,0.017543859649122806
2019-01-31,equal_weight,ENI.MI,0.017543859649122806
2019-01-31,equal_weight,ISP.MI,0.017543859649122806
2019-01-31,equal_weight,UCG.MI,0.017543859649122806
2019-01-31,equal_weight,ENEL.MI,0.017543859649122806
2019-01-31,equal_weight,STMMI.MI,0.017543859649122806
2019-02-28,markowitz,EXV6.DE,0.1051731726173945
2019-02-28,markowitz,MC.PA,0.14999999999999822
2019-02-28,markowitz,AIR.PA,0.13955668767397408
2019-02-28,markowitz,ASML.AS,0.00499303122042296
2019-02-28,markowitz,AD.AS,0.06391596542540473
2019-02-28,markowitz,WKL.AS,0.14999999999999822
2019-02-28,markowitz,NESN.SW,0.14999999999999822
2019-02-28,markowitz,ENEL.MI,0.08636114306281195
2019-02-28,markowitz,STMMI.MI,0.14999999999999694
2019-02-28,hrp,EXSA.DE,0.019206539910821857
2019-02-28,hrp,EXV1.DE,0.007737411995479207
2019-02-28,hrp,EXV4.DE,0.03414510197170005
2019-02-28,hrp,EXV3.DE,0.023212547813908125
2019-02-28,hrp,EXV2.DE,0.01800730991244748
2019-02-28,hrp,EXV6.DE,0.012027190385350106
2019-02-28,hrp,EXV7.DE,0.01618558207788155
2019-02-28,hrp,EXH7.DE,0.03322050668668697
2019-02-28,hrp,EXH8.DE,0.02709475375949498
2019-02-28,hrp,EXS1.DE,0.01488234794143355
2019-02-28,hrp,CAC.PA,0.016014405218431282
2019-02-28,hrp,EWI,0.012717676347045754
2019-02-28,hrp,EWP,0.011060434325516096
2019-02-28,hrp,EWN,0.01836985574694278
2019-02-28,hrp,EWL,0.0460252013603618
2019-02-28,hrp,SAP.DE,0.01588832462042807
2019-02-28,hrp,SIE.DE,0.01161795674297185
2019-02-28,hrp,BAS.DE,0.010636906387760183
2019-02-28,hrp,VOW3.DE,0.007678001642207779
2019-02-28,hrp,DTE.DE,0.01585809770953082
2019-02-28,hrp,ALV.DE,0.011234964905202423
2019-02-28,hrp,BMW.DE,0.010236940602676622
2019-02-28,hrp,MBG.DE,0.010035422445841892
2019-02-28,hrp,MUV2.DE,0.017513251064435343
2019-02-28,hrp,MC.PA,0.011253176229270235
2019-02-28,hrp,TTE.PA,0.01705294814672107
2019-02-28,hrp,OR.PA,0.020682850886251686
2019-02-28,hrp,SAN.PA,0.024697538464613585
2019-02-28,hrp,BNP.PA,0.00639239233399766
2019-02-28,hrp,AIR.PA,0.0139347828072882
2019-02-28,hrp,SU.PA,0.017332385483546122
2019-02-28,hrp,CAP.PA,0.010927497783282263
2019-02-28,hrp,AI.PA,0.019806542899472198
2019-02-28,hrp,ASML.AS,0.011614785386223896
2019-02-28,hrp,PHIA.AS,0.02351967677853926
2019-02-28,hrp,INGA.AS,0.006410039831148816
2019-02-28,hrp,HEIA.AS,0.03508860169287372
2019-02-28,hrp,AD.AS,0.033769162516916675
2019-02-28,hrp,WKL.AS,0.030585096751872647
2019-02-28,hrp,SAN.MC,0.004469874916636739
2019-02-28,hrp,IBE.MC,0.01910029065451179
2019-02-28,hrp,ITX.MC,0.018199011233265158
2019-02-28,hrp,TEF.MC,0.010570453501053793
2019-02-28,hrp,ENG.MC,0.021514262474344424
2019-02-28,hrp,BBVA.MC,0.005193740467358186
2019-02-28,hrp,NESN.SW,0.03877813172584167
2019-02-28,hrp,NOVN.SW,0.021542685906881763
2019-02-28,hrp,UBSG.SW,0.01023876388696677
2019-02-28,hrp,RO.SW,0.03168699959632115
2019-02-28,hrp,ABBN.SW,0.023797881448138693
2019-02-28,hrp,CFR.SW,0.015057267342525486
2019-02-28,hrp,HOLN.SW,0.012539664659122778
2019-02-28,hrp,ENI.MI,0.020604989157270652
2019-02-28,hrp,ISP.MI,0.0048903768345899806
2019-02-28,hrp,UCG.MI,0.0033599450212724626
2019-02-28,hrp,ENEL.MI,0.02910866269595399
2019-02-28,hrp,STMMI.MI,0.005672788911369926
2019-02-28,minimum_variance,EXV4.DE,0.11990814702823194
2019-02-28,minimum_variance,EXV7.DE,0.04349727379819123
2019-02-28,minimum_variance,EXH8.DE,0.08412353099756932
2019-02-28,minimum_variance,EWN,0.03756868068094745
2019-02-28,minimum_variance,EWL,0.14999999999999997
2019-02-28,minimum_variance,DTE.DE,0.02397156251444137
2019-02-28,minimum_variance,MUV2.DE,0.058135003489908924
2019-02-28,minimum_variance,HEIA.AS,0.09568023823612108
2019-02-28,minimum_variance,AD.AS,0.10305733530784562
2019-02-28,minimum_variance,WKL.AS,0.020292063329457734
2019-02-28,minimum_variance,ENG.MC,0.0805046186018425
2019-02-28,minimum_variance,NESN.SW,0.1323528059475979
2019-02-28,minimum_variance,RO.SW,0.05090874006784493
2019-02-28,xgb,CAC.PA,0.1499999999998471
2019-02-28,xgb,HEIA.AS,0.1499999999998471
2019-02-28,xgb,WKL.AS,0.1499999999998471
2019-02-28,xgb,TEF.MC,0.06483132033135615
2019-02-28,xgb,ENG.MC,0.116904654683775
2019-02-28,xgb,NESN.SW,0.13247980580462979
2019-02-28,xgb,RO.SW,0.09594594456515691
2019-02-28,xgb,CFR.SW,0.13186112313700912
2019-02-28,xgb,STMMI.MI,0.007977151478531879
2019-02-28,xgb_sentiment,CAC.PA,0.15000000000000355
2019-02-28,xgb_sentiment,OR.PA,0.15000000000000355
2019-02-28,xgb_sentiment,SAN.PA,0.05427041842757428
2019-02-28,xgb_sentiment,WKL.AS,0.0185604983723893
2019-02-28,xgb_sentiment,IBE.MC,0.15000000000000355
2019-02-28,xgb_sentiment,ENG.MC,0.15000000000000355
2019-02-28,xgb_sentiment,NESN.SW,0.15000000000000355
2019-02-28,xgb_sentiment,CFR.SW,0.15000000000000355
2019-02-28,xgb_sentiment,UCG.MI,0.0017797995295650132
2019-02-28,xgb_sentiment,STMMI.MI,0.025389283670450145
2019-02-28,equal_weight,EXSA.DE,0.017543859649122806
2019-02-28,equal_weight,EXV1.DE,0.017543859649122806
2019-02-28,equal_weight,EXV4.DE,0.017543859649122806
2019-02-28,equal_weight,EXV3.DE,0.017543859649122806
2019-02-28,equal_weight,EXV2.DE,0.017543859649122806
2019-02-28,equal_weight,EXV6.DE,0.017543859649122806
2019-02-28,equal_weight,EXV7.DE,0.017543859649122806
2019-02-28,equal_weight,EXH7.DE,0.017543859649122806
2019-02-28,equal_weight,EXH8.DE,0.017543859649122806
2019-02-28,equal_weight,EXS1.DE,0.017543859649122806
2019-02-28,equal_weight,CAC.PA,0.017543859649122806
2019-02-28,equal_weight,EWI,0.017543859649122806
2019-02-28,equal_weight,EWP,0.017543859649122806
2019-02-28,equal_weight,EWN,0.017543859649122806
2019-02-28,equal_weight,EWL,0.017543859649122806
2019-02-28,equal_weight,SAP.DE,0.017543859649122806
2019-02-28,equal_weight,SIE.DE,0.017543859649122806
2019-02-28,equal_weight,BAS.DE,0.017543859649122806
2019-02-28,equal_weight,VOW3.DE,0.017543859649122806
2019-02-28,equal_weight,DTE.DE,0.017543859649122806
2019-02-28,equal_weight,ALV.DE,0.017543859649122806
2019-02-28,equal_weight,BMW.DE,0.017543859649122806
2019-02-28,equal_weight,MBG.DE,0.017543859649122806
2019-02-28,equal_weight,MUV2.DE,0.017543859649122806
2019-02-28,equal_weight,MC.PA,0.017543859649122806
2019-02-28,equal_weight,TTE.PA,0.017543859649122806
2019-02-28,equal_weight,OR.PA,0.017543859649122806
2019-02-28,equal_weight,SAN.PA,0.017543859649122806
2019-02-28,equal_weight,BNP.PA,0.017543859649122806
2019-02-28,equal_weight,AIR.PA,0.017543859649122806
2019-02-28,equal_weight,SU.PA,0.017543859649122806
2019-02-28,equal_weight,CAP.PA,0.017543859649122806
2019-02-28,equal_weight,AI.PA,0.017543859649122806
2019-02-28,equal_weight,ASML.AS,0.017543859649122806
2019-02-28,equal_weight,PHIA.AS,0.017543859649122806
2019-02-28,equal_weight,INGA.AS,0.017543859649122806
2019-02-28,equal_weight,HEIA.AS,0.017543859649122806
2019-02-28,equal_weight,AD.AS,0.017543859649122806
2019-02-28,equal_weight,WKL.AS,0.017543859649122806
2019-02-28,equal_weight,SAN.MC,0.017543859649122806
2019-02-28,equal_weight,IBE.MC,0.017543859649122806
2019-02-28,equal_weight,ITX.MC,0.017543859649122806
2019-02-28,equal_weight,TEF.MC,0.017543859649122806
2019-02-28,equal_weight,ENG.MC,0.017543859649122806
2019-02-28,equal_weight,BBVA.MC,0.017543859649122806
2019-02-28,equal_weight,NESN.SW,0.017543859649122806
2019-02-28,equal_weight,NOVN.SW,0.017543859649122806
2019-02-28,equal_weight,UBSG.SW,0.017543859649122806
2019-02-28,equal_weight,RO.SW,0.017543859649122806
2019-02-28,equal_weight,ABBN.SW,0.017543859649122806
2019-02-28,equal_weight,CFR.SW,0.017543859649122806
2019-02-28,equal_weight,HOLN.SW,0.017543859649122806
2019-02-28,equal_weight,ENI.MI,0.017543859649122806
2019-02-28,equal_weight,ISP.MI,0.017543859649122806
2019-02-28,equal_weight,UCG.MI,0.017543859649122806
2019-02-28,equal_weight,ENEL.MI,0.017543859649122806
2019-02-28,equal_weight,STMMI.MI,0.017543859649122806
2019-03-29,markowitz,EXV6.DE,0.05042228857741755
2019-03-29,markowitz,MC.PA,0.15000000000000152
2019-03-29,markowitz,AIR.PA,0.1420515857703994
2019-03-29,markowitz,ASML.AS,0.047291151904411424
2019-03-29,markowitz,AD.AS,0.07891597092942408
2019-03-29,markowitz,WKL.AS,0.14999999999999866
2019-03-29,markowitz,NESN.SW,0.13148351008967663
2019-03-29,markowitz,NOVN.SW,0.03967273620780083
2019-03-29,markowitz,ENEL.MI,0.13179833563856772
2019-03-29,markowitz,STMMI.MI,0.07836442088230224
2019-03-29,hrp,EXSA.DE,0.01893444750955561
2019-03-29,hrp,EXV1.DE,0.007908295659019095
2019-03-29,hrp,EXV4.DE,0.03189646937427284
2019-03-29,hrp,EXV3.DE,0.023794998145650132
2019-03-29,hrp,EXV2.DE,0.017734431268353702
2019-03-29,hrp,EXV6.DE,0.013035443710693656
2019-03-29,hrp,EXV7.DE,0.016017541219676693
2019-03-29,hrp,EXH7.DE,0.042690246942451195
2019-03-29,hrp,EXH8.DE,0.028153694604186354
2019-03-29,hrp,EXS1.DE,0.01479712496437032
2019-03-29,hrp,CAC.PA,0.015852250728319143
2019-03-29,hrp,EWI,0.012652245786397412
2019-03-29,hrp,EWP,0.010697187460351105
2019-03-29,hrp,EWN,0.01761924237921503
2019-03-29,hrp,EWL,0.046415465582582936
2019-03-29,hrp,SAP.DE,0.013472328268084552
2019-03-29,hrp,SIE.DE,0.012324171573038797
2019-03-29,hrp,BAS.DE,0.01095521264308299
2019-03-29,hrp,VOW3.DE,0.008453670086658777
2019-03-29,hrp,DTE.DE,0.015732041317301354
2019-03-29,hrp,ALV.DE,0.011744125344358628
2019-03-29,hrp,BMW.DE,0.009485188252302953
2019-03-29,hrp,MBG.DE,0.009380233088461585
2019-03-29,hrp,MUV2.DE,0.016971600217256223
2019-03-29,hrp,MC.PA,0.010442977984892141
2019-03-29,hrp,TTE.PA,0.016145158680903573
2019-03-29,hrp,OR.PA,0.022811009253533437
2019-03-29,hrp,SAN.PA,0.02433556488987734
2019-03-29,hrp,BNP.PA,0.005262470146399107
2019-03-29,hrp,AIR.PA,0.01356769040545257
2019-03-29,hrp,SU.PA,0.012445927027627765
2019-03-29,hrp,CAP.PA,0.010333227270514396
2019-03-29,hrp,AI.PA,0.022342590838913615
2019-03-29,hrp,ASML.AS,0.009131479388176085
2019-03-29,hrp,PHIA.AS,0.022615468940148917
2019-03-29,hrp,INGA.AS,0.006543297776402722
2019-03-29,hrp,HEIA.AS,0.03502206850747793
2019-03-29,hrp,AD.AS,0.032648347588592246
2019-03-29,hrp,WKL.AS,0.0306427488725431
2019-03-29,hrp,SAN.MC,0.005094371941409846
2019-03-29,hrp,IBE.MC,0.018632659375901528
2019-03-29,hrp,ITX.MC,0.017677342163129117
2019-03-29,hrp,TEF.MC,0.010553624170475019
2019-03-29,hrp,ENG.MC,0.02104380147756709
2019-03-29,hrp,BBVA.MC,0.005764851082075394
2019-03-29,hrp,NESN.SW,0.039259937340237146
2019-03-29,hrp,NOVN.SW,0.03273099093949248
2019-03-29,hrp,UBSG.SW,0.009086724732724065
2019-03-29,hrp,RO.SW,0.031128368169762412
2019-03-29,hrp,ABBN.SW,0.0234902060925683
2019-03-29,hrp,CFR.SW,0.015674812170206838
2019-03-29,hrp,HOLN.SW,0.012515481481300555
2019-03-29,hrp,ENI.MI,0.014125483130731944
2019-03-29,hrp,ISP.MI,0.00403204497582144
2019-03-29,hrp,UCG.MI,0.0029963302463188205
2019-03-29,hrp,ENEL.MI,0.029691841949496065
2019-03-29,hrp,STMMI.MI,0.005493444863685916
2019-03-29,minimum_variance,EXV4.DE,0.10603639676347398
2019-03-29,minimum_variance,EXV6.DE,0.007479741031371054
2019-03-29,minimum_variance,EXV7.DE,0.046384221803884816
2019-03-29,minimum_variance,EXH8.DE,0.08357613986228503
2019-03-29,minimum_variance,EWN,0.03565492098447129
2019-03-29,minimum_variance,EWL,0.15
2019-03-29,minimum_variance,DTE.DE,0.030456133494673753
2019-03-29,minimum_variance,MUV2.DE,0.05111095386484446
2019-03-29,minimum_variance,SAN.PA,0.005567470605887958
2019-03-29,minimum_variance,HEIA.AS,0.09406695825188421
2019-03-29,minimum_variance,AD.AS,0.09432656277122779
2019-03-29,minimum_variance,WKL.AS,0.02401427607011386
2019-03-29,minimum_variance,ENG.MC,0.0811284347601933
2019-03-29,minimum_variance,NESN.SW,0.1367770157973765
2019-03-29,minimum_variance,RO.SW,0.053420773938312086
2019-03-29,xgb,EXH7.DE,0.040491530817713214
2019-03-29,xgb,BMW.DE,0.1499999999999998
2019-03-29,xgb,SAN.PA,0.11901776004343186
2019-03-29,xgb,ASML.AS,0.1478591706640221
2019-03-29,xgb,HEIA.AS,0.0835459039807018
2019-03-29,xgb,AD.AS,0.11623579744471389
2019-03-29,xgb,WKL.AS,0.06805228597772935
2019-03-29,xgb,ENG.MC,0.1499999999999998
2019-03-29,xgb,UBSG.SW,0.041858842356486965
2019-03-29,xgb,RO.SW,0.0829387087152012
2019-03-29,xgb_sentiment,BMW.DE,0.14999999999998612
2019-03-29,xgb_sentiment,SU.PA,0.0035368243414764648
2019-03-29,xgb_sentiment,ASML.AS,0.028930015577322533
2019-03-29,xgb_sentiment,HEIA.AS,0.1499999999998935
2019-03-29,xgb_sentiment,AD.AS,0.14999999999996722
2019-03-29,xgb_sentiment,IBE.MC,0.1499999999999538
2019-03-29,xgb_sentiment,ITX.MC,0.07631152767347507
2019-03-29,xgb_sentiment,ENG.MC,0.060354608423147126
2019-03-29,xgb_sentiment,UBSG.SW,0.08086702398462457
2019-03-29,xgb_sentiment,RO.SW,0.1500000000001536
2019-03-29,equal_weight,EXSA.DE,0.017543859649122806
2019-03-29,equal_weight,EXV1.DE,0.017543859649122806
2019-03-29,equal_weight,EXV4.DE,0.017543859649122806
2019-03-29,equal_weight,EXV3.DE,0.017543859649122806
2019-03-29,equal_weight,EXV2.DE,0.017543859649122806
2019-03-29,equal_weight,EXV6.DE,0.017543859649122806
2019-03-29,equal_weight,EXV7.DE,0.017543859649122806
2019-03-29,equal_weight,EXH7.DE,0.017543859649122806
2019-03-29,equal_weight,EXH8.DE,0.017543859649122806
2019-03-29,equal_weight,EXS1.DE,0.017543859649122806
2019-03-29,equal_weight,CAC.PA,0.017543859649122806
2019-03-29,equal_weight,EWI,0.017543859649122806
2019-03-29,equal_weight,EWP,0.017543859649122806
2019-03-29,equal_weight,EWN,0.017543859649122806
2019-03-29,equal_weight,EWL,0.017543859649122806
2019-03-29,equal_weight,SAP.DE,0.017543859649122806
2019-03-29,equal_weight,SIE.DE,0.017543859649122806
2019-03-29,equal_weight,BAS.DE,0.017543859649122806
2019-03-29,equal_weight,VOW3.DE,0.017543859649122806
2019-03-29,equal_weight,DTE.DE,0.017543859649122806
2019-03-29,equal_weight,ALV.DE,0.017543859649122806
2019-03-29,equal_weight,BMW.DE,0.017543859649122806
2019-03-29,equal_weight,MBG.DE,0.017543859649122806
2019-03-29,equal_weight,MUV2.DE,0.017543859649122806
2019-03-29,equal_weight,MC.PA,0.017543859649122806
2019-03-29,equal_weight,TTE.PA,0.017543859649122806
2019-03-29,equal_weight,OR.PA,0.017543859649122806
2019-03-29,equal_weight,SAN.PA,0.017543859649122806
2019-03-29,equal_weight,BNP.PA,0.017543859649122806
2019-03-29,equal_weight,AIR.PA,0.017543859649122806
2019-03-29,equal_weight,SU.PA,0.017543859649122806
2019-03-29,equal_weight,CAP.PA,0.017543859649122806
2019-03-29,equal_weight,AI.PA,0.017543859649122806
2019-03-29,equal_weight,ASML.AS,0.017543859649122806
2019-03-29,equal_weight,PHIA.AS,0.017543859649122806
2019-03-29,equal_weight,INGA.AS,0.017543859649122806
2019-03-29,equal_weight,HEIA.AS,0.017543859649122806
2019-03-29,equal_weight,AD.AS,0.017543859649122806
2019-03-29,equal_weight,WKL.AS,0.017543859649122806
2019-03-29,equal_weight,SAN.MC,0.017543859649122806
2019-03-29,equal_weight,IBE.MC,0.017543859649122806
2019-03-29,equal_weight,ITX.MC,0.017543859649122806
2019-03-29,equal_weight,TEF.MC,0.017543859649122806
2019-03-29,equal_weight,ENG.MC,0.017543859649122806
2019-03-29,equal_weight,BBVA.MC,0.017543859649122806
2019-03-29,equal_weight,NESN.SW,0.017543859649122806
2019-03-29,equal_weight,NOVN.SW,0.017543859649122806
2019-03-29,equal_weight,UBSG.SW,0.017543859649122806
2019-03-29,equal_weight,RO.SW,0.017543859649122806
2019-03-29,equal_weight,ABBN.SW,0.017543859649122806
2019-03-29,equal_weight,CFR.SW,0.017543859649122806
2019-03-29,equal_weight,HOLN.SW,0.017543859649122806
2019-03-29,equal_weight,ENI.MI,0.017543859649122806
2019-03-29,equal_weight,ISP.MI,0.017543859649122806
2019-03-29,equal_weight,UCG.MI,0.017543859649122806
2019-03-29,equal_weight,ENEL.MI,0.017543859649122806
2019-03-29,equal_weight,STMMI.MI,0.017543859649122806
2019-04-30,markowitz,EXV6.DE,0.06963189667056992
2019-04-30,markowitz,MC.PA,0.14999999999999916
2019-04-30,markowitz,OR.PA,0.005526419479426968
2019-04-30,markowitz,AIR.PA,0.14999999999999916
2019-04-30,markowitz,ASML.AS,0.054233441878765616
2019-04-30,markowitz,AD.AS,0.033962980312372486
2019-04-30,markowitz,WKL.AS,0.14999999999999916
2019-04-30,markowitz,IBE.MC,0.05609322734245722
2019-04-30,markowitz,NESN.SW,0.14999999999999916
2019-04-30,markowitz,ENEL.MI,0.06280776363380078
2019-04-30,markowitz,STMMI.MI,0.11774427068261034
2019-04-30,hrp,EXSA.DE,0.01957412450196813
2019-04-30,hrp,EXV1.DE,0.00800316239922466
2019-04-30,hrp,EXV4.DE,0.03538981366268682
2019-04-30,hrp,EXV3.DE,0.02259509696776155
2019-04-30,hrp,EXV2.DE,0.021774312430918444
2019-04-30,hrp,EXV6.DE,0.013727092460984898
2019-04-30,hrp,EXV7.DE,0.016398898323403303
2019-04-30,hrp,EXH7.DE,0.028115874261655717
2019-04-30,hrp,EXH8.DE,0.030686434629027426
2019-04-30,hrp,EXS1.DE,0.015198598148674391
2019-04-30,hrp,CAC.PA,0.0162891561915809
2019-04-30,hrp,EWI,0.010594275281459392
2019-04-30,hrp,EWP,0.012147010017448416
2019-04-30,hrp,EWN,0.034049086804316266
2019-04-30,hrp,EWL,0.031368673889688566
2019-04-30,hrp,SAP.DE,0.01358530918190637
2019-04-30,hrp,SIE.DE,0.011370731400043268
2019-04-30,hrp,BAS.DE,0.010436120445007361
2019-04-30,hrp,VOW3.DE,0.007182819906607234
2019-04-30,hrp,DTE.DE,0.01963228960567212
2019-04-30,hrp,ALV.DE,0.011606789611314835
2019-04-30,hrp,BMW.DE,0.010685198175003786
2019-04-30,hrp,MBG.DE,0.010204351147020233
2019-04-30,hrp,MUV2.DE,0.026022336475781695
2019-04-30,hrp,MC.PA,0.01788213652826552
2019-04-30,hrp,TTE.PA,0.017105413853713884
2019-04-30,hrp,OR.PA,0.024866908756943248
2019-04-30,hrp,SAN.PA,0.02478756769343333
2019-04-30,hrp,BNP.PA,0.006237512892037268
2019-04-30,hrp,AIR.PA,0.013463752077647382
2019-04-30,hrp,SU.PA,0.010263907385385655
2019-04-30,hrp,CAP.PA,0.01162754470398034
2019-04-30,hrp,AI.PA,0.017999451406792717
2019-04-30,hrp,ASML.AS,0.011480972994200466
2019-04-30,hrp,PHIA.AS,0.016459083340029376
2019-04-30,hrp,INGA.AS,0.006306158504233862
2019-04-30,hrp,HEIA.AS,0.03391564945001871
2019-04-30,hrp,AD.AS,0.031230868197663138
2019-04-30,hrp,WKL.AS,0.029797389519433393
2019-04-30,hrp,SAN.MC,0.004601755006268591
2019-04-30,hrp,IBE.MC,0.017568888334643193
2019-04-30,hrp,ITX.MC,0.017245705726105027
2019-04-30,hrp,TEF.MC,0.011389629279560314
2019-04-30,hrp,ENG.MC,0.020067482557569745
2019-04-30,hrp,BBVA.MC,0.005452434248188871
2019-04-30,hrp,NESN.SW,0.03785512017772153
2019-04-30,hrp,NOVN.SW,0.02396038443237476
2019-04-30,hrp,UBSG.SW,0.00822191602030342
2019-04-30,hrp,RO.SW,0.030635967427546717
2019-04-30,hrp,ABBN.SW,0.027339960964122563
2019-04-30,hrp,CFR.SW,0.015997072884124906
2019-04-30,hrp,HOLN.SW,0.011713346195923202
2019-04-30,hrp,ENI.MI,0.014081070794465451
2019-04-30,hrp,ISP.MI,0.005181480912419769
2019-04-30,hrp,UCG.MI,0.0035570580241175843
2019-04-30,hrp,ENEL.MI,0.030234750708367883
2019-04-30,hrp,STMMI.MI,0.0048341030832424366
2019-04-30,minimum_variance,EXV4.DE,0.10460923976061669
2019-04-30,minimum_variance,EXV6.DE,0.00019625882020130544
2019-04-30,minimum_variance,EXV7.DE,0.04896052439367329
2019-04-30,minimum_variance,EXH8.DE,0.09168679088388929
2019-04-30,minimum_variance,EWN,0.031719960127681496
2019-04-30,minimum_variance,EWL,0.15000000000000002
2019-04-30,minimum_variance,DTE.DE,0.04082513252866739
2019-04-30,minimum_variance,BMW.DE,0.013135622628305981
2019-04-30,minimum_variance,MUV2.DE,0.042101962839119794
2019-04-30,minimum_variance,TTE.PA,0.001898018093076406
2019-04-30,minimum_variance,SAN.PA,0.025938855821608205
2019-04-30,minimum_variance,HEIA.AS,0.09131800995099276
2019-04-30,minimum_variance,AD.AS,0.09007280776934501
2019-04-30,minimum_variance,WKL.AS,0.021238652099658285
2019-04-30,minimum_variance,ENG.MC,0.07145603983646258
2019-04-30,minimum_variance,NESN.SW,0.12360551352140245
2019-04-30,minimum_variance,RO.SW,0.05123661092529915
2019-04-30,xgb,EWN,0.14999999999999789
2019-04-30,xgb,SAP.DE,0.1500000000000001
2019-04-30,xgb,BAS.DE,0.147088028265497
2019-04-30,xgb,SAN.PA,0.10291197173450402
2019-04-30,xgb,BNP.PA,0.15000000000000047
2019-04-30,xgb,CAP.PA,0.1500000000000004
2019-04-30,xgb,AD.AS,0.1500000000000001
2019-04-30,xgb_sentiment,SAP.DE,0.14999999999999897
2019-04-30,xgb_sentiment,BAS.DE,0.1403219100828881
2019-04-30,xgb_sentiment,BNP.PA,0.07918889150331629
2019-04-30,xgb_sentiment,AIR.PA,0.057619094288850925
2019-04-30,xgb_sentiment,CAP.PA,0.13105689086318445
2019-04-30,xgb_sentiment,AD.AS,0.14999999999999897
2019-04-30,xgb_sentiment,IBE.MC,0.14999999999999897
2019-04-30,xgb_sentiment,ITX.MC,0.05499239519662029
2019-04-30,xgb_sentiment,NOVN.SW,0.08682081806514311
2019-04-30,equal_weight,EXSA.DE,0.017543859649122806
2019-04-30,equal_weight,EXV1.DE,0.017543859649122806
2019-04-30,equal_weight,EXV4.DE,0.017543859649122806
2019-04-30,equal_weight,EXV3.DE,0.017543859649122806
2019-04-30,equal_weight,EXV2.DE,0.017543859649122806
2019-04-30,equal_weight,EXV6.DE,0.017543859649122806
2019-04-30,equal_weight,EXV7.DE,0.017543859649122806
2019-04-30,equal_weight,EXH7.DE,0.017543859649122806
2019-04-30,equal_weight,EXH8.DE,0.017543859649122806
2019-04-30,equal_weight,EXS1.DE,0.017543859649122806
2019-04-30,equal_weight,CAC.PA,0.017543859649122806
2019-04-30,equal_weight,EWI,0.017543859649122806
2019-04-30,equal_weight,EWP,0.017543859649122806
2019-04-30,equal_weight,EWN,0.017543859649122806
2019-04-30,equal_weight,EWL,0.017543859649122806
2019-04-30,equal_weight,SAP.DE,0.017543859649122806
2019-04-30,equal_weight,SIE.DE,0.017543859649122806
2019-04-30,equal_weight,BAS.DE,0.017543859649122806
2019-04-30,equal_weight,VOW3.DE,0.017543859649122806
2019-04-30,equal_weight,DTE.DE,0.017543859649122806
2019-04-30,equal_weight,ALV.DE,0.017543859649122806
2019-04-30,equal_weight,BMW.DE,0.017543859649122806
2019-04-30,equal_weight,MBG.DE,0.017543859649122806
2019-04-30,equal_weight,MUV2.DE,0.017543859649122806
2019-04-30,equal_weight,MC.PA,0.017543859649122806
2019-04-30,equal_weight,TTE.PA,0.017543859649122806
2019-04-30,equal_weight,OR.PA,0.017543859649122806
2019-04-30,equal_weight,SAN.PA,0.017543859649122806
2019-04-30,equal_weight,BNP.PA,0.017543859649122806
2019-04-30,equal_weight,AIR.PA,0.017543859649122806
2019-04-30,equal_weight,SU.PA,0.017543859649122806
2019-04-30,equal_weight,CAP.PA,0.017543859649122806
2019-04-30,equal_weight,AI.PA,0.017543859649122806
2019-04-30,equal_weight,ASML.AS,0.017543859649122806
2019-04-30,equal_weight,PHIA.AS,0.017543859649122806
2019-04-30,equal_weight,INGA.AS,0.017543859649122806
2019-04-30,equal_weight,HEIA.AS,0.017543859649122806
2019-04-30,equal_weight,AD.AS,0.017543859649122806
2019-04-30,equal_weight,WKL.AS,0.017543859649122806
2019-04-30,equal_weight,SAN.MC,0.017543859649122806
2019-04-30,equal_weight,IBE.MC,0.017543859649122806
2019-04-30,equal_weight,ITX.MC,0.017543859649122806
2019-04-30,equal_weight,TEF.MC,0.017543859649122806
2019-04-30,equal_weight,ENG.MC,0.017543859649122806
2019-04-30,equal_weight,BBVA.MC,0.017543859649122806
2019-04-30,equal_weight,NESN.SW,0.017543859649122806
2019-04-30,equal_weight,NOVN.SW,0.017543859649122806
2019-04-30,equal_weight,UBSG.SW,0.017543859649122806
2019-04-30,equal_weight,RO.SW,0.017543859649122806
2019-04-30,equal_weight,ABBN.SW,0.017543859649122806
2019-04-30,equal_weight,CFR.SW,0.017543859649122806
2019-04-30,equal_weight,HOLN.SW,0.017543859649122806
2019-04-30,equal_weight,ENI.MI,0.017543859649122806
2019-04-30,equal_weight,ISP.MI,0.017543859649122806
2019-04-30,equal_weight,UCG.MI,0.017543859649122806
2019-04-30,equal_weight,ENEL.MI,0.017543859649122806
2019-04-30,equal_weight,STMMI.MI,0.017543859649122806
2019-05-31,markowitz,EXV6.DE,0.02118556566636093
2019-05-31,markowitz,EWN,0.0053184064668519776
2019-05-31,markowitz,ALV.DE,0.11472482555565681
2019-05-31,markowitz,MUV2.DE,0.03618936266906914
2019-05-31,markowitz,MC.PA,0.15000000000000088
2019-05-31,markowitz,AIR.PA,0.135638881789669
2019-05-31,markowitz,WKL.AS,0.1499999999999992
2019-05-31,markowitz,IBE.MC,0.15000000000000105
2019-05-31,markowitz,NESN.SW,0.12851627754329975
2019-05-31,markowitz,ENEL.MI,0.04997450890751616
2019-05-31,markowitz,STMMI.MI,0.05845217140157503
2019-05-31,hrp,EXSA.DE,0.024754802216377762
2019-05-31,hrp,EXV1.DE,0.008937679086590314
2019-05-31,hrp,EXV4.DE,0.025657096704660414
2019-05-31,hrp,EXV3.DE,0.012020892169398311
2019-05-31,hrp,EXV2.DE,0.025898754606940112
2019-05-31,hrp,EXV6.DE,0.01271865633739201
2019-05-31,hrp,EXV7.DE,0.01728124793529407
2019-05-31,hrp,EXH7.DE,0.031584162737674094
2019-05-31,hrp,EXH8.DE,0.03652465383230048
2019-05-31,hrp,EXS1.DE,0.0171169250921019
2019-05-31,hrp,CAC.PA,0.01963075753675555
2019-05-31,hrp,EWI,0.019660148141747488
2019-05-31,hrp,EWP,0.027202580605113123
2019-05-31,hrp,EWN,0.02106984426252498
2019-05-31,hrp,EWL,0.026927622759199733
2019-05-31,hrp,SAP.DE,0.012866671468895427
2019-05-31,hrp,SIE.DE,0.011310793810697307
2019-05-31,hrp,BAS.DE,0.01735407889842075
2019-05-31,hrp,VOW3.DE,0.007983161523338913
2019-05-31,hrp,DTE.DE,0.020371220024831826
2019-05-31,hrp,ALV.DE,0.01475827460642012
2019-05-31,hrp,BMW.DE,0.009533739222513658
2019-05-31,hrp,MBG.DE,0.008775304208847553
2019-05-31,hrp,MUV2.DE,0.026801710694757928
2019-05-31,hrp,MC.PA,0.01083954760270487
2019-05-31,hrp,TTE.PA,0.02005772440479834
2019-05-31,hrp,OR.PA,0.02889775349902177
2019-05-31,hrp,SAN.PA,0.02579064818855094
2019-05-31,hrp,BNP.PA,0.0053094928127887814
2019-05-31,hrp,AIR.PA,0.01078955729209636
2019-05-31,hrp,SU.PA,0.01267155416520012
2019-05-31,hrp,CAP.PA,0.013839716549840545
2019-05-31,hrp,AI.PA,0.018492230388636035
2019-05-31,hrp,ASML.AS,0.0058557324979523605
2019-05-31,hrp,PHIA.AS,0.01608609948461737
2019-05-31,hrp,INGA.AS,0.00628349357908355
2019-05-31,hrp,HEIA.AS,0.030300020852036442
2019-05-31,hrp,AD.AS,0.028152296252742893
2019-05-31,hrp,WKL.AS,0.026549654294025272
2019-05-31,hrp,SAN.MC,0.005232630684743566
2019-05-31,hrp,IBE.MC,0.016756965105897855
2019-05-31,hrp,ITX.MC,0.014536455884034226
2019-05-31,hrp,TEF.MC,0.024286117007027253
2019-05-31,hrp,ENG.MC,0.021629563562397664
2019-05-31,hrp,BBVA.MC,0.006633435935588817
2019-05-31,hrp,NESN.SW,0.04909763496054704
2019-05-31,hrp,NOVN.SW,0.014736179933764654
2019-05-31,hrp,UBSG.SW,0.009881244784978599
2019-05-31,hrp,RO.SW,0.029013436694398407
2019-05-31,hrp,ABBN.SW,0.01843072658542185
2019-05-31,hrp,CFR.SW,0.014615004529512693
2019-05-31,hrp,HOLN.SW,0.01385996965755573
2019-05-31,hrp,ENI.MI,0.017123642964337923
2019-05-31,hrp,ISP.MI,0.005142002962968383
2019-05-31,hrp,UCG.MI,0.0033402021403353983
2019-05-31,hrp,ENEL.MI,0.013962315950045875
2019-05-31,hrp,STMMI.MI,0.005066170309554615
2019-05-31,minimum_variance,EXV4.DE,0.06451908575370734
2019-05-31,minimum_variance,EXV2.DE,0.0363298104917167
2019-05-31,minimum_variance,EXH7.DE,0.022662642276492256
2019-05-31,minimum_variance,EXH8.DE,0.14999273437761354
2019-05-31,minimum_variance,EWN,0.058642484089578215
2019-05-31,minimum_variance,EWL,0.15
2019-05-31,minimum_variance,DTE.DE,0.02788448541211425
2019-05-31,minimum_variance,BMW.DE,0.02463713063320302
2019-05-31,minimum_variance,MUV2.DE,0.05402466456261128
2019-05-31,minimum_variance,TTE.PA,0.006081449048433403
2019-05-31,minimum_variance,SAN.PA,0.04184564116740444
2019-05-31,minimum_variance,HEIA.AS,0.06740677235354312
2019-05-31,minimum_variance,AD.AS,0.06810972345070485
2019-05-31,minimum_variance,WKL.AS,0.01093557669220625
2019-05-31,minimum_variance,IBE.MC,0.0179323593115082
2019-05-31,minimum_variance,ENG.MC,0.05933808874440831
2019-05-31,minimum_variance,NESN.SW,0.09782995545627787
2019-05-31,minimum_variance,RO.SW,0.03746894465740023
2019-05-31,minimum_variance,ENI.MI,0.004358451521076731
2019-05-31,xgb,BAS.DE,0.14999999999859237
2019-05-31,xgb,BMW.DE,0.07341816258370659
2019-05-31,xgb,OR.PA,0.08453582508761863
2019-05-31,xgb,BNP.PA,0.011578168577925336
2019-05-31,xgb,AIR.PA,0.0685312233362075
2019-05-31,xgb,ASML.AS,0.06547763543478871
2019-05-31,xgb,HEIA.AS,0.08467690215504957
2019-05-31,xgb,WKL.AS,0.12959676294235142
2019-05-31,xgb,ENG.MC,0.036278557326471596
2019-05-31,xgb,UBSG.SW,0.007890376828805267
2019-05-31,xgb,ABBN.SW,0.03547200925764637
2019-05-31,xgb,HOLN.SW,0.07006412944710559
2019-05-31,xgb,ENI.MI,0.10827336609874127
2019-05-31,xgb,ENEL.MI,0.07420688092498978
2019-05-31,xgb_sentiment,BAS.DE,0.15000000000000327
2019-05-31,xgb_sentiment,MC.PA,0.056495698070223616
2019-05-31,xgb_sentiment,OR.PA,0.010597444518420351
2019-05-31,xgb_sentiment,BNP.PA,0.027419335868793786
2019-05-31,xgb_sentiment,AIR.PA,0.10271633736949265
2019-05-31,xgb_sentiment,ASML.AS,0.06746321298579133
2019-05-31,xgb_sentiment,HEIA.AS,0.15000000000000735
2019-05-31,xgb_sentiment,IBE.MC,0.15000000000000005
2019-05-31,xgb_sentiment,ITX.MC,0.15000000000000238
2019-05-31,xgb_sentiment,ENG.MC,0.044354599808601264
2019-05-31,xgb_sentiment,HOLN.SW,0.07670902851470593
2019-05-31,xgb_sentiment,ENI.MI,0.014244342863958082
2019-05-31,equal_weight,EXSA.DE,0.017543859649122806
2019-05-31,equal_weight,EXV1.DE,0.017543859649122806
2019-05-31,equal_weight,EXV4.DE,0.017543859649122806
2019-05-31,equal_weight,EXV3.DE,0.017543859649122806
2019-05-31,equal_weight,EXV2.DE,0.017543859649122806
2019-05-31,equal_weight,EXV6.DE,0.017543859649122806
2019-05-31,equal_weight,EXV7.DE,0.017543859649122806
2019-05-31,equal_weight,EXH7.DE,0.017543859649122806
2019-05-31,equal_weight,EXH8.DE,0.017543859649122806
2019-05-31,equal_weight,EXS1.DE,0.017543859649122806
2019-05-31,equal_weight,CAC.PA,0.017543859649122806
2019-05-31,equal_weight,EWI,0.017543859649122806
2019-05-31,equal_weight,EWP,0.017543859649122806
2019-05-31,equal_weight,EWN,0.017543859649122806
2019-05-31,equal_weight,EWL,0.017543859649122806
2019-05-31,equal_weight,SAP.DE,0.017543859649122806
2019-05-31,equal_weight,SIE.DE,0.017543859649122806
2019-05-31,equal_weight,BAS.DE,0.017543859649122806
2019-05-31,equal_weight,VOW3.DE,0.017543859649122806
2019-05-31,equal_weight,DTE.DE,0.017543859649122806
2019-05-31,equal_weight,ALV.DE,0.017543859649122806
2019-05-31,equal_weight,BMW.DE,0.017543859649122806
2019-05-31,equal_weight,MBG.DE,0.017543859649122806
2019-05-31,equal_weight,MUV2.DE,0.017543859649122806
2019-05-31,equal_weight,MC.PA,0.017543859649122806
2019-05-31,equal_weight,TTE.PA,0.017543859649122806
2019-05-31,equal_weight,OR.PA,0.017543859649122806
2019-05-31,equal_weight,SAN.PA,0.017543859649122806
2019-05-31,equal_weight,BNP.PA,0.017543859649122806
2019-05-31,equal_weight,AIR.PA,0.017543859649122806
2019-05-31,equal_weight,SU.PA,0.017543859649122806
2019-05-31,equal_weight,CAP.PA,0.017543859649122806
2019-05-31,equal_weight,AI.PA,0.017543859649122806
2019-05-31,equal_weight,ASML.AS,0.017543859649122806
2019-05-31,equal_weight,PHIA.AS,0.017543859649122806
2019-05-31,equal_weight,INGA.AS,0.017543859649122806
2019-05-31,equal_weight,HEIA.AS,0.017543859649122806
2019-05-31,equal_weight,AD.AS,0.017543859649122806
2019-05-31,equal_weight,WKL.AS,0.017543859649122806
2019-05-31,equal_weight,SAN.MC,0.017543859649122806
2019-05-31,equal_weight,IBE.MC,0.017543859649122806
2019-05-31,equal_weight,ITX.MC,0.017543859649122806
2019-05-31,equal_weight,TEF.MC,0.017543859649122806
2019-05-31,equal_weight,ENG.MC,0.017543859649122806
2019-05-31,equal_weight,BBVA.MC,0.017543859649122806
2019-05-31,equal_weight,NESN.SW,0.017543859649122806
2019-05-31,equal_weight,NOVN.SW,0.017543859649122806
2019-05-31,equal_weight,UBSG.SW,0.017543859649122806
2019-05-31,equal_weight,RO.SW,0.017543859649122806
2019-05-31,equal_weight,ABBN.SW,0.017543859649122806
2019-05-31,equal_weight,CFR.SW,0.017543859649122806
2019-05-31,equal_weight,HOLN.SW,0.017543859649122806
2019-05-31,equal_weight,ENI.MI,0.017543859649122806
2019-05-31,equal_weight,ISP.MI,0.017543859649122806
2019-05-31,equal_weight,UCG.MI,0.017543859649122806
2019-05-31,equal_weight,ENEL.MI,0.017543859649122806
2019-05-31,equal_weight,STMMI.MI,0.017543859649122806
2019-06-28,markowitz,ALV.DE,0.15000000000000027
2019-06-28,markowitz,MUV2.DE,0.06428656407466588
2019-06-28,markowitz,MC.PA,0.14999999999999988
2019-06-28,markowitz,AIR.PA,0.15000000000000027
2019-06-28,markowitz,WKL.AS,0.1499999999999997
2019-06-28,markowitz,IBE.MC,0.14852348910521682
2019-06-28,markowitz,NESN.SW,0.06527477494770313
2019-06-28,markowitz,ENEL.MI,0.061560911408333176
2019-06-28,markowitz,STMMI.MI,0.06035426046408089
2019-06-28,hrp,EXSA.DE,0.021629787128631194
2019-06-28,hrp,EXV1.DE,0.01737349584422643
2019-06-28,hrp,EXV4.DE,0.028724201711787176
2019-06-28,hrp,EXV3.DE,0.009843408992812178
2019-06-28,hrp,EXV2.DE,0.03978231867891277
2019-06-28,hrp,EXV6.DE,0.013205138788903366
2019-06-28,hrp,EXV7.DE,0.015132482491066603
2019-06-28,hrp,EXH7.DE,0.030595378600720494
2019-06-28,hrp,EXH8.DE,0.042826610847541066
2019-06-28,hrp,EXS1.DE,0.014223601139672975
2019-06-28,hrp,CAC.PA,0.021919715183376275
2019-06-28,hrp,EWI,0.014178057117525858
2019-06-28,hrp,EWP,0.017261006076499764
2019-06-28,hrp,EWN,0.03312461382550663
2019-06-28,hrp,EWL,0.0310543610299952
2019-06-28,hrp,SAP.DE,0.00739042684232333
2019-06-28,hrp,SIE.DE,0.010376793512471786
2019-06-28,hrp,BAS.DE,0.007962446368739724
2019-06-28,hrp,VOW3.DE,0.008945633580461432
2019-06-28,hrp,DTE.DE,0.025064823010344912
2019-06-28,hrp,ALV.DE,0.014010861616489647
2019-06-28,hrp,BMW.DE,0.008996237295486618
2019-06-28,hrp,MBG.DE,0.007965190863384014
2019-06-28,hrp,MUV2.DE,0.02964149202660466
2019-06-28,hrp,MC.PA,0.011547557236026905
2019-06-28,hrp,TTE.PA,0.017791070675044224
2019-06-28,hrp,OR.PA,0.030843510218520914
2019-06-28,hrp,SAN.PA,0.022030832525985377
2019-06-28,hrp,BNP.PA,0.006781298799193934
2019-06-28,hrp,AIR.PA,0.012269963294172303
2019-06-28,hrp,SU.PA,0.008616060214449764
2019-06-28,hrp,CAP.PA,0.010190231586498974
2019-06-28,hrp,AI.PA,0.020689016971555695
2019-06-28,hrp,ASML.AS,0.005720884398718761
2019-06-28,hrp,PHIA.AS,0.017418276447130704
2019-06-28,hrp,INGA.AS,0.00739000644566493
2019-06-28,hrp,HEIA.AS,0.029634617752679678
2019-06-28,hrp,AD.AS,0.02743711017969831
2019-06-28,hrp,WKL.AS,0.026339746693614254
2019-06-28,hrp,SAN.MC,0.0063719485957090954
2019-06-28,hrp,IBE.MC,0.017548478576634826
2019-06-28,hrp,ITX.MC,0.014435554766144793
2019-06-28,hrp,TEF.MC,0.021148706224345656
2019-06-28,hrp,ENG.MC,0.020939408663536847
2019-06-28,hrp,BBVA.MC,0.006701771561083121
2019-06-28,hrp,NESN.SW,0.049490705201880175
2019-06-28,hrp,NOVN.SW,0.01897755445227462
2019-06-28,hrp,UBSG.SW,0.00794163641250998
2019-06-28,hrp,RO.SW,0.02419622933667515
2019-06-28,hrp,ABBN.SW,0.015161278745932486
2019-06-28,hrp,CFR.SW,0.015768636731116788
2019-06-28,hrp,HOLN.SW,0.010352276279243221
2019-06-28,hrp,ENI.MI,0.018190907275173644
2019-06-28,hrp,ISP.MI,0.005992948005503623
2019-06-28,hrp,UCG.MI,0.002842805401018201
2019-06-28,hrp,ENEL.MI,0.01393342826422494
2019-06-28,hrp,STMMI.MI,0.004077459494554149
2019-06-28,minimum_variance,EXV4.DE,0.056792801877358946
2019-06-28,minimum_variance,EXV2.DE,0.05825391255022377
2019-06-28,minimum_variance,EXV6.DE,0.0056726834768320725
2019-06-28,minimum_variance,EXH7.DE,0.029891245198408523
2019-06-28,minimum_variance,EXH8.DE,0.14999999999999997
2019-06-28,minimum_variance,EWN,0.06376732084444536
2019-06-28,minimum_variance,EWL,0.15
2019-06-28,minimum_variance,DTE.DE,0.035523924001872195
2019-06-28,minimum_variance,BMW.DE,0.01917741713486658
2019-06-28,minimum_variance,MUV2.DE,0.05757398005937082
2019-06-28,minimum_variance,TTE.PA,0.004844927398689749
2019-06-28,minimum_variance,SAN.PA,0.02771091202193855
2019-06-28,minimum_variance,HEIA.AS,0.057359207729765584
2019-06-28,minimum_variance,AD.AS,0.05759812680368125
2019-06-28,minimum_variance,WKL.AS,0.011921702388161797
2019-06-28,minimum_variance,IBE.MC,0.03845616970138267
2019-06-28,minimum_variance,ENG.MC,0.04320956878012566
2019-06-28,minimum_variance,NESN.SW,0.0819975973116599
2019-06-28,minimum_variance,RO.SW,0.040424582284430244
2019-06-28,minimum_variance,ENI.MI,0.009823920436786414
2019-06-28,xgb,EWI,0.06422684647233434
2019-06-28,xgb,TTE.PA,0.14182786768445244
2019-06-28,xgb,OR.PA,0.05089080010229767
2019-06-28,xgb,AIR.PA,0.05483333280618089
2019-06-28,xgb,HEIA.AS,0.15000000000000113
2019-06-28,xgb,AD.AS,0.0680110604917888
2019-06-28,xgb,WKL.AS,0.14999999999999875
2019-06-28,xgb,IBE.MC,0.1499999999999979
2019-06-28,xgb,NESN.SW,0.1500000000000002
2019-06-28,xgb,ENI.MI,0.02021009244294806
2019-06-28,xgb_sentiment,EWI,0.07161574019299452
2019-06-28,xgb_sentiment,TTE.PA,0.03043277914349564
2019-06-28,xgb_sentiment,OR.PA,0.10624853510395561
2019-06-28,xgb_sentiment,SAN.PA,0.1499999999999914
2019-06-28,xgb_sentiment,AIR.PA,0.05229224417368326
2019-06-28,xgb_sentiment,HEIA.AS,0.1499999999999914
2019-06-28,xgb_sentiment,AD.AS,0.10302803265213595
2019-06-28,xgb_sentiment,WKL.AS,0.09457563638250643
2019-06-28,xgb_sentiment,IBE.MC,0.1499999999999914
2019-06-28,xgb_sentiment,NESN.SW,0.07152016759145247
2019-06-28,xgb_sentiment,ENI.MI,0.02028686475980202
2019-06-28,equal_weight,EXSA.DE,0.017543859649122806
2019-06-28,equal_weight,EXV1.DE,0.017543859649122806
2019-06-28,equal_weight,EXV4.DE,0.017543859649122806
2019-06-28,equal_weight,EXV3.DE,0.017543859649122806
2019-06-28,equal_weight,EXV2.DE,0.017543859649122806
2019-06-28,equal_weight,EXV6.DE,0.017543859649122806
2019-06-28,equal_weight,EXV7.DE,0.017543859649122806
2019-06-28,equal_weight,EXH7.DE,0.017543859649122806
2019-06-28,equal_weight,EXH8.DE,0.017543859649122806
2019-06-28,equal_weight,EXS1.DE,0.017543859649122806
2019-06-28,equal_weight,CAC.PA,0.017543859649122806
2019-06-28,equal_weight,EWI,0.017543859649122806
2019-06-28,equal_weight,EWP,0.017543859649122806
2019-06-28,equal_weight,EWN,0.017543859649122806
2019-06-28,equal_weight,EWL,0.017543859649122806
2019-06-28,equal_weight,SAP.DE,0.017543859649122806
2019-06-28,equal_weight,SIE.DE,0.017543859649122806
2019-06-28,equal_weight,BAS.DE,0.017543859649122806
2019-06-28,equal_weight,VOW3.DE,0.017543859649122806
2019-06-28,equal_weight,DTE.DE,0.017543859649122806
2019-06-28,equal_weight,ALV.DE,0.017543859649122806
2019-06-28,equal_weight,BMW.DE,0.017543859649122806
2019-06-28,equal_weight,MBG.DE,0.017543859649122806
2019-06-28,equal_weight,MUV2.DE,0.017543859649122806
2019-06-28,equal_weight,MC.PA,0.017543859649122806
2019-06-28,equal_weight,TTE.PA,0.017543859649122806
2019-06-28,equal_weight,OR.PA,0.017543859649122806
2019-06-28,equal_weight,SAN.PA,0.017543859649122806
2019-06-28,equal_weight,BNP.PA,0.017543859649122806
2019-06-28,equal_weight,AIR.PA,0.017543859649122806
2019-06-28,equal_weight,SU.PA,0.017543859649122806
2019-06-28,equal_weight,CAP.PA,0.017543859649122806
2019-06-28,equal_weight,AI.PA,0.017543859649122806
2019-06-28,equal_weight,ASML.AS,0.017543859649122806
2019-06-28,equal_weight,PHIA.AS,0.017543859649122806
2019-06-28,equal_weight,INGA.AS,0.017543859649122806
2019-06-28,equal_weight,HEIA.AS,0.017543859649122806
2019-06-28,equal_weight,AD.AS,0.017543859649122806
2019-06-28,equal_weight,WKL.AS,0.017543859649122806
2019-06-28,equal_weight,SAN.MC,0.017543859649122806
2019-06-28,equal_weight,IBE.MC,0.017543859649122806
2019-06-28,equal_weight,ITX.MC,0.017543859649122806
2019-06-28,equal_weight,TEF.MC,0.017543859649122806
2019-06-28,equal_weight,ENG.MC,0.017543859649122806
2019-06-28,equal_weight,BBVA.MC,0.017543859649122806
2019-06-28,equal_weight,NESN.SW,0.017543859649122806
2019-06-28,equal_weight,NOVN.SW,0.017543859649122806
2019-06-28,equal_weight,UBSG.SW,0.017543859649122806
2019-06-28,equal_weight,RO.SW,0.017543859649122806
2019-06-28,equal_weight,ABBN.SW,0.017543859649122806
2019-06-28,equal_weight,CFR.SW,0.017543859649122806
2019-06-28,equal_weight,HOLN.SW,0.017543859649122806
2019-06-28,equal_weight,ENI.MI,0.017543859649122806
2019-06-28,equal_weight,ISP.MI,0.017543859649122806
2019-06-28,equal_weight,UCG.MI,0.017543859649122806
2019-06-28,equal_weight,ENEL.MI,0.017543859649122806
2019-06-28,equal_weight,STMMI.MI,0.017543859649122806
2019-07-31,markowitz,ALV.DE,0.14137868082297772
2019-07-31,markowitz,MC.PA,0.14999999999999933
2019-07-31,markowitz,AIR.PA,0.14999999999999933
2019-07-31,markowitz,ASML.AS,0.05132025886467177
2019-07-31,markowitz,WKL.AS,0.14999999999999933
2019-07-31,markowitz,IBE.MC,0.14999999999999933
2019-07-31,markowitz,NESN.SW,0.09711997004359486
2019-07-31,markowitz,ENEL.MI,0.08290023364757143
2019-07-31,markowitz,STMMI.MI,0.027280856621186914
2019-07-31,hrp,EXSA.DE,0.020444791165115803
2019-07-31,hrp,EXV1.DE,0.011770554887670807
2019-07-31,hrp,EXV4.DE,0.0283516478636889
2019-07-31,hrp,EXV3.DE,0.012138852451672271
2019-07-31,hrp,EXV2.DE,0.027278891742226023
2019-07-31,hrp,EXV6.DE,0.013274825182200765
2019-07-31,hrp,EXV7.DE,0.013448998599292335
2019-07-31,hrp,EXH7.DE,0.03548226710311925
2019-07-31,hrp,EXH8.DE,0.04378935968315138
2019-07-31,hrp,EXS1.DE,0.013630533059236769
2019-07-31,hrp,CAC.PA,0.015900936873614355
2019-07-31,hrp,EWI,0.014198804939073419
2019-07-31,hrp,EWP,0.01742265821412312
2019-07-31,hrp,EWN,0.03343626751823502
2019-07-31,hrp,EWL,0.03492720719186209
2019-07-31,hrp,SAP.DE,0.008919426425350381
2019-07-31,hrp,SIE.DE,0.010171465976376845
2019-07-31,hrp,BAS.DE,0.008807857045806448
2019-07-31,hrp,VOW3.DE,0.015850905890904557
2019-07-31,hrp,DTE.DE,0.021123933110866987
2019-07-31,hrp,ALV.DE,0.012795325148159602
2019-07-31,hrp,BMW.DE,0.01218901459746329
2019-07-31,hrp,MBG.DE,0.010333110171477547
2019-07-31,hrp,MUV2.DE,0.01781021282047116
2019-07-31,hrp,MC.PA,0.013434548363501867
2019-07-31,hrp,TTE.PA,0.01754807616922624
2019-07-31,hrp,OR.PA,0.023644599445779704
2019-07-31,hrp,SAN.PA,0.022987876315625287
2019-07-31,hrp,BNP.PA,0.012292054138162924
2019-07-31,hrp,AIR.PA,0.015940157806186697
2019-07-31,hrp,SU.PA,0.010301167366087846
2019-07-31,hrp,CAP.PA,0.013485559123444303
2019-07-31,hrp,AI.PA,0.021343500516880425
2019-07-31,hrp,ASML.AS,0.00572611811099806
2019-07-31,hrp,PHIA.AS,0.016875911384444338
2019-07-31,hrp,INGA.AS,0.00829894901939836
2019-07-31,hrp,HEIA.AS,0.028663296097108937
2019-07-31,hrp,AD.AS,0.02740907749598989
2019-07-31,hrp,WKL.AS,0.026347609285911955
2019-07-31,hrp,SAN.MC,0.006413034078890583
2019-07-31,hrp,IBE.MC,0.018352029787504675
2019-07-31,hrp,ITX.MC,0.01505107542903581
2019-07-31,hrp,TEF.MC,0.01846276870330453
2019-07-31,hrp,ENG.MC,0.014512826725001976
2019-07-31,hrp,BBVA.MC,0.0066737814774488645
2019-07-31,hrp,NESN.SW,0.05021003734384526
2019-07-31,hrp,NOVN.SW,0.01575416033718581
2019-07-31,hrp,UBSG.SW,0.01045674206663344
2019-07-31,hrp,RO.SW,0.028284985267155505
2019-07-31,hrp,ABBN.SW,0.0145913067500516
2019-07-31,hrp,CFR.SW,0.016316305249179975
2019-07-31,hrp,HOLN.SW,0.013652823567987018
2019-07-31,hrp,ENI.MI,0.01829164019157586
2019-07-31,hrp,ISP.MI,0.0074336997072175426
2019-07-31,hrp,UCG.MI,0.005652931950448592
2019-07-31,hrp,ENEL.MI,0.017988350605893308
2019-07-31,hrp,STMMI.MI,0.0041051524617338655
2019-07-31,minimum_variance,EXV4.DE,0.05416691762331334
2019-07-31,minimum_variance,EXV2.DE,0.06158184885448848
2019-07-31,minimum_variance,EXV6.DE,0.003133353078683844
2019-07-31,minimum_variance,EXH7.DE,0.020306076377408718
2019-07-31,minimum_variance,EXH8.DE,0.15
2019-07-31,minimum_variance,EWN,0.06117534794371201
2019-07-31,minimum_variance,EWL,0.15
2019-07-31,minimum_variance,DTE.DE,0.031662999708527435
2019-07-31,minimum_variance,BMW.DE,0.025556552942350392
2019-07-31,minimum_variance,MUV2.DE,0.058911990499832964
2019-07-31,minimum_variance,TTE.PA,0.00794667790843346
2019-07-31,minimum_variance,SAN.PA,0.025632167114525335
2019-07-31,minimum_variance,HEIA.AS,0.06316229595634953
2019-07-31,minimum_variance,AD.AS,0.059789725779563145
2019-07-31,minimum_variance,WKL.AS,0.010891666741003827
2019-07-31,minimum_variance,IBE.MC,0.05116718991136506
2019-07-31,minimum_variance,ENG.MC,0.016931389003620286
2019-07-31,minimum_variance,NESN.SW,0.09486568227362217
2019-07-31,minimum_variance,RO.SW,0.03366172200654362
2019-07-31,minimum_variance,ENI.MI,0.019456396276656424
2019-07-31,xgb,SAP.DE,0.08717219693976505
2019-07-31,xgb,OR.PA,0.15000000000000072
2019-07-31,xgb,AIR.PA,0.02808746659100053
2019-07-31,xgb,HEIA.AS,0.14999999999999858
2019-07-31,xgb,ENG.MC,0.15000000000000072
2019-07-31,xgb,BBVA.MC,0.021419574677336257
2019-07-31,xgb,NOVN.SW,0.14351824922711273
2019-07-31,xgb,CFR.SW,0.12184269297704975
2019-07-31,xgb,ENEL.MI,0.14795981958773563
2019-07-31,xgb_sentiment,SAP.DE,0.09757327606580012
2019-07-31,xgb_sentiment,OR.PA,0.1499999999999976
2019-07-31,xgb_sentiment,AIR.PA,0.06946503721981935
2019-07-31,xgb_sentiment,HEIA.AS,0.1499999999999976
2019-07-31,xgb_sentiment,IBE.MC,0.1499999999999976
2019-07-31,xgb_sentiment,ENG.MC,0.14493522488372532
2019-07-31,xgb_sentiment,NOVN.SW,0.0956250711892559
2019-07-31,xgb_sentiment,CFR.SW,0.03669231779030827
2019-07-31,xgb_sentiment,ENEL.MI,0.10570907285109837
2019-07-31,equal_weight,EXSA.DE,0.017543859649122806
2019-07-31,equal_weight,EXV1.DE,0.017543859649122806
2019-07-31,equal_weight,EXV4.DE,0.017543859649122806
2019-07-31,equal_weight,EXV3.DE,0.017543859649122806
2019-07-31,equal_weight,EXV2.DE,0.017543859649122806
2019-07-31,equal_weight,EXV6.DE,0.017543859649122806
2019-07-31,equal_weight,EXV7.DE,0.017543859649122806
2019-07-31,equal_weight,EXH7.DE,0.017543859649122806
2019-07-31,equal_weight,EXH8.DE,0.017543859649122806
2019-07-31,equal_weight,EXS1.DE,0.017543859649122806
2019-07-31,equal_weight,CAC.PA,0.017543859649122806
2019-07-31,equal_weight,EWI,0.017543859649122806
2019-07-31,equal_weight,EWP,0.017543859649122806
2019-07-31,equal_weight,EWN,0.017543859649122806
2019-07-31,equal_weight,EWL,0.017543859649122806
2019-07-31,equal_weight,SAP.DE,0.017543859649122806
2019-07-31,equal_weight,SIE.DE,0.017543859649122806
2019-07-31,equal_weight,BAS.DE,0.017543859649122806
2019-07-31,equal_weight,VOW3.DE,0.017543859649122806
2019-07-31,equal_weight,DTE.DE,0.017543859649122806
2019-07-31,equal_weight,ALV.DE,0.017543859649122806
2019-07-31,equal_weight,BMW.DE,0.017543859649122806
2019-07-31,equal_weight,MBG.DE,0.017543859649122806
2019-07-31,equal_weight,MUV2.DE,0.017543859649122806
2019-07-31,equal_weight,MC.PA,0.017543859649122806
2019-07-31,equal_weight,TTE.PA,0.017543859649122806
2019-07-31,equal_weight,OR.PA,0.017543859649122806
2019-07-31,equal_weight,SAN.PA,0.017543859649122806
2019-07-31,equal_weight,BNP.PA,0.017543859649122806
2019-07-31,equal_weight,AIR.PA,0.017543859649122806
2019-07-31,equal_weight,SU.PA,0.017543859649122806
2019-07-31,equal_weight,CAP.PA,0.017543859649122806
2019-07-31,equal_weight,AI.PA,0.017543859649122806
2019-07-31,equal_weight,ASML.AS,0.017543859649122806
2019-07-31,equal_weight,PHIA.AS,0.017543859649122806
2019-07-31,equal_weight,INGA.AS,0.017543859649122806
2019-07-31,equal_weight,HEIA.AS,0.017543859649122806
2019-07-31,equal_weight,AD.AS,0.017543859649122806
2019-07-31,equal_weight,WKL.AS,0.017543859649122806
2019-07-31,equal_weight,SAN.MC,0.017543859649122806
2019-07-31,equal_weight,IBE.MC,0.017543859649122806
2019-07-31,equal_weight,ITX.MC,0.017543859649122806
2019-07-31,equal_weight,TEF.MC,0.017543859649122806
2019-07-31,equal_weight,ENG.MC,0.017543859649122806
2019-07-31,equal_weight,BBVA.MC,0.017543859649122806
2019-07-31,equal_weight,NESN.SW,0.017543859649122806
2019-07-31,equal_weight,NOVN.SW,0.017543859649122806
2019-07-31,equal_weight,UBSG.SW,0.017543859649122806
2019-07-31,equal_weight,RO.SW,0.017543859649122806
2019-07-31,equal_weight,ABBN.SW,0.017543859649122806
2019-07-31,equal_weight,CFR.SW,0.017543859649122806
2019-07-31,equal_weight,HOLN.SW,0.017543859649122806
2019-07-31,equal_weight,ENI.MI,0.017543859649122806
2019-07-31,equal_weight,ISP.MI,0.017543859649122806
2019-07-31,equal_weight,UCG.MI,0.017543859649122806
2019-07-31,equal_weight,ENEL.MI,0.017543859649122806
2019-07-31,equal_weight,STMMI.MI,0.017543859649122806
2019-08-30,markowitz,ALV.DE,0.0414266764001414
2019-08-30,markowitz,MC.PA,0.1500000000000001
2019-08-30,markowitz,AIR.PA,0.15
2019-08-30,markowitz,ASML.AS,0.05277955963142653
2019-08-30,markowitz,WKL.AS,0.14999999999999997
2019-08-30,markowitz,IBE.MC,0.1500000000000001
2019-08-30,markowitz,NESN.SW,0.1500000000000001
2019-08-30,markowitz,ENEL.MI,0.14999999999999855
2019-08-30,markowitz,STMMI.MI,0.005793763968433279
2019-08-30,hrp,EXSA.DE,0.020052191672629942
2019-08-30,hrp,EXV1.DE,0.012005062623502828
2019-08-30,hrp,EXV4.DE,0.030975150049617504
2019-08-30,hrp,EXV3.DE,0.010327764545864124
2019-08-30,hrp,EXV2.DE,0.026368434122508062
2019-08-30,hrp,EXV6.DE,0.011627094457321688
2019-08-30,hrp,EXV7.DE,0.012992947476375164
2019-08-30,hrp,EXH7.DE,0.04004438083394972
2019-08-30,hrp,EXH8.DE,0.04496259038640559
2019-08-30,hrp,EXS1.DE,0.013510868456239071
2019-08-30,hrp,CAC.PA,0.015540040802548373
2019-08-30,hrp,EWI,0.016894113636302735
2019-08-30,hrp,EWP,0.014990526978925158
2019-08-30,hrp,EWN,0.02048057433837783
2019-08-30,hrp,EWL,0.04927440853334495
2019-08-30,hrp,SAP.DE,0.007663038219012698
2019-08-30,hrp,SIE.DE,0.011316091105540108
2019-08-30,hrp,BAS.DE,0.00915824166900536
2019-08-30,hrp,VOW3.DE,0.009384168540363039
2019-08-30,hrp,DTE.DE,0.020868210231416988
2019-08-30,hrp,ALV.DE,0.013798202023896708
2019-08-30,hrp,BMW.DE,0.009744583232592256
2019-08-30,hrp,MBG.DE,0.008382221343856959
2019-08-30,hrp,MUV2.DE,0.027517068684036017
2019-08-30,hrp,MC.PA,0.01289549972040116
2019-08-30,hrp,TTE.PA,0.01842544030401526
2019-08-30,hrp,OR.PA,0.0230469825950628
2019-08-30,hrp,SAN.PA,0.030971836608963466
2019-08-30,hrp,BNP.PA,0.006934961735970969
2019-08-30,hrp,AIR.PA,0.008756341147798104
2019-08-30,hrp,SU.PA,0.008671511166501299
2019-08-30,hrp,CAP.PA,0.00982228542666508
2019-08-30,hrp,AI.PA,0.014370849145424906
2019-08-30,hrp,ASML.AS,0.006361280668505313
2019-08-30,hrp,PHIA.AS,0.01492504775401738
2019-08-30,hrp,INGA.AS,0.007938598845926834
2019-08-30,hrp,HEIA.AS,0.025084892668498362
2019-08-30,hrp,AD.AS,0.027351508293504415
2019-08-30,hrp,WKL.AS,0.022415514016359658
2019-08-30,hrp,SAN.MC,0.0069888954016270296
2019-08-30,hrp,IBE.MC,0.025483846289727965
2019-08-30,hrp,ITX.MC,0.01772284867307972
2019-08-30,hrp,TEF.MC,0.019546293125423053
2019-08-30,hrp,ENG.MC,0.019676701988276844
2019-08-30,hrp,BBVA.MC,0.011313218460224497
2019-08-30,hrp,NESN.SW,0.052843947033051224
2019-08-30,hrp,NOVN.SW,0.017006525390931074
2019-08-30,hrp,UBSG.SW,0.01343768462056042
2019-08-30,hrp,RO.SW,0.02269956178612549
2019-08-30,hrp,ABBN.SW,0.014358298796208604
2019-08-30,hrp,CFR.SW,0.01715187012543271
2019-08-30,hrp,HOLN.SW,0.012894424593085263
2019-08-30,hrp,ENI.MI,0.016072397462964225
2019-08-30,hrp,ISP.MI,0.005632851202485389
2019-08-30,hrp,UCG.MI,0.002745097234511287
2019-08-30,hrp,ENEL.MI,0.021266283003326145
2019-08-30,hrp,STMMI.MI,0.0073087307517112005
2019-08-30,minimum_variance,EXV4.DE,0.04678880769595027
2019-08-30,minimum_variance,EXV2.DE,0.044111498656246396
2019-08-30,minimum_variance,EXV6.DE,0.001923895102225079
2019-08-30,minimum_variance,EXH7.DE,0.010516488409801735
2019-08-30,minimum_variance,EXH8.DE,0.14999999999999997
2019-08-30,minimum_variance,EWN,0.05705526919817919
2019-08-30,minimum_variance,EWL,0.14999999999999997
2019-08-30,minimum_variance,DTE.DE,0.05844747158467039
2019-08-30,minimum_variance,BMW.DE,0.017287090900244263
2019-08-30,minimum_variance,MUV2.DE,0.0639523454272418
2019-08-30,minimum_variance,TTE.PA,0.03319933457293895
2019-08-30,minimum_variance,SAN.PA,0.013131659493281756
2019-08-30,minimum_variance,HEIA.AS,0.06607391965056096
2019-08-30,minimum_variance,AD.AS,0.05846067808117572
2019-08-30,minimum_variance,WKL.AS,0.00308147274878275
2019-08-30,minimum_variance,IBE.MC,0.05967062184976816
2019-08-30,minimum_variance,ENG.MC,0.02138243851740679
2019-08-30,minimum_variance,NESN.SW,0.09141287716053129
2019-08-30,minimum_variance,RO.SW,0.043970232598805545
2019-08-30,minimum_variance,ENI.MI,0.009533898352189056
2019-08-30,xgb,SAP.DE,0.14999999999999922
2019-08-30,xgb,AIR.PA,0.026445752070027147
2019-08-30,xgb,AI.PA,0.009725362083663423
2019-08-30,xgb,PHIA.AS,0.03403604392857867
2019-08-30,xgb,HEIA.AS,0.10448320468734676
2019-08-30,xgb,AD.AS,0.014236658465512971
2019-08-30,xgb,WKL.AS,0.04245984467043536
2019-08-30,xgb,SAN.MC,0.14645758661825278
2019-08-30,xgb,BBVA.MC,0.02215554747618732
2019-08-30,xgb,NESN.SW,0.14999999999999794
2019-08-30,xgb,NOVN.SW,0.14999999999999922
2019-08-30,xgb,CFR.SW,0.14999999999999922
2019-08-30,xgb_sentiment,SAP.DE,0.006188984860994364
2019-08-30,xgb_sentiment,AIR.PA,0.14999999999999114
2019-08-30,xgb_sentiment,HEIA.AS,0.0688563853571858
2019-08-30,xgb_sentiment,AD.AS,0.06907636950633488
2019-08-30,xgb_sentiment,WKL.AS,0.012566841785731635
2019-08-30,xgb_sentiment,SAN.MC,0.14999999999999114
2019-08-30,xgb_sentiment,IBE.MC,0.14999999999999114
2019-08-30,xgb_sentiment,NESN.SW,0.12823599544454084
2019-08-30,xgb_sentiment,NOVN.SW,0.10981237915795028
2019-08-30,xgb_sentiment,CFR.SW,0.14999999999999114
2019-08-30,xgb_sentiment,STMMI.MI,0.0052630438872976505
2019-08-30,equal_weight,EXSA.DE,0.017543859649122806
2019-08-30,equal_weight,EXV1.DE,0.017543859649122806
2019-08-30,equal_weight,EXV4.DE,0.017543859649122806
2019-08-30,equal_weight,EXV3.DE,0.017543859649122806
2019-08-30,equal_weight,EXV2.DE,0.017543859649122806
2019-08-30,equal_weight,EXV6.DE,0.017543859649122806
2019-08-30,equal_weight,EXV7.DE,0.017543859649122806
2019-08-30,equal_weight,EXH7.DE,0.017543859649122806
2019-08-30,equal_weight,EXH8.DE,0.017543859649122806
2019-08-30,equal_weight,EXS1.DE,0.017543859649122806
2019-08-30,equal_weight,CAC.PA,0.017543859649122806
2019-08-30,equal_weight,EWI,0.017543859649122806
2019-08-30,equal_weight,EWP,0.017543859649122806
2019-08-30,equal_weight,EWN,0.017543859649122806
2019-08-30,equal_weight,EWL,0.017543859649122806
2019-08-30,equal_weight,SAP.DE,0.017543859649122806
2019-08-30,equal_weight,SIE.DE,0.017543859649122806
2019-08-30,equal_weight,BAS.DE,0.017543859649122806
2019-08-30,equal_weight,VOW3.DE,0.017543859649122806
2019-08-30,equal_weight,DTE.DE,0.017543859649122806
2019-08-30,equal_weight,ALV.DE,0.017543859649122806
2019-08-30,equal_weight,BMW.DE,0.017543859649122806
2019-08-30,equal_weight,MBG.DE,0.017543859649122806
2019-08-30,equal_weight,MUV2.DE,0.017543859649122806
2019-08-30,equal_weight,MC.PA,0.017543859649122806
2019-08-30,equal_weight,TTE.PA,0.017543859649122806
2019-08-30,equal_weight,OR.PA,0.017543859649122806
2019-08-30,equal_weight,SAN.PA,0.017543859649122806
2019-08-30,equal_weight,BNP.PA,0.017543859649122806
2019-08-30,equal_weight,AIR.PA,0.017543859649122806
2019-08-30,equal_weight,SU.PA,0.017543859649122806
2019-08-30,equal_weight,CAP.PA,0.017543859649122806
2019-08-30,equal_weight,AI.PA,0.017543859649122806
2019-08-30,equal_weight,ASML.AS,0.017543859649122806
2019-08-30,equal_weight,PHIA.AS,0.017543859649122806
2019-08-30,equal_weight,INGA.AS,0.017543859649122806
2019-08-30,equal_weight,HEIA.AS,0.017543859649122806
2019-08-30,equal_weight,AD.AS,0.017543859649122806
2019-08-30,equal_weight,WKL.AS,0.017543859649122806
2019-08-30,equal_weight,SAN.MC,0.017543859649122806
2019-08-30,equal_weight,IBE.MC,0.017543859649122806
2019-08-30,equal_weight,ITX.MC,0.017543859649122806
2019-08-30,equal_weight,TEF.MC,0.017543859649122806
2019-08-30,equal_weight,ENG.MC,0.017543859649122806
2019-08-30,equal_weight,BBVA.MC,0.017543859649122806
2019-08-30,equal_weight,NESN.SW,0.017543859649122806
2019-08-30,equal_weight,NOVN.SW,0.017543859649122806
2019-08-30,equal_weight,UBSG.SW,0.017543859649122806
2019-08-30,equal_weight,RO.SW,0.017543859649122806
2019-08-30,equal_weight,ABBN.SW,0.017543859649122806
2019-08-30,equal_weight,CFR.SW,0.017543859649122806
2019-08-30,equal_weight,HOLN.SW,0.017543859649122806
2019-08-30,equal_weight,ENI.MI,0.017543859649122806
2019-08-30,equal_weight,ISP.MI,0.017543859649122806
2019-08-30,equal_weight,UCG.MI,0.017543859649122806
2019-08-30,equal_weight,ENEL.MI,0.017543859649122806
2019-08-30,equal_weight,STMMI.MI,0.017543859649122806
2019-09-30,markowitz,ALV.DE,0.024410486525954834
2019-09-30,markowitz,MC.PA,0.0934898294856437
2019-09-30,markowitz,AIR.PA,0.12174259449667257
2019-09-30,markowitz,ASML.AS,0.13618087347174973
2019-09-30,markowitz,AD.AS,0.019302485146134907
2019-09-30,markowitz,WKL.AS,0.14999999999999764
2019-09-30,markowitz,IBE.MC,0.14999999999999764
2019-09-30,markowitz,NESN.SW,0.14999999999999764
2019-09-30,markowitz,RO.SW,0.004105246238448794
2019-09-30,markowitz,ENEL.MI,0.14999999999999764
2019-09-30,markowitz,STMMI.MI,0.0007684846354050216
2019-09-30,hrp,EXSA.DE,0.02356667606775931
2019-09-30,hrp,EXV1.DE,0.01060121471483866
2019-09-30,hrp,EXV4.DE,0.03451397848429242
2019-09-30,hrp,EXV3.DE,0.011077593432730152
2019-09-30,hrp,EXV2.DE,0.02704857743921251
2019-09-30,hrp,EXV6.DE,0.011075944297923329
2019-09-30,hrp,EXV7.DE,0.015108892722711577
2019-09-30,hrp,EXH7.DE,0.03129701044814072
2019-09-30,hrp,EXH8.DE,0.04537735849300973
2019-09-30,hrp,EXS1.DE,0.015873250879331967
2019-09-30,hrp,CAC.PA,0.01811019480796158
2019-09-30,hrp,EWI,0.016281862251250535
2019-09-30,hrp,EWP,0.01442067700055011
2019-09-30,hrp,EWN,0.019496027415545097
2019-09-30,hrp,EWL,0.05203664014512561
2019-09-30,hrp,SAP.DE,0.017746230851110954
2019-09-30,hrp,SIE.DE,0.010555151874885508
2019-09-30,hrp,BAS.DE,0.011533139547661686
2019-09-30,hrp,VOW3.DE,0.009520381376139317
2019-09-30,hrp,DTE.DE,0.029049919487643627
2019-09-30,hrp,ALV.DE,0.017892853394623924
2019-09-30,hrp,BMW.DE,0.010646261363569597
2019-09-30,hrp,MBG.DE,0.008938796889870535
2019-09-30,hrp,MUV2.DE,0.026627632861569706
2019-09-30,hrp,MC.PA,0.007895660087359218
2019-09-30,hrp,TTE.PA,0.026822302590281677
2019-09-30,hrp,OR.PA,0.024050551449249773
2019-09-30,hrp,SAN.PA,0.020472786605358922
2019-09-30,hrp,BNP.PA,0.006243549339871502
2019-09-30,hrp,AIR.PA,0.00876503203949217
2019-09-30,hrp,SU.PA,0.009295853076068486
2019-09-30,hrp,CAP.PA,0.00979367730455682
2019-09-30,hrp,AI.PA,0.014654191880935393
2019-09-30,hrp,ASML.AS,0.005301067678281093
2019-09-30,hrp,PHIA.AS,0.013897620724711615
2019-09-30,hrp,INGA.AS,0.00663525279491455
2019-09-30,hrp,HEIA.AS,0.02542770504718287
2019-09-30,hrp,AD.AS,0.02789559717696786
2019-09-30,hrp,WKL.AS,0.022047872410389344
2019-09-30,hrp,SAN.MC,0.005934076766894482
2019-09-30,hrp,IBE.MC,0.02564076582959977
2019-09-30,hrp,ITX.MC,0.01761933331817205
2019-09-30,hrp,TEF.MC,0.01473742894232837
2019-09-30,hrp,ENG.MC,0.019260105276827064
2019-09-30,hrp,BBVA.MC,0.00626590213531077
2019-09-30,hrp,NESN.SW,0.05000608606904238
2019-09-30,hrp,NOVN.SW,0.016501015592442932
2019-09-30,hrp,UBSG.SW,0.007341785255671069
2019-09-30,hrp,RO.SW,0.023048963132496172
2019-09-30,hrp,ABBN.SW,0.014400595016895943
2019-09-30,hrp,CFR.SW,0.016815583615252514
2019-09-30,hrp,HOLN.SW,0.01260052138474212
2019-09-30,hrp,ENI.MI,0.01944611929048072
2019-09-30,hrp,ISP.MI,0.0051571851072254775
2019-09-30,hrp,UCG.MI,0.00248890980576886
2019-09-30,hrp,ENEL.MI,0.021344891910081338
2019-09-30,hrp,STMMI.MI,0.0037957450976885154
2019-09-30,minimum_variance,EXV4.DE,0.04141899027669738
2019-09-30,minimum_variance,EXV2.DE,0.05532444467544107
2019-09-30,minimum_variance,EXV6.DE,0.0011145846607337735
2019-09-30,minimum_variance,EXH7.DE,0.017036761229106974
2019-09-30,minimum_variance,EXH8.DE,0.15000000000000002
2019-09-30,minimum_variance,EWN,0.044132515993796036
2019-09-30,minimum_variance,EWL,0.15000000000000002
2019-09-30,minimum_variance,DTE.DE,0.057154013601207976
2019-09-30,minimum_variance,BMW.DE,0.023017445267555788
2019-09-30,minimum_variance,MUV2.DE,0.0570709479258587
2019-09-30,minimum_variance,TTE.PA,0.03369985991380684
2019-09-30,minimum_variance,SAN.PA,0.00900252575759899
2019-09-30,minimum_variance,HEIA.AS,0.06972102311938369
2019-09-30,minimum_variance,AD.AS,0.06501223506480895
2019-09-30,minimum_variance,WKL.AS,0.0031773006336513767
2019-09-30,minimum_variance,IBE.MC,0.059466467576484154
2019-09-30,minimum_variance,ENG.MC,0.02051874435333057
2019-09-30,minimum_variance,NESN.SW,0.07766237632005456
2019-09-30,minimum_variance,RO.SW,0.05127508997258137
2019-09-30,minimum_variance,ENI.MI,0.014194673657901793
2019-09-30,xgb,MC.PA,0.038473167259357066
2019-09-30,xgb,TTE.PA,0.07940975036177098
2019-09-30,xgb,AIR.PA,0.07791014416803747
2019-09-30,xgb,PHIA.AS,0.15000000000000174
2019-09-30,xgb,HEIA.AS,0.03400224195795245
2019-09-30,xgb,AD.AS,0.021595949417429757
2019-09-30,xgb,SAN.MC,0.11551031921272442
2019-09-30,xgb,IBE.MC,0.14999999999999641
2019-09-30,xgb,ENG.MC,0.0010983355045114905
2019-09-30,xgb,BBVA.MC,0.03200009211821934
2019-09-30,xgb,NESN.SW,0.14999999999999686
2019-09-30,xgb,CFR.SW,0.15000000000000208
2019-09-30,xgb_sentiment,EXV1.DE,0.06483607070973281
2019-09-30,xgb_sentiment,MC.PA,0.0341290865115055
2019-09-30,xgb_sentiment,TTE.PA,0.11417297733434191
2019-09-30,xgb_sentiment,AIR.PA,0.07995986968102772
2019-09-30,xgb_sentiment,PHIA.AS,0.1500000000000027
2019-09-30,xgb_sentiment,SAN.MC,0.001898287169542204
2019-09-30,xgb_sentiment,IBE.MC,0.14999999999999555
2019-09-30,xgb_sentiment,NESN.SW,0.14999999999999103
2019-09-30,xgb_sentiment,CFR.SW,0.10500370859385887
2019-09-30,xgb_sentiment,ENEL.MI,0.15000000000000172
2019-09-30,equal_weight,EXSA.DE,0.017543859649122806
2019-09-30,equal_weight,EXV1.DE,0.017543859649122806
2019-09-30,equal_weight,EXV4.DE,0.017543859649122806
2019-09-30,equal_weight,EXV3.DE,0.017543859649122806
2019-09-30,equal_weight,EXV2.DE,0.017543859649122806
2019-09-30,equal_weight,EXV6.DE,0.017543859649122806
2019-09-30,equal_weight,EXV7.DE,0.017543859649122806
2019-09-30,equal_weight,EXH7.DE,0.017543859649122806
2019-09-30,equal_weight,EXH8.DE,0.017543859649122806
2019-09-30,equal_weight,EXS1.DE,0.017543859649122806
2019-09-30,equal_weight,CAC.PA,0.017543859649122806
2019-09-30,equal_weight,EWI,0.017543859649122806
2019-09-30,equal_weight,EWP,0.017543859649122806
2019-09-30,equal_weight,EWN,0.017543859649122806
2019-09-30,equal_weight,EWL,0.017543859649122806
2019-09-30,equal_weight,SAP.DE,0.017543859649122806
2019-09-30,equal_weight,SIE.DE,0.017543859649122806
2019-09-30,equal_weight,BAS.DE,0.017543859649122806
2019-09-30,equal_weight,VOW3.DE,0.017543859649122806
2019-09-30,equal_weight,DTE.DE,0.017543859649122806
2019-09-30,equal_weight,ALV.DE,0.017543859649122806
2019-09-30,equal_weight,BMW.DE,0.017543859649122806
2019-09-30,equal_weight,MBG.DE,0.017543859649122806
2019-09-30,equal_weight,MUV2.DE,0.017543859649122806
2019-09-30,equal_weight,MC.PA,0.017543859649122806
2019-09-30,equal_weight,TTE.PA,0.017543859649122806
2019-09-30,equal_weight,OR.PA,0.017543859649122806
2019-09-30,equal_weight,SAN.PA,0.017543859649122806
2019-09-30,equal_weight,BNP.PA,0.017543859649122806
2019-09-30,equal_weight,AIR.PA,0.017543859649122806
2019-09-30,equal_weight,SU.PA,0.017543859649122806
2019-09-30,equal_weight,CAP.PA,0.017543859649122806
2019-09-30,equal_weight,AI.PA,0.017543859649122806
2019-09-30,equal_weight,ASML.AS,0.017543859649122806
2019-09-30,equal_weight,PHIA.AS,0.017543859649122806
2019-09-30,equal_weight,INGA.AS,0.017543859649122806
2019-09-30,equal_weight,HEIA.AS,0.017543859649122806
2019-09-30,equal_weight,AD.AS,0.017543859649122806
2019-09-30,equal_weight,WKL.AS,0.017543859649122806
2019-09-30,equal_weight,SAN.MC,0.017543859649122806
2019-09-30,equal_weight,IBE.MC,0.017543859649122806
2019-09-30,equal_weight,ITX.MC,0.017543859649122806
2019-09-30,equal_weight,TEF.MC,0.017543859649122806
2019-09-30,equal_weight,ENG.MC,0.017543859649122806
2019-09-30,equal_weight,BBVA.MC,0.017543859649122806
2019-09-30,equal_weight,NESN.SW,0.017543859649122806
2019-09-30,equal_weight,NOVN.SW,0.017543859649122806
2019-09-30,equal_weight,UBSG.SW,0.017543859649122806
2019-09-30,equal_weight,RO.SW,0.017543859649122806
2019-09-30,equal_weight,ABBN.SW,0.017543859649122806
2019-09-30,equal_weight,CFR.SW,0.017543859649122806
2019-09-30,equal_weight,HOLN.SW,0.017543859649122806
2019-09-30,equal_weight,ENI.MI,0.017543859649122806
2019-09-30,equal_weight,ISP.MI,0.017543859649122806
2019-09-30,equal_weight,UCG.MI,0.017543859649122806
2019-09-30,equal_weight,ENEL.MI,0.017543859649122806
2019-09-30,equal_weight,STMMI.MI,0.017543859649122806
2019-10-31,markowitz,MUV2.DE,0.05406499398839748
2019-10-31,markowitz,MC.PA,0.11219912136820419
2019-10-31,markowitz,AIR.PA,0.08210023261165378
2019-10-31,markowitz,ASML.AS,0.12262586451783752
2019-10-31,markowitz,AD.AS,0.02900978751390957
2019-10-31,markowitz,WKL.AS,0.14999999999999997
2019-10-31,markowitz,IBE.MC,0.1499999999999985
2019-10-31,markowitz,NESN.SW,0.15000000000000008
2019-10-31,markowitz,ENEL.MI,0.14999999999999888
2019-10-31,hrp,EXSA.DE,0.022685313943731328
2019-10-31,hrp,EXV1.DE,0.008894557967747633
2019-10-31,hrp,EXV4.DE,0.03965146571078448
2019-10-31,hrp,EXV3.DE,0.009843078882139599
2019-10-31,hrp,EXV2.DE,0.02606787416091299
2019-10-31,hrp,EXV6.DE,0.014044051421200425
2019-10-31,hrp,EXV7.DE,0.013126817748371428
2019-10-31,hrp,EXH7.DE,0.03747138796628428
2019-10-31,hrp,EXH8.DE,0.04458069215625775
2019-10-31,hrp,EXS1.DE,0.01392552418738406
2019-10-31,hrp,CAC.PA,0.017588016483855412
2019-10-31,hrp,EWI,0.015684134597080637
2019-10-31,hrp,EWP,0.014112502676038334
2019-10-31,hrp,EWN,0.018972800197152653
2019-10-31,hrp,EWL,0.04984718991636429
2019-10-31,hrp,SAP.DE,0.006869211560177689
2019-10-31,hrp,SIE.DE,0.01124219955659278
2019-10-31,hrp,BAS.DE,0.007775223399902403
2019-10-31,hrp,VOW3.DE,0.013242003783985063
2019-10-31,hrp,DTE.DE,0.020660707149026836
2019-10-31,hrp,ALV.DE,0.012611360750182718
2019-10-31,hrp,BMW.DE,0.017610477603786256
2019-10-31,hrp,MBG.DE,0.013841740778356594
2019-10-31,hrp,MUV2.DE,0.018648481116153522
2019-10-31,hrp,MC.PA,0.008235692259281436
2019-10-31,hrp,TTE.PA,0.018730732369226035
2019-10-31,hrp,OR.PA,0.018943984789319853
2019-10-31,hrp,SAN.PA,0.021479840984392824
2019-10-31,hrp,BNP.PA,0.005362836548323538
2019-10-31,hrp,AIR.PA,0.015913872640496773
2019-10-31,hrp,SU.PA,0.008526333602939246
2019-10-31,hrp,CAP.PA,0.010520865590817115
2019-10-31,hrp,AI.PA,0.014196459120841866
2019-10-31,hrp,ASML.AS,0.006172619873955787
2019-10-31,hrp,PHIA.AS,0.01766243461972565
2019-10-31,hrp,INGA.AS,0.006041738035810655
2019-10-31,hrp,HEIA.AS,0.026011510692431756
2019-10-31,hrp,AD.AS,0.028461412908789518
2019-10-31,hrp,WKL.AS,0.023567831753760104
2019-10-31,hrp,SAN.MC,0.005261569734074758
2019-10-31,hrp,IBE.MC,0.02281151348252882
2019-10-31,hrp,ITX.MC,0.021112573556542343
2019-10-31,hrp,TEF.MC,0.018123712041326644
2019-10-31,hrp,ENG.MC,0.0252574137029984
2019-10-31,hrp,BBVA.MC,0.006811302725453376
2019-10-31,hrp,NESN.SW,0.050157433805651845
2019-10-31,hrp,NOVN.SW,0.02417441507216477
2019-10-31,hrp,UBSG.SW,0.008503604216607398
2019-10-31,hrp,RO.SW,0.027485034352172668
2019-10-31,hrp,ABBN.SW,0.015782999638320753
2019-10-31,hrp,CFR.SW,0.012593271640715976
2019-10-31,hrp,HOLN.SW,0.012623390320031114
2019-10-31,hrp,ENI.MI,0.01731609579320308
2019-10-31,hrp,ISP.MI,0.00743114115096224
2019-10-31,hrp,UCG.MI,0.0035003268027027127
2019-10-31,hrp,ENEL.MI,0.017510245916859277
2019-10-31,hrp,STMMI.MI,0.004718976544102738
2019-10-31,minimum_variance,EXV4.DE,0.04297339897534955
2019-10-31,minimum_variance,EXV2.DE,0.057217914081194504
2019-10-31,minimum_variance,EXH7.DE,0.005759011139051756
2019-10-31,minimum_variance,EXH8.DE,0.15
2019-10-31,minimum_variance,EWN,0.044243624947154746
2019-10-31,minimum_variance,EWL,0.15
2019-10-31,minimum_variance,DTE.DE,0.05861941292424624
2019-10-31,minimum_variance,BMW.DE,0.02676116394494144
2019-10-31,minimum_variance,MUV2.DE,0.04284695282383973
2019-10-31,minimum_variance,TTE.PA,0.019576091834950207
2019-10-31,minimum_variance,HEIA.AS,0.06805728107096315
2019-10-31,minimum_variance,AD.AS,0.06597108902964323
2019-10-31,minimum_variance,WKL.AS,0.007961444344061817
2019-10-31,minimum_variance,IBE.MC,0.068271777918544
2019-10-31,minimum_variance,ENG.MC,0.02922253372960518
2019-10-31,minimum_variance,NESN.SW,0.08675329627369585
2019-10-31,minimum_variance,RO.SW,0.04879493393440864
2019-10-31,minimum_variance,ENI.MI,0.02697007302835005
2019-10-31,xgb,EXH8.DE,0.14999999999999908
2019-10-31,xgb,VOW3.DE,0.10413837864782051
2019-10-31,xgb,MBG.DE,0.046047982202850606
2019-10-31,xgb,BNP.PA,0.06514245324182476
2019-10-31,xgb,PHIA.AS,0.14999999999999925
2019-10-31,xgb,HEIA.AS,0.14341557887088643
2019-10-31,xgb,AD.AS,0.031238630419330185
2019-10-31,xgb,WKL.AS,0.09291939094525065
2019-10-31,xgb,SAN.MC,0.12915770726744227
2019-10-31,xgb,RO.SW,0.08793987840459627
2019-10-31,xgb_sentiment,EXH8.DE,0.1499999999999978
2019-10-31,xgb_sentiment,VOW3.DE,0.10379956258566753
2019-10-31,xgb_sentiment,BNP.PA,0.1477716396825858
2019-10-31,xgb_sentiment,SU.PA,0.015353452352879562
2019-10-31,xgb_sentiment,PHIA.AS,0.1499999999999978
2019-10-31,xgb_sentiment,HEIA.AS,0.12257865645160625
2019-10-31,xgb_sentiment,WKL.AS,0.03363043484996008
2019-10-31,xgb_sentiment,IBE.MC,0.1499999999999978
2019-10-31,xgb_sentiment,NESN.SW,0.00029234243285628544
2019-10-31,xgb_sentiment,ENEL.MI,0.12657391164445106
2019-10-31,equal_weight,EXSA.DE,0.017543859649122806
2019-10-31,equal_weight,EXV1.DE,0.017543859649122806
2019-10-31,equal_weight,EXV4.DE,0.017543859649122806
2019-10-31,equal_weight,EXV3.DE,0.017543859649122806
2019-10-31,equal_weight,EXV2.DE,0.017543859649122806
2019-10-31,equal_weight,EXV6.DE,0.017543859649122806
2019-10-31,equal_weight,EXV7.DE,0.017543859649122806
2019-10-31,equal_weight,EXH7.DE,0.017543859649122806
2019-10-31,equal_weight,EXH8.DE,0.017543859649122806
2019-10-31,equal_weight,EXS1.DE,0.017543859649122806
2019-10-31,equal_weight,CAC.PA,0.017543859649122806
2019-10-31,equal_weight,EWI,0.017543859649122806
2019-10-31,equal_weight,EWP,0.017543859649122806
2019-10-31,equal_weight,EWN,0.017543859649122806
2019-10-31,equal_weight,EWL,0.017543859649122806
2019-10-31,equal_weight,SAP.DE,0.017543859649122806
2019-10-31,equal_weight,SIE.DE,0.017543859649122806
2019-10-31,equal_weight,BAS.DE,0.017543859649122806
2019-10-31,equal_weight,VOW3.DE,0.017543859649122806
2019-10-31,equal_weight,DTE.DE,0.017543859649122806
2019-10-31,equal_weight,ALV.DE,0.017543859649122806
2019-10-31,equal_weight,BMW.DE,0.017543859649122806
2019-10-31,equal_weight,MBG.DE,0.017543859649122806
2019-10-31,equal_weight,MUV2.DE,0.017543859649122806
2019-10-31,equal_weight,MC.PA,0.017543859649122806
2019-10-31,equal_weight,TTE.PA,0.017543859649122806
2019-10-31,equal_weight,OR.PA,0.017543859649122806
2019-10-31,equal_weight,SAN.PA,0.017543859649122806
2019-10-31,equal_weight,BNP.PA,0.017543859649122806
2019-10-31,equal_weight,AIR.PA,0.017543859649122806
2019-10-31,equal_weight,SU.PA,0.017543859649122806
2019-10-31,equal_weight,CAP.PA,0.017543859649122806
2019-10-31,equal_weight,AI.PA,0.017543859649122806
2019-10-31,equal_weight,ASML.AS,0.017543859649122806
2019-10-31,equal_weight,PHIA.AS,0.017543859649122806
2019-10-31,equal_weight,INGA.AS,0.017543859649122806
2019-10-31,equal_weight,HEIA.AS,0.017543859649122806
2019-10-31,equal_weight,AD.AS,0.017543859649122806
2019-10-31,equal_weight,WKL.AS,0.017543859649122806
2019-10-31,equal_weight,SAN.MC,0.017543859649122806
2019-10-31,equal_weight,IBE.MC,0.017543859649122806
2019-10-31,equal_weight,ITX.MC,0.017543859649122806
2019-10-31,equal_weight,TEF.MC,0.017543859649122806
2019-10-31,equal_weight,ENG.MC,0.017543859649122806
2019-10-31,equal_weight,BBVA.MC,0.017543859649122806
2019-10-31,equal_weight,NESN.SW,0.017543859649122806
2019-10-31,equal_weight,NOVN.SW,0.017543859649122806
2019-10-31,equal_weight,UBSG.SW,0.017543859649122806
2019-10-31,equal_weight,RO.SW,0.017543859649122806
2019-10-31,equal_weight,ABBN.SW,0.017543859649122806
2019-10-31,equal_weight,CFR.SW,0.017543859649122806
2019-10-31,equal_weight,HOLN.SW,0.017543859649122806
2019-10-31,equal_weight,ENI.MI,0.017543859649122806
2019-10-31,equal_weight,ISP.MI,0.017543859649122806
2019-10-31,equal_weight,UCG.MI,0.017543859649122806
2019-10-31,equal_weight,ENEL.MI,0.017543859649122806
2019-10-31,equal_weight,STMMI.MI,0.017543859649122806
2019-11-29,markowitz,MUV2.DE,0.07969920583945968
2019-11-29,markowitz,MC.PA,0.1159945173640084
2019-11-29,markowitz,AIR.PA,0.09199035602281078
2019-11-29,markowitz,ASML.AS,0.12000175052281113
2019-11-29,markowitz,AD.AS,0.05494902874783902
2019-11-29,markowitz,WKL.AS,0.14999999999999986
2019-11-29,markowitz,IBE.MC,0.13797353396629486
2019-11-29,markowitz,NESN.SW,0.09451208776492355
2019-11-29,markowitz,NOVN.SW,0.004879519771852693
2019-11-29,markowitz,ENEL.MI,0.14999999999999986
2019-11-29,hrp,EXSA.DE,0.021459507154468763
2019-11-29,hrp,EXV1.DE,0.018137588822385985
2019-11-29,hrp,EXV4.DE,0.03224083711600909
2019-11-29,hrp,EXV3.DE,0.009317864999602223
2019-11-29,hrp,EXV2.DE,0.030524032283482695
2019-11-29,hrp,EXV6.DE,0.01552587921415659
2019-11-29,hrp,EXV7.DE,0.012481927092789558
2019-11-29,hrp,EXH7.DE,0.030886197552044404
2019-11-29,hrp,EXH8.DE,0.04272692800225348
2019-11-29,hrp,EXS1.DE,0.013288092500836818
2019-11-29,hrp,CAC.PA,0.016695206675905978
2019-11-29,hrp,EWI,0.014404795318761203
2019-11-29,hrp,EWP,0.017532365314596843
2019-11-29,hrp,EWN,0.03313422437818467
2019-11-29,hrp,EWL,0.0341982821082222
2019-11-29,hrp,SAP.DE,0.006459807361400352
2019-11-29,hrp,SIE.DE,0.010776675254496972
2019-11-29,hrp,BAS.DE,0.007363344789125492
2019-11-29,hrp,VOW3.DE,0.012868966488357468
2019-11-29,hrp,DTE.DE,0.023944040253683116
2019-11-29,hrp,ALV.DE,0.011932718043488683
2019-11-29,hrp,BMW.DE,0.011566796443037427
2019-11-29,hrp,MBG.DE,0.009050501650984942
2019-11-29,hrp,MUV2.DE,0.034636033894223886
2019-11-29,hrp,MC.PA,0.007344652600936562
2019-11-29,hrp,TTE.PA,0.021232754408441242
2019-11-29,hrp,OR.PA,0.017597215911940092
2019-11-29,hrp,SAN.PA,0.02071572295727839
2019-11-29,hrp,BNP.PA,0.007905755080532003
2019-11-29,hrp,AIR.PA,0.011085849062531607
2019-11-29,hrp,SU.PA,0.00832362494705
2019-11-29,hrp,CAP.PA,0.009215300527850481
2019-11-29,hrp,AI.PA,0.014195593536793435
2019-11-29,hrp,ASML.AS,0.006061649824427234
2019-11-29,hrp,PHIA.AS,0.01697972206156597
2019-11-29,hrp,INGA.AS,0.0073854346399741784
2019-11-29,hrp,HEIA.AS,0.025417627182911778
2019-11-29,hrp,AD.AS,0.026900191944381674
2019-11-29,hrp,WKL.AS,0.023295569628137777
2019-11-29,hrp,SAN.MC,0.0064835629104575245
2019-11-29,hrp,IBE.MC,0.022157810889988465
2019-11-29,hrp,ITX.MC,0.020276460437610087
2019-11-29,hrp,TEF.MC,0.01813502505377543
2019-11-29,hrp,ENG.MC,0.02451322350176525
2019-11-29,hrp,BBVA.MC,0.006925962694160888
2019-11-29,hrp,NESN.SW,0.04888300240795064
2019-11-29,hrp,NOVN.SW,0.024034412205771568
2019-11-29,hrp,UBSG.SW,0.008616636018462591
2019-11-29,hrp,RO.SW,0.02891873213141989
2019-11-29,hrp,ABBN.SW,0.014508932889425397
2019-11-29,hrp,CFR.SW,0.0161282335515883
2019-11-29,hrp,HOLN.SW,0.01427335891962575
2019-11-29,hrp,ENI.MI,0.01850209402285081
2019-11-29,hrp,ISP.MI,0.007225867192714662
2019-11-29,hrp,UCG.MI,0.003735152131335392
2019-11-29,hrp,ENEL.MI,0.017268083815492954
2019-11-29,hrp,STMMI.MI,0.004604172198353118
2019-11-29,minimum_variance,EXV4.DE,0.04645685683197261
2019-11-29,minimum_variance,EXV2.DE,0.05860066514795108
2019-11-29,minimum_variance,EXH8.DE,0.15
2019-11-29,minimum_variance,EWN,0.044925325881747115
2019-11-29,minimum_variance,EWL,0.15
2019-11-29,minimum_variance,DTE.DE,0.058144034643799115
2019-11-29,minimum_variance,BMW.DE,0.029671867798654307
2019-11-29,minimum_variance,MUV2.DE,0.03539422790183564
2019-11-29,minimum_variance,TTE.PA,0.022124418950120177
2019-11-29,minimum_variance,HEIA.AS,0.0683365676790726
2019-11-29,minimum_variance,AD.AS,0.06704613475286852
2019-11-29,minimum_variance,WKL.AS,0.0174368531254149
2019-11-29,minimum_variance,IBE.MC,0.07055037067917147
2019-11-29,minimum_variance,ENG.MC,0.029237119216952108
2019-11-29,minimum_variance,NESN.SW,0.08539473084306728
2019-11-29,minimum_variance,RO.SW,0.05227174254674736
2019-11-29,minimum_variance,ENI.MI,0.014409084000625804
2019-11-29,xgb,SIE.DE,0.009441686297952445
2019-11-29,xgb,VOW3.DE,0.08681735073530497
2019-11-29,xgb,MBG.DE,0.15000000000000047
2019-11-29,xgb,SAN.PA,0.14999999999999986
2019-11-29,xgb,BNP.PA,0.13596629581380978
2019-11-29,xgb,AD.AS,0.15000000000000047
2019-11-29,xgb,WKL.AS,0.03697311028392046
2019-11-29,xgb,SAN.MC,0.05025029266650623
2019-11-29,xgb,ITX.MC,0.053924994143944645
2019-11-29,xgb,RO.SW,0.026626270058561517
2019-11-29,xgb,ENEL.MI,0.14999999999999916
2019-11-29,xgb_sentiment,VOW3.DE,0.11330453858055975
2019-11-29,xgb_sentiment,SAN.PA,0.11065841413416622
2019-11-29,xgb_sentiment,BNP.PA,0.14999999999998928
2019-11-29,xgb_sentiment,AD.AS,0.1499999999999842
2019-11-29,xgb_sentiment,IBE.MC,0.14158355032865194
2019-11-29,xgb_sentiment,ITX.MC,0.08180656838007208
2019-11-29,xgb_sentiment,NESN.SW,0.10264692857658571
2019-11-29,xgb_sentiment,ENEL.MI,0.1499999999999907
2019-11-29,equal_weight,EXSA.DE,0.017543859649122806
2019-11-29,equal_weight,EXV1.DE,0.017543859649122806
2019-11-29,equal_weight,EXV4.DE,0.017543859649122806
2019-11-29,equal_weight,EXV3.DE,0.017543859649122806
2019-11-29,equal_weight,EXV2.DE,0.017543859649122806
2019-11-29,equal_weight,EXV6.DE,0.017543859649122806
2019-11-29,equal_weight,EXV7.DE,0.017543859649122806
2019-11-29,equal_weight,EXH7.DE,0.017543859649122806
2019-11-29,equal_weight,EXH8.DE,0.017543859649122806
2019-11-29,equal_weight,EXS1.DE,0.017543859649122806
2019-11-29,equal_weight,CAC.PA,0.017543859649122806
2019-11-29,equal_weight,EWI,0.017543859649122806
2019-11-29,equal_weight,EWP,0.017543859649122806
2019-11-29,equal_weight,EWN,0.017543859649122806
2019-11-29,equal_weight,EWL,0.017543859649122806
2019-11-29,equal_weight,SAP.DE,0.017543859649122806
2019-11-29,equal_weight,SIE.DE,0.017543859649122806
2019-11-29,equal_weight,BAS.DE,0.017543859649122806
2019-11-29,equal_weight,VOW3.DE,0.017543859649122806
2019-11-29,equal_weight,DTE.DE,0.017543859649122806
2019-11-29,equal_weight,ALV.DE,0.017543859649122806
2019-11-29,equal_weight,BMW.DE,0.017543859649122806
2019-11-29,equal_weight,MBG.DE,0.017543859649122806
2019-11-29,equal_weight,MUV2.DE,0.017543859649122806
2019-11-29,equal_weight,MC.PA,0.017543859649122806
2019-11-29,equal_weight,TTE.PA,0.017543859649122806
2019-11-29,equal_weight,OR.PA,0.017543859649122806
2019-11-29,equal_weight,SAN.PA,0.017543859649122806
2019-11-29,equal_weight,BNP.PA,0.017543859649122806
2019-11-29,equal_weight,AIR.PA,0.017543859649122806
2019-11-29,equal_weight,SU.PA,0.017543859649122806
2019-11-29,equal_weight,CAP.PA,0.017543859649122806
2019-11-29,equal_weight,AI.PA,0.017543859649122806
2019-11-29,equal_weight,ASML.AS,0.017543859649122806
2019-11-29,equal_weight,PHIA.AS,0.017543859649122806
2019-11-29,equal_weight,INGA.AS,0.017543859649122806
2019-11-29,equal_weight,HEIA.AS,0.017543859649122806
2019-11-29,equal_weight,AD.AS,0.017543859649122806
2019-11-29,equal_weight,WKL.AS,0.017543859649122806
2019-11-29,equal_weight,SAN.MC,0.017543859649122806
2019-11-29,equal_weight,IBE.MC,0.017543859649122806
2019-11-29,equal_weight,ITX.MC,0.017543859649122806
2019-11-29,equal_weight,TEF.MC,0.017543859649122806
2019-11-29,equal_weight,ENG.MC,0.017543859649122806
2019-11-29,equal_weight,BBVA.MC,0.017543859649122806
2019-11-29,equal_weight,NESN.SW,0.017543859649122806
2019-11-29,equal_weight,NOVN.SW,0.017543859649122806
2019-11-29,equal_weight,UBSG.SW,0.017543859649122806
2019-11-29,equal_weight,RO.SW,0.017543859649122806
2019-11-29,equal_weight,ABBN.SW,0.017543859649122806
2019-11-29,equal_weight,CFR.SW,0.017543859649122806
2019-11-29,equal_weight,HOLN.SW,0.017543859649122806
2019-11-29,equal_weight,ENI.MI,0.017543859649122806
2019-11-29,equal_weight,ISP.MI,0.017543859649122806
2019-11-29,equal_weight,UCG.MI,0.017543859649122806
2019-11-29,equal_weight,ENEL.MI,0.017543859649122806
2019-11-29,equal_weight,STMMI.MI,0.017543859649122806
2019-12-31,markowitz,MUV2.DE,0.12038076421379922
2019-12-31,markowitz,MC.PA,0.09944981554297806
2019-12-31,markowitz,AIR.PA,0.05716256005875145
2019-12-31,markowitz,ASML.AS,0.12063575351346256
2019-12-31,markowitz,AD.AS,0.014696482795294815
2019-12-31,markowitz,WKL.AS,0.14999999999999997
2019-12-31,markowitz,IBE.MC,0.15000000000000055
2019-12-31,markowitz,NESN.SW,0.09917407980736395
2019-12-31,markowitz,NOVN.SW,0.038500544068348554
2019-12-31,markowitz,ENEL.MI,0.1500000000000008
2019-12-31,hrp,EXSA.DE,0.023106739569766225
2019-12-31,hrp,EXV1.DE,0.009755266588908556
2019-12-31,hrp,EXV4.DE,0.04168517493620595
2019-12-31,hrp,EXV3.DE,0.010069004799610036
2019-12-31,hrp,EXV2.DE,0.029214553194635697
2019-12-31,hrp,EXV6.DE,0.010809333137465503
2019-12-31,hrp,EXV7.DE,0.01346040535683663
2019-12-31,hrp,EXH7.DE,0.024649061701435177
2019-12-31,hrp,EXH8.DE,0.041269668789350074
2019-12-31,hrp,EXS1.DE,0.014435873490680972
2019-12-31,hrp,CAC.PA,0.01791776186960722
2019-12-31,hrp,EWI,0.014501765299539855
2019-12-31,hrp,EWP,0.017745857799563412
2019-12-31,hrp,EWN,0.03746057882918344
2019-12-31,hrp,EWL,0.03502786986993389
2019-12-31,hrp,SAP.DE,0.006921726161728444
2019-12-31,hrp,SIE.DE,0.011160243784289594
2019-12-31,hrp,BAS.DE,0.008003955128914855
2019-12-31,hrp,VOW3.DE,0.014686176604037192
2019-12-31,hrp,DTE.DE,0.02873432789821163
2019-12-31,hrp,ALV.DE,0.013100228855957987
2019-12-31,hrp,BMW.DE,0.012870906747136064
2019-12-31,hrp,MBG.DE,0.010004669474714683
2019-12-31,hrp,MUV2.DE,0.027785387860406775
2019-12-31,hrp,MC.PA,0.00730072289428436
2019-12-31,hrp,TTE.PA,0.017891989383841893
2019-12-31,hrp,OR.PA,0.01822449514706263
2019-12-31,hrp,SAN.PA,0.020248159850534044
2019-12-31,hrp,BNP.PA,0.005979735291214273
2019-12-31,hrp,AIR.PA,0.015070343223180554
2019-12-31,hrp,SU.PA,0.008681646486884343
2019-12-31,hrp,CAP.PA,0.009236379785969943
2019-12-31,hrp,AI.PA,0.015669684491074778
2019-12-31,hrp,ASML.AS,0.006331760621783017
2019-12-31,hrp,PHIA.AS,0.016961870242387784
2019-12-31,hrp,INGA.AS,0.006455425571682285
2019-12-31,hrp,HEIA.AS,0.02496788757110109
2019-12-31,hrp,AD.AS,0.027674905141318335
2019-12-31,hrp,WKL.AS,0.02320891141509899
2019-12-31,hrp,SAN.MC,0.005629682195366594
2019-12-31,hrp,IBE.MC,0.021515785485404375
2019-12-31,hrp,ITX.MC,0.01941847129340997
2019-12-31,hrp,TEF.MC,0.015431981375528658
2019-12-31,hrp,ENG.MC,0.023811821494109424
2019-12-31,hrp,BBVA.MC,0.007209143835321292
2019-12-31,hrp,NESN.SW,0.04758445608514749
2019-12-31,hrp,NOVN.SW,0.02675487447832085
2019-12-31,hrp,UBSG.SW,0.00928512857777214
2019-12-31,hrp,RO.SW,0.027951405396189923
2019-12-31,hrp,ABBN.SW,0.015522167426487052
2019-12-31,hrp,CFR.SW,0.016691555284100965
2019-12-31,hrp,HOLN.SW,0.013094677090797943
2019-12-31,hrp,ENI.MI,0.017532451941401267
2019-12-31,hrp,ISP.MI,0.008063569707785398
2019-12-31,hrp,UCG.MI,0.0042369895744494845
2019-12-31,hrp,ENEL.MI,0.01685143586465526
2019-12-31,hrp,STMMI.MI,0.0051339480282139175
2019-12-31,minimum_variance,EXV4.DE,0.06336640065758062
2019-12-31,minimum_variance,EXV2.DE,0.05958278060425009
2019-12-31,minimum_variance,EXH8.DE,0.14999999999999997
2019-12-31,minimum_variance,EWN,0.04738592388901983
2019-12-31,minimum_variance,EWL,0.14999999999999997
2019-12-31,minimum_variance,DTE.DE,0.0608542223930577
2019-12-31,minimum_variance,BMW.DE,0.02853738354814921
2019-12-31,minimum_variance,MUV2.DE,0.04347104978054435
2019-12-31,minimum_variance,TTE.PA,0.014743819804928622
2019-12-31,minimum_variance,HEIA.AS,0.06338706933204902
2019-12-31,minimum_variance,AD.AS,0.07029938713780556
2019-12-31,minimum_variance,WKL.AS,0.016735206195106885
2019-12-31,minimum_variance,IBE.MC,0.06213231164061672
2019-12-31,minimum_variance,ENG.MC,0.024756720693187684
2019-12-31,minimum_variance,NESN.SW,0.07811422912557918
2019-12-31,minimum_variance,RO.SW,0.047355887924655844
2019-12-31,minimum_variance,ENI.MI,0.01927760727346875
2019-12-31,xgb,VOW3.DE,0.15000000000000005
2019-12-31,xgb,OR.PA,0.02168188954317343
2019-12-31,xgb,SAN.PA,0.14999999999999947
2019-12-31,xgb,AIR.PA,0.0700236822616972
2019-12-31,xgb,SU.PA,0.09455927752360409
2019-12-31,xgb,AD.AS,0.15000000000000005
2019-12-31,xgb,ITX.MC,0.14999999999999944
2019-12-31,xgb,TEF.MC,0.07532573074027926
2019-12-31,xgb,ISP.MI,0.02551403920450098
2019-12-31,xgb,UCG.MI,0.08693690579546261
2019-12-31,xgb,STMMI.MI,0.025958474931283466
2019-12-31,xgb_sentiment,SAN.PA,0.14999999999999905
2019-12-31,xgb_sentiment,AIR.PA,0.1500000000000001
2019-12-31,xgb_sentiment,ASML.AS,0.024120474048489635
2019-12-31,xgb_sentiment,AD.AS,0.1500000000000001
2019-12-31,xgb_sentiment,SAN.MC,0.11379389832991317
2019-12-31,xgb_sentiment,IBE.MC,0.1499999999999969
2019-12-31,xgb_sentiment,ITX.MC,0.1500000000000001
2019-12-31,xgb_sentiment,ENG.MC,0.008828772114959282
2019-12-31,xgb_sentiment,UCG.MI,0.07599475281934641
2019-12-31,xgb_sentiment,STMMI.MI,0.027262102687295238
2019-12-31,equal_weight,EXSA.DE,0.017543859649122806
2019-12-31,equal_weight,EXV1.DE,0.017543859649122806
2019-12-31,equal_weight,EXV4.DE,0.017543859649122806
2019-12-31,equal_weight,EXV3.DE,0.017543859649122806
2019-12-31,equal_weight,EXV2.DE,0.017543859649122806
2019-12-31,equal_weight,EXV6.DE,0.017543859649122806
2019-12-31,equal_weight,EXV7.DE,0.017543859649122806
2019-12-31,equal_weight,EXH7.DE,0.017543859649122806
2019-12-31,equal_weight,EXH8.DE,0.017543859649122806
2019-12-31,equal_weight,EXS1.DE,0.017543859649122806
2019-12-31,equal_weight,CAC.PA,0.017543859649122806
2019-12-31,equal_weight,EWI,0.017543859649122806
2019-12-31,equal_weight,EWP,0.017543859649122806
2019-12-31,equal_weight,EWN,0.017543859649122806
2019-12-31,equal_weight,EWL,0.017543859649122806
2019-12-31,equal_weight,SAP.DE,0.017543859649122806
2019-12-31,equal_weight,SIE.DE,0.017543859649122806
2019-12-31,equal_weight,BAS.DE,0.017543859649122806
2019-12-31,equal_weight,VOW3.DE,0.017543859649122806
2019-12-31,equal_weight,DTE.DE,0.017543859649122806
2019-12-31,equal_weight,ALV.DE,0.017543859649122806
2019-12-31,equal_weight,BMW.DE,0.017543859649122806
2019-12-31,equal_weight,MBG.DE,0.017543859649122806
2019-12-31,equal_weight,MUV2.DE,0.017543859649122806
2019-12-31,equal_weight,MC.PA,0.017543859649122806
2019-12-31,equal_weight,TTE.PA,0.017543859649122806
2019-12-31,equal_weight,OR.PA,0.017543859649122806
2019-12-31,equal_weight,SAN.PA,0.017543859649122806
2019-12-31,equal_weight,BNP.PA,0.017543859649122806
2019-12-31,equal_weight,AIR.PA,0.017543859649122806
2019-12-31,equal_weight,SU.PA,0.017543859649122806
2019-12-31,equal_weight,CAP.PA,0.017543859649122806
2019-12-31,equal_weight,AI.PA,0.017543859649122806
2019-12-31,equal_weight,ASML.AS,0.017543859649122806
2019-12-31,equal_weight,PHIA.AS,0.017543859649122806
2019-12-31,equal_weight,INGA.AS,0.017543859649122806
2019-12-31,equal_weight,HEIA.AS,0.017543859649122806
2019-12-31,equal_weight,AD.AS,0.017543859649122806
2019-12-31,equal_weight,WKL.AS,0.017543859649122806
2019-12-31,equal_weight,SAN.MC,0.017543859649122806
2019-12-31,equal_weight,IBE.MC,0.017543859649122806
2019-12-31,equal_weight,ITX.MC,0.017543859649122806
2019-12-31,equal_weight,TEF.MC,0.017543859649122806
2019-12-31,equal_weight,ENG.MC,0.017543859649122806
2019-12-31,equal_weight,BBVA.MC,0.017543859649122806
2019-12-31,equal_weight,NESN.SW,0.017543859649122806
2019-12-31,equal_weight,NOVN.SW,0.017543859649122806
2019-12-31,equal_weight,UBSG.SW,0.017543859649122806
2019-12-31,equal_weight,RO.SW,0.017543859649122806
2019-12-31,equal_weight,ABBN.SW,0.017543859649122806
2019-12-31,equal_weight,CFR.SW,0.017543859649122806
2019-12-31,equal_weight,HOLN.SW,0.017543859649122806
2019-12-31,equal_weight,ENI.MI,0.017543859649122806
2019-12-31,equal_weight,ISP.MI,0.017543859649122806
2019-12-31,equal_weight,UCG.MI,0.017543859649122806
2019-12-31,equal_weight,ENEL.MI,0.017543859649122806
2019-12-31,equal_weight,STMMI.MI,0.017543859649122806
2020-01-31,markowitz,MUV2.DE,0.1499999999999988
2020-01-31,markowitz,MC.PA,0.0846276457514136
2020-01-31,markowitz,AIR.PA,0.04752228549124185
2020-01-31,markowitz,ASML.AS,0.1030719176561679
2020-01-31,markowitz,AD.AS,0.012330094169257556
2020-01-31,markowitz,WKL.AS,0.1499999999999988
2020-01-31,markowitz,IBE.MC,0.1499999999999988
2020-01-31,markowitz,NESN.SW,0.12422376063627534
2020-01-31,markowitz,RO.SW,0.02822429629564867
2020-01-31,markowitz,ENEL.MI,0.1499999999999988
2020-01-31,hrp,EXSA.DE,0.020218458845818656
2020-01-31,hrp,EXV1.DE,0.011826787551669124
2020-01-31,hrp,EXV4.DE,0.033867142336409875
2020-01-31,hrp,EXV3.DE,0.010111585625037842
2020-01-31,hrp,EXV2.DE,0.029212090777227948
2020-01-31,hrp,EXV6.DE,0.010806757788875234
2020-01-31,hrp,EXV7.DE,0.012920005619492839
2020-01-31,hrp,EXH7.DE,0.024815072032123173
2020-01-31,hrp,EXH8.DE,0.03976709188856653
2020-01-31,hrp,EXS1.DE,0.013861645605261914
2020-01-31,hrp,CAC.PA,0.01564163647503605
2020-01-31,hrp,EWI,0.016002487512136242
2020-01-31,hrp,EWP,0.019513269167409693
2020-01-31,hrp,EWN,0.03743503500497343
2020-01-31,hrp,EWL,0.034948645477383064
2020-01-31,hrp,SAP.DE,0.0069186472439734395
2020-01-31,hrp,SIE.DE,0.01120749394059272
2020-01-31,hrp,BAS.DE,0.009000830676950065
2020-01-31,hrp,VOW3.DE,0.014245847898768349
2020-01-31,hrp,DTE.DE,0.022526704740849408
2020-01-31,hrp,ALV.DE,0.014757536066415713
2020-01-31,hrp,BMW.DE,0.012529380098442577
2020-01-31,hrp,MBG.DE,0.00958783206838312
2020-01-31,hrp,MUV2.DE,0.019060439388510087
2020-01-31,hrp,MC.PA,0.008210260434031079
2020-01-31,hrp,TTE.PA,0.023693552457362318
2020-01-31,hrp,OR.PA,0.017538817819877595
2020-01-31,hrp,SAN.PA,0.02152006470286494
2020-01-31,hrp,BNP.PA,0.010826787422469362
2020-01-31,hrp,AIR.PA,0.008623748863011765
2020-01-31,hrp,SU.PA,0.009245290169654015
2020-01-31,hrp,CAP.PA,0.00916795537902323
2020-01-31,hrp,AI.PA,0.02396543442066368
2020-01-31,hrp,ASML.AS,0.0060706355310738355
2020-01-31,hrp,PHIA.AS,0.01624624140926134
2020-01-31,hrp,INGA.AS,0.0077470929476387415
2020-01-31,hrp,HEIA.AS,0.024991650151511325
2020-01-31,hrp,AD.AS,0.02797827615956444
2020-01-31,hrp,WKL.AS,0.035161640258642296
2020-01-31,hrp,SAN.MC,0.006247504784785945
2020-01-31,hrp,IBE.MC,0.021166616969794487
2020-01-31,hrp,ITX.MC,0.019754082325229155
2020-01-31,hrp,TEF.MC,0.02031267665067458
2020-01-31,hrp,ENG.MC,0.024453730613047966
2020-01-31,hrp,BBVA.MC,0.006735178558887333
2020-01-31,hrp,NESN.SW,0.03064839903171582
2020-01-31,hrp,NOVN.SW,0.025929467347278985
2020-01-31,hrp,UBSG.SW,0.014696536695251715
2020-01-31,hrp,RO.SW,0.030534377821523326
2020-01-31,hrp,ABBN.SW,0.015267168027961311
2020-01-31,hrp,CFR.SW,0.017534056552027433
2020-01-31,hrp,HOLN.SW,0.013302989729683747
2020-01-31,hrp,ENI.MI,0.01798089374698336
2020-01-31,hrp,ISP.MI,0.00806185165542493
2020-01-31,hrp,UCG.MI,0.004285232026876935
2020-01-31,hrp,ENEL.MI,0.016407208919404392
2020-01-31,hrp,STMMI.MI,0.004912156586491523
2020-01-31,minimum_variance,EXV4.DE,0.059742489557060595
2020-01-31,minimum_variance,EXV2.DE,0.05884260965837911
2020-01-31,minimum_variance,EXH8.DE,0.15
2020-01-31,minimum_variance,EWP,0.0035034757944123764
2020-01-31,minimum_variance,EWN,0.04106103814327388
2020-01-31,minimum_variance,EWL,0.15
2020-01-31,minimum_variance,DTE.DE,0.05986342229361233
2020-01-31,minimum_variance,BMW.DE,0.03549215252800759
2020-01-31,minimum_variance,MUV2.DE,0.03851977292131617
2020-01-31,minimum_variance,TTE.PA,0.01176601778039115
2020-01-31,minimum_variance,HEIA.AS,0.06835210522127426
2020-01-31,minimum_variance,AD.AS,0.06833053073446786
2020-01-31,minimum_variance,WKL.AS,0.007244559853164122
2020-01-31,minimum_variance,IBE.MC,0.06697044357656855
2020-01-31,minimum_variance,ENG.MC,0.023656163240086542
2020-01-31,minimum_variance,NESN.SW,0.08424323659730937
2020-01-31,minimum_variance,RO.SW,0.05010733881384984
2020-01-31,minimum_variance,ENI.MI,0.02230464328682639
2020-01-31,xgb,VOW3.DE,0.14999999999999847
2020-01-31,xgb,MBG.DE,0.14999999999999847
2020-01-31,xgb,SAN.PA,0.007980888033636424
2020-01-31,xgb,ASML.AS,0.14999999999999847
2020-01-31,xgb,HEIA.AS,0.05281977771538949
2020-01-31,xgb,AD.AS,0.11586651668653693
2020-01-31,xgb,SAN.MC,0.058122175774298214
2020-01-31,xgb,TEF.MC,0.09603567424628358
2020-01-31,xgb,RO.SW,0.05154224091420095
2020-01-31,xgb,CFR.SW,0.009658055851657051
2020-01-31,xgb,UCG.MI,0.14999999999999847
2020-01-31,xgb,STMMI.MI,0.007974670778003599
2020-01-31,xgb_sentiment,VOW3.DE,0.15000000000000535
2020-01-31,xgb_sentiment,MBG.DE,0.15000000000000363
2020-01-31,xgb_sentiment,OR.PA,0.08275707212923399
2020-01-31,xgb_sentiment,ASML.AS,0.15000000000000616
2020-01-31,xgb_sentiment,HEIA.AS,0.013983328414352835
2020-01-31,xgb_sentiment,AD.AS,0.10031620279265772
2020-01-31,xgb_sentiment,SAN.MC,0.07772148481771321
2020-01-31,xgb_sentiment,IBE.MC,0.14999999999998156
2020-01-31,xgb_sentiment,UCG.MI,0.1252219118460455
2020-01-31,equal_weight,EXSA.DE,0.017543859649122806
2020-01-31,equal_weight,EXV1.DE,0.017543859649122806
2020-01-31,equal_weight,EXV4.DE,0.017543859649122806
2020-01-31,equal_weight,EXV3.DE,0.017543859649122806
2020-01-31,equal_weight,EXV2.DE,0.017543859649122806
2020-01-31,equal_weight,EXV6.DE,0.017543859649122806
2020-01-31,equal_weight,EXV7.DE,0.017543859649122806
2020-01-31,equal_weight,EXH7.DE,0.017543859649122806
2020-01-31,equal_weight,EXH8.DE,0.017543859649122806
2020-01-31,equal_weight,EXS1.DE,0.017543859649122806
2020-01-31,equal_weight,CAC.PA,0.017543859649122806
2020-01-31,equal_weight,EWI,0.017543859649122806
2020-01-31,equal_weight,EWP,0.017543859649122806
2020-01-31,equal_weight,EWN,0.017543859649122806
2020-01-31,equal_weight,EWL,0.017543859649122806
2020-01-31,equal_weight,SAP.DE,0.017543859649122806
2020-01-31,equal_weight,SIE.DE,0.017543859649122806
2020-01-31,equal_weight,BAS.DE,0.017543859649122806
2020-01-31,equal_weight,VOW3.DE,0.017543859649122806
2020-01-31,equal_weight,DTE.DE,0.017543859649122806
2020-01-31,equal_weight,ALV.DE,0.017543859649122806
2020-01-31,equal_weight,BMW.DE,0.017543859649122806
2020-01-31,equal_weight,MBG.DE,0.017543859649122806
2020-01-31,equal_weight,MUV2.DE,0.017543859649122806
2020-01-31,equal_weight,MC.PA,0.017543859649122806
2020-01-31,equal_weight,TTE.PA,0.017543859649122806
2020-01-31,equal_weight,OR.PA,0.017543859649122806
2020-01-31,equal_weight,SAN.PA,0.017543859649122806
2020-01-31,equal_weight,BNP.PA,0.017543859649122806
2020-01-31,equal_weight,AIR.PA,0.017543859649122806
2020-01-31,equal_weight,SU.PA,0.017543859649122806
2020-01-31,equal_weight,CAP.PA,0.017543859649122806
2020-01-31,equal_weight,AI.PA,0.017543859649122806
2020-01-31,equal_weight,ASML.AS,0.017543859649122806
2020-01-31,equal_weight,PHIA.AS,0.017543859649122806
2020-01-31,equal_weight,INGA.AS,0.017543859649122806
2020-01-31,equal_weight,HEIA.AS,0.017543859649122806
2020-01-31,equal_weight,AD.AS,0.017543859649122806
2020-01-31,equal_weight,WKL.AS,0.017543859649122806
2020-01-31,equal_weight,SAN.MC,0.017543859649122806
2020-01-31,equal_weight,IBE.MC,0.017543859649122806
2020-01-31,equal_weight,ITX.MC,0.017543859649122806
2020-01-31,equal_weight,TEF.MC,0.017543859649122806
2020-01-31,equal_weight,ENG.MC,0.017543859649122806
2020-01-31,equal_weight,BBVA.MC,0.017543859649122806
2020-01-31,equal_weight,NESN.SW,0.017543859649122806
2020-01-31,equal_weight,NOVN.SW,0.017543859649122806
2020-01-31,equal_weight,UBSG.SW,0.017543859649122806
2020-01-31,equal_weight,RO.SW,0.017543859649122806
2020-01-31,equal_weight,ABBN.SW,0.017543859649122806
2020-01-31,equal_weight,CFR.SW,0.017543859649122806
2020-01-31,equal_weight,HOLN.SW,0.017543859649122806
2020-01-31,equal_weight,ENI.MI,0.017543859649122806
2020-01-31,equal_weight,ISP.MI,0.017543859649122806
2020-01-31,equal_weight,UCG.MI,0.017543859649122806
2020-01-31,equal_weight,ENEL.MI,0.017543859649122806
2020-01-31,equal_weight,STMMI.MI,0.017543859649122806
2020-02-28,markowitz,MUV2.DE,0.07175977830772369
2020-02-28,markowitz,MC.PA,0.1381136172660184
2020-02-28,markowitz,ASML.AS,0.14999999999999952
2020-02-28,markowitz,AD.AS,0.03870259828360322
2020-02-28,markowitz,WKL.AS,0.14999999999999952
2020-02-28,markowitz,IBE.MC,0.14999999999999916
2020-02-28,markowitz,NESN.SW,0.14678422158473087
2020-02-28,markowitz,RO.SW,0.004639784557926153
2020-02-28,markowitz,ENEL.MI,0.14999999999999952
2020-02-28,hrp,EXSA.DE,0.019788397703406742
2020-02-28,hrp,EXV1.DE,0.011224998474948825
2020-02-28,hrp,EXV4.DE,0.0326938722348093
2020-02-28,hrp,EXV3.DE,0.010397982366172146
2020-02-28,hrp,EXV2.DE,0.02927073690806694
2020-02-28,hrp,EXV6.DE,0.00924676899869734
2020-02-28,hrp,EXV7.DE,0.012965199239768068
2020-02-28,hrp,EXH7.DE,0.025521682088430604
2020-02-28,hrp,EXH8.DE,0.0387867541109128
2020-02-28,hrp,EXS1.DE,0.013973859468986891
2020-02-28,hrp,CAC.PA,0.015684113628705802
2020-02-28,hrp,EWI,0.013785108007607152
2020-02-28,hrp,EWP,0.033220994889083935
2020-02-28,hrp,EWN,0.025564809241642325
2020-02-28,hrp,EWL,0.027641496499165006
2020-02-28,hrp,SAP.DE,0.007256146642001806
2020-02-28,hrp,SIE.DE,0.012064505231197122
2020-02-28,hrp,BAS.DE,0.009328179436620674
2020-02-28,hrp,VOW3.DE,0.012839658092298476
2020-02-28,hrp,DTE.DE,0.03511960133369512
2020-02-28,hrp,ALV.DE,0.014505397776320499
2020-02-28,hrp,BMW.DE,0.012066075808928768
2020-02-28,hrp,MBG.DE,0.008895244963001545
2020-02-28,hrp,MUV2.DE,0.017478163962139758
2020-02-28,hrp,MC.PA,0.014191943109853344
2020-02-28,hrp,TTE.PA,0.019241366472752923
2020-02-28,hrp,OR.PA,0.016070781063584366
2020-02-28,hrp,SAN.PA,0.022165693008637584
2020-02-28,hrp,BNP.PA,0.01702941629362672
2020-02-28,hrp,AIR.PA,0.009380079423401735
2020-02-28,hrp,SU.PA,0.01111482914237529
2020-02-28,hrp,CAP.PA,0.01153056076273353
2020-02-28,hrp,AI.PA,0.019153273860237813
2020-02-28,hrp,ASML.AS,0.006454206195826638
2020-02-28,hrp,PHIA.AS,0.016530238846248508
2020-02-28,hrp,INGA.AS,0.007549014236251745
2020-02-28,hrp,HEIA.AS,0.02503873558131345
2020-02-28,hrp,AD.AS,0.030768468329673875
2020-02-28,hrp,WKL.AS,0.0359674324999988
2020-02-28,hrp,SAN.MC,0.006148152273316921
2020-02-28,hrp,IBE.MC,0.020906846033767565
2020-02-28,hrp,ITX.MC,0.020688336406852054
2020-02-28,hrp,TEF.MC,0.015238924493616851
2020-02-28,hrp,ENG.MC,0.025907718317574414
2020-02-28,hrp,BBVA.MC,0.0064892833513580835
2020-02-28,hrp,NESN.SW,0.03155543695583507
2020-02-28,hrp,NOVN.SW,0.027274116315666813
2020-02-28,hrp,UBSG.SW,0.011416550687351324
2020-02-28,hrp,RO.SW,0.026856308716342238
2020-02-28,hrp,ABBN.SW,0.01372307419280961
2020-02-28,hrp,CFR.SW,0.012395324305100238
2020-02-28,hrp,HOLN.SW,0.016418682290100232
2020-02-28,hrp,ENI.MI,0.016124904355314672
2020-02-28,hrp,ISP.MI,0.009636842415752587
2020-02-28,hrp,UCG.MI,0.005205974418524398
2020-02-28,hrp,ENEL.MI,0.01710809660535237
2020-02-28,hrp,STMMI.MI,0.005399641932240656
2020-02-28,minimum_variance,EXV4.DE,0.07381880382329578
2020-02-28,minimum_variance,EXV2.DE,0.07586379207054098
2020-02-28,minimum_variance,EXH8.DE,0.14903231590310959
2020-02-28,minimum_variance,EWP,0.028057390484988513
2020-02-28,minimum_variance,EWN,0.013549435728641205
2020-02-28,minimum_variance,EWL,0.15
2020-02-28,minimum_variance,DTE.DE,0.05466714949889551
2020-02-28,minimum_variance,BMW.DE,0.041553753926988846
2020-02-28,minimum_variance,MUV2.DE,0.012196112325122922
2020-02-28,minimum_variance,HEIA.AS,0.05131163055686109
2020-02-28,minimum_variance,AD.AS,0.08200740952294276
2020-02-28,minimum_variance,WKL.AS,0.022640856175852826
2020-02-28,minimum_variance,IBE.MC,0.043364298444733336
2020-02-28,minimum_variance,ENG.MC,0.030563232875265925
2020-02-28,minimum_variance,NESN.SW,0.10333186132413504
2020-02-28,minimum_variance,RO.SW,0.04354889699040246
2020-02-28,minimum_variance,ENI.MI,0.024493060348223367
2020-02-28,xgb,EWL,0.046319529471051286
2020-02-28,xgb,MBG.DE,0.028846094192929852
2020-02-28,xgb,MUV2.DE,0.14999999999999153
2020-02-28,xgb,TTE.PA,0.12317540592291144
2020-02-28,xgb,SAN.PA,0.09975809359536882
2020-02-28,xgb,BNP.PA,0.15000000000000746
2020-02-28,xgb,ASML.AS,0.01380297153982168
2020-02-28,xgb,HEIA.AS,0.02692193826973244
2020-02-28,xgb,ITX.MC,0.14999999999999974
2020-02-28,xgb,TEF.MC,0.1500000000000031
2020-02-28,xgb,ISP.MI,0.03431521437511373
2020-02-28,xgb,UCG.MI,0.009703479501852819
2020-02-28,xgb,ENEL.MI,0.00042224150694806454
2020-02-28,xgb,STMMI.MI,0.016735031624268024
2020-02-28,xgb_sentiment,EWL,0.049513126777773676
2020-02-28,xgb_sentiment,MUV2.DE,0.14999999999993066
2020-02-28,xgb_sentiment,TTE.PA,0.08847388582424075
2020-02-28,xgb_sentiment,BNP.PA,0.14999999999993066
2020-02-28,xgb_sentiment,ASML.AS,0.047822955010846935
2020-02-28,xgb_sentiment,HEIA.AS,0.04073493971583828
2020-02-28,xgb_sentiment,IBE.MC,0.05827899289743889
2020-02-28,xgb_sentiment,ITX.MC,0.14999999999993066
2020-02-28,xgb_sentiment,TEF.MC,0.14999999999993066
2020-02-28,xgb_sentiment,ABBN.SW,0.0022472930841454307
2020-02-28,xgb_sentiment,ENI.MI,0.09242990411353756
2020-02-28,xgb_sentiment,ISP.MI,0.020498902576455993
2020-02-28,equal_weight,EXSA.DE,0.017543859649122806
2020-02-28,equal_weight,EXV1.DE,0.017543859649122806
2020-02-28,equal_weight,EXV4.DE,0.017543859649122806
2020-02-28,equal_weight,EXV3.DE,0.017543859649122806
2020-02-28,equal_weight,EXV2.DE,0.017543859649122806
2020-02-28,equal_weight,EXV6.DE,0.017543859649122806
2020-02-28,equal_weight,EXV7.DE,0.017543859649122806
2020-02-28,equal_weight,EXH7.DE,0.017543859649122806
2020-02-28,equal_weight,EXH8.DE,0.017543859649122806
2020-02-28,equal_weight,EXS1.DE,0.017543859649122806
2020-02-28,equal_weight,CAC.PA,0.017543859649122806
2020-02-28,equal_weight,EWI,0.017543859649122806
2020-02-28,equal_weight,EWP,0.017543859649122806
2020-02-28,equal_weight,EWN,0.017543859649122806
2020-02-28,equal_weight,EWL,0.017543859649122806
2020-02-28,equal_weight,SAP.DE,0.017543859649122806
2020-02-28,equal_weight,SIE.DE,0.017543859649122806
2020-02-28,equal_weight,BAS.DE,0.017543859649122806
2020-02-28,equal_weight,VOW3.DE,0.017543859649122806
2020-02-28,equal_weight,DTE.DE,0.017543859649122806
2020-02-28,equal_weight,ALV.DE,0.017543859649122806
2020-02-28,equal_weight,BMW.DE,0.017543859649122806
2020-02-28,equal_weight,MBG.DE,0.017543859649122806
2020-02-28,equal_weight,MUV2.DE,0.017543859649122806
2020-02-28,equal_weight,MC.PA,0.017543859649122806
2020-02-28,equal_weight,TTE.PA,0.017543859649122806
2020-02-28,equal_weight,OR.PA,0.017543859649122806
2020-02-28,equal_weight,SAN.PA,0.017543859649122806
2020-02-28,equal_weight,BNP.PA,0.017543859649122806
2020-02-28,equal_weight,AIR.PA,0.017543859649122806
2020-02-28,equal_weight,SU.PA,0.017543859649122806
2020-02-28,equal_weight,CAP.PA,0.017543859649122806
2020-02-28,equal_weight,AI.PA,0.017543859649122806
2020-02-28,equal_weight,ASML.AS,0.017543859649122806
2020-02-28,equal_weight,PHIA.AS,0.017543859649122806
2020-02-28,equal_weight,INGA.AS,0.017543859649122806
2020-02-28,equal_weight,HEIA.AS,0.017543859649122806
2020-02-28,equal_weight,AD.AS,0.017543859649122806
2020-02-28,equal_weight,WKL.AS,0.017543859649122806
2020-02-28,equal_weight,SAN.MC,0.017543859649122806
2020-02-28,equal_weight,IBE.MC,0.017543859649122806
2020-02-28,equal_weight,ITX.MC,0.017543859649122806
2020-02-28,equal_weight,TEF.MC,0.017543859649122806
2020-02-28,equal_weight,ENG.MC,0.017543859649122806
2020-02-28,equal_weight,BBVA.MC,0.017543859649122806
2020-02-28,equal_weight,NESN.SW,0.017543859649122806
2020-02-28,equal_weight,NOVN.SW,0.017543859649122806
2020-02-28,equal_weight,UBSG.SW,0.017543859649122806
2020-02-28,equal_weight,RO.SW,0.017543859649122806
2020-02-28,equal_weight,ABBN.SW,0.017543859649122806
2020-02-28,equal_weight,CFR.SW,0.017543859649122806
2020-02-28,equal_weight,HOLN.SW,0.017543859649122806
2020-02-28,equal_weight,ENI.MI,0.017543859649122806
2020-02-28,equal_weight,ISP.MI,0.017543859649122806
2020-02-28,equal_weight,UCG.MI,0.017543859649122806
2020-02-28,equal_weight,ENEL.MI,0.017543859649122806
2020-02-28,equal_weight,STMMI.MI,0.017543859649122806
2020-03-31,markowitz,MC.PA,0.07718744551112335
2020-03-31,markowitz,ASML.AS,0.14999999999999555
2020-03-31,markowitz,AD.AS,0.10000256819175411
2020-03-31,markowitz,WKL.AS,0.14999999999999555
2020-03-31,markowitz,IBE.MC,0.14999999999999555
2020-03-31,markowitz,NESN.SW,0.14999999999999555
2020-03-31,markowitz,RO.SW,0.07280998629714469
2020-03-31,markowitz,ENEL.MI,0.14999999999999555
2020-03-31,hrp,EXSA.DE,0.018050957756612987
2020-03-31,hrp,EXV1.DE,0.013451928487408105
2020-03-31,hrp,EXV4.DE,0.04553628607296444
2020-03-31,hrp,EXV3.DE,0.013285224975735498
2020-03-31,hrp,EXV2.DE,0.02566949436363189
2020-03-31,hrp,EXV6.DE,0.00927198205642246
2020-03-31,hrp,EXV7.DE,0.015691614897027233
2020-03-31,hrp,EXH7.DE,0.0251853020968596
2020-03-31,hrp,EXH8.DE,0.03579747552163315
2020-03-31,hrp,EXS1.DE,0.014907638666093246
2020-03-31,hrp,CAC.PA,0.015178349572272229
2020-03-31,hrp,EWI,0.01692735709157612
2020-03-31,hrp,EWP,0.023460116920905782
2020-03-31,hrp,EWN,0.018088546739528057
2020-03-31,hrp,EWL,0.02052237193260049
2020-03-31,hrp,SAP.DE,0.013205742111557102
2020-03-31,hrp,SIE.DE,0.013675224901779528
2020-03-31,hrp,BAS.DE,0.011651391322814907
2020-03-31,hrp,VOW3.DE,0.007440941621393458
2020-03-31,hrp,DTE.DE,0.021476193047477707
2020-03-31,hrp,ALV.DE,0.010829419700884697
2020-03-31,hrp,BMW.DE,0.009897511918326623
2020-03-31,hrp,MBG.DE,0.005981792820656884
2020-03-31,hrp,MUV2.DE,0.012569693703276846
2020-03-31,hrp,MC.PA,0.01787019002741353
2020-03-31,hrp,TTE.PA,0.009711349570307965
2020-03-31,hrp,OR.PA,0.021640146880924385
2020-03-31,hrp,SAN.PA,0.031839748273290655
2020-03-31,hrp,BNP.PA,0.00869626549518349
2020-03-31,hrp,AIR.PA,0.008710037859923019
2020-03-31,hrp,SU.PA,0.01099084514967206
2020-03-31,hrp,CAP.PA,0.012834304108124235
2020-03-31,hrp,AI.PA,0.017983923850436064
2020-03-31,hrp,ASML.AS,0.008099049909620218
2020-03-31,hrp,PHIA.AS,0.018502487677318234
2020-03-31,hrp,INGA.AS,0.012032551882153507
2020-03-31,hrp,HEIA.AS,0.029615840445547204
2020-03-31,hrp,AD.AS,0.03997051627405502
2020-03-31,hrp,WKL.AS,0.030477930939662865
2020-03-31,hrp,SAN.MC,0.00735355943082665
2020-03-31,hrp,IBE.MC,0.01843897526627868
2020-03-31,hrp,ITX.MC,0.017638589838954898
2020-03-31,hrp,TEF.MC,0.022657603387501758
2020-03-31,hrp,ENG.MC,0.015959212266990316
2020-03-31,hrp,BBVA.MC,0.007368533410233138
2020-03-31,hrp,NESN.SW,0.043470298854571876
2020-03-31,hrp,NOVN.SW,0.027363455105986013
2020-03-31,hrp,UBSG.SW,0.011193657739132864
2020-03-31,hrp,RO.SW,0.028838104851102064
2020-03-31,hrp,ABBN.SW,0.014077451301385657
2020-03-31,hrp,CFR.SW,0.01904249850142535
2020-03-31,hrp,HOLN.SW,0.014605853951010073
2020-03-31,hrp,ENI.MI,0.00981798418197281
2020-03-31,hrp,ISP.MI,0.008271961449468918
2020-03-31,hrp,UCG.MI,0.00506554395306169
2020-03-31,hrp,ENEL.MI,0.02643608293381849
2020-03-31,hrp,STMMI.MI,0.0056728869332072435
2020-03-31,minimum_variance,EXV4.DE,0.04865006440552321
2020-03-31,minimum_variance,EXV2.DE,0.012197845393130055
2020-03-31,minimum_variance,EXH7.DE,0.022992428743459963
2020-03-31,minimum_variance,EXH8.DE,0.14999999999999997
2020-03-31,minimum_variance,EWN,0.08270238320893356
2020-03-31,minimum_variance,EWL,0.021486204511501916
2020-03-31,minimum_variance,DTE.DE,0.06188828381525219
2020-03-31,minimum_variance,BMW.DE,0.007332001489612372
2020-03-31,minimum_variance,SAN.PA,0.07395360185457198
2020-03-31,minimum_variance,HEIA.AS,0.09202131990601531
2020-03-31,minimum_variance,AD.AS,0.14999999999999997
2020-03-31,minimum_variance,WKL.AS,0.05151958412740942
2020-03-31,minimum_variance,NESN.SW,0.14999999999999997
2020-03-31,minimum_variance,RO.SW,0.07525628254459016
2020-03-31,xgb,EXV1.DE,0.1500000000008435
2020-03-31,xgb,EXS1.DE,0.10004654680425808
2020-03-31,xgb,DTE.DE,0.1500000000008435
2020-03-31,xgb,BNP.PA,0.0021607993687064292
2020-03-31,xgb,INGA.AS,0.1500000000008435
2020-03-31,xgb,HEIA.AS,0.1500000000008435
2020-03-31,xgb,IBE.MC,0.1500000000008435
2020-03-31,xgb,CFR.SW,0.037964575411188986
2020-03-31,xgb,UCG.MI,0.10982807841162913
2020-03-31,xgb_sentiment,EXV1.DE,0.15000000000251112
2020-03-31,xgb_sentiment,EXV2.DE,0.03389690652988749
2020-03-31,xgb_sentiment,DTE.DE,0.15000000000251112
2020-03-31,xgb_sentiment,SAN.PA,0.007104474608897667
2020-03-31,xgb_sentiment,BNP.PA,0.15000000000251112
2020-03-31,xgb_sentiment,INGA.AS,0.038416467541266715
2020-03-31,xgb_sentiment,HEIA.AS,0.15000000000251112
2020-03-31,xgb_sentiment,AD.AS,0.020582151304881398
2020-03-31,xgb_sentiment,IBE.MC,0.15000000000251112
2020-03-31,xgb_sentiment,ISP.MI,0.15000000000251112
2020-03-31,equal_weight,EXSA.DE,0.017543859649122806
2020-03-31,equal_weight,EXV1.DE,0.017543859649122806
2020-03-31,equal_weight,EXV4.DE,0.017543859649122806
2020-03-31,equal_weight,EXV3.DE,0.017543859649122806
2020-03-31,equal_weight,EXV2.DE,0.017543859649122806
2020-03-31,equal_weight,EXV6.DE,0.017543859649122806
2020-03-31,equal_weight,EXV7.DE,0.017543859649122806
2020-03-31,equal_weight,EXH7.DE,0.017543859649122806
2020-03-31,equal_weight,EXH8.DE,0.017543859649122806
2020-03-31,equal_weight,EXS1.DE,0.017543859649122806
2020-03-31,equal_weight,CAC.PA,0.017543859649122806
2020-03-31,equal_weight,EWI,0.017543859649122806
2020-03-31,equal_weight,EWP,0.017543859649122806
2020-03-31,equal_weight,EWN,0.017543859649122806
2020-03-31,equal_weight,EWL,0.017543859649122806
2020-03-31,equal_weight,SAP.DE,0.017543859649122806
2020-03-31,equal_weight,SIE.DE,0.017543859649122806
2020-03-31,equal_weight,BAS.DE,0.017543859649122806
2020-03-31,equal_weight,VOW3.DE,0.017543859649122806
2020-03-31,equal_weight,DTE.DE,0.017543859649122806
2020-03-31,equal_weight,ALV.DE,0.017543859649122806
2020-03-31,equal_weight,BMW.DE,0.017543859649122806
2020-03-31,equal_weight,MBG.DE,0.017543859649122806
2020-03-31,equal_weight,MUV2.DE,0.017543859649122806
2020-03-31,equal_weight,MC.PA,0.017543859649122806
2020-03-31,equal_weight,TTE.PA,0.017543859649122806
2020-03-31,equal_weight,OR.PA,0.017543859649122806
2020-03-31,equal_weight,SAN.PA,0.017543859649122806
2020-03-31,equal_weight,BNP.PA,0.017543859649122806
2020-03-31,equal_weight,AIR.PA,0.017543859649122806
2020-03-31,equal_weight,SU.PA,0.017543859649122806
2020-03-31,equal_weight,CAP.PA,0.017543859649122806
2020-03-31,equal_weight,AI.PA,0.017543859649122806
2020-03-31,equal_weight,ASML.AS,0.017543859649122806
2020-03-31,equal_weight,PHIA.AS,0.017543859649122806
2020-03-31,equal_weight,INGA.AS,0.017543859649122806
2020-03-31,equal_weight,HEIA.AS,0.017543859649122806
2020-03-31,equal_weight,AD.AS,0.017543859649122806
2020-03-31,equal_weight,WKL.AS,0.017543859649122806
2020-03-31,equal_weight,SAN.MC,0.017543859649122806
2020-03-31,equal_weight,IBE.MC,0.017543859649122806
2020-03-31,equal_weight,ITX.MC,0.017543859649122806
2020-03-31,equal_weight,TEF.MC,0.017543859649122806
2020-03-31,equal_weight,ENG.MC,0.017543859649122806
2020-03-31,equal_weight,BBVA.MC,0.017543859649122806
2020-03-31,equal_weight,NESN.SW,0.017543859649122806
2020-03-31,equal_weight,NOVN.SW,0.017543859649122806
2020-03-31,equal_weight,UBSG.SW,0.017543859649122806
2020-03-31,equal_weight,RO.SW,0.017543859649122806
2020-03-31,equal_weight,ABBN.SW,0.017543859649122806
2020-03-31,equal_weight,CFR.SW,0.017543859649122806
2020-03-31,equal_weight,HOLN.SW,0.017543859649122806
2020-03-31,equal_weight,ENI.MI,0.017543859649122806
2020-03-31,equal_weight,ISP.MI,0.017543859649122806
2020-03-31,equal_weight,UCG.MI,0.017543859649122806
2020-03-31,equal_weight,ENEL.MI,0.017543859649122806
2020-03-31,equal_weight,STMMI.MI,0.017543859649122806
2020-04-30,markowitz,MC.PA,0.08738328592987903
2020-04-30,markowitz,ASML.AS,0.1499999999999924
2020-04-30,markowitz,AD.AS,0.13431354289068703
2020-04-30,markowitz,WKL.AS,0.1499999999999924
2020-04-30,markowitz,IBE.MC,0.13844659749495827
2020-04-30,markowitz,NESN.SW,0.1499999999999924
2020-04-30,markowitz,RO.SW,0.1499999999999924
2020-04-30,markowitz,ENEL.MI,0.03985657368450595
2020-04-30,hrp,EXSA.DE,0.01869328952458668
2020-04-30,hrp,EXV1.DE,0.010136137220454472
2020-04-30,hrp,EXV4.DE,0.034450523224381094
2020-04-30,hrp,EXV3.DE,0.012101467529774815
2020-04-30,hrp,EXV2.DE,0.038883803813955266
2020-04-30,hrp,EXV6.DE,0.010226205314963665
2020-04-30,hrp,EXV7.DE,0.016529071445393357
2020-04-30,hrp,EXH7.DE,0.0291711756229074
2020-04-30,hrp,EXH8.DE,0.040830687893496045
2020-04-30,hrp,EXS1.DE,0.01463377587720564
2020-04-30,hrp,CAC.PA,0.018204844574810315
2020-04-30,hrp,EWI,0.01032874859971281
2020-04-30,hrp,EWP,0.01186367460267683
2020-04-30,hrp,EWN,0.01645570443145635
2020-04-30,hrp,EWL,0.019652856014069874
2020-04-30,hrp,SAP.DE,0.0202039387068326
2020-04-30,hrp,SIE.DE,0.012531208297624049
2020-04-30,hrp,BAS.DE,0.009425957831086785
2020-04-30,hrp,VOW3.DE,0.0058365716462519595
2020-04-30,hrp,DTE.DE,0.02174970586996012
2020-04-30,hrp,ALV.DE,0.010224282736940805
2020-04-30,hrp,BMW.DE,0.010652844992812502
2020-04-30,hrp,MBG.DE,0.006509652604397954
2020-04-30,hrp,MUV2.DE,0.018996826350874456
2020-04-30,hrp,MC.PA,0.012449689117337888
2020-04-30,hrp,TTE.PA,0.010751431820593951
2020-04-30,hrp,OR.PA,0.018504890766690468
2020-04-30,hrp,SAN.PA,0.045781001004655486
2020-04-30,hrp,BNP.PA,0.006583717434171518
2020-04-30,hrp,AIR.PA,0.008117419135038436
2020-04-30,hrp,SU.PA,0.010673414426494022
2020-04-30,hrp,CAP.PA,0.01793354832049772
2020-04-30,hrp,AI.PA,0.01772524106872865
2020-04-30,hrp,ASML.AS,0.014173256405765588
2020-04-30,hrp,PHIA.AS,0.01988889422434875
2020-04-30,hrp,INGA.AS,0.00701731477983998
2020-04-30,hrp,HEIA.AS,0.03508081888396631
2020-04-30,hrp,AD.AS,0.04254996959203506
2020-04-30,hrp,WKL.AS,0.032291075433630044
2020-04-30,hrp,SAN.MC,0.006474988342139376
2020-04-30,hrp,IBE.MC,0.017220104189612825
2020-04-30,hrp,ITX.MC,0.017925369049615992
2020-04-30,hrp,TEF.MC,0.012940574403530204
2020-04-30,hrp,ENG.MC,0.021122274804928953
2020-04-30,hrp,BBVA.MC,0.0059151551296809145
2020-04-30,hrp,NESN.SW,0.04296221325220944
2020-04-30,hrp,NOVN.SW,0.021350144529540004
2020-04-30,hrp,UBSG.SW,0.010616835175951508
2020-04-30,hrp,RO.SW,0.033782236690433565
2020-04-30,hrp,ABBN.SW,0.01352792177066489
2020-04-30,hrp,CFR.SW,0.021592729545000067
2020-04-30,hrp,HOLN.SW,0.013004512786124517
2020-04-30,hrp,ENI.MI,0.010289009100366743
2020-04-30,hrp,ISP.MI,0.008975077550436002
2020-04-30,hrp,UCG.MI,0.005994717267214777
2020-04-30,hrp,ENEL.MI,0.01391580860445004
2020-04-30,hrp,STMMI.MI,0.0045756906676806194
2020-04-30,minimum_variance,EXV4.DE,0.04575467480431342
2020-04-30,minimum_variance,EXV2.DE,0.015571312987269131
2020-04-30,minimum_variance,EXH7.DE,0.012218599659906883
2020-04-30,minimum_variance,EXH8.DE,0.15
2020-04-30,minimum_variance,EWN,0.05650062944057687
2020-04-30,minimum_variance,EWL,0.035949754797483496
2020-04-30,minimum_variance,DTE.DE,0.05819194253065213
2020-04-30,minimum_variance,SAN.PA,0.07031457583366395
2020-04-30,minimum_variance,HEIA.AS,0.1016754720063594
2020-04-30,minimum_variance,AD.AS,0.15
2020-04-30,minimum_variance,WKL.AS,0.054395822789957006
2020-04-30,minimum_variance,ENG.MC,0.015457530020363677
2020-04-30,minimum_variance,NESN.SW,0.15
2020-04-30,minimum_variance,RO.SW,0.08396968512945412
2020-04-30,xgb,EXV1.DE,0.15000000000001587
2020-04-30,xgb,TTE.PA,0.15000000000000918
2020-04-30,xgb,HEIA.AS,0.14999999999993038
2020-04-30,xgb,SAN.MC,0.1500000000000234
2020-04-30,xgb,ITX.MC,0.05840979933022361
2020-04-30,xgb,ENI.MI,0.15000000000001376
2020-04-30,xgb,ISP.MI,0.15000000000002248
2020-04-30,xgb,UCG.MI,0.041590200669761344
2020-04-30,xgb_sentiment,EXV1.DE,0.15000000000000185
2020-04-30,xgb_sentiment,VOW3.DE,0.06142896049746237
2020-04-30,xgb_sentiment,TTE.PA,0.15000000000000185
2020-04-30,xgb_sentiment,HEIA.AS,0.03386261176754205
2020-04-30,xgb_sentiment,SAN.MC,0.15000000000000185
2020-04-30,xgb_sentiment,ITX.MC,0.15000000000000185
2020-04-30,xgb_sentiment,ENI.MI,0.15000000000000185
2020-04-30,xgb_sentiment,ISP.MI,0.15000000000000185
2020-04-30,xgb_sentiment,UCG.MI,0.004708427734984507
2020-04-30,equal_weight,EXSA.DE,0.017543859649122806
2020-04-30,equal_weight,EXV1.DE,0.017543859649122806
2020-04-30,equal_weight,EXV4.DE,0.017543859649122806
2020-04-30,equal_weight,EXV3.DE,0.017543859649122806
2020-04-30,equal_weight,EXV2.DE,0.017543859649122806
2020-04-30,equal_weight,EXV6.DE,0.017543859649122806
2020-04-30,equal_weight,EXV7.DE,0.017543859649122806
2020-04-30,equal_weight,EXH7.DE,0.017543859649122806
2020-04-30,equal_weight,EXH8.DE,0.017543859649122806
2020-04-30,equal_weight,EXS1.DE,0.017543859649122806
2020-04-30,equal_weight,CAC.PA,0.017543859649122806
2020-04-30,equal_weight,EWI,0.017543859649122806
2020-04-30,equal_weight,EWP,0.017543859649122806
2020-04-30,equal_weight,EWN,0.017543859649122806
2020-04-30,equal_weight,EWL,0.017543859649122806
2020-04-30,equal_weight,SAP.DE,0.017543859649122806
2020-04-30,equal_weight,SIE.DE,0.017543859649122806
2020-04-30,equal_weight,BAS.DE,0.017543859649122806
2020-04-30,equal_weight,VOW3.DE,0.017543859649122806
2020-04-30,equal_weight,DTE.DE,0.017543859649122806
2020-04-30,equal_weight,ALV.DE,0.017543859649122806
2020-04-30,equal_weight,BMW.DE,0.017543859649122806
2020-04-30,equal_weight,MBG.DE,0.017543859649122806
2020-04-30,equal_weight,MUV2.DE,0.017543859649122806
2020-04-30,equal_weight,MC.PA,0.017543859649122806
2020-04-30,equal_weight,TTE.PA,0.017543859649122806
2020-04-30,equal_weight,OR.PA,0.017543859649122806
2020-04-30,equal_weight,SAN.PA,0.017543859649122806
2020-04-30,equal_weight,BNP.PA,0.017543859649122806
2020-04-30,equal_weight,AIR.PA,0.017543859649122806
2020-04-30,equal_weight,SU.PA,0.017543859649122806
2020-04-30,equal_weight,CAP.PA,0.017543859649122806
2020-04-30,equal_weight,AI.PA,0.017543859649122806
2020-04-30,equal_weight,ASML.AS,0.017543859649122806
2020-04-30,equal_weight,PHIA.AS,0.017543859649122806
2020-04-30,equal_weight,INGA.AS,0.017543859649122806
2020-04-30,equal_weight,HEIA.AS,0.017543859649122806
2020-04-30,equal_weight,AD.AS,0.017543859649122806
2020-04-30,equal_weight,WKL.AS,0.017543859649122806
2020-04-30,equal_weight,SAN.MC,0.017543859649122806
2020-04-30,equal_weight,IBE.MC,0.017543859649122806
2020-04-30,equal_weight,ITX.MC,0.017543859649122806
2020-04-30,equal_weight,TEF.MC,0.017543859649122806
2020-04-30,equal_weight,ENG.MC,0.017543859649122806
2020-04-30,equal_weight,BBVA.MC,0.017543859649122806
2020-04-30,equal_weight,NESN.SW,0.017543859649122806
2020-04-30,equal_weight,NOVN.SW,0.017543859649122806
2020-04-30,equal_weight,UBSG.SW,0.017543859649122806
2020-04-30,equal_weight,RO.SW,0.017543859649122806
2020-04-30,equal_weight,ABBN.SW,0.017543859649122806
2020-04-30,equal_weight,CFR.SW,0.017543859649122806
2020-04-30,equal_weight,HOLN.SW,0.017543859649122806
2020-04-30,equal_weight,ENI.MI,0.017543859649122806
2020-04-30,equal_weight,ISP.MI,0.017543859649122806
2020-04-30,equal_weight,UCG.MI,0.017543859649122806
2020-04-30,equal_weight,ENEL.MI,0.017543859649122806
2020-04-30,equal_weight,STMMI.MI,0.017543859649122806
2020-05-29,markowitz,MC.PA,0.08924128564589023
2020-05-29,markowitz,ASML.AS,0.15000000000001276
2020-05-29,markowitz,AD.AS,0.15000000000001276
2020-05-29,markowitz,WKL.AS,0.15000000000001276
2020-05-29,markowitz,IBE.MC,0.1360294344646786
2020-05-29,markowitz,NESN.SW,0.09721827880458107
2020-05-29,markowitz,RO.SW,0.15000000000001276
2020-05-29,markowitz,ENEL.MI,0.07751100108479901
2020-05-29,hrp,EXSA.DE,0.017511857496335402
2020-05-29,hrp,EXV1.DE,0.019084521714056935
2020-05-29,hrp,EXV4.DE,0.032814380904490986
2020-05-29,hrp,EXV3.DE,0.01186842398791153
2020-05-29,hrp,EXV2.DE,0.03930928220159493
2020-05-29,hrp,EXV6.DE,0.016342286806630284
2020-05-29,hrp,EXV7.DE,0.015947546920224705
2020-05-29,hrp,EXH7.DE,0.025430677930896067
2020-05-29,hrp,EXH8.DE,0.036449525635616986
2020-05-29,hrp,EXS1.DE,0.013542475318928715
2020-05-29,hrp,CAC.PA,0.01739031658841428
2020-05-29,hrp,EWI,0.01347957310715672
2020-05-29,hrp,EWP,0.01518290154846675
2020-05-29,hrp,EWN,0.03035031078103293
2020-05-29,hrp,EWL,0.027229572873679955
2020-05-29,hrp,SAP.DE,0.012674047730822108
2020-05-29,hrp,SIE.DE,0.010939524412611533
2020-05-29,hrp,BAS.DE,0.009650505452655058
2020-05-29,hrp,VOW3.DE,0.0056598444477851655
2020-05-29,hrp,DTE.DE,0.025702971113418422
2020-05-29,hrp,ALV.DE,0.01053785840103653
2020-05-29,hrp,BMW.DE,0.007693889105958841
2020-05-29,hrp,MBG.DE,0.004681101312958536
2020-05-29,hrp,MUV2.DE,0.01190004231377464
2020-05-29,hrp,MC.PA,0.011004075091760013
2020-05-29,hrp,TTE.PA,0.00990679867655487
2020-05-29,hrp,OR.PA,0.021308577866770533
2020-05-29,hrp,SAN.PA,0.03069538968409913
2020-05-29,hrp,BNP.PA,0.00833395732895438
2020-05-29,hrp,AIR.PA,0.00724251088424634
2020-05-29,hrp,SU.PA,0.010384961429994299
2020-05-29,hrp,CAP.PA,0.00998760667660297
2020-05-29,hrp,AI.PA,0.02017375611334435
2020-05-29,hrp,ASML.AS,0.00930580547868164
2020-05-29,hrp,PHIA.AS,0.020368711993334832
2020-05-29,hrp,INGA.AS,0.0057548875647039106
2020-05-29,hrp,HEIA.AS,0.026680921180261198
2020-05-29,hrp,AD.AS,0.042809802725130394
2020-05-29,hrp,WKL.AS,0.031851374774659484
2020-05-29,hrp,SAN.MC,0.0066932106555253786
2020-05-29,hrp,IBE.MC,0.018121092092958382
2020-05-29,hrp,ITX.MC,0.015123507428534062
2020-05-29,hrp,TEF.MC,0.014667213180055238
2020-05-29,hrp,ENG.MC,0.022084476506987347
2020-05-29,hrp,BBVA.MC,0.006102216558502507
2020-05-29,hrp,NESN.SW,0.06431609895294033
2020-05-29,hrp,NOVN.SW,0.022787725572599123
2020-05-29,hrp,UBSG.SW,0.008956692321805874
2020-05-29,hrp,RO.SW,0.030735378617880324
2020-05-29,hrp,ABBN.SW,0.01192889336921487
2020-05-29,hrp,CFR.SW,0.0196101929712809
2020-05-29,hrp,HOLN.SW,0.018150873125812487
2020-05-29,hrp,ENI.MI,0.010185622774524504
2020-05-29,hrp,ISP.MI,0.00814829810410135
2020-05-29,hrp,UCG.MI,0.005457600384125351
2020-05-29,hrp,ENEL.MI,0.014677976140860003
2020-05-29,hrp,STMMI.MI,0.005070355666735776
2020-05-29,minimum_variance,EXV4.DE,0.028137014635301588
2020-05-29,minimum_variance,EXV2.DE,0.0028686171807571575
2020-05-29,minimum_variance,EXH8.DE,0.15
2020-05-29,minimum_variance,EWN,0.059423520967972016
2020-05-29,minimum_variance,EWL,0.04600448427859537
2020-05-29,minimum_variance,DTE.DE,0.0704381393780052
2020-05-29,minimum_variance,SAN.PA,0.07931108584983035
2020-05-29,minimum_variance,HEIA.AS,0.08934715165482997
2020-05-29,minimum_variance,AD.AS,0.15
2020-05-29,minimum_variance,WKL.AS,0.053778235963197335
2020-05-29,minimum_variance,ENG.MC,0.01719147788412745
2020-05-29,minimum_variance,NESN.SW,0.15
2020-05-29,minimum_variance,RO.SW,0.10350027220738373
2020-05-29,xgb,EWN,0.10792802174015324
2020-05-29,xgb,AIR.PA,0.01216880091338281
2020-05-29,xgb,INGA.AS,0.12990317734646006
2020-05-29,xgb,ITX.MC,0.15000000000000077
2020-05-29,xgb,TEF.MC,0.15000000000000077
2020-05-29,xgb,BBVA.MC,0.15000000000000077
2020-05-29,xgb,RO.SW,0.15000000000000077
2020-05-29,xgb,ENI.MI,0.15000000000000077
2020-05-29,xgb_sentiment,EWN,0.048436229881966095
2020-05-29,xgb_sentiment,BMW.DE,0.14999999999998487
2020-05-29,xgb_sentiment,AIR.PA,0.06605001028057896
2020-05-29,xgb_sentiment,CAP.PA,0.060511216668411215
2020-05-29,xgb_sentiment,TEF.MC,0.14999999999998487
2020-05-29,xgb_sentiment,ENG.MC,0.0008306501691977863
2020-05-29,xgb_sentiment,BBVA.MC,0.09426334384203847
2020-05-29,xgb_sentiment,RO.SW,0.12990854915786784
2020-05-29,xgb_sentiment,CFR.SW,0.14999999999998487
2020-05-29,xgb_sentiment,ENI.MI,0.14999999999998487
2020-05-29,equal_weight,EXSA.DE,0.017543859649122806
2020-05-29,equal_weight,EXV1.DE,0.017543859649122806
2020-05-29,equal_weight,EXV4.DE,0.017543859649122806
2020-05-29,equal_weight,EXV3.DE,0.017543859649122806
2020-05-29,equal_weight,EXV2.DE,0.017543859649122806
2020-05-29,equal_weight,EXV6.DE,0.017543859649122806
2020-05-29,equal_weight,EXV7.DE,0.017543859649122806
2020-05-29,equal_weight,EXH7.DE,0.017543859649122806
2020-05-29,equal_weight,EXH8.DE,0.017543859649122806
2020-05-29,equal_weight,EXS1.DE,0.017543859649122806
2020-05-29,equal_weight,CAC.PA,0.017543859649122806
2020-05-29,equal_weight,EWI,0.017543859649122806
2020-05-29,equal_weight,EWP,0.017543859649122806
2020-05-29,equal_weight,EWN,0.017543859649122806
2020-05-29,equal_weight,EWL,0.017543859649122806
2020-05-29,equal_weight,SAP.DE,0.017543859649122806
2020-05-29,equal_weight,SIE.DE,0.017543859649122806
2020-05-29,equal_weight,BAS.DE,0.017543859649122806
2020-05-29,equal_weight,VOW3.DE,0.017543859649122806
2020-05-29,equal_weight,DTE.DE,0.017543859649122806
2020-05-29,equal_weight,ALV.DE,0.017543859649122806
2020-05-29,equal_weight,BMW.DE,0.017543859649122806
2020-05-29,equal_weight,MBG.DE,0.017543859649122806
2020-05-29,equal_weight,MUV2.DE,0.017543859649122806
2020-05-29,equal_weight,MC.PA,0.017543859649122806
2020-05-29,equal_weight,TTE.PA,0.017543859649122806
2020-05-29,equal_weight,OR.PA,0.017543859649122806
2020-05-29,equal_weight,SAN.PA,0.017543859649122806
2020-05-29,equal_weight,BNP.PA,0.017543859649122806
2020-05-29,equal_weight,AIR.PA,0.017543859649122806
2020-05-29,equal_weight,SU.PA,0.017543859649122806
2020-05-29,equal_weight,CAP.PA,0.017543859649122806
2020-05-29,equal_weight,AI.PA,0.017543859649122806
2020-05-29,equal_weight,ASML.AS,0.017543859649122806
2020-05-29,equal_weight,PHIA.AS,0.017543859649122806
2020-05-29,equal_weight,INGA.AS,0.017543859649122806
2020-05-29,equal_weight,HEIA.AS,0.017543859649122806
2020-05-29,equal_weight,AD.AS,0.017543859649122806
2020-05-29,equal_weight,WKL.AS,0.017543859649122806
2020-05-29,equal_weight,SAN.MC,0.017543859649122806
2020-05-29,equal_weight,IBE.MC,0.017543859649122806
2020-05-29,equal_weight,ITX.MC,0.017543859649122806
2020-05-29,equal_weight,TEF.MC,0.017543859649122806
2020-05-29,equal_weight,ENG.MC,0.017543859649122806
2020-05-29,equal_weight,BBVA.MC,0.017543859649122806
2020-05-29,equal_weight,NESN.SW,0.017543859649122806
2020-05-29,equal_weight,NOVN.SW,0.017543859649122806
2020-05-29,equal_weight,UBSG.SW,0.017543859649122806
2020-05-29,equal_weight,RO.SW,0.017543859649122806
2020-05-29,equal_weight,ABBN.SW,0.017543859649122806
2020-05-29,equal_weight,CFR.SW,0.017543859649122806
2020-05-29,equal_weight,HOLN.SW,0.017543859649122806
2020-05-29,equal_weight,ENI.MI,0.017543859649122806
2020-05-29,equal_weight,ISP.MI,0.017543859649122806
2020-05-29,equal_weight,UCG.MI,0.017543859649122806
2020-05-29,equal_weight,ENEL.MI,0.017543859649122806
2020-05-29,equal_weight,STMMI.MI,0.017543859649122806
2020-06-30,markowitz,MC.PA,0.07836938629041089
2020-06-30,markowitz,OR.PA,0.0026496166932579238
2020-06-30,markowitz,ASML.AS,0.1499999999996388
2020-06-30,markowitz,AD.AS,0.1499999999996388
2020-06-30,markowitz,WKL.AS,0.1499999999996388
2020-06-30,markowitz,IBE.MC,0.1499999999996388
2020-06-30,markowitz,NESN.SW,0.08988128529334499
2020-06-30,markowitz,RO.SW,0.14999999999947772
2020-06-30,markowitz,ENEL.MI,0.07909971172495318
2020-06-30,hrp,EXSA.DE,0.019439597919056393
2020-06-30,hrp,EXV1.DE,0.009029892678537899
2020-06-30,hrp,EXV4.DE,0.03342641988739627
2020-06-30,hrp,EXV3.DE,0.012523230851259223
2020-06-30,hrp,EXV2.DE,0.03844316225716679
2020-06-30,hrp,EXV6.DE,0.00918136499031325
2020-06-30,hrp,EXV7.DE,0.014951357908986189
2020-06-30,hrp,EXH7.DE,0.026737450288213553
2020-06-30,hrp,EXH8.DE,0.036593050610112754
2020-06-30,hrp,EXS1.DE,0.013235551077846899
2020-06-30,hrp,CAC.PA,0.015880680374244584
2020-06-30,hrp,EWI,0.013523877811117722
2020-06-30,hrp,EWP,0.012410353952823694
2020-06-30,hrp,EWN,0.017694482455125865
2020-06-30,hrp,EWL,0.044944781153366885
2020-06-30,hrp,SAP.DE,0.012494452723830424
2020-06-30,hrp,SIE.DE,0.018539442382879308
2020-06-30,hrp,BAS.DE,0.01051236268149657
2020-06-30,hrp,VOW3.DE,0.006569541949340494
2020-06-30,hrp,DTE.DE,0.025395074992976305
2020-06-30,hrp,ALV.DE,0.009296165229310115
2020-06-30,hrp,BMW.DE,0.008182294151499984
2020-06-30,hrp,MBG.DE,0.004816359820457748
2020-06-30,hrp,MUV2.DE,0.011437838972385801
2020-06-30,hrp,MC.PA,0.011102964495954935
2020-06-30,hrp,TTE.PA,0.009706295468065037
2020-06-30,hrp,OR.PA,0.022230629230131093
2020-06-30,hrp,SAN.PA,0.03218173614420967
2020-06-30,hrp,BNP.PA,0.00581954600346787
2020-06-30,hrp,AIR.PA,0.00570293322596694
2020-06-30,hrp,SU.PA,0.0104207105349708
2020-06-30,hrp,CAP.PA,0.010702107538173956
2020-06-30,hrp,AI.PA,0.028613941151018854
2020-06-30,hrp,ASML.AS,0.008085149864109952
2020-06-30,hrp,PHIA.AS,0.021112713486811673
2020-06-30,hrp,INGA.AS,0.0056025713808022055
2020-06-30,hrp,HEIA.AS,0.027726159110126
2020-06-30,hrp,AD.AS,0.0452792115045485
2020-06-30,hrp,WKL.AS,0.03452081951815376
2020-06-30,hrp,SAN.MC,0.0057134678560696
2020-06-30,hrp,IBE.MC,0.022750077292006246
2020-06-30,hrp,ITX.MC,0.01590299914076425
2020-06-30,hrp,TEF.MC,0.014300798929639081
2020-06-30,hrp,ENG.MC,0.023709328883664966
2020-06-30,hrp,BBVA.MC,0.005378087800301751
2020-06-30,hrp,NESN.SW,0.040770189046588606
2020-06-30,hrp,NOVN.SW,0.02293294753038992
2020-06-30,hrp,UBSG.SW,0.009180144413053563
2020-06-30,hrp,RO.SW,0.0316483180287291
2020-06-30,hrp,ABBN.SW,0.012150811070074539
2020-06-30,hrp,CFR.SW,0.01445603223346734
2020-06-30,hrp,HOLN.SW,0.018419782083750166
2020-06-30,hrp,ENI.MI,0.009775052512606993
2020-06-30,hrp,ISP.MI,0.008086646041620236
2020-06-30,hrp,UCG.MI,0.0054114790375930375
2020-06-30,hrp,ENEL.MI,0.030282434077218826
2020-06-30,hrp,STMMI.MI,0.0050651282462058226
2020-06-30,minimum_variance,EXV4.DE,0.022738601428504732
2020-06-30,minimum_variance,EXH8.DE,0.15000000000000002
2020-06-30,minimum_variance,EWN,0.0505799523143041
2020-06-30,minimum_variance,EWL,0.048073680719552724
2020-06-30,minimum_variance,DTE.DE,0.07082860084912437
2020-06-30,minimum_variance,SAN.PA,0.08732544260468354
2020-06-30,minimum_variance,HEIA.AS,0.07391928934640805
2020-06-30,minimum_variance,AD.AS,0.15000000000000002
2020-06-30,minimum_variance,WKL.AS,0.06696285172077218
2020-06-30,minimum_variance,ENG.MC,0.023336022622544254
2020-06-30,minimum_variance,NESN.SW,0.15000000000000002
2020-06-30,minimum_variance,RO.SW,0.10623555839410609
2020-06-30,xgb,EXV1.DE,0.14999999999984007
2020-06-30,xgb,BNP.PA,0.03966627613795617
2020-06-30,xgb,AIR.PA,0.14999999999984007
2020-06-30,xgb,INGA.AS,0.14999999999984007
2020-06-30,xgb,SAN.MC,0.14999999999984007
2020-06-30,xgb,NESN.SW,0.09143957577352399
2020-06-30,xgb,RO.SW,0.11889414808931961
2020-06-30,xgb,UCG.MI,0.14999999999984007
2020-06-30,xgb_sentiment,EXV1.DE,0.10047752092310297
2020-06-30,xgb_sentiment,AIR.PA,0.14999999999963584
2020-06-30,xgb_sentiment,INGA.AS,0.14999999999963584
2020-06-30,xgb_sentiment,AD.AS,0.00712904814296456
2020-06-30,xgb_sentiment,SAN.MC,0.14999999999963584
2020-06-30,xgb_sentiment,NESN.SW,0.14999999999933986
2020-06-30,xgb_sentiment,RO.SW,0.14239343093604917
2020-06-30,xgb_sentiment,UCG.MI,0.14999999999963584
2020-06-30,equal_weight,EXSA.DE,0.017543859649122806
2020-06-30,equal_weight,EXV1.DE,0.017543859649122806
2020-06-30,equal_weight,EXV4.DE,0.017543859649122806
2020-06-30,equal_weight,EXV3.DE,0.017543859649122806
2020-06-30,equal_weight,EXV2.DE,0.017543859649122806
2020-06-30,equal_weight,EXV6.DE,0.017543859649122806
2020-06-30,equal_weight,EXV7.DE,0.017543859649122806
2020-06-30,equal_weight,EXH7.DE,0.017543859649122806
2020-06-30,equal_weight,EXH8.DE,0.017543859649122806
2020-06-30,equal_weight,EXS1.DE,0.017543859649122806
2020-06-30,equal_weight,CAC.PA,0.017543859649122806
2020-06-30,equal_weight,EWI,0.017543859649122806
2020-06-30,equal_weight,EWP,0.017543859649122806
2020-06-30,equal_weight,EWN,0.017543859649122806
2020-06-30,equal_weight,EWL,0.017543859649122806
2020-06-30,equal_weight,SAP.DE,0.017543859649122806
2020-06-30,equal_weight,SIE.DE,0.017543859649122806
2020-06-30,equal_weight,BAS.DE,0.017543859649122806
2020-06-30,equal_weight,VOW3.DE,0.017543859649122806
2020-06-30,equal_weight,DTE.DE,0.017543859649122806
2020-06-30,equal_weight,ALV.DE,0.017543859649122806
2020-06-30,equal_weight,BMW.DE,0.017543859649122806
2020-06-30,equal_weight,MBG.DE,0.017543859649122806
2020-06-30,equal_weight,MUV2.DE,0.017543859649122806
2020-06-30,equal_weight,MC.PA,0.017543859649122806
2020-06-30,equal_weight,TTE.PA,0.017543859649122806
2020-06-30,equal_weight,OR.PA,0.017543859649122806
2020-06-30,equal_weight,SAN.PA,0.017543859649122806
2020-06-30,equal_weight,BNP.PA,0.017543859649122806
2020-06-30,equal_weight,AIR.PA,0.017543859649122806
2020-06-30,equal_weight,SU.PA,0.017543859649122806
2020-06-30,equal_weight,CAP.PA,0.017543859649122806
2020-06-30,equal_weight,AI.PA,0.017543859649122806
2020-06-30,equal_weight,ASML.AS,0.017543859649122806
2020-06-30,equal_weight,PHIA.AS,0.017543859649122806
2020-06-30,equal_weight,INGA.AS,0.017543859649122806
2020-06-30,equal_weight,HEIA.AS,0.017543859649122806
2020-06-30,equal_weight,AD.AS,0.017543859649122806
2020-06-30,equal_weight,WKL.AS,0.017543859649122806
2020-06-30,equal_weight,SAN.MC,0.017543859649122806
2020-06-30,equal_weight,IBE.MC,0.017543859649122806
2020-06-30,equal_weight,ITX.MC,0.017543859649122806
2020-06-30,equal_weight,TEF.MC,0.017543859649122806
2020-06-30,equal_weight,ENG.MC,0.017543859649122806
2020-06-30,equal_weight,BBVA.MC,0.017543859649122806
2020-06-30,equal_weight,NESN.SW,0.017543859649122806
2020-06-30,equal_weight,NOVN.SW,0.017543859649122806
2020-06-30,equal_weight,UBSG.SW,0.017543859649122806
2020-06-30,equal_weight,RO.SW,0.017543859649122806
2020-06-30,equal_weight,ABBN.SW,0.017543859649122806
2020-06-30,equal_weight,CFR.SW,0.017543859649122806
2020-06-30,equal_weight,HOLN.SW,0.017543859649122806
2020-06-30,equal_weight,ENI.MI,0.017543859649122806
2020-06-30,equal_weight,ISP.MI,0.017543859649122806
2020-06-30,equal_weight,UCG.MI,0.017543859649122806
2020-06-30,equal_weight,ENEL.MI,0.017543859649122806
2020-06-30,equal_weight,STMMI.MI,0.017543859649122806
2020-07-31,markowitz,MC.PA,0.005423684643302063
2020-07-31,markowitz,OR.PA,0.03393454816357516
2020-07-31,markowitz,AI.PA,0.07828377332328826
2020-07-31,markowitz,ASML.AS,0.14999999999995273
2020-07-31,markowitz,AD.AS,0.14999999999995273
2020-07-31,markowitz,WKL.AS,0.14999999999995273
2020-07-31,markowitz,IBE.MC,0.14999999999995273
2020-07-31,markowitz,NESN.SW,0.14999999999995273
2020-07-31,markowitz,RO.SW,0.10782436698960621
2020-07-31,markowitz,ENEL.MI,0.024533626880464628
2020-07-31,hrp,EXSA.DE,0.01957168805777924
2020-07-31,hrp,EXV1.DE,0.008903008227963884
2020-07-31,hrp,EXV4.DE,0.035359250264030535
2020-07-31,hrp,EXV3.DE,0.012478678352586186
2020-07-31,hrp,EXV2.DE,0.026175532381326395
2020-07-31,hrp,EXV6.DE,0.009357306603703711
2020-07-31,hrp,EXV7.DE,0.015026814212120886
2020-07-31,hrp,EXH7.DE,0.038321018055899096
2020-07-31,hrp,EXH8.DE,0.038293842588708264
2020-07-31,hrp,EXS1.DE,0.013183111973671835
2020-07-31,hrp,CAC.PA,0.015930673719341423
2020-07-31,hrp,EWI,0.016412938297013832
2020-07-31,hrp,EWP,0.022930364558449975
2020-07-31,hrp,EWN,0.01732903503401148
2020-07-31,hrp,EWL,0.021245683032477945
2020-07-31,hrp,SAP.DE,0.012129500856522164
2020-07-31,hrp,SIE.DE,0.009179138729390017
2020-07-31,hrp,BAS.DE,0.008333346434653634
2020-07-31,hrp,VOW3.DE,0.006533863404510064
2020-07-31,hrp,DTE.DE,0.022847261453140824
2020-07-31,hrp,ALV.DE,0.009323655258733417
2020-07-31,hrp,BMW.DE,0.008135043574488455
2020-07-31,hrp,MBG.DE,0.004794118721406323
2020-07-31,hrp,MUV2.DE,0.01122190012293489
2020-07-31,hrp,MC.PA,0.010645476983015302
2020-07-31,hrp,TTE.PA,0.010369426034659953
2020-07-31,hrp,OR.PA,0.025852714985091833
2020-07-31,hrp,SAN.PA,0.03234712243512673
2020-07-31,hrp,BNP.PA,0.005771300804427133
2020-07-31,hrp,AIR.PA,0.006319908763781225
2020-07-31,hrp,SU.PA,0.011027048280722053
2020-07-31,hrp,CAP.PA,0.01101648662240599
2020-07-31,hrp,AI.PA,0.028843107975536627
2020-07-31,hrp,ASML.AS,0.008074070227497336
2020-07-31,hrp,PHIA.AS,0.020706241286232118
2020-07-31,hrp,INGA.AS,0.005548744614794017
2020-07-31,hrp,HEIA.AS,0.027438765058241756
2020-07-31,hrp,AD.AS,0.047800039271049075
2020-07-31,hrp,WKL.AS,0.03500670279702376
2020-07-31,hrp,SAN.MC,0.0055356875032363095
2020-07-31,hrp,IBE.MC,0.02308232987017067
2020-07-31,hrp,ITX.MC,0.015730944992748117
2020-07-31,hrp,TEF.MC,0.021252785173118977
2020-07-31,hrp,ENG.MC,0.02372456942704456
2020-07-31,hrp,BBVA.MC,0.005178869978359585
2020-07-31,hrp,NESN.SW,0.041119402071933014
2020-07-31,hrp,NOVN.SW,0.024553600332185295
2020-07-31,hrp,UBSG.SW,0.009312616300301016
2020-07-31,hrp,RO.SW,0.0325171710080198
2020-07-31,hrp,ABBN.SW,0.01299489776441803
2020-07-31,hrp,CFR.SW,0.016271001652195558
2020-07-31,hrp,HOLN.SW,0.018536404602232836
2020-07-31,hrp,ENI.MI,0.010219514080058837
2020-07-31,hrp,ISP.MI,0.007812631277236776
2020-07-31,hrp,UCG.MI,0.005058805852623988
2020-07-31,hrp,ENEL.MI,0.030848158276184725
2020-07-31,hrp,STMMI.MI,0.006466679783462513
2020-07-31,minimum_variance,EXV4.DE,0.020943280666499253
2020-07-31,minimum_variance,EXH8.DE,0.15000000000000002
2020-07-31,minimum_variance,EWN,0.047647975134664955
2020-07-31,minimum_variance,EWL,0.04917221731997619
2020-07-31,minimum_variance,DTE.DE,0.07624885158794995
2020-07-31,minimum_variance,SAN.PA,0.08694926665604537
2020-07-31,minimum_variance,HEIA.AS,0.06945129769540714
2020-07-31,minimum_variance,AD.AS,0.15000000000000002
2020-07-31,minimum_variance,WKL.AS,0.07278734027775878
2020-07-31,minimum_variance,ENG.MC,0.023121724825495286
2020-07-31,minimum_variance,NESN.SW,0.15000000000000002
2020-07-31,minimum_variance,RO.SW,0.1036780458362031
2020-07-31,xgb,EWI,0.02147423417398091
2020-07-31,xgb,AIR.PA,0.12331033491878493
2020-07-31,xgb,INGA.AS,0.149999999999997
2020-07-31,xgb,HEIA.AS,0.11829790661082187
2020-07-31,xgb,ITX.MC,0.13691752429641868
2020-07-31,xgb,TEF.MC,0.14999999999999886
2020-07-31,xgb,BBVA.MC,0.14999999999999877
2020-07-31,xgb,CFR.SW,0.14999999999999886
2020-07-31,xgb_sentiment,EXV2.DE,0.12115387996005446
2020-07-31,xgb_sentiment,TTE.PA,0.15000000000004626
2020-07-31,xgb_sentiment,AIR.PA,0.04154404520730336
2020-07-31,xgb_sentiment,HEIA.AS,0.08730207483241077
2020-07-31,xgb_sentiment,IBE.MC,0.15000000000004626
2020-07-31,xgb_sentiment,ITX.MC,0.15000000000004626
2020-07-31,xgb_sentiment,CFR.SW,0.15000000000004626
2020-07-31,xgb_sentiment,ISP.MI,0.15000000000004626
2020-07-31,equal_weight,EXSA.DE,0.017543859649122806
2020-07-31,equal_weight,EXV1.DE,0.017543859649122806
2020-07-31,equal_weight,EXV4.DE,0.017543859649122806
2020-07-31,equal_weight,EXV3.DE,0.017543859649122806
2020-07-31,equal_weight,EXV2.DE,0.017543859649122806
2020-07-31,equal_weight,EXV6.DE,0.017543859649122806
2020-07-31,equal_weight,EXV7.DE,0.017543859649122806
2020-07-31,equal_weight,EXH7.DE,0.017543859649122806
2020-07-31,equal_weight,EXH8.DE,0.017543859649122806
2020-07-31,equal_weight,EXS1.DE,0.017543859649122806
2020-07-31,equal_weight,CAC.PA,0.017543859649122806
2020-07-31,equal_weight,EWI,0.017543859649122806
2020-07-31,equal_weight,EWP,0.017543859649122806
2020-07-31,equal_weight,EWN,0.017543859649122806
2020-07-31,equal_weight,EWL,0.017543859649122806
2020-07-31,equal_weight,SAP.DE,0.017543859649122806
2020-07-31,equal_weight,SIE.DE,0.017543859649122806
2020-07-31,equal_weight,BAS.DE,0.017543859649122806
2020-07-31,equal_weight,VOW3.DE,0.017543859649122806
2020-07-31,equal_weight,DTE.DE,0.017543859649122806
2020-07-31,equal_weight,ALV.DE,0.017543859649122806
2020-07-31,equal_weight,BMW.DE,0.017543859649122806
2020-07-31,equal_weight,MBG.DE,0.017543859649122806
2020-07-31,equal_weight,MUV2.DE,0.017543859649122806
2020-07-31,equal_weight,MC.PA,0.017543859649122806
2020-07-31,equal_weight,TTE.PA,0.017543859649122806
2020-07-31,equal_weight,OR.PA,0.017543859649122806
2020-07-31,equal_weight,SAN.PA,0.017543859649122806
2020-07-31,equal_weight,BNP.PA,0.017543859649122806
2020-07-31,equal_weight,AIR.PA,0.017543859649122806
2020-07-31,equal_weight,SU.PA,0.017543859649122806
2020-07-31,equal_weight,CAP.PA,0.017543859649122806
2020-07-31,equal_weight,AI.PA,0.017543859649122806
2020-07-31,equal_weight,ASML.AS,0.017543859649122806
2020-07-31,equal_weight,PHIA.AS,0.017543859649122806
2020-07-31,equal_weight,INGA.AS,0.017543859649122806
2020-07-31,equal_weight,HEIA.AS,0.017543859649122806
2020-07-31,equal_weight,AD.AS,0.017543859649122806
2020-07-31,equal_weight,WKL.AS,0.017543859649122806
2020-07-31,equal_weight,SAN.MC,0.017543859649122806
2020-07-31,equal_weight,IBE.MC,0.017543859649122806
2020-07-31,equal_weight,ITX.MC,0.017543859649122806
2020-07-31,equal_weight,TEF.MC,0.017543859649122806
2020-07-31,equal_weight,ENG.MC,0.017543859649122806
2020-07-31,equal_weight,BBVA.MC,0.017543859649122806
2020-07-31,equal_weight,NESN.SW,0.017543859649122806
2020-07-31,equal_weight,NOVN.SW,0.017543859649122806
2020-07-31,equal_weight,UBSG.SW,0.017543859649122806
2020-07-31,equal_weight,RO.SW,0.017543859649122806
2020-07-31,equal_weight,ABBN.SW,0.017543859649122806
2020-07-31,equal_weight,CFR.SW,0.017543859649122806
2020-07-31,equal_weight,HOLN.SW,0.017543859649122806
2020-07-31,equal_weight,ENI.MI,0.017543859649122806
2020-07-31,equal_weight,ISP.MI,0.017543859649122806
2020-07-31,equal_weight,UCG.MI,0.017543859649122806
2020-07-31,equal_weight,ENEL.MI,0.017543859649122806
2020-07-31,equal_weight,STMMI.MI,0.017543859649122806
2020-08-31,markowitz,MC.PA,0.05079339910278208
2020-08-31,markowitz,OR.PA,0.013656444342788331
2020-08-31,markowitz,ASML.AS,0.15000000000031835
2020-08-31,markowitz,AD.AS,0.1500000000001138
2020-08-31,markowitz,WKL.AS,0.1500000000001709
2020-08-31,markowitz,IBE.MC,0.15000000000019542
2020-08-31,markowitz,NESN.SW,0.15000000000057578
2020-08-31,markowitz,RO.SW,0.13672091244445791
2020-08-31,markowitz,ENEL.MI,0.04882924410859737
2020-08-31,hrp,EXSA.DE,0.01896979274382127
2020-08-31,hrp,EXV1.DE,0.016268878371191932
2020-08-31,hrp,EXV4.DE,0.033741203213440644
2020-08-31,hrp,EXV3.DE,0.012440925615662929
2020-08-31,hrp,EXV2.DE,0.038807902233547166
2020-08-31,hrp,EXV6.DE,0.009197787531870665
2020-08-31,hrp,EXV7.DE,0.014962935190533226
2020-08-31,hrp,EXH7.DE,0.029469595194191147
2020-08-31,hrp,EXH8.DE,0.036873667385283734
2020-08-31,hrp,EXS1.DE,0.013131555085069095
2020-08-31,hrp,CAC.PA,0.015391395646691506
2020-08-31,hrp,EWI,0.012610832154441363
2020-08-31,hrp,EWP,0.01419812865387638
2020-08-31,hrp,EWN,0.029781287531636825
2020-08-31,hrp,EWL,0.02820863138702885
2020-08-31,hrp,SAP.DE,0.012678181166825234
2020-08-31,hrp,SIE.DE,0.010232437544669898
2020-08-31,hrp,BAS.DE,0.009223783064172526
2020-08-31,hrp,VOW3.DE,0.006823956821269001
2020-08-31,hrp,DTE.DE,0.0259055912406569
2020-08-31,hrp,ALV.DE,0.00928558332449925
2020-08-31,hrp,BMW.DE,0.00790920075128377
2020-08-31,hrp,MBG.DE,0.004734380866794272
2020-08-31,hrp,MUV2.DE,0.010387725662322666
2020-08-31,hrp,MC.PA,0.017999855999240057
2020-08-31,hrp,TTE.PA,0.009837101170787744
2020-08-31,hrp,OR.PA,0.02250274162214121
2020-08-31,hrp,SAN.PA,0.03140372851377132
2020-08-31,hrp,BNP.PA,0.005684869101671236
2020-08-31,hrp,AIR.PA,0.005482167535379811
2020-08-31,hrp,SU.PA,0.010760687893590578
2020-08-31,hrp,CAP.PA,0.011604143568133092
2020-08-31,hrp,AI.PA,0.028496526563651575
2020-08-31,hrp,ASML.AS,0.007970097566308013
2020-08-31,hrp,PHIA.AS,0.020077484538959686
2020-08-31,hrp,INGA.AS,0.005635153381492674
2020-08-31,hrp,HEIA.AS,0.027045173242718813
2020-08-31,hrp,AD.AS,0.04691620679892756
2020-08-31,hrp,WKL.AS,0.03423715926330606
2020-08-31,hrp,SAN.MC,0.00537349819843525
2020-08-31,hrp,IBE.MC,0.02301104697805592
2020-08-31,hrp,ITX.MC,0.015538499795613543
2020-08-31,hrp,TEF.MC,0.014061173394594461
2020-08-31,hrp,ENG.MC,0.023216613094809397
2020-08-31,hrp,BBVA.MC,0.007188895928209187
2020-08-31,hrp,NESN.SW,0.04129963804641587
2020-08-31,hrp,NOVN.SW,0.023581584217224925
2020-08-31,hrp,UBSG.SW,0.00964813702076573
2020-08-31,hrp,RO.SW,0.030718944914965792
2020-08-31,hrp,ABBN.SW,0.012467146024398308
2020-08-31,hrp,CFR.SW,0.017114096858815753
2020-08-31,hrp,HOLN.SW,0.011278649073298012
2020-08-31,hrp,ENI.MI,0.009624825130104308
2020-08-31,hrp,ISP.MI,0.0080846229027681
2020-08-31,hrp,UCG.MI,0.00555701310232255
2020-08-31,hrp,ENEL.MI,0.030189089255263504
2020-08-31,hrp,STMMI.MI,0.005158070923079689
2020-08-31,minimum_variance,EXV4.DE,0.0193381583918208
2020-08-31,minimum_variance,EXH8.DE,0.15
2020-08-31,minimum_variance,EWN,0.03611344256088684
2020-08-31,minimum_variance,EWL,0.06300831118535506
2020-08-31,minimum_variance,DTE.DE,0.08124988579691704
2020-08-31,minimum_variance,SAN.PA,0.08580628618565778
2020-08-31,minimum_variance,HEIA.AS,0.07354603271672205
2020-08-31,minimum_variance,AD.AS,0.15000000000000002
2020-08-31,minimum_variance,WKL.AS,0.07065571861177432
2020-08-31,minimum_variance,ENG.MC,0.02018026195210056
2020-08-31,minimum_variance,NESN.SW,0.15000000000000002
2020-08-31,minimum_variance,RO.SW,0.10010190259876547
2020-08-31,xgb,EXV1.DE,0.1499999999999964
2020-08-31,xgb,AIR.PA,0.12680668449820867
2020-08-31,xgb,HEIA.AS,0.1499999999999964
2020-08-31,xgb,WKL.AS,0.06974765758612393
2020-08-31,xgb,SAN.MC,0.1499999999999964
2020-08-31,xgb,TEF.MC,0.1499999999999964
2020-08-31,xgb,CFR.SW,0.00612475910972035
2020-08-31,xgb,ENI.MI,0.1499999999999964
2020-08-31,xgb,ISP.MI,0.04732089880596493
2020-08-31,xgb_sentiment,EXV1.DE,0.10459260933291253
2020-08-31,xgb_sentiment,SAN.PA,0.14999999999999777
2020-08-31,xgb_sentiment,AIR.PA,0.08733216830377857
2020-08-31,xgb_sentiment,HEIA.AS,0.10301690443894526
2020-08-31,xgb_sentiment,SAN.MC,0.13826347673304204
2020-08-31,xgb_sentiment,IBE.MC,0.1167948411913217
2020-08-31,xgb_sentiment,TEF.MC,0.1500000000000017
2020-08-31,xgb_sentiment,ENI.MI,0.1500000000000004
2020-08-31,equal_weight,EXSA.DE,0.017543859649122806
2020-08-31,equal_weight,EXV1.DE,0.017543859649122806
2020-08-31,equal_weight,EXV4.DE,0.017543859649122806
2020-08-31,equal_weight,EXV3.DE,0.017543859649122806
2020-08-31,equal_weight,EXV2.DE,0.017543859649122806
2020-08-31,equal_weight,EXV6.DE,0.017543859649122806
2020-08-31,equal_weight,EXV7.DE,0.017543859649122806
2020-08-31,equal_weight,EXH7.DE,0.017543859649122806
2020-08-31,equal_weight,EXH8.DE,0.017543859649122806
2020-08-31,equal_weight,EXS1.DE,0.017543859649122806
2020-08-31,equal_weight,CAC.PA,0.017543859649122806
2020-08-31,equal_weight,EWI,0.017543859649122806
2020-08-31,equal_weight,EWP,0.017543859649122806
2020-08-31,equal_weight,EWN,0.017543859649122806
2020-08-31,equal_weight,EWL,0.017543859649122806
2020-08-31,equal_weight,SAP.DE,0.017543859649122806
2020-08-31,equal_weight,SIE.DE,0.017543859649122806
2020-08-31,equal_weight,BAS.DE,0.017543859649122806
2020-08-31,equal_weight,VOW3.DE,0.017543859649122806
2020-08-31,equal_weight,DTE.DE,0.017543859649122806
2020-08-31,equal_weight,ALV.DE,0.017543859649122806
2020-08-31,equal_weight,BMW.DE,0.017543859649122806
2020-08-31,equal_weight,MBG.DE,0.017543859649122806
2020-08-31,equal_weight,MUV2.DE,0.017543859649122806
2020-08-31,equal_weight,MC.PA,0.017543859649122806
2020-08-31,equal_weight,TTE.PA,0.017543859649122806
2020-08-31,equal_weight,OR.PA,0.017543859649122806
2020-08-31,equal_weight,SAN.PA,0.017543859649122806
2020-08-31,equal_weight,BNP.PA,0.017543859649122806
2020-08-31,equal_weight,AIR.PA,0.017543859649122806
2020-08-31,equal_weight,SU.PA,0.017543859649122806
2020-08-31,equal_weight,CAP.PA,0.017543859649122806
2020-08-31,equal_weight,AI.PA,0.017543859649122806
2020-08-31,equal_weight,ASML.AS,0.017543859649122806
2020-08-31,equal_weight,PHIA.AS,0.017543859649122806
2020-08-31,equal_weight,INGA.AS,0.017543859649122806
2020-08-31,equal_weight,HEIA.AS,0.017543859649122806
2020-08-31,equal_weight,AD.AS,0.017543859649122806
2020-08-31,equal_weight,WKL.AS,0.017543859649122806
2020-08-31,equal_weight,SAN.MC,0.017543859649122806
2020-08-31,equal_weight,IBE.MC,0.017543859649122806
2020-08-31,equal_weight,ITX.MC,0.017543859649122806
2020-08-31,equal_weight,TEF.MC,0.017543859649122806
2020-08-31,equal_weight,ENG.MC,0.017543859649122806
2020-08-31,equal_weight,BBVA.MC,0.017543859649122806
2020-08-31,equal_weight,NESN.SW,0.017543859649122806
2020-08-31,equal_weight,NOVN.SW,0.017543859649122806
2020-08-31,equal_weight,UBSG.SW,0.017543859649122806
2020-08-31,equal_weight,RO.SW,0.017543859649122806
2020-08-31,equal_weight,ABBN.SW,0.017543859649122806
2020-08-31,equal_weight,CFR.SW,0.017543859649122806
2020-08-31,equal_weight,HOLN.SW,0.017543859649122806
2020-08-31,equal_weight,ENI.MI,0.017543859649122806
2020-08-31,equal_weight,ISP.MI,0.017543859649122806
2020-08-31,equal_weight,UCG.MI,0.017543859649122806
2020-08-31,equal_weight,ENEL.MI,0.017543859649122806
2020-08-31,equal_weight,STMMI.MI,0.017543859649122806
2020-09-30,markowitz,MC.PA,0.039359198426601814
2020-09-30,markowitz,OR.PA,0.030175164709814052
2020-09-30,markowitz,ASML.AS,0.14999999999974886
2020-09-30,markowitz,AD.AS,0.1499999999997485
2020-09-30,markowitz,WKL.AS,0.1499999999997487
2020-09-30,markowitz,IBE.MC,0.14999999999974886
2020-09-30,markowitz,NESN.SW,0.14999999999974897
2020-09-30,markowitz,RO.SW,0.1499999999997496
2020-09-30,markowitz,ENEL.MI,0.0304656368650906
2020-09-30,hrp,EXSA.DE,0.017508693204346948
2020-09-30,hrp,EXV1.DE,0.01700971611769902
2020-09-30,hrp,EXV4.DE,0.03769802659435466
2020-09-30,hrp,EXV3.DE,0.013314042974334672
2020-09-30,hrp,EXV2.DE,0.025347469733723323
2020-09-30,hrp,EXV6.DE,0.017017485331667564
2020-09-30,hrp,EXV7.DE,0.015347316099852305
2020-09-30,hrp,EXH7.DE,0.025048945410990828
2020-09-30,hrp,EXH8.DE,0.03504574221422428
2020-09-30,hrp,EXS1.DE,0.013386698131280786
2020-09-30,hrp,CAC.PA,0.014258517387200414
2020-09-30,hrp,EWI,0.012671404251656781
2020-09-30,hrp,EWP,0.014415851188572257
2020-09-30,hrp,EWN,0.03076683540113724
2020-09-30,hrp,EWL,0.029413728321543747
2020-09-30,hrp,SAP.DE,0.012276441557193443
2020-09-30,hrp,SIE.DE,0.010386619366416121
2020-09-30,hrp,BAS.DE,0.010840211685484057
2020-09-30,hrp,VOW3.DE,0.0056092181176268146
2020-09-30,hrp,DTE.DE,0.02197962609097364
2020-09-30,hrp,ALV.DE,0.010019935763639755
2020-09-30,hrp,BMW.DE,0.0085900458626455
2020-09-30,hrp,MBG.DE,0.005172511735404455
2020-09-30,hrp,MUV2.DE,0.010974632853082535
2020-09-30,hrp,MC.PA,0.01819925872008123
2020-09-30,hrp,TTE.PA,0.011440945972760843
2020-09-30,hrp,OR.PA,0.02160218593392912
2020-09-30,hrp,SAN.PA,0.030845934149915755
2020-09-30,hrp,BNP.PA,0.006494523622864195
2020-09-30,hrp,AIR.PA,0.005679350075305905
2020-09-30,hrp,SU.PA,0.01088894883405197
2020-09-30,hrp,CAP.PA,0.011769112209736716
2020-09-30,hrp,AI.PA,0.021235601018588707
2020-09-30,hrp,ASML.AS,0.009556037318965153
2020-09-30,hrp,PHIA.AS,0.020165056777907624
2020-09-30,hrp,INGA.AS,0.005368969599619044
2020-09-30,hrp,HEIA.AS,0.027420223446823114
2020-09-30,hrp,AD.AS,0.04758821061641756
2020-09-30,hrp,WKL.AS,0.03407096893845703
2020-09-30,hrp,SAN.MC,0.005858568794810004
2020-09-30,hrp,IBE.MC,0.024000056328836967
2020-09-30,hrp,ITX.MC,0.015309775911599295
2020-09-30,hrp,TEF.MC,0.0205933079448031
2020-09-30,hrp,ENG.MC,0.023188774398707052
2020-09-30,hrp,BBVA.MC,0.005456052166174475
2020-09-30,hrp,NESN.SW,0.0427019505038299
2020-09-30,hrp,NOVN.SW,0.027123255192350895
2020-09-30,hrp,UBSG.SW,0.00905564443380564
2020-09-30,hrp,RO.SW,0.029831649430765345
2020-09-30,hrp,ABBN.SW,0.012648761851770812
2020-09-30,hrp,CFR.SW,0.016984953115953213
2020-09-30,hrp,HOLN.SW,0.011448091256177247
2020-09-30,hrp,ENI.MI,0.010887912392776495
2020-09-30,hrp,ISP.MI,0.007808218087084567
2020-09-30,hrp,UCG.MI,0.005044802033172545
2020-09-30,hrp,ENEL.MI,0.03026097690226986
2020-09-30,hrp,STMMI.MI,0.005372206624637471
2020-09-30,minimum_variance,EXV4.DE,0.015386518624238158
2020-09-30,minimum_variance,EXH8.DE,0.15000000000000002
2020-09-30,minimum_variance,EWN,0.026707175746335875
2020-09-30,minimum_variance,EWL,0.07572787268022088
2020-09-30,minimum_variance,DTE.DE,0.07325120105996889
2020-09-30,minimum_variance,SAN.PA,0.08396883882495651
2020-09-30,minimum_variance,HEIA.AS,0.08333606640677292
2020-09-30,minimum_variance,AD.AS,0.15
2020-09-30,minimum_variance,WKL.AS,0.07182499172036738
2020-09-30,minimum_variance,ENG.MC,0.016103918455374712
2020-09-30,minimum_variance,NESN.SW,0.15
2020-09-30,minimum_variance,RO.SW,0.10369341648176468
2020-09-30,xgb,EWP,0.15000000000000704
2020-09-30,xgb,SAP.DE,0.15000000000000963
2020-09-30,xgb,TTE.PA,0.1168509999498235
2020-09-30,xgb,CAP.PA,0.10963393172088766
2020-09-30,xgb,HEIA.AS,0.10346009807496294
2020-09-30,xgb,AD.AS,0.07059111872821246
2020-09-30,xgb,ITX.MC,0.15000000000000546
2020-09-30,xgb,NOVN.SW,0.13931755292268153
2020-09-30,xgb,UBSG.SW,0.010146298603409811
2020-09-30,xgb_sentiment,EXV2.DE,0.01545822893847109
2020-09-30,xgb_sentiment,EWP,0.15000000000012156
2020-09-30,xgb_sentiment,TTE.PA,0.05344484994655192
2020-09-30,xgb_sentiment,CAP.PA,0.016308799292308697
2020-09-30,xgb_sentiment,HEIA.AS,0.14999999999971614
2020-09-30,xgb_sentiment,IBE.MC,0.1500000000000963
2020-09-30,xgb_sentiment,ITX.MC,0.14252662951061212
2020-09-30,xgb_sentiment,NOVN.SW,0.15000000000005603
2020-09-30,xgb_sentiment,UBSG.SW,0.055158461272251935
2020-09-30,xgb_sentiment,ISP.MI,0.11710303103981423
2020-09-30,equal_weight,EXSA.DE,0.017543859649122806
2020-09-30,equal_weight,EXV1.DE,0.017543859649122806
2020-09-30,equal_weight,EXV4.DE,0.017543859649122806
2020-09-30,equal_weight,EXV3.DE,0.017543859649122806
2020-09-30,equal_weight,EXV2.DE,0.017543859649122806
2020-09-30,equal_weight,EXV6.DE,0.017543859649122806
2020-09-30,equal_weight,EXV7.DE,0.017543859649122806
2020-09-30,equal_weight,EXH7.DE,0.017543859649122806
2020-09-30,equal_weight,EXH8.DE,0.017543859649122806
2020-09-30,equal_weight,EXS1.DE,0.017543859649122806
2020-09-30,equal_weight,CAC.PA,0.017543859649122806
2020-09-30,equal_weight,EWI,0.017543859649122806
2020-09-30,equal_weight,EWP,0.017543859649122806
2020-09-30,equal_weight,EWN,0.017543859649122806
2020-09-30,equal_weight,EWL,0.017543859649122806
2020-09-30,equal_weight,SAP.DE,0.017543859649122806
2020-09-30,equal_weight,SIE.DE,0.017543859649122806
2020-09-30,equal_weight,BAS.DE,0.017543859649122806
2020-09-30,equal_weight,VOW3.DE,0.017543859649122806
2020-09-30,equal_weight,DTE.DE,0.017543859649122806
2020-09-30,equal_weight,ALV.DE,0.017543859649122806
2020-09-30,equal_weight,BMW.DE,0.017543859649122806
2020-09-30,equal_weight,MBG.DE,0.017543859649122806
2020-09-30,equal_weight,MUV2.DE,0.017543859649122806
2020-09-30,equal_weight,MC.PA,0.017543859649122806
2020-09-30,equal_weight,TTE.PA,0.017543859649122806
2020-09-30,equal_weight,OR.PA,0.017543859649122806
2020-09-30,equal_weight,SAN.PA,0.017543859649122806
2020-09-30,equal_weight,BNP.PA,0.017543859649122806
2020-09-30,equal_weight,AIR.PA,0.017543859649122806
2020-09-30,equal_weight,SU.PA,0.017543859649122806
2020-09-30,equal_weight,CAP.PA,0.017543859649122806
2020-09-30,equal_weight,AI.PA,0.017543859649122806
2020-09-30,equal_weight,ASML.AS,0.017543859649122806
2020-09-30,equal_weight,PHIA.AS,0.017543859649122806
2020-09-30,equal_weight,INGA.AS,0.017543859649122806
2020-09-30,equal_weight,HEIA.AS,0.017543859649122806
2020-09-30,equal_weight,AD.AS,0.017543859649122806
2020-09-30,equal_weight,WKL.AS,0.017543859649122806
2020-09-30,equal_weight,SAN.MC,0.017543859649122806
2020-09-30,equal_weight,IBE.MC,0.017543859649122806
2020-09-30,equal_weight,ITX.MC,0.017543859649122806
2020-09-30,equal_weight,TEF.MC,0.017543859649122806
2020-09-30,equal_weight,ENG.MC,0.017543859649122806
2020-09-30,equal_weight,BBVA.MC,0.017543859649122806
2020-09-30,equal_weight,NESN.SW,0.017543859649122806
2020-09-30,equal_weight,NOVN.SW,0.017543859649122806
2020-09-30,equal_weight,UBSG.SW,0.017543859649122806
2020-09-30,equal_weight,RO.SW,0.017543859649122806
2020-09-30,equal_weight,ABBN.SW,0.017543859649122806
2020-09-30,equal_weight,CFR.SW,0.017543859649122806
2020-09-30,equal_weight,HOLN.SW,0.017543859649122806
2020-09-30,equal_weight,ENI.MI,0.017543859649122806
2020-09-30,equal_weight,ISP.MI,0.017543859649122806
2020-09-30,equal_weight,UCG.MI,0.017543859649122806
2020-09-30,equal_weight,ENEL.MI,0.017543859649122806
2020-09-30,equal_weight,STMMI.MI,0.017543859649122806
2020-10-30,markowitz,MC.PA,0.06091957293525567
2020-10-30,markowitz,OR.PA,0.05129269773982786
2020-10-30,markowitz,ASML.AS,0.14999999999997374
2020-10-30,markowitz,AD.AS,0.14999999999997374
2020-10-30,markowitz,WKL.AS,0.14999999999997374
2020-10-30,markowitz,IBE.MC,0.14999999999997374
2020-10-30,markowitz,NESN.SW,0.14999999999997374
2020-10-30,markowitz,RO.SW,0.13778772932504782
2020-10-30,hrp,EXSA.DE,0.01779420733723493
2020-10-30,hrp,EXV1.DE,0.008810199979415297
2020-10-30,hrp,EXV4.DE,0.0381182808254077
2020-10-30,hrp,EXV3.DE,0.01285573784872397
2020-10-30,hrp,EXV2.DE,0.023976733373611874
2020-10-30,hrp,EXV6.DE,0.01638770471733951
2020-10-30,hrp,EXV7.DE,0.017637024844903676
2020-10-30,hrp,EXH7.DE,0.02563710817462248
2020-10-30,hrp,EXH8.DE,0.04101676685834755
2020-10-30,hrp,EXS1.DE,0.013213518371968939
2020-10-30,hrp,CAC.PA,0.01656355457304798
2020-10-30,hrp,EWI,0.010222685721018487
2020-10-30,hrp,EWP,0.011713973246931825
2020-10-30,hrp,EWN,0.016258528346537713
2020-10-30,hrp,EWL,0.02040730419386733
2020-10-30,hrp,SAP.DE,0.010992221216956359
2020-10-30,hrp,SIE.DE,0.011115793430546736
2020-10-30,hrp,BAS.DE,0.01004727446325698
2020-10-30,hrp,VOW3.DE,0.005598069816335247
2020-10-30,hrp,DTE.DE,0.02072374448093842
2020-10-30,hrp,ALV.DE,0.010971133971872358
2020-10-30,hrp,BMW.DE,0.009369703564245508
2020-10-30,hrp,MBG.DE,0.005636233834450483
2020-10-30,hrp,MUV2.DE,0.011578211740092957
2020-10-30,hrp,MC.PA,0.011662245087487505
2020-10-30,hrp,TTE.PA,0.008497316799797398
2020-10-30,hrp,OR.PA,0.02758585814849001
2020-10-30,hrp,SAN.PA,0.04768479098714793
2020-10-30,hrp,BNP.PA,0.01288288132570024
2020-10-30,hrp,AIR.PA,0.010458569157306185
2020-10-30,hrp,SU.PA,0.011527386934395745
2020-10-30,hrp,CAP.PA,0.012813510427138545
2020-10-30,hrp,AI.PA,0.019963174011822644
2020-10-30,hrp,ASML.AS,0.009438465725681588
2020-10-30,hrp,PHIA.AS,0.019336482409180733
2020-10-30,hrp,INGA.AS,0.00470986723047001
2020-10-30,hrp,HEIA.AS,0.027991615401121175
2020-10-30,hrp,AD.AS,0.050652729337470385
2020-10-30,hrp,WKL.AS,0.03553758289424362
2020-10-30,hrp,SAN.MC,0.005418136762265039
2020-10-30,hrp,IBE.MC,0.018084791380314658
2020-10-30,hrp,ITX.MC,0.01597753087377478
2020-10-30,hrp,TEF.MC,0.01390961811208794
2020-10-30,hrp,ENG.MC,0.023943599733955826
2020-10-30,hrp,BBVA.MC,0.005286266926170198
2020-10-30,hrp,NESN.SW,0.047288033521063685
2020-10-30,hrp,NOVN.SW,0.036383304757286794
2020-10-30,hrp,UBSG.SW,0.010917657925619792
2020-10-30,hrp,RO.SW,0.030502063986935217
2020-10-30,hrp,ABBN.SW,0.014641808351579008
2020-10-30,hrp,CFR.SW,0.018955167498010805
2020-10-30,hrp,HOLN.SW,0.020441615589685335
2020-10-30,hrp,ENI.MI,0.008264169769379348
2020-10-30,hrp,ISP.MI,0.00797174531416133
2020-10-30,hrp,UCG.MI,0.005200575529501425
2020-10-30,hrp,ENEL.MI,0.01378195425809512
2020-10-30,hrp,STMMI.MI,0.005643768900985693
2020-10-30,minimum_variance,EXV4.DE,0.009280040671311164
2020-10-30,minimum_variance,EXV2.DE,0.0034201493607902756
2020-10-30,minimum_variance,EXH8.DE,0.14999999999999994
2020-10-30,minimum_variance,EWN,0.02140195366400512
2020-10-30,minimum_variance,EWL,0.07708863916674698
2020-10-30,minimum_variance,DTE.DE,0.06981472803240442
2020-10-30,minimum_variance,SAN.PA,0.0749210044007733
2020-10-30,minimum_variance,HEIA.AS,0.08583675383865422
2020-10-30,minimum_variance,AD.AS,0.14999999999999997
2020-10-30,minimum_variance,WKL.AS,0.07828945222735328
2020-10-30,minimum_variance,ENG.MC,0.01522783268007356
2020-10-30,minimum_variance,NESN.SW,0.14999999999999997
2020-10-30,minimum_variance,RO.SW,0.11471944595788773
2020-10-30,xgb,SAP.DE,0.15000000000056757
2020-10-30,xgb,AIR.PA,0.04778207138194075
2020-10-30,xgb,CAP.PA,0.056700257972258146
2020-10-30,xgb,HEIA.AS,0.07101616486626874
2020-10-30,xgb,ITX.MC,0.15000000000056757
2020-10-30,xgb,TEF.MC,0.15000000000056757
2020-10-30,xgb,ENG.MC,0.15000000000056757
2020-10-30,xgb,NESN.SW,0.09831238097537923
2020-10-30,xgb,UCG.MI,0.1261891248018828
2020-10-30,xgb_sentiment,SAP.DE,0.15000000000001337
2020-10-30,xgb_sentiment,AIR.PA,0.09396957576683657
2020-10-30,xgb_sentiment,PHIA.AS,0.08721738930911117
2020-10-30,xgb_sentiment,HEIA.AS,0.15000000000001337
2020-10-30,xgb_sentiment,TEF.MC,0.15000000000001337
2020-10-30,xgb_sentiment,ENG.MC,0.15000000000001337
2020-10-30,xgb_sentiment,RO.SW,0.06881303492398541
2020-10-30,xgb_sentiment,UCG.MI,0.15000000000001337
2020-10-30,equal_weight,EXSA.DE,0.017543859649122806
2020-10-30,equal_weight,EXV1.DE,0.017543859649122806
2020-10-30,equal_weight,EXV4.DE,0.017543859649122806
2020-10-30,equal_weight,EXV3.DE,0.017543859649122806
2020-10-30,equal_weight,EXV2.DE,0.017543859649122806
2020-10-30,equal_weight,EXV6.DE,0.017543859649122806
2020-10-30,equal_weight,EXV7.DE,0.017543859649122806
2020-10-30,equal_weight,EXH7.DE,0.017543859649122806
2020-10-30,equal_weight,EXH8.DE,0.017543859649122806
2020-10-30,equal_weight,EXS1.DE,0.017543859649122806
2020-10-30,equal_weight,CAC.PA,0.017543859649122806
2020-10-30,equal_weight,EWI,0.017543859649122806
2020-10-30,equal_weight,EWP,0.017543859649122806
2020-10-30,equal_weight,EWN,0.017543859649122806
2020-10-30,equal_weight,EWL,0.017543859649122806
2020-10-30,equal_weight,SAP.DE,0.017543859649122806
2020-10-30,equal_weight,SIE.DE,0.017543859649122806
2020-10-30,equal_weight,BAS.DE,0.017543859649122806
2020-10-30,equal_weight,VOW3.DE,0.017543859649122806
2020-10-30,equal_weight,DTE.DE,0.017543859649122806
2020-10-30,equal_weight,ALV.DE,0.017543859649122806
2020-10-30,equal_weight,BMW.DE,0.017543859649122806
2020-10-30,equal_weight,MBG.DE,0.017543859649122806
2020-10-30,equal_weight,MUV2.DE,0.017543859649122806
2020-10-30,equal_weight,MC.PA,0.017543859649122806
2020-10-30,equal_weight,TTE.PA,0.017543859649122806
2020-10-30,equal_weight,OR.PA,0.017543859649122806
2020-10-30,equal_weight,SAN.PA,0.017543859649122806
2020-10-30,equal_weight,BNP.PA,0.017543859649122806
2020-10-30,equal_weight,AIR.PA,0.017543859649122806
2020-10-30,equal_weight,SU.PA,0.017543859649122806
2020-10-30,equal_weight,CAP.PA,0.017543859649122806
2020-10-30,equal_weight,AI.PA,0.017543859649122806
2020-10-30,equal_weight,ASML.AS,0.017543859649122806
2020-10-30,equal_weight,PHIA.AS,0.017543859649122806
2020-10-30,equal_weight,INGA.AS,0.017543859649122806
2020-10-30,equal_weight,HEIA.AS,0.017543859649122806
2020-10-30,equal_weight,AD.AS,0.017543859649122806
2020-10-30,equal_weight,WKL.AS,0.017543859649122806
2020-10-30,equal_weight,SAN.MC,0.017543859649122806
2020-10-30,equal_weight,IBE.MC,0.017543859649122806
2020-10-30,equal_weight,ITX.MC,0.017543859649122806
2020-10-30,equal_weight,TEF.MC,0.017543859649122806
2020-10-30,equal_weight,ENG.MC,0.017543859649122806
2020-10-30,equal_weight,BBVA.MC,0.017543859649122806
2020-10-30,equal_weight,NESN.SW,0.017543859649122806
2020-10-30,equal_weight,NOVN.SW,0.017543859649122806
2020-10-30,equal_weight,UBSG.SW,0.017543859649122806
2020-10-30,equal_weight,RO.SW,0.017543859649122806
2020-10-30,equal_weight,ABBN.SW,0.017543859649122806
2020-10-30,equal_weight,CFR.SW,0.017543859649122806
2020-10-30,equal_weight,HOLN.SW,0.017543859649122806
2020-10-30,equal_weight,ENI.MI,0.017543859649122806
2020-10-30,equal_weight,ISP.MI,0.017543859649122806
2020-10-30,equal_weight,UCG.MI,0.017543859649122806
2020-10-30,equal_weight,ENEL.MI,0.017543859649122806
2020-10-30,equal_weight,STMMI.MI,0.017543859649122806
2020-11-30,markowitz,MC.PA,0.11234493937431216
2020-11-30,markowitz,OR.PA,0.042134672562268875
2020-11-30,markowitz,ASML.AS,0.1499999999999947
2020-11-30,markowitz,AD.AS,0.1499999999999947
2020-11-30,markowitz,WKL.AS,0.1499999999999947
2020-11-30,markowitz,IBE.MC,0.1499999999999947
2020-11-30,markowitz,NESN.SW,0.08559864097664531
2020-11-30,markowitz,RO.SW,0.08028085751573776
2020-11-30,markowitz,ENEL.MI,0.07964088957105712
2020-11-30,hrp,EXSA.DE,0.017847073127461196
2020-11-30,hrp,EXV1.DE,0.008299584500309118
2020-11-30,hrp,EXV4.DE,0.031275651845000974
2020-11-30,hrp,EXV3.DE,0.01442795545087126
2020-11-30,hrp,EXV2.DE,0.03930484640823162
2020-11-30,hrp,EXV6.DE,0.016675050175187188
2020-11-30,hrp,EXV7.DE,0.018905228868770052
2020-11-30,hrp,EXH7.DE,0.024401597272802
2020-11-30,hrp,EXH8.DE,0.04316850925286502
2020-11-30,hrp,EXS1.DE,0.013287086496682091
2020-11-30,hrp,CAC.PA,0.016049316905634686
2020-11-30,hrp,EWI,0.010399912987514177
2020-11-30,hrp,EWP,0.011566175279415747
2020-11-30,hrp,EWN,0.016748403349476915
2020-11-30,hrp,EWL,0.02093958934130749
2020-11-30,hrp,SAP.DE,0.01125440092300849
2020-11-30,hrp,SIE.DE,0.010566964067769014
2020-11-30,hrp,BAS.DE,0.00981945900014234
2020-11-30,hrp,VOW3.DE,0.005603111067078682
2020-11-30,hrp,DTE.DE,0.025336126425445755
2020-11-30,hrp,ALV.DE,0.011123560719704224
2020-11-30,hrp,BMW.DE,0.00923215027318295
2020-11-30,hrp,MBG.DE,0.005635599744115994
2020-11-30,hrp,MUV2.DE,0.010623042699704991
2020-11-30,hrp,MC.PA,0.011600095179455785
2020-11-30,hrp,TTE.PA,0.007700583330135039
2020-11-30,hrp,OR.PA,0.028615134831377752
2020-11-30,hrp,SAN.PA,0.03630155169057927
2020-11-30,hrp,BNP.PA,0.011694096927879883
2020-11-30,hrp,AIR.PA,0.01056230152178173
2020-11-30,hrp,SU.PA,0.01120332320410514
2020-11-30,hrp,CAP.PA,0.015156319987461982
2020-11-30,hrp,AI.PA,0.020417616578530206
2020-11-30,hrp,ASML.AS,0.008702082014934755
2020-11-30,hrp,PHIA.AS,0.01845015121015414
2020-11-30,hrp,INGA.AS,0.004491284429453229
2020-11-30,hrp,HEIA.AS,0.02480489746281943
2020-11-30,hrp,AD.AS,0.05231953454431214
2020-11-30,hrp,WKL.AS,0.035798624694974204
2020-11-30,hrp,SAN.MC,0.004886073645900836
2020-11-30,hrp,IBE.MC,0.018446134130730096
2020-11-30,hrp,ITX.MC,0.016469416228496993
2020-11-30,hrp,TEF.MC,0.012474419145122692
2020-11-30,hrp,ENG.MC,0.02486325984399428
2020-11-30,hrp,BBVA.MC,0.004690676738846276
2020-11-30,hrp,NESN.SW,0.05114618195073494
2020-11-30,hrp,NOVN.SW,0.029703751090428956
2020-11-30,hrp,UBSG.SW,0.010924401615032598
2020-11-30,hrp,RO.SW,0.02355329822916098
2020-11-30,hrp,ABBN.SW,0.014909995464283583
2020-11-30,hrp,CFR.SW,0.025712722099030586
2020-11-30,hrp,HOLN.SW,0.019737564126068977
2020-11-30,hrp,ENI.MI,0.007755759666362656
2020-11-30,hrp,ISP.MI,0.00951981976741171
2020-11-30,hrp,UCG.MI,0.005667190015071974
2020-11-30,hrp,ENEL.MI,0.01382552337176892
2020-11-30,hrp,STMMI.MI,0.00540581908191629
2020-11-30,minimum_variance,EXV4.DE,0.007268537188465917
2020-11-30,minimum_variance,EXV2.DE,0.012633611726562525
2020-11-30,minimum_variance,EXH8.DE,0.15000000000000002
2020-11-30,minimum_variance,EWN,0.02448230634563495
2020-11-30,minimum_variance,EWL,0.0758312881285192
2020-11-30,minimum_variance,DTE.DE,0.06992521769384201
2020-11-30,minimum_variance,SAN.PA,0.05922967905474891
2020-11-30,minimum_variance,HEIA.AS,0.0866374010780627
2020-11-30,minimum_variance,AD.AS,0.15
2020-11-30,minimum_variance,WKL.AS,0.07389597238805024
2020-11-30,minimum_variance,ENG.MC,0.0211186219054628
2020-11-30,minimum_variance,NESN.SW,0.15000000000000002
2020-11-30,minimum_variance,RO.SW,0.11897736449065074
2020-11-30,xgb,EWP,0.15000000000013416
2020-11-30,xgb,SAP.DE,0.07517904405901653
2020-11-30,xgb,MUV2.DE,0.15000000000013416
2020-11-30,xgb,TTE.PA,0.006230746699598033
2020-11-30,xgb,SAN.PA,0.009641066558639373
2020-11-30,xgb,AIR.PA,0.027676434355794068
2020-11-30,xgb,HEIA.AS,0.15000000000013416
2020-11-30,xgb,RO.SW,0.15000000000013416
2020-11-30,xgb,CFR.SW,0.15000000000013416
2020-11-30,xgb,UCG.MI,0.13127270832628116
2020-11-30,xgb_sentiment,EWP,0.15000000000001504
2020-11-30,xgb_sentiment,SAP.DE,0.0008384901247752344
2020-11-30,xgb_sentiment,MUV2.DE,0.15000000000001504
2020-11-30,xgb_sentiment,SAN.PA,0.15000000000001504
2020-11-30,xgb_sentiment,AIR.PA,0.017543944578428165
2020-11-30,xgb_sentiment,HEIA.AS,0.15000000000001504
2020-11-30,xgb_sentiment,RO.SW,0.14326060566359894
2020-11-30,xgb_sentiment,CFR.SW,0.15000000000001504
2020-11-30,xgb_sentiment,UCG.MI,0.08835695963312248
2020-11-30,equal_weight,EXSA.DE,0.017543859649122806
2020-11-30,equal_weight,EXV1.DE,0.017543859649122806
2020-11-30,equal_weight,EXV4.DE,0.017543859649122806
2020-11-30,equal_weight,EXV3.DE,0.017543859649122806
2020-11-30,equal_weight,EXV2.DE,0.017543859649122806
2020-11-30,equal_weight,EXV6.DE,0.017543859649122806
2020-11-30,equal_weight,EXV7.DE,0.017543859649122806
2020-11-30,equal_weight,EXH7.DE,0.017543859649122806
2020-11-30,equal_weight,EXH8.DE,0.017543859649122806
2020-11-30,equal_weight,EXS1.DE,0.017543859649122806
2020-11-30,equal_weight,CAC.PA,0.017543859649122806
2020-11-30,equal_weight,EWI,0.017543859649122806
2020-11-30,equal_weight,EWP,0.017543859649122806
2020-11-30,equal_weight,EWN,0.017543859649122806
2020-11-30,equal_weight,EWL,0.017543859649122806
2020-11-30,equal_weight,SAP.DE,0.017543859649122806
2020-11-30,equal_weight,SIE.DE,0.017543859649122806
2020-11-30,equal_weight,BAS.DE,0.017543859649122806
2020-11-30,equal_weight,VOW3.DE,0.017543859649122806
2020-11-30,equal_weight,DTE.DE,0.017543859649122806
2020-11-30,equal_weight,ALV.DE,0.017543859649122806
2020-11-30,equal_weight,BMW.DE,0.017543859649122806
2020-11-30,equal_weight,MBG.DE,0.017543859649122806
2020-11-30,equal_weight,MUV2.DE,0.017543859649122806
2020-11-30,equal_weight,MC.PA,0.017543859649122806
2020-11-30,equal_weight,TTE.PA,0.017543859649122806
2020-11-30,equal_weight,OR.PA,0.017543859649122806
2020-11-30,equal_weight,SAN.PA,0.017543859649122806
2020-11-30,equal_weight,BNP.PA,0.017543859649122806
2020-11-30,equal_weight,AIR.PA,0.017543859649122806
2020-11-30,equal_weight,SU.PA,0.017543859649122806
2020-11-30,equal_weight,CAP.PA,0.017543859649122806
2020-11-30,equal_weight,AI.PA,0.017543859649122806
2020-11-30,equal_weight,ASML.AS,0.017543859649122806
2020-11-30,equal_weight,PHIA.AS,0.017543859649122806
2020-11-30,equal_weight,INGA.AS,0.017543859649122806
2020-11-30,equal_weight,HEIA.AS,0.017543859649122806
2020-11-30,equal_weight,AD.AS,0.017543859649122806
2020-11-30,equal_weight,WKL.AS,0.017543859649122806
2020-11-30,equal_weight,SAN.MC,0.017543859649122806
2020-11-30,equal_weight,IBE.MC,0.017543859649122806
2020-11-30,equal_weight,ITX.MC,0.017543859649122806
2020-11-30,equal_weight,TEF.MC,0.017543859649122806
2020-11-30,equal_weight,ENG.MC,0.017543859649122806
2020-11-30,equal_weight,BBVA.MC,0.017543859649122806
2020-11-30,equal_weight,NESN.SW,0.017543859649122806
2020-11-30,equal_weight,NOVN.SW,0.017543859649122806
2020-11-30,equal_weight,UBSG.SW,0.017543859649122806
2020-11-30,equal_weight,RO.SW,0.017543859649122806
2020-11-30,equal_weight,ABBN.SW,0.017543859649122806
2020-11-30,equal_weight,CFR.SW,0.017543859649122806
2020-11-30,equal_weight,HOLN.SW,0.017543859649122806
2020-11-30,equal_weight,ENI.MI,0.017543859649122806
2020-11-30,equal_weight,ISP.MI,0.017543859649122806
2020-11-30,equal_weight,UCG.MI,0.017543859649122806
2020-11-30,equal_weight,ENEL.MI,0.017543859649122806
2020-11-30,equal_weight,STMMI.MI,0.017543859649122806
2020-12-31,markowitz,MC.PA,0.12843096241361288
2020-12-31,markowitz,OR.PA,0.030927844154215737
2020-12-31,markowitz,ASML.AS,0.1499999999998813
2020-12-31,markowitz,AD.AS,0.1499999999998813
2020-12-31,markowitz,WKL.AS,0.1499999999998813
2020-12-31,markowitz,IBE.MC,0.1499999999998813
2020-12-31,markowitz,NESN.SW,0.11242244835132528
2020-12-31,markowitz,RO.SW,0.10437769522436419
2020-12-31,markowitz,ENEL.MI,0.023841049856956672
2020-12-31,hrp,EXSA.DE,0.017794901136078067
2020-12-31,hrp,EXV1.DE,0.008229673094222541
2020-12-31,hrp,EXV4.DE,0.0313604168943681
2020-12-31,hrp,EXV3.DE,0.01673280116065322
2020-12-31,hrp,EXV2.DE,0.027632283421327827
2020-12-31,hrp,EXV6.DE,0.016717787731207887
2020-12-31,hrp,EXV7.DE,0.018439078899225764
2020-12-31,hrp,EXH7.DE,0.02378909483344226
2020-12-31,hrp,EXH8.DE,0.04272888613332708
2020-12-31,hrp,EXS1.DE,0.013252752068064158
2020-12-31,hrp,CAC.PA,0.01611326071755204
2020-12-31,hrp,EWI,0.01046845111709199
2020-12-31,hrp,EWP,0.011551751336481586
2020-12-31,hrp,EWN,0.016733918716482485
2020-12-31,hrp,EWL,0.020954381928314565
2020-12-31,hrp,SAP.DE,0.012012006272729109
2020-12-31,hrp,SIE.DE,0.009927812112942365
2020-12-31,hrp,BAS.DE,0.010756082722401075
2020-12-31,hrp,VOW3.DE,0.005555150415093215
2020-12-31,hrp,DTE.DE,0.023976717882739133
2020-12-31,hrp,ALV.DE,0.009778757860744444
2020-12-31,hrp,BMW.DE,0.00921515331375124
2020-12-31,hrp,MBG.DE,0.0056005449314395096
2020-12-31,hrp,MUV2.DE,0.010903342334927506
2020-12-31,hrp,MC.PA,0.012407986256425193
2020-12-31,hrp,TTE.PA,0.008066257173454237
2020-12-31,hrp,OR.PA,0.02883668305676231
2020-12-31,hrp,SAN.PA,0.036099398702701596
2020-12-31,hrp,BNP.PA,0.011744561851817919
2020-12-31,hrp,AIR.PA,0.010686411342648522
2020-12-31,hrp,SU.PA,0.017661028060248093
2020-12-31,hrp,CAP.PA,0.015109579537061602
2020-12-31,hrp,AI.PA,0.02059444104918837
2020-12-31,hrp,ASML.AS,0.00940486875767614
2020-12-31,hrp,PHIA.AS,0.01843897844354313
2020-12-31,hrp,INGA.AS,0.004455223332976355
2020-12-31,hrp,HEIA.AS,0.02476182573680497
2020-12-31,hrp,AD.AS,0.05237100690072064
2020-12-31,hrp,WKL.AS,0.03596748602957284
2020-12-31,hrp,SAN.MC,0.0047175139274294575
2020-12-31,hrp,IBE.MC,0.018744472408393994
2020-12-31,hrp,ITX.MC,0.01640189762743126
2020-12-31,hrp,TEF.MC,0.018654784109356042
2020-12-31,hrp,ENG.MC,0.024859357262445807
2020-12-31,hrp,BBVA.MC,0.004639282158207724
2020-12-31,hrp,NESN.SW,0.05141574952234504
2020-12-31,hrp,NOVN.SW,0.03190163418286158
2020-12-31,hrp,UBSG.SW,0.010992494855446145
2020-12-31,hrp,RO.SW,0.023953856786698167
2020-12-31,hrp,ABBN.SW,0.015821481922555756
2020-12-31,hrp,CFR.SW,0.025865542417122953
2020-12-31,hrp,HOLN.SW,0.011851466626216271
2020-12-31,hrp,ENI.MI,0.008130346201066715
2020-12-31,hrp,ISP.MI,0.008361392036627176
2020-12-31,hrp,UCG.MI,0.006508332064023411
2020-12-31,hrp,ENEL.MI,0.013823832945778587
2020-12-31,hrp,STMMI.MI,0.0065258196797848365
2020-12-31,minimum_variance,EXV4.DE,0.006860241790244246
2020-12-31,minimum_variance,EXV2.DE,0.009539770258999334
2020-12-31,minimum_variance,EXH8.DE,0.14999999999999997
2020-12-31,minimum_variance,EWN,0.03469482999882056
2020-12-31,minimum_variance,EWL,0.06591631263586033
2020-12-31,minimum_variance,DTE.DE,0.06706152329946771
2020-12-31,minimum_variance,SAN.PA,0.052830069705148364
2020-12-31,minimum_variance,HEIA.AS,0.08855057748115502
2020-12-31,minimum_variance,AD.AS,0.15
2020-12-31,minimum_variance,WKL.AS,0.07691503870708613
2020-12-31,minimum_variance,ENG.MC,0.02231881044377277
2020-12-31,minimum_variance,NESN.SW,0.15
2020-12-31,minimum_variance,RO.SW,0.12531282567944574
2020-12-31,xgb,SAP.DE,0.11046231146925617
2020-12-31,xgb,VOW3.DE,0.14999999999999347
2020-12-31,xgb,INGA.AS,0.1395376885307766
2020-12-31,xgb,SAN.MC,0.14999999999999347
2020-12-31,xgb,TEF.MC,0.14999999999999347
2020-12-31,xgb,RO.SW,0.14999999999999347
2020-12-31,xgb,STMMI.MI,0.14999999999999347
2020-12-31,xgb_sentiment,SAP.DE,0.0007816207309954829
2020-12-31,xgb_sentiment,VOW3.DE,0.150000000000001
2020-12-31,xgb_sentiment,MBG.DE,0.014071160454202954
2020-12-31,xgb_sentiment,INGA.AS,0.15000000000000102
2020-12-31,xgb_sentiment,AD.AS,0.05997335376301925
2020-12-31,xgb_sentiment,SAN.MC,0.15000000000000072
2020-12-31,xgb_sentiment,TEF.MC,0.15000000000000094
2020-12-31,xgb_sentiment,ENG.MC,0.025173865051782426
2020-12-31,xgb_sentiment,RO.SW,0.14999999999999541
2020-12-31,xgb_sentiment,STMMI.MI,0.15000000000000083
2020-12-31,equal_weight,EXSA.DE,0.017543859649122806
2020-12-31,equal_weight,EXV1.DE,0.017543859649122806
2020-12-31,equal_weight,EXV4.DE,0.017543859649122806
2020-12-31,equal_weight,EXV3.DE,0.017543859649122806
2020-12-31,equal_weight,EXV2.DE,0.017543859649122806
2020-12-31,equal_weight,EXV6.DE,0.017543859649122806
2020-12-31,equal_weight,EXV7.DE,0.017543859649122806
2020-12-31,equal_weight,EXH7.DE,0.017543859649122806
2020-12-31,equal_weight,EXH8.DE,0.017543859649122806
2020-12-31,equal_weight,EXS1.DE,0.017543859649122806
2020-12-31,equal_weight,CAC.PA,0.017543859649122806
2020-12-31,equal_weight,EWI,0.017543859649122806
2020-12-31,equal_weight,EWP,0.017543859649122806
2020-12-31,equal_weight,EWN,0.017543859649122806
2020-12-31,equal_weight,EWL,0.017543859649122806
2020-12-31,equal_weight,SAP.DE,0.017543859649122806
2020-12-31,equal_weight,SIE.DE,0.017543859649122806
2020-12-31,equal_weight,BAS.DE,0.017543859649122806
2020-12-31,equal_weight,VOW3.DE,0.017543859649122806
2020-12-31,equal_weight,DTE.DE,0.017543859649122806
2020-12-31,equal_weight,ALV.DE,0.017543859649122806
2020-12-31,equal_weight,BMW.DE,0.017543859649122806
2020-12-31,equal_weight,MBG.DE,0.017543859649122806
2020-12-31,equal_weight,MUV2.DE,0.017543859649122806
2020-12-31,equal_weight,MC.PA,0.017543859649122806
2020-12-31,equal_weight,TTE.PA,0.017543859649122806
2020-12-31,equal_weight,OR.PA,0.017543859649122806
2020-12-31,equal_weight,SAN.PA,0.017543859649122806
2020-12-31,equal_weight,BNP.PA,0.017543859649122806
2020-12-31,equal_weight,AIR.PA,0.017543859649122806
2020-12-31,equal_weight,SU.PA,0.017543859649122806
2020-12-31,equal_weight,CAP.PA,0.017543859649122806
2020-12-31,equal_weight,AI.PA,0.017543859649122806
2020-12-31,equal_weight,ASML.AS,0.017543859649122806
2020-12-31,equal_weight,PHIA.AS,0.017543859649122806
2020-12-31,equal_weight,INGA.AS,0.017543859649122806
2020-12-31,equal_weight,HEIA.AS,0.017543859649122806
2020-12-31,equal_weight,AD.AS,0.017543859649122806
2020-12-31,equal_weight,WKL.AS,0.017543859649122806
2020-12-31,equal_weight,SAN.MC,0.017543859649122806
2020-12-31,equal_weight,IBE.MC,0.017543859649122806
2020-12-31,equal_weight,ITX.MC,0.017543859649122806
2020-12-31,equal_weight,TEF.MC,0.017543859649122806
2020-12-31,equal_weight,ENG.MC,0.017543859649122806
2020-12-31,equal_weight,BBVA.MC,0.017543859649122806
2020-12-31,equal_weight,NESN.SW,0.017543859649122806
2020-12-31,equal_weight,NOVN.SW,0.017543859649122806
2020-12-31,equal_weight,UBSG.SW,0.017543859649122806
2020-12-31,equal_weight,RO.SW,0.017543859649122806
2020-12-31,equal_weight,ABBN.SW,0.017543859649122806
2020-12-31,equal_weight,CFR.SW,0.017543859649122806
2020-12-31,equal_weight,HOLN.SW,0.017543859649122806
2020-12-31,equal_weight,ENI.MI,0.017543859649122806
2020-12-31,equal_weight,ISP.MI,0.017543859649122806
2020-12-31,equal_weight,UCG.MI,0.017543859649122806
2020-12-31,equal_weight,ENEL.MI,0.017543859649122806
2020-12-31,equal_weight,STMMI.MI,0.017543859649122806
2021-01-29,markowitz,MC.PA,0.1077215507155901
2021-01-29,markowitz,ASML.AS,0.150000000000011
2021-01-29,markowitz,AD.AS,0.15000000000002545
2021-01-29,markowitz,WKL.AS,0.1185523167109947
2021-01-29,markowitz,IBE.MC,0.15000000000000438
2021-01-29,markowitz,NESN.SW,0.1077396194940007
2021-01-29,markowitz,RO.SW,0.1408392777589431
2021-01-29,markowitz,ENEL.MI,0.07514723532043055
2021-01-29,hrp,EXSA.DE,0.01839132901355733
2021-01-29,hrp,EXV1.DE,0.008977769231128392
2021-01-29,hrp,EXV4.DE,0.03526913855906463
2021-01-29,hrp,EXV3.DE,0.014748348027374064
2021-01-29,hrp,EXV2.DE,0.025761957362568304
2021-01-29,hrp,EXV6.DE,0.011236330376366734
2021-01-29,hrp,EXV7.DE,0.017240601353449344
2021-01-29,hrp,EXH7.DE,0.02251252476021261
2021-01-29,hrp,EXH8.DE,0.034009758283801
2021-01-29,hrp,EXS1.DE,0.013606709090875002
2021-01-29,hrp,CAC.PA,0.01725904759887414
2021-01-29,hrp,EWI,0.012823229824123459
2021-01-29,hrp,EWP,0.014057111254327397
2021-01-29,hrp,EWN,0.03138158692552551
2021-01-29,hrp,EWL,0.030762711485498723
2021-01-29,hrp,SAP.DE,0.010899261655429848
2021-01-29,hrp,SIE.DE,0.009908525715809455
2021-01-29,hrp,BAS.DE,0.008931887618988773
2021-01-29,hrp,VOW3.DE,0.00587928434674328
2021-01-29,hrp,DTE.DE,0.022525143520254108
2021-01-29,hrp,ALV.DE,0.010521950288629853
2021-01-29,hrp,BMW.DE,0.0077268664775579365
2021-01-29,hrp,MBG.DE,0.004679965473061714
2021-01-29,hrp,MUV2.DE,0.009343973911953457
2021-01-29,hrp,MC.PA,0.017752969471990475
2021-01-29,hrp,TTE.PA,0.008154938323288927
2021-01-29,hrp,OR.PA,0.023353190655735923
2021-01-29,hrp,SAN.PA,0.03307827117287589
2021-01-29,hrp,BNP.PA,0.005598332055910206
2021-01-29,hrp,AIR.PA,0.005666818628132585
2021-01-29,hrp,SU.PA,0.010642557401123444
2021-01-29,hrp,CAP.PA,0.013886896179869102
2021-01-29,hrp,AI.PA,0.021909045162870736
2021-01-29,hrp,ASML.AS,0.015808457325668407
2021-01-29,hrp,PHIA.AS,0.018636278686331664
2021-01-29,hrp,INGA.AS,0.004786945858983164
2021-01-29,hrp,HEIA.AS,0.02500494528938154
2021-01-29,hrp,AD.AS,0.05022975860012178
2021-01-29,hrp,WKL.AS,0.03606253012764198
2021-01-29,hrp,SAN.MC,0.009774619863384026
2021-01-29,hrp,IBE.MC,0.02566788221085738
2021-01-29,hrp,ITX.MC,0.013363520536937467
2021-01-29,hrp,TEF.MC,0.013509144767547719
2021-01-29,hrp,ENG.MC,0.024367476859499512
2021-01-29,hrp,BBVA.MC,0.00501864385839993
2021-01-29,hrp,NESN.SW,0.04468211931453013
2021-01-29,hrp,NOVN.SW,0.04407734790375362
2021-01-29,hrp,UBSG.SW,0.009327686204214218
2021-01-29,hrp,RO.SW,0.02595838951923196
2021-01-29,hrp,ABBN.SW,0.013394083595044001
2021-01-29,hrp,CFR.SW,0.014146383920538606
2021-01-29,hrp,HOLN.SW,0.013084319795453906
2021-01-29,hrp,ENI.MI,0.00821810951488781
2021-01-29,hrp,ISP.MI,0.007699384952660764
2021-01-29,hrp,UCG.MI,0.004850008919692914
2021-01-29,hrp,ENEL.MI,0.02686959150349688
2021-01-29,hrp,STMMI.MI,0.006964339664768278
2021-01-29,minimum_variance,EXV4.DE,0.018877313868714354
2021-01-29,minimum_variance,EXV2.DE,0.027122156576329565
2021-01-29,minimum_variance,EXH8.DE,0.15000000000000002
2021-01-29,minimum_variance,EWN,0.02204620339908096
2021-01-29,minimum_variance,EWL,0.06619943299741363
2021-01-29,minimum_variance,DTE.DE,0.06686475110754339
2021-01-29,minimum_variance,SAN.PA,0.051791209764885555
2021-01-29,minimum_variance,HEIA.AS,0.08399772868846495
2021-01-29,minimum_variance,AD.AS,0.15
2021-01-29,minimum_variance,WKL.AS,0.07923547590940887
2021-01-29,minimum_variance,ENG.MC,0.025512049624891855
2021-01-29,minimum_variance,NESN.SW,0.15000000000000002
2021-01-29,minimum_variance,RO.SW,0.10835367806326693
2021-01-29,xgb,EXV6.DE,0.039527877502331846
2021-01-29,xgb,EWN,0.030229009551584873
2021-01-29,xgb,BAS.DE,0.1500000000000152
2021-01-29,xgb,SAN.PA,0.022760126366037615
2021-01-29,xgb,AD.AS,0.02138311677626016
2021-01-29,xgb,TEF.MC,0.1500000000000152
2021-01-29,xgb,NESN.SW,0.11300297211936637
2021-01-29,xgb,RO.SW,0.1500000000000152
2021-01-29,xgb,CFR.SW,0.1500000000000152
2021-01-29,xgb,UCG.MI,0.02309689768434298
2021-01-29,xgb,ENEL.MI,0.1500000000000152
2021-01-29,xgb_sentiment,BAS.DE,0.15000000000001693
2021-01-29,xgb_sentiment,SAN.PA,0.15000000000001693
2021-01-29,xgb_sentiment,ASML.AS,0.15000000000001693
2021-01-29,xgb_sentiment,ENG.MC,0.04915030380685517
2021-01-29,xgb_sentiment,NESN.SW,0.0643711368607068
2021-01-29,xgb_sentiment,RO.SW,0.15000000000001693
2021-01-29,xgb_sentiment,CFR.SW,0.15000000000001693
2021-01-29,xgb_sentiment,ISP.MI,0.1364785593323534
2021-01-29,equal_weight,EXSA.DE,0.017543859649122806
2021-01-29,equal_weight,EXV1.DE,0.017543859649122806
2021-01-29,equal_weight,EXV4.DE,0.017543859649122806
2021-01-29,equal_weight,EXV3.DE,0.017543859649122806
2021-01-29,equal_weight,EXV2.DE,0.017543859649122806
2021-01-29,equal_weight,EXV6.DE,0.017543859649122806
2021-01-29,equal_weight,EXV7.DE,0.017543859649122806
2021-01-29,equal_weight,EXH7.DE,0.017543859649122806
2021-01-29,equal_weight,EXH8.DE,0.017543859649122806
2021-01-29,equal_weight,EXS1.DE,0.017543859649122806
2021-01-29,equal_weight,CAC.PA,0.017543859649122806
2021-01-29,equal_weight,EWI,0.017543859649122806
2021-01-29,equal_weight,EWP,0.017543859649122806
2021-01-29,equal_weight,EWN,0.017543859649122806
2021-01-29,equal_weight,EWL,0.017543859649122806
2021-01-29,equal_weight,SAP.DE,0.017543859649122806
2021-01-29,equal_weight,SIE.DE,0.017543859649122806
2021-01-29,equal_weight,BAS.DE,0.017543859649122806
2021-01-29,equal_weight,VOW3.DE,0.017543859649122806
2021-01-29,equal_weight,DTE.DE,0.017543859649122806
2021-01-29,equal_weight,ALV.DE,0.017543859649122806
2021-01-29,equal_weight,BMW.DE,0.017543859649122806
2021-01-29,equal_weight,MBG.DE,0.017543859649122806
2021-01-29,equal_weight,MUV2.DE,0.017543859649122806
2021-01-29,equal_weight,MC.PA,0.017543859649122806
2021-01-29,equal_weight,TTE.PA,0.017543859649122806
2021-01-29,equal_weight,OR.PA,0.017543859649122806
2021-01-29,equal_weight,SAN.PA,0.017543859649122806
2021-01-29,equal_weight,BNP.PA,0.017543859649122806
2021-01-29,equal_weight,AIR.PA,0.017543859649122806
2021-01-29,equal_weight,SU.PA,0.017543859649122806
2021-01-29,equal_weight,CAP.PA,0.017543859649122806
2021-01-29,equal_weight,AI.PA,0.017543859649122806
2021-01-29,equal_weight,ASML.AS,0.017543859649122806
2021-01-29,equal_weight,PHIA.AS,0.017543859649122806
2021-01-29,equal_weight,INGA.AS,0.017543859649122806
2021-01-29,equal_weight,HEIA.AS,0.017543859649122806
2021-01-29,equal_weight,AD.AS,0.017543859649122806
2021-01-29,equal_weight,WKL.AS,0.017543859649122806
2021-01-29,equal_weight,SAN.MC,0.017543859649122806
2021-01-29,equal_weight,IBE.MC,0.017543859649122806
2021-01-29,equal_weight,ITX.MC,0.017543859649122806
2021-01-29,equal_weight,TEF.MC,0.017543859649122806
2021-01-29,equal_weight,ENG.MC,0.017543859649122806
2021-01-29,equal_weight,BBVA.MC,0.017543859649122806
2021-01-29,equal_weight,NESN.SW,0.017543859649122806
2021-01-29,equal_weight,NOVN.SW,0.017543859649122806
2021-01-29,equal_weight,UBSG.SW,0.017543859649122806
2021-01-29,equal_weight,RO.SW,0.017543859649122806
2021-01-29,equal_weight,ABBN.SW,0.017543859649122806
2021-01-29,equal_weight,CFR.SW,0.017543859649122806
2021-01-29,equal_weight,HOLN.SW,0.017543859649122806
2021-01-29,equal_weight,ENI.MI,0.017543859649122806
2021-01-29,equal_weight,ISP.MI,0.017543859649122806
2021-01-29,equal_weight,UCG.MI,0.017543859649122806
2021-01-29,equal_weight,ENEL.MI,0.017543859649122806
2021-01-29,equal_weight,STMMI.MI,0.017543859649122806
2021-02-26,markowitz,MC.PA,0.14999999999999983
2021-02-26,markowitz,OR.PA,0.052626149657190396
2021-02-26,markowitz,ASML.AS,0.15000000000000127
2021-02-26,markowitz,AD.AS,0.07986352557851553
2021-02-26,markowitz,WKL.AS,0.0986989532248834
2021-02-26,markowitz,IBE.MC,0.14999999999999586
2021-02-26,markowitz,NESN.SW,0.1245183138844403
2021-02-26,markowitz,RO.SW,0.13305592484499118
2021-02-26,markowitz,ENEL.MI,0.06123713280998217
2021-02-26,hrp,EXSA.DE,0.020284870946894226
2021-02-26,hrp,EXV1.DE,0.007850933361441723
2021-02-26,hrp,EXV4.DE,0.0333684505503006
2021-02-26,hrp,EXV3.DE,0.014885113952465383
2021-02-26,hrp,EXV2.DE,0.02766504684427096
2021-02-26,hrp,EXV6.DE,0.01663744309788068
2021-02-26,hrp,EXV7.DE,0.0161736686071801
2021-02-26,hrp,EXH7.DE,0.02467700144435881
2021-02-26,hrp,EXH8.DE,0.045212811982083566
2021-02-26,hrp,EXS1.DE,0.013695972662363937
2021-02-26,hrp,CAC.PA,0.015832878352994087
2021-02-26,hrp,EWI,0.012798656212048362
2021-02-26,hrp,EWP,0.014067771330731624
2021-02-26,hrp,EWN,0.03323393116923372
2021-02-26,hrp,EWL,0.03309077705218038
2021-02-26,hrp,SAP.DE,0.010651369612912716
2021-02-26,hrp,SIE.DE,0.017150036461125243
2021-02-26,hrp,BAS.DE,0.009544090144572664
2021-02-26,hrp,VOW3.DE,0.0059098568186489835
2021-02-26,hrp,DTE.DE,0.029507869882624695
2021-02-26,hrp,ALV.DE,0.009904323910327544
2021-02-26,hrp,BMW.DE,0.007675670349653521
2021-02-26,hrp,MBG.DE,0.004580916690601352
2021-02-26,hrp,MUV2.DE,0.00906400571945286
2021-02-26,hrp,MC.PA,0.010119965866469547
2021-02-26,hrp,TTE.PA,0.0075948638880646655
2021-02-26,hrp,OR.PA,0.022870010640148836
2021-02-26,hrp,SAN.PA,0.03299270464920563
2021-02-26,hrp,BNP.PA,0.004894062983697337
2021-02-26,hrp,AIR.PA,0.005960870917742285
2021-02-26,hrp,SU.PA,0.010407853658516784
2021-02-26,hrp,CAP.PA,0.01378586667538677
2021-02-26,hrp,AI.PA,0.02172694565278497
2021-02-26,hrp,ASML.AS,0.00976926394681902
2021-02-26,hrp,PHIA.AS,0.018909595521495424
2021-02-26,hrp,INGA.AS,0.004911961246019436
2021-02-26,hrp,HEIA.AS,0.024480897116173142
2021-02-26,hrp,AD.AS,0.04985728759865479
2021-02-26,hrp,WKL.AS,0.034992060457134246
2021-02-26,hrp,SAN.MC,0.00448198149182443
2021-02-26,hrp,IBE.MC,0.025963510886730427
2021-02-26,hrp,ITX.MC,0.013423343683889692
2021-02-26,hrp,TEF.MC,0.009464717992509768
2021-02-26,hrp,ENG.MC,0.024215649104884076
2021-02-26,hrp,BBVA.MC,0.004219116112573687
2021-02-26,hrp,NESN.SW,0.04538128688635195
2021-02-26,hrp,NOVN.SW,0.029808174802736894
2021-02-26,hrp,UBSG.SW,0.009373738194182704
2021-02-26,hrp,RO.SW,0.024460864004075218
2021-02-26,hrp,ABBN.SW,0.021368273581674518
2021-02-26,hrp,CFR.SW,0.014328887344603535
2021-02-26,hrp,HOLN.SW,0.012054627281052728
2021-02-26,hrp,ENI.MI,0.007682216522721386
2021-02-26,hrp,ISP.MI,0.008995805246759562
2021-02-26,hrp,UCG.MI,0.00520005806501574
2021-02-26,hrp,ENEL.MI,0.026789306080720634
2021-02-26,hrp,STMMI.MI,0.0060507647430324205
2021-02-26,minimum_variance,EXV4.DE,0.015024004422880656
2021-02-26,minimum_variance,EXV2.DE,0.026365311346415562
2021-02-26,minimum_variance,EXH8.DE,0.15
2021-02-26,minimum_variance,EWN,0.012738084730645057
2021-02-26,minimum_variance,EWL,0.07471264065377194
2021-02-26,minimum_variance,DTE.DE,0.0767507521571381
2021-02-26,minimum_variance,SAN.PA,0.060494349745317644
2021-02-26,minimum_variance,HEIA.AS,0.07756195711002485
2021-02-26,minimum_variance,AD.AS,0.15
2021-02-26,minimum_variance,WKL.AS,0.07794198220057147
2021-02-26,minimum_variance,ENG.MC,0.024736172437415726
2021-02-26,minimum_variance,NESN.SW,0.15
2021-02-26,minimum_variance,RO.SW,0.10367474519581905
2021-02-26,xgb,EWN,0.14999999999991329
2021-02-26,xgb,AIR.PA,0.011571998743211761
2021-02-26,xgb,ASML.AS,0.13307171735497803
2021-02-26,xgb,AD.AS,0.14999999999995836
2021-02-26,xgb,SAN.MC,0.10535628390215616
2021-02-26,xgb,ENG.MC,0.14999999999977034
2021-02-26,xgb,NESN.SW,0.14999999999999356
2021-02-26,xgb,CFR.SW,0.1500000000000185
2021-02-26,xgb_sentiment,EXV6.DE,0.149999999998579
2021-02-26,xgb_sentiment,ASML.AS,0.05347193245089826
2021-02-26,xgb_sentiment,AD.AS,0.149999999998579
2021-02-26,xgb_sentiment,SAN.MC,0.1252443766397872
2021-02-26,xgb_sentiment,ENG.MC,0.10763902277763271
2021-02-26,xgb_sentiment,BBVA.MC,0.11364466813736597
2021-02-26,xgb_sentiment,NESN.SW,0.149999999998579
2021-02-26,xgb_sentiment,CFR.SW,0.149999999998579
2021-02-26,equal_weight,EXSA.DE,0.017543859649122806
2021-02-26,equal_weight,EXV1.DE,0.017543859649122806
2021-02-26,equal_weight,EXV4.DE,0.017543859649122806
2021-02-26,equal_weight,EXV3.DE,0.017543859649122806
2021-02-26,equal_weight,EXV2.DE,0.017543859649122806
2021-02-26,equal_weight,EXV6.DE,0.017543859649122806
2021-02-26,equal_weight,EXV7.DE,0.017543859649122806
2021-02-26,equal_weight,EXH7.DE,0.017543859649122806
2021-02-26,equal_weight,EXH8.DE,0.017543859649122806
2021-02-26,equal_weight,EXS1.DE,0.017543859649122806
2021-02-26,equal_weight,CAC.PA,0.017543859649122806
2021-02-26,equal_weight,EWI,0.017543859649122806
2021-02-26,equal_weight,EWP,0.017543859649122806
2021-02-26,equal_weight,EWN,0.017543859649122806
2021-02-26,equal_weight,EWL,0.017543859649122806
2021-02-26,equal_weight,SAP.DE,0.017543859649122806
2021-02-26,equal_weight,SIE.DE,0.017543859649122806
2021-02-26,equal_weight,BAS.DE,0.017543859649122806
2021-02-26,equal_weight,VOW3.DE,0.017543859649122806
2021-02-26,equal_weight,DTE.DE,0.017543859649122806
2021-02-26,equal_weight,ALV.DE,0.017543859649122806
2021-02-26,equal_weight,BMW.DE,0.017543859649122806
2021-02-26,equal_weight,MBG.DE,0.017543859649122806
2021-02-26,equal_weight,MUV2.DE,0.017543859649122806
2021-02-26,equal_weight,MC.PA,0.017543859649122806
2021-02-26,equal_weight,TTE.PA,0.017543859649122806
2021-02-26,equal_weight,OR.PA,0.017543859649122806
2021-02-26,equal_weight,SAN.PA,0.017543859649122806
2021-02-26,equal_weight,BNP.PA,0.017543859649122806
2021-02-26,equal_weight,AIR.PA,0.017543859649122806
2021-02-26,equal_weight,SU.PA,0.017543859649122806
2021-02-26,equal_weight,CAP.PA,0.017543859649122806
2021-02-26,equal_weight,AI.PA,0.017543859649122806
2021-02-26,equal_weight,ASML.AS,0.017543859649122806
2021-02-26,equal_weight,PHIA.AS,0.017543859649122806
2021-02-26,equal_weight,INGA.AS,0.017543859649122806
2021-02-26,equal_weight,HEIA.AS,0.017543859649122806
2021-02-26,equal_weight,AD.AS,0.017543859649122806
2021-02-26,equal_weight,WKL.AS,0.017543859649122806
2021-02-26,equal_weight,SAN.MC,0.017543859649122806
2021-02-26,equal_weight,IBE.MC,0.017543859649122806
2021-02-26,equal_weight,ITX.MC,0.017543859649122806
2021-02-26,equal_weight,TEF.MC,0.017543859649122806
2021-02-26,equal_weight,ENG.MC,0.017543859649122806
2021-02-26,equal_weight,BBVA.MC,0.017543859649122806
2021-02-26,equal_weight,NESN.SW,0.017543859649122806
2021-02-26,equal_weight,NOVN.SW,0.017543859649122806
2021-02-26,equal_weight,UBSG.SW,0.017543859649122806
2021-02-26,equal_weight,RO.SW,0.017543859649122806
2021-02-26,equal_weight,ABBN.SW,0.017543859649122806
2021-02-26,equal_weight,CFR.SW,0.017543859649122806
2021-02-26,equal_weight,HOLN.SW,0.017543859649122806
2021-02-26,equal_weight,ENI.MI,0.017543859649122806
2021-02-26,equal_weight,ISP.MI,0.017543859649122806
2021-02-26,equal_weight,UCG.MI,0.017543859649122806
2021-02-26,equal_weight,ENEL.MI,0.017543859649122806
2021-02-26,equal_weight,STMMI.MI,0.017543859649122806
2021-03-31,markowitz,MC.PA,0.12335038447810161
2021-03-31,markowitz,ASML.AS,0.14999999999999714
2021-03-31,markowitz,AD.AS,0.06343699696489033
2021-03-31,markowitz,WKL.AS,0.14999999999999714
2021-03-31,markowitz,IBE.MC,0.14999999999999714
2021-03-31,markowitz,NESN.SW,0.14999999999999714
2021-03-31,markowitz,RO.SW,0.14999999999999714
2021-03-31,markowitz,ENEL.MI,0.06321261855702227
2021-03-31,hrp,EXSA.DE,0.01864829480487497
2021-03-31,hrp,EXV1.DE,0.007769960430475102
2021-03-31,hrp,EXV4.DE,0.0337564650710262
2021-03-31,hrp,EXV3.DE,0.014134573243073278
2021-03-31,hrp,EXV2.DE,0.030058062288857046
2021-03-31,hrp,EXV6.DE,0.016131403362677182
2021-03-31,hrp,EXV7.DE,0.017543821863703752
2021-03-31,hrp,EXH7.DE,0.022755923682937152
2021-03-31,hrp,EXH8.DE,0.03467002378187358
2021-03-31,hrp,EXS1.DE,0.013889571164408589
2021-03-31,hrp,CAC.PA,0.017905875596252077
2021-03-31,hrp,EWI,0.012852153520641462
2021-03-31,hrp,EWP,0.01412294750274257
2021-03-31,hrp,EWN,0.03263108702858315
2021-03-31,hrp,EWL,0.033102951858676434
2021-03-31,hrp,SAP.DE,0.011179889166692573
2021-03-31,hrp,SIE.DE,0.009110318088784047
2021-03-31,hrp,BAS.DE,0.009105981102522212
2021-03-31,hrp,VOW3.DE,0.0057015973774889
2021-03-31,hrp,DTE.DE,0.02600592026985775
2021-03-31,hrp,ALV.DE,0.009329859401169918
2021-03-31,hrp,BMW.DE,0.007510669017409955
2021-03-31,hrp,MBG.DE,0.004666445943347093
2021-03-31,hrp,MUV2.DE,0.011932638957851925
2021-03-31,hrp,MC.PA,0.010219320602245183
2021-03-31,hrp,TTE.PA,0.008467034139382741
2021-03-31,hrp,OR.PA,0.0233246472589937
2021-03-31,hrp,SAN.PA,0.03282594141053915
2021-03-31,hrp,BNP.PA,0.01129438701032609
2021-03-31,hrp,AIR.PA,0.005977725977237439
2021-03-31,hrp,SU.PA,0.010513840344234473
2021-03-31,hrp,CAP.PA,0.01395666298091999
2021-03-31,hrp,AI.PA,0.02105413984534441
2021-03-31,hrp,ASML.AS,0.010161140212903153
2021-03-31,hrp,PHIA.AS,0.01911038123125514
2021-03-31,hrp,INGA.AS,0.004137649234044482
2021-03-31,hrp,HEIA.AS,0.02393132455886884
2021-03-31,hrp,AD.AS,0.04981725765092149
2021-03-31,hrp,WKL.AS,0.03510015966447636
2021-03-31,hrp,SAN.MC,0.004432315185866142
2021-03-31,hrp,IBE.MC,0.025472424515733262
2021-03-31,hrp,ITX.MC,0.013554392501753382
2021-03-31,hrp,TEF.MC,0.018513473050800627
2021-03-31,hrp,ENG.MC,0.02430942980976043
2021-03-31,hrp,BBVA.MC,0.004317723217438667
2021-03-31,hrp,NESN.SW,0.04530217907026713
2021-03-31,hrp,NOVN.SW,0.030261745326613743
2021-03-31,hrp,UBSG.SW,0.010989249702714591
2021-03-31,hrp,RO.SW,0.024153425074072896
2021-03-31,hrp,ABBN.SW,0.021810843202709488
2021-03-31,hrp,CFR.SW,0.014252758010297547
2021-03-31,hrp,HOLN.SW,0.013562392346746657
2021-03-31,hrp,ENI.MI,0.008563774290557625
2021-03-31,hrp,ISP.MI,0.0077276870153451145
2021-03-31,hrp,UCG.MI,0.004857907527570336
2021-03-31,hrp,ENEL.MI,0.026947986478261774
2021-03-31,hrp,STMMI.MI,0.006562247025871039
2021-03-31,minimum_variance,EXV4.DE,0.0384951134362394
2021-03-31,minimum_variance,EXV2.DE,0.028857150299954375
2021-03-31,minimum_variance,EXH8.DE,0.1446498502246034
2021-03-31,minimum_variance,EWN,0.012204032381534594
2021-03-31,minimum_variance,EWL,0.07681576916774471
2021-03-31,minimum_variance,DTE.DE,0.07405755833170848
2021-03-31,minimum_variance,SAN.PA,0.05610846206867125
2021-03-31,minimum_variance,HEIA.AS,0.0723637474932933
2021-03-31,minimum_variance,AD.AS,0.15
2021-03-31,minimum_variance,WKL.AS,0.07962757161081355
2021-03-31,minimum_variance,ENG.MC,0.027039911620903273
2021-03-31,minimum_variance,NESN.SW,0.15000000000000002
2021-03-31,minimum_variance,RO.SW,0.08978083336453373
2021-03-31,xgb,EXV6.DE,0.06953251517624985
2021-03-31,xgb,VOW3.DE,0.14298909494637946
2021-03-31,xgb,SAN.PA,0.14999999999999156
2021-03-31,xgb,AIR.PA,0.03427164701491498
2021-03-31,xgb,ASML.AS,0.14999999999999805
2021-03-31,xgb,AD.AS,0.14999999999999805
2021-03-31,xgb,SAN.MC,0.13977610731463078
2021-03-31,xgb,NESN.SW,0.013430635547839104
2021-03-31,xgb,CFR.SW,0.14999999999999805
2021-03-31,xgb_sentiment,VOW3.DE,0.14999999999998262
2021-03-31,xgb_sentiment,SAN.PA,0.14999999999998262
2021-03-31,xgb_sentiment,ASML.AS,0.14999999999998262
2021-03-31,xgb_sentiment,AD.AS,0.14999999999998262
2021-03-31,xgb_sentiment,SAN.MC,0.14999999999998262
2021-03-31,xgb_sentiment,BBVA.MC,0.14999999999998262
2021-03-31,xgb_sentiment,NESN.SW,0.10000000000010428
2021-03-31,equal_weight,EXSA.DE,0.017543859649122806
2021-03-31,equal_weight,EXV1.DE,0.017543859649122806
2021-03-31,equal_weight,EXV4.DE,0.017543859649122806
2021-03-31,equal_weight,EXV3.DE,0.017543859649122806
2021-03-31,equal_weight,EXV2.DE,0.017543859649122806
2021-03-31,equal_weight,EXV6.DE,0.017543859649122806
2021-03-31,equal_weight,EXV7.DE,0.017543859649122806
2021-03-31,equal_weight,EXH7.DE,0.017543859649122806
2021-03-31,equal_weight,EXH8.DE,0.017543859649122806
2021-03-31,equal_weight,EXS1.DE,0.017543859649122806
2021-03-31,equal_weight,CAC.PA,0.017543859649122806
2021-03-31,equal_weight,EWI,0.017543859649122806
2021-03-31,equal_weight,EWP,0.017543859649122806
2021-03-31,equal_weight,EWN,0.017543859649122806
2021-03-31,equal_weight,EWL,0.017543859649122806
2021-03-31,equal_weight,SAP.DE,0.017543859649122806
2021-03-31,equal_weight,SIE.DE,0.017543859649122806
2021-03-31,equal_weight,BAS.DE,0.017543859649122806
2021-03-31,equal_weight,VOW3.DE,0.017543859649122806
2021-03-31,equal_weight,DTE.DE,0.017543859649122806
2021-03-31,equal_weight,ALV.DE,0.017543859649122806
2021-03-31,equal_weight,BMW.DE,0.017543859649122806
2021-03-31,equal_weight,MBG.DE,0.017543859649122806
2021-03-31,equal_weight,MUV2.DE,0.017543859649122806
2021-03-31,equal_weight,MC.PA,0.017543859649122806
2021-03-31,equal_weight,TTE.PA,0.017543859649122806
2021-03-31,equal_weight,OR.PA,0.017543859649122806
2021-03-31,equal_weight,SAN.PA,0.017543859649122806
2021-03-31,equal_weight,BNP.PA,0.017543859649122806
2021-03-31,equal_weight,AIR.PA,0.017543859649122806
2021-03-31,equal_weight,SU.PA,0.017543859649122806
2021-03-31,equal_weight,CAP.PA,0.017543859649122806
2021-03-31,equal_weight,AI.PA,0.017543859649122806
2021-03-31,equal_weight,ASML.AS,0.017543859649122806
2021-03-31,equal_weight,PHIA.AS,0.017543859649122806
2021-03-31,equal_weight,INGA.AS,0.017543859649122806
2021-03-31,equal_weight,HEIA.AS,0.017543859649122806
2021-03-31,equal_weight,AD.AS,0.017543859649122806
2021-03-31,equal_weight,WKL.AS,0.017543859649122806
2021-03-31,equal_weight,SAN.MC,0.017543859649122806
2021-03-31,equal_weight,IBE.MC,0.017543859649122806
2021-03-31,equal_weight,ITX.MC,0.017543859649122806
2021-03-31,equal_weight,TEF.MC,0.017543859649122806
2021-03-31,equal_weight,ENG.MC,0.017543859649122806
2021-03-31,equal_weight,BBVA.MC,0.017543859649122806
2021-03-31,equal_weight,NESN.SW,0.017543859649122806
2021-03-31,equal_weight,NOVN.SW,0.017543859649122806
2021-03-31,equal_weight,UBSG.SW,0.017543859649122806
2021-03-31,equal_weight,RO.SW,0.017543859649122806
2021-03-31,equal_weight,ABBN.SW,0.017543859649122806
2021-03-31,equal_weight,CFR.SW,0.017543859649122806
2021-03-31,equal_weight,HOLN.SW,0.017543859649122806
2021-03-31,equal_weight,ENI.MI,0.017543859649122806
2021-03-31,equal_weight,ISP.MI,0.017543859649122806
2021-03-31,equal_weight,UCG.MI,0.017543859649122806
2021-03-31,equal_weight,ENEL.MI,0.017543859649122806
2021-03-31,equal_weight,STMMI.MI,0.017543859649122806
2021-04-30,markowitz,MC.PA,0.13854796755512064
2021-04-30,markowitz,ASML.AS,0.14999999999981695
2021-04-30,markowitz,AD.AS,0.019206669168002757
2021-04-30,markowitz,WKL.AS,0.10763785862395123
2021-04-30,markowitz,IBE.MC,0.14999999999981695
2021-04-30,markowitz,NESN.SW,0.14999999999981695
2021-04-30,markowitz,RO.SW,0.14999999999981695
2021-04-30,markowitz,ENEL.MI,0.13460750465365753
2021-04-30,hrp,EXSA.DE,0.017793148218152328
2021-04-30,hrp,EXV1.DE,0.00778374916662069
2021-04-30,hrp,EXV4.DE,0.03378068305013609
2021-04-30,hrp,EXV3.DE,0.013486837621185714
2021-04-30,hrp,EXV2.DE,0.030379574538468505
2021-04-30,hrp,EXV6.DE,0.009524591132049825
2021-04-30,hrp,EXV7.DE,0.015976536420316986
2021-04-30,hrp,EXH7.DE,0.025839267067606957
2021-04-30,hrp,EXH8.DE,0.03437894807803409
2021-04-30,hrp,EXS1.DE,0.013548388729374715
2021-04-30,hrp,CAC.PA,0.013838445279616763
2021-04-30,hrp,EWI,0.012869850767412726
2021-04-30,hrp,EWP,0.01415972445031671
2021-04-30,hrp,EWN,0.03239186271591958
2021-04-30,hrp,EWL,0.033118711574216045
2021-04-30,hrp,SAP.DE,0.0112454009143216
2021-04-30,hrp,SIE.DE,0.009593432684065447
2021-04-30,hrp,BAS.DE,0.010470117623041583
2021-04-30,hrp,VOW3.DE,0.006380118975539568
2021-04-30,hrp,DTE.DE,0.026173070619108688
2021-04-30,hrp,ALV.DE,0.01037623338649093
2021-04-30,hrp,BMW.DE,0.00780377278601386
2021-04-30,hrp,MBG.DE,0.004836976801572499
2021-04-30,hrp,MUV2.DE,0.01031509684918785
2021-04-30,hrp,MC.PA,0.012103213922452092
2021-04-30,hrp,TTE.PA,0.00851235326760533
2021-04-30,hrp,OR.PA,0.02324280305411903
2021-04-30,hrp,SAN.PA,0.032842963202497556
2021-04-30,hrp,BNP.PA,0.004841371506439845
2021-04-30,hrp,AIR.PA,0.005989317460766338
2021-04-30,hrp,SU.PA,0.010455524446465444
2021-04-30,hrp,CAP.PA,0.013958518691352551
2021-04-30,hrp,AI.PA,0.03183616490228941
2021-04-30,hrp,ASML.AS,0.008774823425553862
2021-04-30,hrp,PHIA.AS,0.018934478985764443
2021-04-30,hrp,INGA.AS,0.004128852656256804
2021-04-30,hrp,HEIA.AS,0.02337641588887016
2021-04-30,hrp,AD.AS,0.049879251954975334
2021-04-30,hrp,WKL.AS,0.035325263991813086
2021-04-30,hrp,SAN.MC,0.004618976535759927
2021-04-30,hrp,IBE.MC,0.02512114069928649
2021-04-30,hrp,ITX.MC,0.013567246327153611
2021-04-30,hrp,TEF.MC,0.01855917143337544
2021-04-30,hrp,ENG.MC,0.024110308685585165
2021-04-30,hrp,BBVA.MC,0.005346969489596106
2021-04-30,hrp,NESN.SW,0.044721577429161385
2021-04-30,hrp,NOVN.SW,0.030355067657934724
2021-04-30,hrp,UBSG.SW,0.009877274548642168
2021-04-30,hrp,RO.SW,0.023958454477836285
2021-04-30,hrp,ABBN.SW,0.024105303929608652
2021-04-30,hrp,CFR.SW,0.014266938150219375
2021-04-30,hrp,HOLN.SW,0.01147590410005092
2021-04-30,hrp,ENI.MI,0.008630316282221114
2021-04-30,hrp,ISP.MI,0.008312178915246066
2021-04-30,hrp,UCG.MI,0.008831366204756422
2021-04-30,hrp,ENEL.MI,0.027312690288696047
2021-04-30,hrp,STMMI.MI,0.006563258038879064
2021-04-30,minimum_variance,EXV4.DE,0.04269510102934071
2021-04-30,minimum_variance,EXV2.DE,0.03084282599976673
2021-04-30,minimum_variance,EXH8.DE,0.14180032196369244
2021-04-30,minimum_variance,EWN,0.010838365025950382
2021-04-30,minimum_variance,EWL,0.08013295404174901
2021-04-30,minimum_variance,DTE.DE,0.07673937693548624
2021-04-30,minimum_variance,SAN.PA,0.05930215599795265
2021-04-30,minimum_variance,HEIA.AS,0.06554166496890429
2021-04-30,minimum_variance,AD.AS,0.15
2021-04-30,minimum_variance,WKL.AS,0.08443644576179475
2021-04-30,minimum_variance,ENG.MC,0.025378696752240394
2021-04-30,minimum_variance,NESN.SW,0.14999999999999997
2021-04-30,minimum_variance,RO.SW,0.08229209152312263
2021-04-30,xgb,VOW3.DE,0.14999999999999733
2021-04-30,xgb,BMW.DE,0.029612247953895474
2021-04-30,xgb,MBG.DE,0.14999999999999733
2021-04-30,xgb,ASML.AS,0.14999999999999733
2021-04-30,xgb,INGA.AS,0.14999999999999733
2021-04-30,xgb,AD.AS,0.14999999999999733
2021-04-30,xgb,RO.SW,0.07038775204612041
2021-04-30,xgb,ENI.MI,0.14999999999999733
2021-04-30,xgb_sentiment,VOW3.DE,0.14999999999999913
2021-04-30,xgb_sentiment,MBG.DE,0.14999999999999913
2021-04-30,xgb_sentiment,ASML.AS,0.14999999999999913
2021-04-30,xgb_sentiment,INGA.AS,0.14999999999999789
2021-04-30,xgb_sentiment,AD.AS,0.14999999999999913
2021-04-30,xgb_sentiment,NESN.SW,0.017807911033022896
2021-04-30,xgb_sentiment,RO.SW,0.14999999999999913
2021-04-30,xgb_sentiment,CFR.SW,0.02169345662579579
2021-04-30,xgb_sentiment,ENI.MI,0.06049863234118795
2021-04-30,equal_weight,EXSA.DE,0.017543859649122806
2021-04-30,equal_weight,EXV1.DE,0.017543859649122806
2021-04-30,equal_weight,EXV4.DE,0.017543859649122806
2021-04-30,equal_weight,EXV3.DE,0.017543859649122806
2021-04-30,equal_weight,EXV2.DE,0.017543859649122806
2021-04-30,equal_weight,EXV6.DE,0.017543859649122806
2021-04-30,equal_weight,EXV7.DE,0.017543859649122806
2021-04-30,equal_weight,EXH7.DE,0.017543859649122806
2021-04-30,equal_weight,EXH8.DE,0.017543859649122806
2021-04-30,equal_weight,EXS1.DE,0.017543859649122806
2021-04-30,equal_weight,CAC.PA,0.017543859649122806
2021-04-30,equal_weight,EWI,0.017543859649122806
2021-04-30,equal_weight,EWP,0.017543859649122806
2021-04-30,equal_weight,EWN,0.017543859649122806
2021-04-30,equal_weight,EWL,0.017543859649122806
2021-04-30,equal_weight,SAP.DE,0.017543859649122806
2021-04-30,equal_weight,SIE.DE,0.017543859649122806
2021-04-30,equal_weight,BAS.DE,0.017543859649122806
2021-04-30,equal_weight,VOW3.DE,0.017543859649122806
2021-04-30,equal_weight,DTE.DE,0.017543859649122806
2021-04-30,equal_weight,ALV.DE,0.017543859649122806
2021-04-30,equal_weight,BMW.DE,0.017543859649122806
2021-04-30,equal_weight,MBG.DE,0.017543859649122806
2021-04-30,equal_weight,MUV2.DE,0.017543859649122806
2021-04-30,equal_weight,MC.PA,0.017543859649122806
2021-04-30,equal_weight,TTE.PA,0.017543859649122806
2021-04-30,equal_weight,OR.PA,0.017543859649122806
2021-04-30,equal_weight,SAN.PA,0.017543859649122806
2021-04-30,equal_weight,BNP.PA,0.017543859649122806
2021-04-30,equal_weight,AIR.PA,0.017543859649122806
2021-04-30,equal_weight,SU.PA,0.017543859649122806
2021-04-30,equal_weight,CAP.PA,0.017543859649122806
2021-04-30,equal_weight,AI.PA,0.017543859649122806
2021-04-30,equal_weight,ASML.AS,0.017543859649122806
2021-04-30,equal_weight,PHIA.AS,0.017543859649122806
2021-04-30,equal_weight,INGA.AS,0.017543859649122806
2021-04-30,equal_weight,HEIA.AS,0.017543859649122806
2021-04-30,equal_weight,AD.AS,0.017543859649122806
2021-04-30,equal_weight,WKL.AS,0.017543859649122806
2021-04-30,equal_weight,SAN.MC,0.017543859649122806
2021-04-30,equal_weight,IBE.MC,0.017543859649122806
2021-04-30,equal_weight,ITX.MC,0.017543859649122806
2021-04-30,equal_weight,TEF.MC,0.017543859649122806
2021-04-30,equal_weight,ENG.MC,0.017543859649122806
2021-04-30,equal_weight,BBVA.MC,0.017543859649122806
2021-04-30,equal_weight,NESN.SW,0.017543859649122806
2021-04-30,equal_weight,NOVN.SW,0.017543859649122806
2021-04-30,equal_weight,UBSG.SW,0.017543859649122806
2021-04-30,equal_weight,RO.SW,0.017543859649122806
2021-04-30,equal_weight,ABBN.SW,0.017543859649122806
2021-04-30,equal_weight,CFR.SW,0.017543859649122806
2021-04-30,equal_weight,HOLN.SW,0.017543859649122806
2021-04-30,equal_weight,ENI.MI,0.017543859649122806
2021-04-30,equal_weight,ISP.MI,0.017543859649122806
2021-04-30,equal_weight,UCG.MI,0.017543859649122806
2021-04-30,equal_weight,ENEL.MI,0.017543859649122806
2021-04-30,equal_weight,STMMI.MI,0.017543859649122806
2021-05-31,markowitz,MC.PA,0.15000000000002772
2021-05-31,markowitz,OR.PA,0.030342513463368227
2021-05-31,markowitz,ASML.AS,0.15000000000002528
2021-05-31,markowitz,AD.AS,0.04330623496611239
2021-05-31,markowitz,WKL.AS,0.10716787061909311
2021-05-31,markowitz,IBE.MC,0.15000000000002306
2021-05-31,markowitz,NESN.SW,0.15000000000016542
2021-05-31,markowitz,RO.SW,0.14999999999998387
2021-05-31,markowitz,ENEL.MI,0.06918338095120093
2021-05-31,hrp,EXSA.DE,0.018001073617896657
2021-05-31,hrp,EXV1.DE,0.015146170178549216
2021-05-31,hrp,EXV4.DE,0.03374078149399744
2021-05-31,hrp,EXV3.DE,0.013416873864462152
2021-05-31,hrp,EXV2.DE,0.030392053592162252
2021-05-31,hrp,EXV6.DE,0.008898490328242551
2021-05-31,hrp,EXV7.DE,0.016192883429372612
2021-05-31,hrp,EXH7.DE,0.02614355390086889
2021-05-31,hrp,EXH8.DE,0.03405035804477948
2021-05-31,hrp,EXS1.DE,0.013713581738633327
2021-05-31,hrp,CAC.PA,0.014013029492338715
2021-05-31,hrp,EWI,0.013085968167330028
2021-05-31,hrp,EWP,0.014317819688684515
2021-05-31,hrp,EWN,0.03197227743963599
2021-05-31,hrp,EWL,0.03316686666620541
2021-05-31,hrp,SAP.DE,0.010465527282220234
2021-05-31,hrp,SIE.DE,0.009505895060872295
2021-05-31,hrp,BAS.DE,0.010942911924310668
2021-05-31,hrp,VOW3.DE,0.005469037344417203
2021-05-31,hrp,DTE.DE,0.02590524735805136
2021-05-31,hrp,ALV.DE,0.010579195205113055
2021-05-31,hrp,BMW.DE,0.008114733285566215
2021-05-31,hrp,MBG.DE,0.0050374600185601375
2021-05-31,hrp,MUV2.DE,0.012780700071078437
2021-05-31,hrp,MC.PA,0.011502288472987737
2021-05-31,hrp,TTE.PA,0.008421375602395224
2021-05-31,hrp,OR.PA,0.023309842051382007
2021-05-31,hrp,SAN.PA,0.03266797162786307
2021-05-31,hrp,BNP.PA,0.005647335877279383
2021-05-31,hrp,AIR.PA,0.005929679908189389
2021-05-31,hrp,SU.PA,0.009886163401677738
2021-05-31,hrp,CAP.PA,0.013889880834495404
2021-05-31,hrp,AI.PA,0.024662737811541425
2021-05-31,hrp,ASML.AS,0.009023701895616998
2021-05-31,hrp,PHIA.AS,0.01797287575794042
2021-05-31,hrp,INGA.AS,0.0041167453825315965
2021-05-31,hrp,HEIA.AS,0.02385238824101594
2021-05-31,hrp,AD.AS,0.04913303383842481
2021-05-31,hrp,WKL.AS,0.0351751209336926
2021-05-31,hrp,SAN.MC,0.004640444742571951
2021-05-31,hrp,IBE.MC,0.02454712784073924
2021-05-31,hrp,ITX.MC,0.013451007787758049
2021-05-31,hrp,TEF.MC,0.018372413991666222
2021-05-31,hrp,ENG.MC,0.024222965405877886
2021-05-31,hrp,BBVA.MC,0.0046756518232889425
2021-05-31,hrp,NESN.SW,0.046834909222788844
2021-05-31,hrp,NOVN.SW,0.03118533968825496
2021-05-31,hrp,UBSG.SW,0.008701122153668514
2021-05-31,hrp,RO.SW,0.024239862318459652
2021-05-31,hrp,ABBN.SW,0.02273534309841144
2021-05-31,hrp,CFR.SW,0.014024766403386327
2021-05-31,hrp,HOLN.SW,0.010849292647803028
2021-05-31,hrp,ENI.MI,0.008669703777505233
2021-05-31,hrp,ISP.MI,0.008071266607865274
2021-05-31,hrp,UCG.MI,0.010458214051337499
2021-05-31,hrp,ENEL.MI,0.02748546072974223
2021-05-31,hrp,STMMI.MI,0.006591476878492113
2021-05-31,minimum_variance,EXV4.DE,0.04047678078869514
2021-05-31,minimum_variance,EXV2.DE,0.03138428549136175
2021-05-31,minimum_variance,EXH8.DE,0.13849386956526835
2021-05-31,minimum_variance,EWN,0.007650590567333753
2021-05-31,minimum_variance,EWL,0.08849788812318288
2021-05-31,minimum_variance,DTE.DE,0.06987739012219009
2021-05-31,minimum_variance,SAN.PA,0.057879662741499326
2021-05-31,minimum_variance,HEIA.AS,0.07066977553510634
2021-05-31,minimum_variance,AD.AS,0.15
2021-05-31,minimum_variance,WKL.AS,0.07820600027624544
2021-05-31,minimum_variance,ENG.MC,0.02860742119765656
2021-05-31,minimum_variance,NESN.SW,0.15
2021-05-31,minimum_variance,NOVN.SW,0.005216526486290456
2021-05-31,minimum_variance,RO.SW,0.08303980910516998
2021-05-31,xgb,SIE.DE,0.15000000000009317
2021-05-31,xgb,MBG.DE,0.15000000000011882
2021-05-31,xgb,ASML.AS,0.15000000000008842
2021-05-31,xgb,INGA.AS,0.09758193920974327
2021-05-31,xgb,AD.AS,0.09678212050957422
2021-05-31,xgb,SAN.MC,0.06741529108023907
2021-05-31,xgb,BBVA.MC,0.15000000000012012
2021-05-31,xgb,NESN.SW,0.138220649200023
2021-05-31,xgb_sentiment,SIE.DE,0.15000000000000385
2021-05-31,xgb_sentiment,MBG.DE,0.15000000000000385
2021-05-31,xgb_sentiment,ASML.AS,0.15000000000000385
2021-05-31,xgb_sentiment,INGA.AS,0.053368362308812096
2021-05-31,xgb_sentiment,AD.AS,0.08655804529696581
2021-05-31,xgb_sentiment,SAN.MC,0.11810824155381582
2021-05-31,xgb_sentiment,BBVA.MC,0.13721312684786485
2021-05-31,xgb_sentiment,NESN.SW,0.15000000000000385
2021-05-31,xgb_sentiment,NOVN.SW,0.004752223992526043
2021-05-31,equal_weight,EXSA.DE,0.017543859649122806
2021-05-31,equal_weight,EXV1.DE,0.017543859649122806
2021-05-31,equal_weight,EXV4.DE,0.017543859649122806
2021-05-31,equal_weight,EXV3.DE,0.017543859649122806
2021-05-31,equal_weight,EXV2.DE,0.017543859649122806
2021-05-31,equal_weight,EXV6.DE,0.017543859649122806
2021-05-31,equal_weight,EXV7.DE,0.017543859649122806
2021-05-31,equal_weight,EXH7.DE,0.017543859649122806
2021-05-31,equal_weight,EXH8.DE,0.017543859649122806
2021-05-31,equal_weight,EXS1.DE,0.017543859649122806
2021-05-31,equal_weight,CAC.PA,0.017543859649122806
2021-05-31,equal_weight,EWI,0.017543859649122806
2021-05-31,equal_weight,EWP,0.017543859649122806
2021-05-31,equal_weight,EWN,0.017543859649122806
2021-05-31,equal_weight,EWL,0.017543859649122806
2021-05-31,equal_weight,SAP.DE,0.017543859649122806
2021-05-31,equal_weight,SIE.DE,0.017543859649122806
2021-05-31,equal_weight,BAS.DE,0.017543859649122806
2021-05-31,equal_weight,VOW3.DE,0.017543859649122806
2021-05-31,equal_weight,DTE.DE,0.017543859649122806
2021-05-31,equal_weight,ALV.DE,0.017543859649122806
2021-05-31,equal_weight,BMW.DE,0.017543859649122806
2021-05-31,equal_weight,MBG.DE,0.017543859649122806
2021-05-31,equal_weight,MUV2.DE,0.017543859649122806
2021-05-31,equal_weight,MC.PA,0.017543859649122806
2021-05-31,equal_weight,TTE.PA,0.017543859649122806
2021-05-31,equal_weight,OR.PA,0.017543859649122806
2021-05-31,equal_weight,SAN.PA,0.017543859649122806
2021-05-31,equal_weight,BNP.PA,0.017543859649122806
2021-05-31,equal_weight,AIR.PA,0.017543859649122806
2021-05-31,equal_weight,SU.PA,0.017543859649122806
2021-05-31,equal_weight,CAP.PA,0.017543859649122806
2021-05-31,equal_weight,AI.PA,0.017543859649122806
2021-05-31,equal_weight,ASML.AS,0.017543859649122806
2021-05-31,equal_weight,PHIA.AS,0.017543859649122806
2021-05-31,equal_weight,INGA.AS,0.017543859649122806
2021-05-31,equal_weight,HEIA.AS,0.017543859649122806
2021-05-31,equal_weight,AD.AS,0.017543859649122806
2021-05-31,equal_weight,WKL.AS,0.017543859649122806
2021-05-31,equal_weight,SAN.MC,0.017543859649122806
2021-05-31,equal_weight,IBE.MC,0.017543859649122806
2021-05-31,equal_weight,ITX.MC,0.017543859649122806
2021-05-31,equal_weight,TEF.MC,0.017543859649122806
2021-05-31,equal_weight,ENG.MC,0.017543859649122806
2021-05-31,equal_weight,BBVA.MC,0.017543859649122806
2021-05-31,equal_weight,NESN.SW,0.017543859649122806
2021-05-31,equal_weight,NOVN.SW,0.017543859649122806
2021-05-31,equal_weight,UBSG.SW,0.017543859649122806
2021-05-31,equal_weight,RO.SW,0.017543859649122806
2021-05-31,equal_weight,ABBN.SW,0.017543859649122806
2021-05-31,equal_weight,CFR.SW,0.017543859649122806
2021-05-31,equal_weight,HOLN.SW,0.017543859649122806
2021-05-31,equal_weight,ENI.MI,0.017543859649122806
2021-05-31,equal_weight,ISP.MI,0.017543859649122806
2021-05-31,equal_weight,UCG.MI,0.017543859649122806
2021-05-31,equal_weight,ENEL.MI,0.017543859649122806
2021-05-31,equal_weight,STMMI.MI,0.017543859649122806
2021-06-30,markowitz,MC.PA,0.14999999999998187
2021-06-30,markowitz,OR.PA,0.0713212550989266
2021-06-30,markowitz,SU.PA,0.013349512253277556
2021-06-30,markowitz,ASML.AS,0.14999999999998187
2021-06-30,markowitz,AD.AS,0.04912888196435104
2021-06-30,markowitz,WKL.AS,0.11954760456513903
2021-06-30,markowitz,IBE.MC,0.07701947956724176
2021-06-30,markowitz,NESN.SW,0.14999999999998187
2021-06-30,markowitz,RO.SW,0.14999999999998187
2021-06-30,markowitz,ENEL.MI,0.06963326655113658
2021-06-30,hrp,EXSA.DE,0.018471852889794714
2021-06-30,hrp,EXV1.DE,0.015427954241842755
2021-06-30,hrp,EXV4.DE,0.033711127586620336
2021-06-30,hrp,EXV3.DE,0.013649118167375433
2021-06-30,hrp,EXV2.DE,0.030560688899116225
2021-06-30,hrp,EXV6.DE,0.009952204443170961
2021-06-30,hrp,EXV7.DE,0.017525610290845036
2021-06-30,hrp,EXH7.DE,0.02229423617351514
2021-06-30,hrp,EXH8.DE,0.033415043820435024
2021-06-30,hrp,EXS1.DE,0.013882487437083325
2021-06-30,hrp,CAC.PA,0.01782020868000192
2021-06-30,hrp,EWI,0.013074858632194342
2021-06-30,hrp,EWP,0.0143361506000817
2021-06-30,hrp,EWN,0.03199495946584028
2021-06-30,hrp,EWL,0.033115481945065924
2021-06-30,hrp,SAP.DE,0.011256383696782031
2021-06-30,hrp,SIE.DE,0.009034921272499214
2021-06-30,hrp,BAS.DE,0.00857693010700888
2021-06-30,hrp,VOW3.DE,0.005671680690809597
2021-06-30,hrp,DTE.DE,0.025824544123922665
2021-06-30,hrp,ALV.DE,0.010314571776647232
2021-06-30,hrp,BMW.DE,0.007447423636521612
2021-06-30,hrp,MBG.DE,0.0046409006274319925
2021-06-30,hrp,MUV2.DE,0.010162873825926367
2021-06-30,hrp,MC.PA,0.012353950160559889
2021-06-30,hrp,TTE.PA,0.008344156665780906
2021-06-30,hrp,OR.PA,0.02323576518586758
2021-06-30,hrp,SAN.PA,0.032670802235295046
2021-06-30,hrp,BNP.PA,0.006860695493560909
2021-06-30,hrp,AIR.PA,0.0059414770846086245
2021-06-30,hrp,SU.PA,0.010651328844470667
2021-06-30,hrp,CAP.PA,0.013800171323629573
2021-06-30,hrp,AI.PA,0.019814417698734283
2021-06-30,hrp,ASML.AS,0.009160150180043338
2021-06-30,hrp,PHIA.AS,0.01877780790519534
2021-06-30,hrp,INGA.AS,0.004301066503023708
2021-06-30,hrp,HEIA.AS,0.023596401315295158
2021-06-30,hrp,AD.AS,0.04912825609223492
2021-06-30,hrp,WKL.AS,0.03528695224885687
2021-06-30,hrp,SAN.MC,0.004853447978152114
2021-06-30,hrp,IBE.MC,0.025072929423958824
2021-06-30,hrp,ITX.MC,0.013294856724805137
2021-06-30,hrp,TEF.MC,0.018257889718934963
2021-06-30,hrp,ENG.MC,0.02435788836438599
2021-06-30,hrp,BBVA.MC,0.004908491831046213
2021-06-30,hrp,NESN.SW,0.04595275323561172
2021-06-30,hrp,NOVN.SW,0.03222747935448219
2021-06-30,hrp,UBSG.SW,0.009192973034843736
2021-06-30,hrp,RO.SW,0.02412076833913905
2021-06-30,hrp,ABBN.SW,0.024371922841087672
2021-06-30,hrp,CFR.SW,0.014017801539144413
2021-06-30,hrp,HOLN.SW,0.011588198109788362
2021-06-30,hrp,ENI.MI,0.008620753796974337
2021-06-30,hrp,ISP.MI,0.013712776275936804
2021-06-30,hrp,UCG.MI,0.005420872061466016
2021-06-30,hrp,ENEL.MI,0.02726538807601071
2021-06-30,hrp,STMMI.MI,0.006677197326542239
2021-06-30,minimum_variance,EXV4.DE,0.041502497207860894
2021-06-30,minimum_variance,EXV2.DE,0.03013995137112281
2021-06-30,minimum_variance,EXH8.DE,0.13300423813131726
2021-06-30,minimum_variance,EWN,0.008931631693273295
2021-06-30,minimum_variance,EWL,0.08533195397400833
2021-06-30,minimum_variance,DTE.DE,0.06887155956685047
2021-06-30,minimum_variance,SAN.PA,0.0575753069375241
2021-06-30,minimum_variance,HEIA.AS,0.07051037127601821
2021-06-30,minimum_variance,AD.AS,0.15000000000000002
2021-06-30,minimum_variance,WKL.AS,0.07963113398809302
2021-06-30,minimum_variance,ENG.MC,0.028995194062748683
2021-06-30,minimum_variance,NESN.SW,0.15
2021-06-30,minimum_variance,NOVN.SW,0.019683868991477737
2021-06-30,minimum_variance,RO.SW,0.0758222927997052
2021-06-30,xgb,VOW3.DE,0.1500000000000184
2021-06-30,xgb,ASML.AS,0.15000000000001346
2021-06-30,xgb,INGA.AS,0.1500000000000204
2021-06-30,xgb,AD.AS,0.01577387084221335
2021-06-30,xgb,SAN.MC,0.15000000000001956
2021-06-30,xgb,BBVA.MC,0.15000000000002073
2021-06-30,xgb,NESN.SW,0.14999999999995603
2021-06-30,xgb,RO.SW,0.08422612915773811
2021-06-30,xgb_sentiment,VOW3.DE,0.1500000000000405
2021-06-30,xgb_sentiment,SAN.PA,0.03430332327223798
2021-06-30,xgb_sentiment,ASML.AS,0.15000000000002267
2021-06-30,xgb_sentiment,INGA.AS,0.15000000000005367
2021-06-30,xgb_sentiment,SAN.MC,0.15000000000004982
2021-06-30,xgb_sentiment,BBVA.MC,0.15000000000005154
2021-06-30,xgb_sentiment,NESN.SW,0.07864974385121382
2021-06-30,xgb_sentiment,RO.SW,0.13704693287633019
2021-06-30,equal_weight,EXSA.DE,0.017543859649122806
2021-06-30,equal_weight,EXV1.DE,0.017543859649122806
2021-06-30,equal_weight,EXV4.DE,0.017543859649122806
2021-06-30,equal_weight,EXV3.DE,0.017543859649122806
2021-06-30,equal_weight,EXV2.DE,0.017543859649122806
2021-06-30,equal_weight,EXV6.DE,0.017543859649122806
2021-06-30,equal_weight,EXV7.DE,0.017543859649122806
2021-06-30,equal_weight,EXH7.DE,0.017543859649122806
2021-06-30,equal_weight,EXH8.DE,0.017543859649122806
2021-06-30,equal_weight,EXS1.DE,0.017543859649122806
2021-06-30,equal_weight,CAC.PA,0.017543859649122806
2021-06-30,equal_weight,EWI,0.017543859649122806
2021-06-30,equal_weight,EWP,0.017543859649122806
2021-06-30,equal_weight,EWN,0.017543859649122806
2021-06-30,equal_weight,EWL,0.017543859649122806
2021-06-30,equal_weight,SAP.DE,0.017543859649122806
2021-06-30,equal_weight,SIE.DE,0.017543859649122806
2021-06-30,equal_weight,BAS.DE,0.017543859649122806
2021-06-30,equal_weight,VOW3.DE,0.017543859649122806
2021-06-30,equal_weight,DTE.DE,0.017543859649122806
2021-06-30,equal_weight,ALV.DE,0.017543859649122806
2021-06-30,equal_weight,BMW.DE,0.017543859649122806
2021-06-30,equal_weight,MBG.DE,0.017543859649122806
2021-06-30,equal_weight,MUV2.DE,0.017543859649122806
2021-06-30,equal_weight,MC.PA,0.017543859649122806
2021-06-30,equal_weight,TTE.PA,0.017543859649122806
2021-06-30,equal_weight,OR.PA,0.017543859649122806
2021-06-30,equal_weight,SAN.PA,0.017543859649122806
2021-06-30,equal_weight,BNP.PA,0.017543859649122806
2021-06-30,equal_weight,AIR.PA,0.017543859649122806
2021-06-30,equal_weight,SU.PA,0.017543859649122806
2021-06-30,equal_weight,CAP.PA,0.017543859649122806
2021-06-30,equal_weight,AI.PA,0.017543859649122806
2021-06-30,equal_weight,ASML.AS,0.017543859649122806
2021-06-30,equal_weight,PHIA.AS,0.017543859649122806
2021-06-30,equal_weight,INGA.AS,0.017543859649122806
2021-06-30,equal_weight,HEIA.AS,0.017543859649122806
2021-06-30,equal_weight,AD.AS,0.017543859649122806
2021-06-30,equal_weight,WKL.AS,0.017543859649122806
2021-06-30,equal_weight,SAN.MC,0.017543859649122806
2021-06-30,equal_weight,IBE.MC,0.017543859649122806
2021-06-30,equal_weight,ITX.MC,0.017543859649122806
2021-06-30,equal_weight,TEF.MC,0.017543859649122806
2021-06-30,equal_weight,ENG.MC,0.017543859649122806
2021-06-30,equal_weight,BBVA.MC,0.017543859649122806
2021-06-30,equal_weight,NESN.SW,0.017543859649122806
2021-06-30,equal_weight,NOVN.SW,0.017543859649122806
2021-06-30,equal_weight,UBSG.SW,0.017543859649122806
2021-06-30,equal_weight,RO.SW,0.017543859649122806
2021-06-30,equal_weight,ABBN.SW,0.017543859649122806
2021-06-30,equal_weight,CFR.SW,0.017543859649122806
2021-06-30,equal_weight,HOLN.SW,0.017543859649122806
2021-06-30,equal_weight,ENI.MI,0.017543859649122806
2021-06-30,equal_weight,ISP.MI,0.017543859649122806
2021-06-30,equal_weight,UCG.MI,0.017543859649122806
2021-06-30,equal_weight,ENEL.MI,0.017543859649122806
2021-06-30,equal_weight,STMMI.MI,0.017543859649122806
2021-07-30,markowitz,MC.PA,0.12994410411472143
2021-07-30,markowitz,OR.PA,0.057715522086753776
2021-07-30,markowitz,ASML.AS,0.1500000000000003
2021-07-30,markowitz,AD.AS,0.07407995485637187
2021-07-30,markowitz,WKL.AS,0.1500000000000006
2021-07-30,markowitz,IBE.MC,0.031018483925173933
2021-07-30,markowitz,NESN.SW,0.15000000000000868
2021-07-30,markowitz,RO.SW,0.14999999999999727
2021-07-30,markowitz,ENEL.MI,0.1072419350169722
2021-07-30,hrp,EXSA.DE,0.01858747767528792
2021-07-30,hrp,EXV1.DE,0.007970251137587371
2021-07-30,hrp,EXV4.DE,0.03331201085916811
2021-07-30,hrp,EXV3.DE,0.013847669345823908
2021-07-30,hrp,EXV2.DE,0.02823452240877336
2021-07-30,hrp,EXV6.DE,0.009712506602744773
2021-07-30,hrp,EXV7.DE,0.01772026761564375
2021-07-30,hrp,EXH7.DE,0.02232618520087732
2021-07-30,hrp,EXH8.DE,0.031098135692083407
2021-07-30,hrp,EXS1.DE,0.014027024005841887
2021-07-30,hrp,CAC.PA,0.017897811334489973
2021-07-30,hrp,EWI,0.013159965065350498
2021-07-30,hrp,EWP,0.014334706251043529
2021-07-30,hrp,EWN,0.03121052115800425
2021-07-30,hrp,EWL,0.03253364877422716
2021-07-30,hrp,SAP.DE,0.019116083018659975
2021-07-30,hrp,SIE.DE,0.008890023293470195
2021-07-30,hrp,BAS.DE,0.009289833489762839
2021-07-30,hrp,VOW3.DE,0.005683736130644182
2021-07-30,hrp,DTE.DE,0.023623065184733942
2021-07-30,hrp,ALV.DE,0.009523908189076882
2021-07-30,hrp,BMW.DE,0.007451875633002239
2021-07-30,hrp,MBG.DE,0.004666870022049343
2021-07-30,hrp,MUV2.DE,0.01187151707586027
2021-07-30,hrp,MC.PA,0.011075946068095838
2021-07-30,hrp,TTE.PA,0.008004874055771488
2021-07-30,hrp,OR.PA,0.0347781888596058
2021-07-30,hrp,SAN.PA,0.03261404431549511
2021-07-30,hrp,BNP.PA,0.011152790831508334
2021-07-30,hrp,AIR.PA,0.005784882687500744
2021-07-30,hrp,SU.PA,0.012453146575383179
2021-07-30,hrp,CAP.PA,0.013814688653898944
2021-07-30,hrp,AI.PA,0.020552726945272264
2021-07-30,hrp,ASML.AS,0.010021971706242682
2021-07-30,hrp,PHIA.AS,0.018673663704717593
2021-07-30,hrp,INGA.AS,0.004284939328391376
2021-07-30,hrp,HEIA.AS,0.023834316557159927
2021-07-30,hrp,AD.AS,0.049462694103538624
2021-07-30,hrp,WKL.AS,0.035594043958480155
2021-07-30,hrp,SAN.MC,0.004569644165702627
2021-07-30,hrp,IBE.MC,0.025012646807455793
2021-07-30,hrp,ITX.MC,0.013047436198525345
2021-07-30,hrp,TEF.MC,0.013001365024276715
2021-07-30,hrp,ENG.MC,0.024202276911855246
2021-07-30,hrp,BBVA.MC,0.004480307502378067
2021-07-30,hrp,NESN.SW,0.0461813685107304
2021-07-30,hrp,NOVN.SW,0.025831394236658988
2021-07-30,hrp,UBSG.SW,0.009133034898179288
2021-07-30,hrp,RO.SW,0.033796278984998804
2021-07-30,hrp,ABBN.SW,0.015490798095218817
2021-07-30,hrp,CFR.SW,0.013734416487295155
2021-07-30,hrp,HOLN.SW,0.012996440605716683
2021-07-30,hrp,ENI.MI,0.00825842148351995
2021-07-30,hrp,ISP.MI,0.013617726448465543
2021-07-30,hrp,UCG.MI,0.0049322735584145265
2021-07-30,hrp,ENEL.MI,0.027159445888675318
2021-07-30,hrp,STMMI.MI,0.006362190676663607
2021-07-30,minimum_variance,EXV4.DE,0.051145629017489626
2021-07-30,minimum_variance,EXV2.DE,0.036095919189903534
2021-07-30,minimum_variance,EXH8.DE,0.12161479467787413
2021-07-30,minimum_variance,EWN,0.00636314622738054
2021-07-30,minimum_variance,EWL,0.09182380597322666
2021-07-30,minimum_variance,DTE.DE,0.06170214120448546
2021-07-30,minimum_variance,SAN.PA,0.05333730731096243
2021-07-30,minimum_variance,HEIA.AS,0.07260065980251419
2021-07-30,minimum_variance,AD.AS,0.15
2021-07-30,minimum_variance,WKL.AS,0.08400984834917498
2021-07-30,minimum_variance,ENG.MC,0.028918484212161567
2021-07-30,minimum_variance,NESN.SW,0.15
2021-07-30,minimum_variance,NOVN.SW,0.018134770991548907
2021-07-30,minimum_variance,RO.SW,0.07425349304327801
2021-07-30,xgb,VOW3.DE,0.09477412253844521
2021-07-30,xgb,BMW.DE,0.15000000000000982
2021-07-30,xgb,MC.PA,0.019523158234786973
2021-07-30,xgb,AIR.PA,0.05997061829606251
2021-07-30,xgb,PHIA.AS,0.15000000000000982
2021-07-30,xgb,INGA.AS,0.13992467307536033
2021-07-30,xgb,NESN.SW,0.11367150876416933
2021-07-30,xgb,RO.SW,0.15000000000000982
2021-07-30,xgb,STMMI.MI,0.12213591909114623
2021-07-30,xgb_sentiment,DTE.DE,0.0945407248200477
2021-07-30,xgb_sentiment,BMW.DE,0.15000000000000926
2021-07-30,xgb_sentiment,MC.PA,0.15000000000000926
2021-07-30,xgb_sentiment,ASML.AS,0.15000000000000926
2021-07-30,xgb_sentiment,PHIA.AS,0.15000000000000926
2021-07-30,xgb_sentiment,INGA.AS,0.04384156356761397
2021-07-30,xgb_sentiment,HEIA.AS,0.15000000000000926
2021-07-30,xgb_sentiment,RO.SW,0.11161771161229199
2021-07-30,equal_weight,EXSA.DE,0.017543859649122806
2021-07-30,equal_weight,EXV1.DE,0.017543859649122806
2021-07-30,equal_weight,EXV4.DE,0.017543859649122806
2021-07-30,equal_weight,EXV3.DE,0.017543859649122806
2021-07-30,equal_weight,EXV2.DE,0.017543859649122806
2021-07-30,equal_weight,EXV6.DE,0.017543859649122806
2021-07-30,equal_weight,EXV7.DE,0.017543859649122806
2021-07-30,equal_weight,EXH7.DE,0.017543859649122806
2021-07-30,equal_weight,EXH8.DE,0.017543859649122806
2021-07-30,equal_weight,EXS1.DE,0.017543859649122806
2021-07-30,equal_weight,CAC.PA,0.017543859649122806
2021-07-30,equal_weight,EWI,0.017543859649122806
2021-07-30,equal_weight,EWP,0.017543859649122806
2021-07-30,equal_weight,EWN,0.017543859649122806
2021-07-30,equal_weight,EWL,0.017543859649122806
2021-07-30,equal_weight,SAP.DE,0.017543859649122806
2021-07-30,equal_weight,SIE.DE,0.017543859649122806
2021-07-30,equal_weight,BAS.DE,0.017543859649122806
2021-07-30,equal_weight,VOW3.DE,0.017543859649122806
2021-07-30,equal_weight,DTE.DE,0.017543859649122806
2021-07-30,equal_weight,ALV.DE,0.017543859649122806
2021-07-30,equal_weight,BMW.DE,0.017543859649122806
2021-07-30,equal_weight,MBG.DE,0.017543859649122806
2021-07-30,equal_weight,MUV2.DE,0.017543859649122806
2021-07-30,equal_weight,MC.PA,0.017543859649122806
2021-07-30,equal_weight,TTE.PA,0.017543859649122806
2021-07-30,equal_weight,OR.PA,0.017543859649122806
2021-07-30,equal_weight,SAN.PA,0.017543859649122806
2021-07-30,equal_weight,BNP.PA,0.017543859649122806
2021-07-30,equal_weight,AIR.PA,0.017543859649122806
2021-07-30,equal_weight,SU.PA,0.017543859649122806
2021-07-30,equal_weight,CAP.PA,0.017543859649122806
2021-07-30,equal_weight,AI.PA,0.017543859649122806
2021-07-30,equal_weight,ASML.AS,0.017543859649122806
2021-07-30,equal_weight,PHIA.AS,0.017543859649122806
2021-07-30,equal_weight,INGA.AS,0.017543859649122806
2021-07-30,equal_weight,HEIA.AS,0.017543859649122806
2021-07-30,equal_weight,AD.AS,0.017543859649122806
2021-07-30,equal_weight,WKL.AS,0.017543859649122806
2021-07-30,equal_weight,SAN.MC,0.017543859649122806
2021-07-30,equal_weight,IBE.MC,0.017543859649122806
2021-07-30,equal_weight,ITX.MC,0.017543859649122806
2021-07-30,equal_weight,TEF.MC,0.017543859649122806
2021-07-30,equal_weight,ENG.MC,0.017543859649122806
2021-07-30,equal_weight,BBVA.MC,0.017543859649122806
2021-07-30,equal_weight,NESN.SW,0.017543859649122806
2021-07-30,equal_weight,NOVN.SW,0.017543859649122806
2021-07-30,equal_weight,UBSG.SW,0.017543859649122806
2021-07-30,equal_weight,RO.SW,0.017543859649122806
2021-07-30,equal_weight,ABBN.SW,0.017543859649122806
2021-07-30,equal_weight,CFR.SW,0.017543859649122806
2021-07-30,equal_weight,HOLN.SW,0.017543859649122806
2021-07-30,equal_weight,ENI.MI,0.017543859649122806
2021-07-30,equal_weight,ISP.MI,0.017543859649122806
2021-07-30,equal_weight,UCG.MI,0.017543859649122806
2021-07-30,equal_weight,ENEL.MI,0.017543859649122806
2021-07-30,equal_weight,STMMI.MI,0.017543859649122806
2021-08-31,markowitz,EWN,0.007833165095290428
2021-08-31,markowitz,MC.PA,0.020945287191875092
2021-08-31,markowitz,OR.PA,0.10307364390824636
2021-08-31,markowitz,SU.PA,0.054343691767736874
2021-08-31,markowitz,ASML.AS,0.14999999999999922
2021-08-31,markowitz,AD.AS,0.15000000000000016
2021-08-31,markowitz,WKL.AS,0.1499999999999998
2021-08-31,markowitz,IBE.MC,0.08560489330149013
2021-08-31,markowitz,NESN.SW,0.12819931873536194
2021-08-31,markowitz,RO.SW,0.15
2021-08-31,hrp,EXSA.DE,0.018709880185742364
2021-08-31,hrp,EXV1.DE,0.007203136555808833
2021-08-31,hrp,EXV4.DE,0.03336767630720829
2021-08-31,hrp,EXV3.DE,0.014519662686072245
2021-08-31,hrp,EXV2.DE,0.02749962983783546
2021-08-31,hrp,EXV6.DE,0.008622795984139562
2021-08-31,hrp,EXV7.DE,0.018023642674637384
2021-08-31,hrp,EXH7.DE,0.02239912516412079
2021-08-31,hrp,EXH8.DE,0.036432717399976375
2021-08-31,hrp,EXS1.DE,0.016812798236758037
2021-08-31,hrp,CAC.PA,0.014543433263459332
2021-08-31,hrp,EWI,0.013213045108030298
2021-08-31,hrp,EWP,0.014328337008772266
2021-08-31,hrp,EWN,0.03207673250250904
2021-08-31,hrp,EWL,0.03342927365790862
2021-08-31,hrp,SAP.DE,0.018039269854857244
2021-08-31,hrp,SIE.DE,0.010564807625141929
2021-08-31,hrp,BAS.DE,0.009793478159942312
2021-08-31,hrp,VOW3.DE,0.005132634482611539
2021-08-31,hrp,DTE.DE,0.022759512708133416
2021-08-31,hrp,ALV.DE,0.01114331637581104
2021-08-31,hrp,BMW.DE,0.00747272349904493
2021-08-31,hrp,MBG.DE,0.00502152530106517
2021-08-31,hrp,MUV2.DE,0.008937875354224287
2021-08-31,hrp,MC.PA,0.012033065074016493
2021-08-31,hrp,TTE.PA,0.008253615479678187
2021-08-31,hrp,OR.PA,0.024338198660186352
2021-08-31,hrp,SAN.PA,0.032574740241034836
2021-08-31,hrp,BNP.PA,0.004479875449069785
2021-08-31,hrp,AIR.PA,0.0059438404039004996
2021-08-31,hrp,SU.PA,0.010284839266664505
2021-08-31,hrp,CAP.PA,0.01388354006536677
2021-08-31,hrp,AI.PA,0.03143909767399714
2021-08-31,hrp,ASML.AS,0.008158777539342047
2021-08-31,hrp,PHIA.AS,0.018697564070165783
2021-08-31,hrp,INGA.AS,0.0038559848115155312
2021-08-31,hrp,HEIA.AS,0.02371859800899053
2021-08-31,hrp,AD.AS,0.05007872449493336
2021-08-31,hrp,WKL.AS,0.03573788510583821
2021-08-31,hrp,SAN.MC,0.0043093538768617205
2021-08-31,hrp,IBE.MC,0.025069338035897247
2021-08-31,hrp,ITX.MC,0.0132916104437498
2021-08-31,hrp,TEF.MC,0.018795494419556694
2021-08-31,hrp,ENG.MC,0.02409234303587209
2021-08-31,hrp,BBVA.MC,0.005163016159887262
2021-08-31,hrp,NESN.SW,0.046329714820766386
2021-08-31,hrp,NOVN.SW,0.02590692576132476
2021-08-31,hrp,UBSG.SW,0.009565252868166238
2021-08-31,hrp,RO.SW,0.030477599910155497
2021-08-31,hrp,ABBN.SW,0.015506621975171216
2021-08-31,hrp,CFR.SW,0.01337791378857232
2021-08-31,hrp,HOLN.SW,0.011184654885103836
2021-08-31,hrp,ENI.MI,0.008531203284567959
2021-08-31,hrp,ISP.MI,0.014628672425919744
2021-08-31,hrp,UCG.MI,0.005241631155589927
2021-08-31,hrp,ENEL.MI,0.027339059669420324
2021-08-31,hrp,STMMI.MI,0.007664217204906179
2021-08-31,minimum_variance,EXV4.DE,0.04918092194059678
2021-08-31,minimum_variance,EXV2.DE,0.039299817076727826
2021-08-31,minimum_variance,EXH8.DE,0.12031379000725817
2021-08-31,minimum_variance,EWN,0.010225432409792004
2021-08-31,minimum_variance,EWL,0.08634488282199415
2021-08-31,minimum_variance,DTE.DE,0.05675930273313788
2021-08-31,minimum_variance,SAN.PA,0.054795597880928255
2021-08-31,minimum_variance,HEIA.AS,0.07355081432632171
2021-08-31,minimum_variance,AD.AS,0.15
2021-08-31,minimum_variance,WKL.AS,0.08854099673663145
2021-08-31,minimum_variance,ENG.MC,0.027889128095362828
2021-08-31,minimum_variance,NESN.SW,0.15
2021-08-31,minimum_variance,NOVN.SW,0.016775523722027577
2021-08-31,minimum_variance,RO.SW,0.07632379224922137
2021-08-31,xgb,EXV4.DE,0.1499999999999923
2021-08-31,xgb,EXH8.DE,0.13325594745225297
2021-08-31,xgb,EWL,0.03902126965483456
2021-08-31,xgb,MC.PA,0.15000000000000874
2021-08-31,xgb,OR.PA,0.15000000000000285
2021-08-31,xgb,IBE.MC,0.008344712484511635
2021-08-31,xgb,BBVA.MC,0.035544866281502586
2021-08-31,xgb,RO.SW,0.149999999999999
2021-08-31,xgb,CFR.SW,0.15000000000001024
2021-08-31,xgb,UCG.MI,0.03383320412688522
2021-08-31,xgb_sentiment,EXV4.DE,0.053217736504631775
2021-08-31,xgb_sentiment,MC.PA,0.14999999999999572
2021-08-31,xgb_sentiment,OR.PA,0.14999999999999572
2021-08-31,xgb_sentiment,CAP.PA,0.04891555695410844
2021-08-31,xgb_sentiment,WKL.AS,0.14999999999999572
2021-08-31,xgb_sentiment,IBE.MC,0.06948554778800752
2021-08-31,xgb_sentiment,BBVA.MC,0.052082279888386415
2021-08-31,xgb_sentiment,RO.SW,0.14999999999999572
2021-08-31,xgb_sentiment,CFR.SW,0.14999999999999572
2021-08-31,xgb_sentiment,UCG.MI,0.026298878864887288
2021-08-31,equal_weight,EXSA.DE,0.017543859649122806
2021-08-31,equal_weight,EXV1.DE,0.017543859649122806
2021-08-31,equal_weight,EXV4.DE,0.017543859649122806
2021-08-31,equal_weight,EXV3.DE,0.017543859649122806
2021-08-31,equal_weight,EXV2.DE,0.017543859649122806
2021-08-31,equal_weight,EXV6.DE,0.017543859649122806
2021-08-31,equal_weight,EXV7.DE,0.017543859649122806
2021-08-31,equal_weight,EXH7.DE,0.017543859649122806
2021-08-31,equal_weight,EXH8.DE,0.017543859649122806
2021-08-31,equal_weight,EXS1.DE,0.017543859649122806
2021-08-31,equal_weight,CAC.PA,0.017543859649122806
2021-08-31,equal_weight,EWI,0.017543859649122806
2021-08-31,equal_weight,EWP,0.017543859649122806
2021-08-31,equal_weight,EWN,0.017543859649122806
2021-08-31,equal_weight,EWL,0.017543859649122806
2021-08-31,equal_weight,SAP.DE,0.017543859649122806
2021-08-31,equal_weight,SIE.DE,0.017543859649122806
2021-08-31,equal_weight,BAS.DE,0.017543859649122806
2021-08-31,equal_weight,VOW3.DE,0.017543859649122806
2021-08-31,equal_weight,DTE.DE,0.017543859649122806
2021-08-31,equal_weight,ALV.DE,0.017543859649122806
2021-08-31,equal_weight,BMW.DE,0.017543859649122806
2021-08-31,equal_weight,MBG.DE,0.017543859649122806
2021-08-31,equal_weight,MUV2.DE,0.017543859649122806
2021-08-31,equal_weight,MC.PA,0.017543859649122806
2021-08-31,equal_weight,TTE.PA,0.017543859649122806
2021-08-31,equal_weight,OR.PA,0.017543859649122806
2021-08-31,equal_weight,SAN.PA,0.017543859649122806
2021-08-31,equal_weight,BNP.PA,0.017543859649122806
2021-08-31,equal_weight,AIR.PA,0.017543859649122806
2021-08-31,equal_weight,SU.PA,0.017543859649122806
2021-08-31,equal_weight,CAP.PA,0.017543859649122806
2021-08-31,equal_weight,AI.PA,0.017543859649122806
2021-08-31,equal_weight,ASML.AS,0.017543859649122806
2021-08-31,equal_weight,PHIA.AS,0.017543859649122806
2021-08-31,equal_weight,INGA.AS,0.017543859649122806
2021-08-31,equal_weight,HEIA.AS,0.017543859649122806
2021-08-31,equal_weight,AD.AS,0.017543859649122806
2021-08-31,equal_weight,WKL.AS,0.017543859649122806
2021-08-31,equal_weight,SAN.MC,0.017543859649122806
2021-08-31,equal_weight,IBE.MC,0.017543859649122806
2021-08-31,equal_weight,ITX.MC,0.017543859649122806
2021-08-31,equal_weight,TEF.MC,0.017543859649122806
2021-08-31,equal_weight,ENG.MC,0.017543859649122806
2021-08-31,equal_weight,BBVA.MC,0.017543859649122806
2021-08-31,equal_weight,NESN.SW,0.017543859649122806
2021-08-31,equal_weight,NOVN.SW,0.017543859649122806
2021-08-31,equal_weight,UBSG.SW,0.017543859649122806
2021-08-31,equal_weight,RO.SW,0.017543859649122806
2021-08-31,equal_weight,ABBN.SW,0.017543859649122806
2021-08-31,equal_weight,CFR.SW,0.017543859649122806
2021-08-31,equal_weight,HOLN.SW,0.017543859649122806
2021-08-31,equal_weight,ENI.MI,0.017543859649122806
2021-08-31,equal_weight,ISP.MI,0.017543859649122806
2021-08-31,equal_weight,UCG.MI,0.017543859649122806
2021-08-31,equal_weight,ENEL.MI,0.017543859649122806
2021-08-31,equal_weight,STMMI.MI,0.017543859649122806
2021-09-30,markowitz,MC.PA,0.11029010189011967
2021-09-30,markowitz,OR.PA,0.07892834509815388
2021-09-30,markowitz,SU.PA,0.08912697865266787
2021-09-30,markowitz,ASML.AS,0.15000000000000047
2021-09-30,markowitz,AD.AS,0.14999999999999644
2021-09-30,markowitz,WKL.AS,0.15000000000000116
2021-09-30,markowitz,NESN.SW,0.08947696854071473
2021-09-30,markowitz,RO.SW,0.14999999999999974
2021-09-30,markowitz,STMMI.MI,0.03217760581834616
2021-09-30,hrp,EXSA.DE,0.01789316436275561
2021-09-30,hrp,EXV1.DE,0.00753651411504534
2021-09-30,hrp,EXV4.DE,0.032984183708624
2021-09-30,hrp,EXV3.DE,0.013768107280180004
2021-09-30,hrp,EXV2.DE,0.029632844300828177
2021-09-30,hrp,EXV6.DE,0.009524587009030628
2021-09-30,hrp,EXV7.DE,0.016927312812521307
2021-09-30,hrp,EXH7.DE,0.030092332319512662
2021-09-30,hrp,EXH8.DE,0.033025221171728084
2021-09-30,hrp,EXS1.DE,0.01357704980015617
2021-09-30,hrp,CAC.PA,0.014522018853790682
2021-09-30,hrp,EWI,0.01337030360431478
2021-09-30,hrp,EWP,0.014292136694261487
2021-09-30,hrp,EWN,0.03203249525548962
2021-09-30,hrp,EWL,0.03338615633396654
2021-09-30,hrp,SAP.DE,0.017798212908917605
2021-09-30,hrp,SIE.DE,0.017917970755073297
2021-09-30,hrp,BAS.DE,0.009420279469516395
2021-09-30,hrp,VOW3.DE,0.005326038849514749
2021-09-30,hrp,DTE.DE,0.024253608407600765
2021-09-30,hrp,ALV.DE,0.012100950961077729
2021-09-30,hrp,BMW.DE,0.0076584663990001975
2021-09-30,hrp,MBG.DE,0.005222179339355417
2021-09-30,hrp,MUV2.DE,0.008716445361808352
2021-09-30,hrp,MC.PA,0.009967606227632346
2021-09-30,hrp,TTE.PA,0.00865299614565915
2021-09-30,hrp,OR.PA,0.024222053343221746
2021-09-30,hrp,SAN.PA,0.03223166024870219
2021-09-30,hrp,BNP.PA,0.004709766443916445
2021-09-30,hrp,AIR.PA,0.005890916526595496
2021-09-30,hrp,SU.PA,0.01058022016833682
2021-09-30,hrp,CAP.PA,0.014092671929376303
2021-09-30,hrp,AI.PA,0.03129625424003936
2021-09-30,hrp,ASML.AS,0.00765654036132128
2021-09-30,hrp,PHIA.AS,0.01939909924316051
2021-09-30,hrp,INGA.AS,0.004056357084812611
2021-09-30,hrp,HEIA.AS,0.02374909796054312
2021-09-30,hrp,AD.AS,0.05075593421530982
2021-09-30,hrp,WKL.AS,0.03656917145978048
2021-09-30,hrp,SAN.MC,0.004503515483632565
2021-09-30,hrp,IBE.MC,0.02456449244017957
2021-09-30,hrp,ITX.MC,0.013166182608285669
2021-09-30,hrp,TEF.MC,0.017147652760561658
2021-09-30,hrp,ENG.MC,0.024360081125477644
2021-09-30,hrp,BBVA.MC,0.004543557908127937
2021-09-30,hrp,NESN.SW,0.047245722946032166
2021-09-30,hrp,NOVN.SW,0.026041059743994833
2021-09-30,hrp,UBSG.SW,0.008691479820986042
2021-09-30,hrp,RO.SW,0.030583785309169612
2021-09-30,hrp,ABBN.SW,0.01402452134118224
2021-09-30,hrp,CFR.SW,0.013205049184108713
2021-09-30,hrp,HOLN.SW,0.011004841320034554
2021-09-30,hrp,ENI.MI,0.009012513454795404
2021-09-30,hrp,ISP.MI,0.008120127880136599
2021-09-30,hrp,UCG.MI,0.004742682304413587
2021-09-30,hrp,ENEL.MI,0.027027742238998564
2021-09-30,hrp,STMMI.MI,0.007206066457405361
2021-09-30,minimum_variance,EXV4.DE,0.028031353836149322
2021-09-30,minimum_variance,EXV2.DE,0.041724768860605194
2021-09-30,minimum_variance,EXH8.DE,0.11446076682876954
2021-09-30,minimum_variance,EWN,0.014022231071955847
2021-09-30,minimum_variance,EWL,0.07878858628451317
2021-09-30,minimum_variance,DTE.DE,0.04703201925622056
2021-09-30,minimum_variance,SAN.PA,0.053771053081462294
2021-09-30,minimum_variance,HEIA.AS,0.07992492357966396
2021-09-30,minimum_variance,AD.AS,0.15
2021-09-30,minimum_variance,WKL.AS,0.09820733650986051
2021-09-30,minimum_variance,ENG.MC,0.030353937493207892
2021-09-30,minimum_variance,NESN.SW,0.15
2021-09-30,minimum_variance,NOVN.SW,0.03100130131727542
2021-09-30,minimum_variance,RO.SW,0.08268172188031633
2021-09-30,xgb,CAP.PA,0.09999999999994053
2021-09-30,xgb,WKL.AS,0.15000000000000993
2021-09-30,xgb,IBE.MC,0.15000000000000993
2021-09-30,xgb,RO.SW,0.15000000000000993
2021-09-30,xgb,ABBN.SW,0.15000000000000993
2021-09-30,xgb,CFR.SW,0.15000000000000993
2021-09-30,xgb,ENEL.MI,0.15000000000000993
2021-09-30,xgb_sentiment,EWL,0.09437119517869903
2021-09-30,xgb_sentiment,WKL.AS,0.149999999999548
2021-09-30,xgb_sentiment,SAN.MC,0.10751548049410503
2021-09-30,xgb_sentiment,IBE.MC,0.149999999999548
2021-09-30,xgb_sentiment,NOVN.SW,0.0003390059393679359
2021-09-30,xgb_sentiment,RO.SW,0.149999999999548
2021-09-30,xgb_sentiment,ABBN.SW,0.149999999999548
2021-09-30,xgb_sentiment,CFR.SW,0.04777431839008814
2021-09-30,xgb_sentiment,ENEL.MI,0.149999999999548
2021-09-30,equal_weight,EXSA.DE,0.017543859649122806
2021-09-30,equal_weight,EXV1.DE,0.017543859649122806
2021-09-30,equal_weight,EXV4.DE,0.017543859649122806
2021-09-30,equal_weight,EXV3.DE,0.017543859649122806
2021-09-30,equal_weight,EXV2.DE,0.017543859649122806
2021-09-30,equal_weight,EXV6.DE,0.017543859649122806
2021-09-30,equal_weight,EXV7.DE,0.017543859649122806
2021-09-30,equal_weight,EXH7.DE,0.017543859649122806
2021-09-30,equal_weight,EXH8.DE,0.017543859649122806
2021-09-30,equal_weight,EXS1.DE,0.017543859649122806
2021-09-30,equal_weight,CAC.PA,0.017543859649122806
2021-09-30,equal_weight,EWI,0.017543859649122806
2021-09-30,equal_weight,EWP,0.017543859649122806
2021-09-30,equal_weight,EWN,0.017543859649122806
2021-09-30,equal_weight,EWL,0.017543859649122806
2021-09-30,equal_weight,SAP.DE,0.017543859649122806
2021-09-30,equal_weight,SIE.DE,0.017543859649122806
2021-09-30,equal_weight,BAS.DE,0.017543859649122806
2021-09-30,equal_weight,VOW3.DE,0.017543859649122806
2021-09-30,equal_weight,DTE.DE,0.017543859649122806
2021-09-30,equal_weight,ALV.DE,0.017543859649122806
2021-09-30,equal_weight,BMW.DE,0.017543859649122806
2021-09-30,equal_weight,MBG.DE,0.017543859649122806
2021-09-30,equal_weight,MUV2.DE,0.017543859649122806
2021-09-30,equal_weight,MC.PA,0.017543859649122806
2021-09-30,equal_weight,TTE.PA,0.017543859649122806
2021-09-30,equal_weight,OR.PA,0.017543859649122806
2021-09-30,equal_weight,SAN.PA,0.017543859649122806
2021-09-30,equal_weight,BNP.PA,0.017543859649122806
2021-09-30,equal_weight,AIR.PA,0.017543859649122806
2021-09-30,equal_weight,SU.PA,0.017543859649122806
2021-09-30,equal_weight,CAP.PA,0.017543859649122806
2021-09-30,equal_weight,AI.PA,0.017543859649122806
2021-09-30,equal_weight,ASML.AS,0.017543859649122806
2021-09-30,equal_weight,PHIA.AS,0.017543859649122806
2021-09-30,equal_weight,INGA.AS,0.017543859649122806
2021-09-30,equal_weight,HEIA.AS,0.017543859649122806
2021-09-30,equal_weight,AD.AS,0.017543859649122806
2021-09-30,equal_weight,WKL.AS,0.017543859649122806
2021-09-30,equal_weight,SAN.MC,0.017543859649122806
2021-09-30,equal_weight,IBE.MC,0.017543859649122806
2021-09-30,equal_weight,ITX.MC,0.017543859649122806
2021-09-30,equal_weight,TEF.MC,0.017543859649122806
2021-09-30,equal_weight,ENG.MC,0.017543859649122806
2021-09-30,equal_weight,BBVA.MC,0.017543859649122806
2021-09-30,equal_weight,NESN.SW,0.017543859649122806
2021-09-30,equal_weight,NOVN.SW,0.017543859649122806
2021-09-30,equal_weight,UBSG.SW,0.017543859649122806
2021-09-30,equal_weight,RO.SW,0.017543859649122806
2021-09-30,equal_weight,ABBN.SW,0.017543859649122806
2021-09-30,equal_weight,CFR.SW,0.017543859649122806
2021-09-30,equal_weight,HOLN.SW,0.017543859649122806
2021-09-30,equal_weight,ENI.MI,0.017543859649122806
2021-09-30,equal_weight,ISP.MI,0.017543859649122806
2021-09-30,equal_weight,UCG.MI,0.017543859649122806
2021-09-30,equal_weight,ENEL.MI,0.017543859649122806
2021-09-30,equal_weight,STMMI.MI,0.017543859649122806
2021-10-29,markowitz,MC.PA,0.1499999999999985
2021-10-29,markowitz,OR.PA,0.06682187813123892
2021-10-29,markowitz,SU.PA,0.06186280290781585
2021-10-29,markowitz,ASML.AS,0.1499999999999985
2021-10-29,markowitz,AD.AS,0.11732030895196849
2021-10-29,markowitz,WKL.AS,0.10925838681925566
2021-10-29,markowitz,IBE.MC,0.012319259776248854
2021-10-29,markowitz,NESN.SW,0.1499999999999985
2021-10-29,markowitz,RO.SW,0.1499999999999985
2021-10-29,markowitz,STMMI.MI,0.03241736341347809
2021-10-29,hrp,EXSA.DE,0.016855917017460906
2021-10-29,hrp,EXV1.DE,0.00899482118984599
2021-10-29,hrp,EXV4.DE,0.03410908809397593
2021-10-29,hrp,EXV3.DE,0.01582458624760792
2021-10-29,hrp,EXV2.DE,0.03328580369129055
2021-10-29,hrp,EXV6.DE,0.008952459604995518
2021-10-29,hrp,EXV7.DE,0.015934520892679327
2021-10-29,hrp,EXH7.DE,0.02601341431445952
2021-10-29,hrp,EXH8.DE,0.028464987427544237
2021-10-29,hrp,EXS1.DE,0.012802470580011235
2021-10-29,hrp,CAC.PA,0.013655903784654193
2021-10-29,hrp,EWI,0.013384683360256637
2021-10-29,hrp,EWP,0.014273888870265336
2021-10-29,hrp,EWN,0.031427649522281484
2021-10-29,hrp,EWL,0.03281556210664133
2021-10-29,hrp,SAP.DE,0.013077530036300524
2021-10-29,hrp,SIE.DE,0.00977792881794793
2021-10-29,hrp,BAS.DE,0.01043700882046048
2021-10-29,hrp,VOW3.DE,0.005517338815725902
2021-10-29,hrp,DTE.DE,0.03343871489164359
2021-10-29,hrp,ALV.DE,0.010541790177253494
2021-10-29,hrp,BMW.DE,0.007928308723065798
2021-10-29,hrp,MBG.DE,0.00915874682591027
2021-10-29,hrp,MUV2.DE,0.008974147417599212
2021-10-29,hrp,MC.PA,0.010341806438685782
2021-10-29,hrp,TTE.PA,0.00813680391269499
2021-10-29,hrp,OR.PA,0.033616067514757715
2021-10-29,hrp,SAN.PA,0.032474703005694584
2021-10-29,hrp,BNP.PA,0.0071646391957046595
2021-10-29,hrp,AIR.PA,0.005730290234518375
2021-10-29,hrp,SU.PA,0.010845355099338117
2021-10-29,hrp,CAP.PA,0.01387198905767601
2021-10-29,hrp,AI.PA,0.023015620842058597
2021-10-29,hrp,ASML.AS,0.008016221588477205
2021-10-29,hrp,PHIA.AS,0.01900818125018936
2021-10-29,hrp,INGA.AS,0.008717159061803297
2021-10-29,hrp,HEIA.AS,0.02325657553980743
2021-10-29,hrp,AD.AS,0.05227002463178455
2021-10-29,hrp,WKL.AS,0.036551070164133795
2021-10-29,hrp,SAN.MC,0.005142032661974445
2021-10-29,hrp,IBE.MC,0.02324689605808104
2021-10-29,hrp,ITX.MC,0.01298932772593994
2021-10-29,hrp,TEF.MC,0.012397303659149511
2021-10-29,hrp,ENG.MC,0.024222973311318556
2021-10-29,hrp,BBVA.MC,0.004764103246828079
2021-10-29,hrp,NESN.SW,0.046372864914484856
2021-10-29,hrp,NOVN.SW,0.035834726209543824
2021-10-29,hrp,UBSG.SW,0.009250041643145572
2021-10-29,hrp,RO.SW,0.024448841425348665
2021-10-29,hrp,ABBN.SW,0.01296150780794704
2021-10-29,hrp,CFR.SW,0.013084262813365421
2021-10-29,hrp,HOLN.SW,0.011537285984867114
2021-10-29,hrp,ENI.MI,0.008453385353238887
2021-10-29,hrp,ISP.MI,0.008746679510878064
2021-10-29,hrp,UCG.MI,0.0050806062893911964
2021-10-29,hrp,ENEL.MI,0.026511708117784766
2021-10-29,hrp,STMMI.MI,0.006291674499511252
2021-10-29,minimum_variance,EXV4.DE,0.03030321306958528
2021-10-29,minimum_variance,EXV2.DE,0.05781144244523016
2021-10-29,minimum_variance,EXH8.DE,0.10992967029103198
2021-10-29,minimum_variance,EWN,0.015797212563156676
2021-10-29,minimum_variance,EWL,0.08363288530356038
2021-10-29,minimum_variance,DTE.DE,0.03204019798855522
2021-10-29,minimum_variance,SAN.PA,0.05897707522810342
2021-10-29,minimum_variance,HEIA.AS,0.07442520860907893
2021-10-29,minimum_variance,AD.AS,0.14999999999999997
2021-10-29,minimum_variance,WKL.AS,0.09077048717969737
2021-10-29,minimum_variance,ENG.MC,0.03214694222354165
2021-10-29,minimum_variance,NESN.SW,0.14999999999999994
2021-10-29,minimum_variance,NOVN.SW,0.02210020911890276
2021-10-29,minimum_variance,RO.SW,0.09206545597955623
2021-10-29,xgb,EXV2.DE,0.06024504683060067
2021-10-29,xgb,VOW3.DE,0.10535614131729525
2021-10-29,xgb,DTE.DE,0.1499999999990826
2021-10-29,xgb,PHIA.AS,0.1499999999990826
2021-10-29,xgb,AD.AS,0.1499999999990826
2021-10-29,xgb,WKL.AS,0.1499999999990826
2021-10-29,xgb,IBE.MC,0.1499999999990826
2021-10-29,xgb,BBVA.MC,0.08439881185669094
2021-10-29,xgb_sentiment,VOW3.DE,0.13541335647428152
2021-10-29,xgb_sentiment,DTE.DE,0.14999999999978023
2021-10-29,xgb_sentiment,AIR.PA,0.030779687225650755
2021-10-29,xgb_sentiment,PHIA.AS,0.1500000000000285
2021-10-29,xgb_sentiment,AD.AS,0.1500000000000285
2021-10-29,xgb_sentiment,WKL.AS,0.1500000000000285
2021-10-29,xgb_sentiment,IBE.MC,0.1500000000000285
2021-10-29,xgb_sentiment,BBVA.MC,0.054331675625406174
2021-10-29,xgb_sentiment,UCG.MI,0.029475280674767235
2021-10-29,equal_weight,EXSA.DE,0.017543859649122806
2021-10-29,equal_weight,EXV1.DE,0.017543859649122806
2021-10-29,equal_weight,EXV4.DE,0.017543859649122806
2021-10-29,equal_weight,EXV3.DE,0.017543859649122806
2021-10-29,equal_weight,EXV2.DE,0.017543859649122806
2021-10-29,equal_weight,EXV6.DE,0.017543859649122806
2021-10-29,equal_weight,EXV7.DE,0.017543859649122806
2021-10-29,equal_weight,EXH7.DE,0.017543859649122806
2021-10-29,equal_weight,EXH8.DE,0.017543859649122806
2021-10-29,equal_weight,EXS1.DE,0.017543859649122806
2021-10-29,equal_weight,CAC.PA,0.017543859649122806
2021-10-29,equal_weight,EWI,0.017543859649122806
2021-10-29,equal_weight,EWP,0.017543859649122806
2021-10-29,equal_weight,EWN,0.017543859649122806
2021-10-29,equal_weight,EWL,0.017543859649122806
2021-10-29,equal_weight,SAP.DE,0.017543859649122806
2021-10-29,equal_weight,SIE.DE,0.017543859649122806
2021-10-29,equal_weight,BAS.DE,0.017543859649122806
2021-10-29,equal_weight,VOW3.DE,0.017543859649122806
2021-10-29,equal_weight,DTE.DE,0.017543859649122806
2021-10-29,equal_weight,ALV.DE,0.017543859649122806
2021-10-29,equal_weight,BMW.DE,0.017543859649122806
2021-10-29,equal_weight,MBG.DE,0.017543859649122806
2021-10-29,equal_weight,MUV2.DE,0.017543859649122806
2021-10-29,equal_weight,MC.PA,0.017543859649122806
2021-10-29,equal_weight,TTE.PA,0.017543859649122806
2021-10-29,equal_weight,OR.PA,0.017543859649122806
2021-10-29,equal_weight,SAN.PA,0.017543859649122806
2021-10-29,equal_weight,BNP.PA,0.017543859649122806
2021-10-29,equal_weight,AIR.PA,0.017543859649122806
2021-10-29,equal_weight,SU.PA,0.017543859649122806
2021-10-29,equal_weight,CAP.PA,0.017543859649122806
2021-10-29,equal_weight,AI.PA,0.017543859649122806
2021-10-29,equal_weight,ASML.AS,0.017543859649122806
2021-10-29,equal_weight,PHIA.AS,0.017543859649122806
2021-10-29,equal_weight,INGA.AS,0.017543859649122806
2021-10-29,equal_weight,HEIA.AS,0.017543859649122806
2021-10-29,equal_weight,AD.AS,0.017543859649122806
2021-10-29,equal_weight,WKL.AS,0.017543859649122806
2021-10-29,equal_weight,SAN.MC,0.017543859649122806
2021-10-29,equal_weight,IBE.MC,0.017543859649122806
2021-10-29,equal_weight,ITX.MC,0.017543859649122806
2021-10-29,equal_weight,TEF.MC,0.017543859649122806
2021-10-29,equal_weight,ENG.MC,0.017543859649122806
2021-10-29,equal_weight,BBVA.MC,0.017543859649122806
2021-10-29,equal_weight,NESN.SW,0.017543859649122806
2021-10-29,equal_weight,NOVN.SW,0.017543859649122806
2021-10-29,equal_weight,UBSG.SW,0.017543859649122806
2021-10-29,equal_weight,RO.SW,0.017543859649122806
2021-10-29,equal_weight,ABBN.SW,0.017543859649122806
2021-10-29,equal_weight,CFR.SW,0.017543859649122806
2021-10-29,equal_weight,HOLN.SW,0.017543859649122806
2021-10-29,equal_weight,ENI.MI,0.017543859649122806
2021-10-29,equal_weight,ISP.MI,0.017543859649122806
2021-10-29,equal_weight,UCG.MI,0.017543859649122806
2021-10-29,equal_weight,ENEL.MI,0.017543859649122806
2021-10-29,equal_weight,STMMI.MI,0.017543859649122806
2021-11-30,markowitz,MC.PA,0.0961615070624518
2021-11-30,markowitz,OR.PA,0.0026544507695685513
2021-11-30,markowitz,SU.PA,0.06509796303255042
2021-11-30,markowitz,CAP.PA,0.03692269309994385
2021-11-30,markowitz,ASML.AS,0.14999999999999958
2021-11-30,markowitz,AD.AS,0.12908882171152197
2021-11-30,markowitz,WKL.AS,0.14999999999999897
2021-11-30,markowitz,NESN.SW,0.15000000000000016
2021-11-30,markowitz,RO.SW,0.15000000000000016
2021-11-30,markowitz,CFR.SW,0.06434649327165147
2021-11-30,markowitz,STMMI.MI,0.00572807105231309
2021-11-30,hrp,EXSA.DE,0.016830307190353427
2021-11-30,hrp,EXV1.DE,0.00880750577520415
2021-11-30,hrp,EXV4.DE,0.0340991471410096
2021-11-30,hrp,EXV3.DE,0.01580402676544899
2021-11-30,hrp,EXV2.DE,0.03238586094381774
2021-11-30,hrp,EXV6.DE,0.008976025253374096
2021-11-30,hrp,EXV7.DE,0.016034644696653763
2021-11-30,hrp,EXH7.DE,0.025843752164607145
2021-11-30,hrp,EXH8.DE,0.027344457123703786
2021-11-30,hrp,EXS1.DE,0.01276921479063
2021-11-30,hrp,CAC.PA,0.013589754108271037
2021-11-30,hrp,EWI,0.017870432787006243
2021-11-30,hrp,EWP,0.02610212695327087
2021-11-30,hrp,EWN,0.018484276919020593
2021-11-30,hrp,EWL,0.02488593310457626
2021-11-30,hrp,SAP.DE,0.013862811190200403
2021-11-30,hrp,SIE.DE,0.009575316661910856
2021-11-30,hrp,BAS.DE,0.010405704354513146
2021-11-30,hrp,VOW3.DE,0.00983893020404169
2021-11-30,hrp,DTE.DE,0.03253028078462401
2021-11-30,hrp,ALV.DE,0.010480326085377337
2021-11-30,hrp,BMW.DE,0.0077587255718486285
2021-11-30,hrp,MBG.DE,0.004949556786657651
2021-11-30,hrp,MUV2.DE,0.008771141983200257
2021-11-30,hrp,MC.PA,0.010429236653131554
2021-11-30,hrp,TTE.PA,0.00804157019453459
2021-11-30,hrp,OR.PA,0.033489176040943314
2021-11-30,hrp,SAN.PA,0.032762370113635454
2021-11-30,hrp,BNP.PA,0.007116022031293168
2021-11-30,hrp,AIR.PA,0.005681999639507982
2021-11-30,hrp,SU.PA,0.010912669322890152
2021-11-30,hrp,CAP.PA,0.014310981314576482
2021-11-30,hrp,AI.PA,0.02313987775295901
2021-11-30,hrp,ASML.AS,0.007967269363566131
2021-11-30,hrp,PHIA.AS,0.018532975456516748
2021-11-30,hrp,INGA.AS,0.008648191451268678
2021-11-30,hrp,HEIA.AS,0.023905196383254057
2021-11-30,hrp,AD.AS,0.05139354169782051
2021-11-30,hrp,WKL.AS,0.03771080167914348
2021-11-30,hrp,SAN.MC,0.005019153778853648
2021-11-30,hrp,IBE.MC,0.02396851420693887
2021-11-30,hrp,ITX.MC,0.012810868066696516
2021-11-30,hrp,TEF.MC,0.013052197795533436
2021-11-30,hrp,ENG.MC,0.025279783251190995
2021-11-30,hrp,BBVA.MC,0.004656993471613165
2021-11-30,hrp,NESN.SW,0.04938818977610603
2021-11-30,hrp,NOVN.SW,0.027040004983361687
2021-11-30,hrp,UBSG.SW,0.009253088393758808
2021-11-30,hrp,RO.SW,0.03510417983417533
2021-11-30,hrp,ABBN.SW,0.013136708860826749
2021-11-30,hrp,CFR.SW,0.012429678991439378
2021-11-30,hrp,HOLN.SW,0.011816526725583115
2021-11-30,hrp,ENI.MI,0.008309447135087118
2021-11-30,hrp,ISP.MI,0.008791846219750408
2021-11-30,hrp,UCG.MI,0.005072107936542063
2021-11-30,hrp,ENEL.MI,0.02608564266835621
2021-11-30,hrp,STMMI.MI,0.006742929469823485
2021-11-30,minimum_variance,EXV4.DE,0.03839564983519605
2021-11-30,minimum_variance,EXV2.DE,0.06643563522859786
2021-11-30,minimum_variance,EXH8.DE,0.10510670830136924
2021-11-30,minimum_variance,EWN,0.01629533404645017
2021-11-30,minimum_variance,EWL,0.08029405812315463
2021-11-30,minimum_variance,DTE.DE,0.013567782159148386
2021-11-30,minimum_variance,SAN.PA,0.054507679996849814
2021-11-30,minimum_variance,HEIA.AS,0.07138571023302985
2021-11-30,minimum_variance,AD.AS,0.15000000000000002
2021-11-30,minimum_variance,WKL.AS,0.09099460652967968
2021-11-30,minimum_variance,ENG.MC,0.03805077833999436
2021-11-30,minimum_variance,NESN.SW,0.14999999999999997
2021-11-30,minimum_variance,NOVN.SW,0.03298919060769593
2021-11-30,minimum_variance,RO.SW,0.09197686659883414
2021-11-30,xgb,BAS.DE,0.08429108913868961
2021-11-30,xgb,PHIA.AS,0.149999999999995
2021-11-30,xgb,INGA.AS,0.00198595977827461
2021-11-30,xgb,IBE.MC,0.149999999999995
2021-11-30,xgb,TEF.MC,0.149999999999995
2021-11-30,xgb,RO.SW,0.14160135029439608
2021-11-30,xgb,ENI.MI,0.149999999999995
2021-11-30,xgb,UCG.MI,0.12151600738732879
2021-11-30,xgb,ENEL.MI,0.05060559340133073
2021-11-30,xgb_sentiment,ASML.AS,0.149999999999994
2021-11-30,xgb_sentiment,PHIA.AS,0.149999999999994
2021-11-30,xgb_sentiment,INGA.AS,0.018186625618322454
2021-11-30,xgb_sentiment,TEF.MC,0.11529979608892
2021-11-30,xgb_sentiment,RO.SW,0.149999999999994
2021-11-30,xgb_sentiment,ENI.MI,0.149999999999994
2021-11-30,xgb_sentiment,UCG.MI,0.12470518540496452
2021-11-30,xgb_sentiment,ENEL.MI,0.14180839288781702
2021-11-30,equal_weight,EXSA.DE,0.017543859649122806
2021-11-30,equal_weight,EXV1.DE,0.017543859649122806
2021-11-30,equal_weight,EXV4.DE,0.017543859649122806
2021-11-30,equal_weight,EXV3.DE,0.017543859649122806
2021-11-30,equal_weight,EXV2.DE,0.017543859649122806
2021-11-30,equal_weight,EXV6.DE,0.017543859649122806
2021-11-30,equal_weight,EXV7.DE,0.017543859649122806
2021-11-30,equal_weight,EXH7.DE,0.017543859649122806
2021-11-30,equal_weight,EXH8.DE,0.017543859649122806
2021-11-30,equal_weight,EXS1.DE,0.017543859649122806
2021-11-30,equal_weight,CAC.PA,0.017543859649122806
2021-11-30,equal_weight,EWI,0.017543859649122806
2021-11-30,equal_weight,EWP,0.017543859649122806
2021-11-30,equal_weight,EWN,0.017543859649122806
2021-11-30,equal_weight,EWL,0.017543859649122806
2021-11-30,equal_weight,SAP.DE,0.017543859649122806
2021-11-30,equal_weight,SIE.DE,0.017543859649122806
2021-11-30,equal_weight,BAS.DE,0.017543859649122806
2021-11-30,equal_weight,VOW3.DE,0.017543859649122806
2021-11-30,equal_weight,DTE.DE,0.017543859649122806
2021-11-30,equal_weight,ALV.DE,0.017543859649122806
2021-11-30,equal_weight,BMW.DE,0.017543859649122806
2021-11-30,equal_weight,MBG.DE,0.017543859649122806
2021-11-30,equal_weight,MUV2.DE,0.017543859649122806
2021-11-30,equal_weight,MC.PA,0.017543859649122806
2021-11-30,equal_weight,TTE.PA,0.017543859649122806
2021-11-30,equal_weight,OR.PA,0.017543859649122806
2021-11-30,equal_weight,SAN.PA,0.017543859649122806
2021-11-30,equal_weight,BNP.PA,0.017543859649122806
2021-11-30,equal_weight,AIR.PA,0.017543859649122806
2021-11-30,equal_weight,SU.PA,0.017543859649122806
2021-11-30,equal_weight,CAP.PA,0.017543859649122806
2021-11-30,equal_weight,AI.PA,0.017543859649122806
2021-11-30,equal_weight,ASML.AS,0.017543859649122806
2021-11-30,equal_weight,PHIA.AS,0.017543859649122806
2021-11-30,equal_weight,INGA.AS,0.017543859649122806
2021-11-30,equal_weight,HEIA.AS,0.017543859649122806
2021-11-30,equal_weight,AD.AS,0.017543859649122806
2021-11-30,equal_weight,WKL.AS,0.017543859649122806
2021-11-30,equal_weight,SAN.MC,0.017543859649122806
2021-11-30,equal_weight,IBE.MC,0.017543859649122806
2021-11-30,equal_weight,ITX.MC,0.017543859649122806
2021-11-30,equal_weight,TEF.MC,0.017543859649122806
2021-11-30,equal_weight,ENG.MC,0.017543859649122806
2021-11-30,equal_weight,BBVA.MC,0.017543859649122806
2021-11-30,equal_weight,NESN.SW,0.017543859649122806
2021-11-30,equal_weight,NOVN.SW,0.017543859649122806
2021-11-30,equal_weight,UBSG.SW,0.017543859649122806
2021-11-30,equal_weight,RO.SW,0.017543859649122806
2021-11-30,equal_weight,ABBN.SW,0.017543859649122806
2021-11-30,equal_weight,CFR.SW,0.017543859649122806
2021-11-30,equal_weight,HOLN.SW,0.017543859649122806
2021-11-30,equal_weight,ENI.MI,0.017543859649122806
2021-11-30,equal_weight,ISP.MI,0.017543859649122806
2021-11-30,equal_weight,UCG.MI,0.017543859649122806
2021-11-30,equal_weight,ENEL.MI,0.017543859649122806
2021-11-30,equal_weight,STMMI.MI,0.017543859649122806
2021-12-31,markowitz,MC.PA,0.10597270910693639
2021-12-31,markowitz,OR.PA,0.015328188999415975
2021-12-31,markowitz,SU.PA,0.14999999999999816
2021-12-31,markowitz,CAP.PA,0.017352234055970115
2021-12-31,markowitz,ASML.AS,0.14999999999999816
2021-12-31,markowitz,AD.AS,0.09633008719746959
2021-12-31,markowitz,WKL.AS,0.14657829234354827
2021-12-31,markowitz,NESN.SW,0.14999999999999816
2021-12-31,markowitz,RO.SW,0.14999999999999816
2021-12-31,markowitz,CFR.SW,0.018438488296666982
2021-12-31,hrp,EXSA.DE,0.017720948675344524
2021-12-31,hrp,EXV1.DE,0.007315023017537236
2021-12-31,hrp,EXV4.DE,0.034146770435252154
2021-12-31,hrp,EXV3.DE,0.013809941987107692
2021-12-31,hrp,EXV2.DE,0.032933577994515836
2021-12-31,hrp,EXV6.DE,0.009219687842525625
2021-12-31,hrp,EXV7.DE,0.016733869384294078
2021-12-31,hrp,EXH7.DE,0.029598388370277878
2021-12-31,hrp,EXH8.DE,0.02133614231667824
2021-12-31,hrp,EXS1.DE,0.013762181926702656
2021-12-31,hrp,CAC.PA,0.013810174073410389
2021-12-31,hrp,EWI,0.017804416371604667
2021-12-31,hrp,EWP,0.026151589866599764
2021-12-31,hrp,EWN,0.01830472363989654
2021-12-31,hrp,EWL,0.02488580563509845
2021-12-31,hrp,SAP.DE,0.01373573578392566
2021-12-31,hrp,SIE.DE,0.01717994891278606
2021-12-31,hrp,BAS.DE,0.01080804862675491
2021-12-31,hrp,VOW3.DE,0.005460595076719209
2021-12-31,hrp,DTE.DE,0.031248478811984434
2021-12-31,hrp,ALV.DE,0.011894054832612634
2021-12-31,hrp,BMW.DE,0.013972750353223881
2021-12-31,hrp,MBG.DE,0.005606873193697695
2021-12-31,hrp,MUV2.DE,0.008617826955705971
2021-12-31,hrp,MC.PA,0.011450409484532999
2021-12-31,hrp,TTE.PA,0.01419809461632643
2021-12-31,hrp,OR.PA,0.02292395987458993
2021-12-31,hrp,SAN.PA,0.031363564014330526
2021-12-31,hrp,BNP.PA,0.004622688672011788
2021-12-31,hrp,AIR.PA,0.005648102522609462
2021-12-31,hrp,SU.PA,0.010036156856361658
2021-12-31,hrp,CAP.PA,0.012533152803271115
2021-12-31,hrp,AI.PA,0.021156152882365463
2021-12-31,hrp,ASML.AS,0.007463174156243099
2021-12-31,hrp,PHIA.AS,0.018774651788333478
2021-12-31,hrp,INGA.AS,0.004030179754227209
2021-12-31,hrp,HEIA.AS,0.023867777396771886
2021-12-31,hrp,AD.AS,0.05190965762176339
2021-12-31,hrp,WKL.AS,0.037795375008205484
2021-12-31,hrp,SAN.MC,0.004326189077753634
2021-12-31,hrp,IBE.MC,0.023686135815709757
2021-12-31,hrp,ITX.MC,0.015097043355129142
2021-12-31,hrp,TEF.MC,0.013069209615577476
2021-12-31,hrp,ENG.MC,0.025415713589509593
2021-12-31,hrp,BBVA.MC,0.00434540746294602
2021-12-31,hrp,NESN.SW,0.0502152368925458
2021-12-31,hrp,NOVN.SW,0.027184501348816698
2021-12-31,hrp,UBSG.SW,0.008803727116951389
2021-12-31,hrp,RO.SW,0.03589141055080902
2021-12-31,hrp,ABBN.SW,0.017577224421929154
2021-12-31,hrp,CFR.SW,0.01321654151463213
2021-12-31,hrp,HOLN.SW,0.011453951756697204
2021-12-31,hrp,ENI.MI,0.010053981473323795
2021-12-31,hrp,ISP.MI,0.00828239829959025
2021-12-31,hrp,UCG.MI,0.004732790495981585
2021-12-31,hrp,ENEL.MI,0.02626650951108799
2021-12-31,hrp,STMMI.MI,0.0065513761648094224
2021-12-31,minimum_variance,EXV4.DE,0.03656828403370242
2021-12-31,minimum_variance,EXV2.DE,0.06918121282376646
2021-12-31,minimum_variance,EXH8.DE,0.09472874078481665
2021-12-31,minimum_variance,EWN,0.014558239682952289
2021-12-31,minimum_variance,EWL,0.08534155079225825
2021-12-31,minimum_variance,DTE.DE,0.00710555863265527
2021-12-31,minimum_variance,SAN.PA,0.05208678263102682
2021-12-31,minimum_variance,HEIA.AS,0.07397237018344255
2021-12-31,minimum_variance,AD.AS,0.15000000000000002
2021-12-31,minimum_variance,WKL.AS,0.08964371480963117
2021-12-31,minimum_variance,ENG.MC,0.03958479334228446
2021-12-31,minimum_variance,NESN.SW,0.15000000000000002
2021-12-31,minimum_variance,NOVN.SW,0.04108987015263569
2021-12-31,minimum_variance,RO.SW,0.09613888213082807
2021-12-31,xgb,BAS.DE,0.15000000000000197
2021-12-31,xgb,VOW3.DE,0.14999999999999045
2021-12-31,xgb,DTE.DE,0.14999999999999591
2021-12-31,xgb,MBG.DE,0.0028043339535672165
2021-12-31,xgb,ITX.MC,0.15000000000000027
2021-12-31,xgb,RO.SW,0.1499999999999816
2021-12-31,xgb,CFR.SW,0.15000000000000122
2021-12-31,xgb,HOLN.SW,0.030860356044204097
2021-12-31,xgb,ENEL.MI,0.06633531000225727
2021-12-31,xgb_sentiment,BAS.DE,0.10072363345206234
2021-12-31,xgb_sentiment,VOW3.DE,0.15000000000000185
2021-12-31,xgb_sentiment,DTE.DE,0.15000000000000185
2021-12-31,xgb_sentiment,MBG.DE,0.06346346046046726
2021-12-31,xgb_sentiment,ASML.AS,0.02952250569004461
2021-12-31,xgb_sentiment,ITX.MC,0.15000000000000185
2021-12-31,xgb_sentiment,NESN.SW,0.041609976818965916
2021-12-31,xgb_sentiment,RO.SW,0.15000000000000185
2021-12-31,xgb_sentiment,CFR.SW,0.15000000000000185
2021-12-31,xgb_sentiment,ENEL.MI,0.014680423578450659
2021-12-31,equal_weight,EXSA.DE,0.017543859649122806
2021-12-31,equal_weight,EXV1.DE,0.017543859649122806
2021-12-31,equal_weight,EXV4.DE,0.017543859649122806
2021-12-31,equal_weight,EXV3.DE,0.017543859649122806
2021-12-31,equal_weight,EXV2.DE,0.017543859649122806
2021-12-31,equal_weight,EXV6.DE,0.017543859649122806
2021-12-31,equal_weight,EXV7.DE,0.017543859649122806
2021-12-31,equal_weight,EXH7.DE,0.017543859649122806
2021-12-31,equal_weight,EXH8.DE,0.017543859649122806
2021-12-31,equal_weight,EXS1.DE,0.017543859649122806
2021-12-31,equal_weight,CAC.PA,0.017543859649122806
2021-12-31,equal_weight,EWI,0.017543859649122806
2021-12-31,equal_weight,EWP,0.017543859649122806
2021-12-31,equal_weight,EWN,0.017543859649122806
2021-12-31,equal_weight,EWL,0.017543859649122806
2021-12-31,equal_weight,SAP.DE,0.017543859649122806
2021-12-31,equal_weight,SIE.DE,0.017543859649122806
2021-12-31,equal_weight,BAS.DE,0.017543859649122806
2021-12-31,equal_weight,VOW3.DE,0.017543859649122806
2021-12-31,equal_weight,DTE.DE,0.017543859649122806
2021-12-31,equal_weight,ALV.DE,0.017543859649122806
2021-12-31,equal_weight,BMW.DE,0.017543859649122806
2021-12-31,equal_weight,MBG.DE,0.017543859649122806
2021-12-31,equal_weight,MUV2.DE,0.017543859649122806
2021-12-31,equal_weight,MC.PA,0.017543859649122806
2021-12-31,equal_weight,TTE.PA,0.017543859649122806
2021-12-31,equal_weight,OR.PA,0.017543859649122806
2021-12-31,equal_weight,SAN.PA,0.017543859649122806
2021-12-31,equal_weight,BNP.PA,0.017543859649122806
2021-12-31,equal_weight,AIR.PA,0.017543859649122806
2021-12-31,equal_weight,SU.PA,0.017543859649122806
2021-12-31,equal_weight,CAP.PA,0.017543859649122806
2021-12-31,equal_weight,AI.PA,0.017543859649122806
2021-12-31,equal_weight,ASML.AS,0.017543859649122806
2021-12-31,equal_weight,PHIA.AS,0.017543859649122806
2021-12-31,equal_weight,INGA.AS,0.017543859649122806
2021-12-31,equal_weight,HEIA.AS,0.017543859649122806
2021-12-31,equal_weight,AD.AS,0.017543859649122806
2021-12-31,equal_weight,WKL.AS,0.017543859649122806
2021-12-31,equal_weight,SAN.MC,0.017543859649122806
2021-12-31,equal_weight,IBE.MC,0.017543859649122806
2021-12-31,equal_weight,ITX.MC,0.017543859649122806
2021-12-31,equal_weight,TEF.MC,0.017543859649122806
2021-12-31,equal_weight,ENG.MC,0.017543859649122806
2021-12-31,equal_weight,BBVA.MC,0.017543859649122806
2021-12-31,equal_weight,NESN.SW,0.017543859649122806
2021-12-31,equal_weight,NOVN.SW,0.017543859649122806
2021-12-31,equal_weight,UBSG.SW,0.017543859649122806
2021-12-31,equal_weight,RO.SW,0.017543859649122806
2021-12-31,equal_weight,ABBN.SW,0.017543859649122806
2021-12-31,equal_weight,CFR.SW,0.017543859649122806
2021-12-31,equal_weight,HOLN.SW,0.017543859649122806
2021-12-31,equal_weight,ENI.MI,0.017543859649122806
2021-12-31,equal_weight,ISP.MI,0.017543859649122806
2021-12-31,equal_weight,UCG.MI,0.017543859649122806
2021-12-31,equal_weight,ENEL.MI,0.017543859649122806
2021-12-31,equal_weight,STMMI.MI,0.017543859649122806
2022-01-31,markowitz,MC.PA,0.15000000000000002
2022-01-31,markowitz,SU.PA,0.09171405473373428
2022-01-31,markowitz,CAP.PA,0.005792455769642807
2022-01-31,markowitz,ASML.AS,0.15000000000000002
2022-01-31,markowitz,AD.AS,0.15000000000000002
2022-01-31,markowitz,WKL.AS,0.0797572555220085
2022-01-31,markowitz,NESN.SW,0.15000000000000002
2022-01-31,markowitz,RO.SW,0.15000000000000002
2022-01-31,markowitz,ABBN.SW,0.0037875736461503865
2022-01-31,markowitz,CFR.SW,0.024947765167501013
2022-01-31,markowitz,STMMI.MI,0.04400089516096281
2022-01-31,hrp,EXSA.DE,0.020251969935946225
2022-01-31,hrp,EXV1.DE,0.007728830483286965
2022-01-31,hrp,EXV4.DE,0.02979997740212943
2022-01-31,hrp,EXV3.DE,0.018221726463485417
2022-01-31,hrp,EXV2.DE,0.025799180525425715
2022-01-31,hrp,EXV6.DE,0.010369280879562424
2022-01-31,hrp,EXV7.DE,0.020148369823342928
2022-01-31,hrp,EXH7.DE,0.024313409702858026
2022-01-31,hrp,EXH8.DE,0.02399493752335811
2022-01-31,hrp,EXS1.DE,0.021599947745135517
2022-01-31,hrp,CAC.PA,0.015877894624227867
2022-01-31,hrp,EWI,0.013552160613992913
2022-01-31,hrp,EWP,0.01425518905292773
2022-01-31,hrp,EWN,0.02860793197162804
2022-01-31,hrp,EWL,0.030614528069421942
2022-01-31,hrp,SAP.DE,0.013139007945353382
2022-01-31,hrp,SIE.DE,0.010307896880255183
2022-01-31,hrp,BAS.DE,0.0117711363505973
2022-01-31,hrp,VOW3.DE,0.006230597256522405
2022-01-31,hrp,DTE.DE,0.01918877768823304
2022-01-31,hrp,ALV.DE,0.011632621314111862
2022-01-31,hrp,BMW.DE,0.007889243850882455
2022-01-31,hrp,MBG.DE,0.005088172772819623
2022-01-31,hrp,MUV2.DE,0.010262453996182053
2022-01-31,hrp,MC.PA,0.012012264745853672
2022-01-31,hrp,TTE.PA,0.009353655057669288
2022-01-31,hrp,OR.PA,0.023945100615998572
2022-01-31,hrp,SAN.PA,0.032136248698663356
2022-01-31,hrp,BNP.PA,0.01443477408179023
2022-01-31,hrp,AIR.PA,0.005260370264979675
2022-01-31,hrp,SU.PA,0.019077323181391465
2022-01-31,hrp,CAP.PA,0.014320929745786635
2022-01-31,hrp,AI.PA,0.022523412207858935
2022-01-31,hrp,ASML.AS,0.009835828517797997
2022-01-31,hrp,PHIA.AS,0.02177386244526911
2022-01-31,hrp,INGA.AS,0.004370755283166531
2022-01-31,hrp,HEIA.AS,0.024340003945661885
2022-01-31,hrp,AD.AS,0.05355630784907648
2022-01-31,hrp,WKL.AS,0.030699189218543466
2022-01-31,hrp,SAN.MC,0.004413126060452064
2022-01-31,hrp,IBE.MC,0.022971424826739268
2022-01-31,hrp,ITX.MC,0.012824022041895363
2022-01-31,hrp,TEF.MC,0.009885357368387263
2022-01-31,hrp,ENG.MC,0.027169185803678306
2022-01-31,hrp,BBVA.MC,0.0043188609099790096
2022-01-31,hrp,NESN.SW,0.04852597939319774
2022-01-31,hrp,NOVN.SW,0.027796974589264268
2022-01-31,hrp,UBSG.SW,0.010031428878798283
2022-01-31,hrp,RO.SW,0.021753468289111712
2022-01-31,hrp,ABBN.SW,0.019420154652696753
2022-01-31,hrp,CFR.SW,0.012190992199412255
2022-01-31,hrp,HOLN.SW,0.013574140108487008
2022-01-31,hrp,ENI.MI,0.010406653502452793
2022-01-31,hrp,ISP.MI,0.009831583215148671
2022-01-31,hrp,UCG.MI,0.009524623587764972
2022-01-31,hrp,ENEL.MI,0.025745235780475235
2022-01-31,hrp,STMMI.MI,0.011331520060864943
2022-01-31,minimum_variance,EXV4.DE,0.013539002820540123
2022-01-31,minimum_variance,EXV2.DE,0.08362712993476858
2022-01-31,minimum_variance,EXH8.DE,0.08638346471444232
2022-01-31,minimum_variance,EWN,0.018862621717893716
2022-01-31,minimum_variance,EWL,0.08553178420041498
2022-01-31,minimum_variance,SAN.PA,0.0569968085018493
2022-01-31,minimum_variance,HEIA.AS,0.07800793936662087
2022-01-31,minimum_variance,AD.AS,0.15
2022-01-31,minimum_variance,WKL.AS,0.08499674501022565
2022-01-31,minimum_variance,ENG.MC,0.04406445696730063
2022-01-31,minimum_variance,NESN.SW,0.15
2022-01-31,minimum_variance,NOVN.SW,0.049072749467015696
2022-01-31,minimum_variance,RO.SW,0.09891729729892822
2022-01-31,xgb,MC.PA,0.14999999999981192
2022-01-31,xgb,SU.PA,0.14999999999981192
2022-01-31,xgb,CAP.PA,0.14999999999981192
2022-01-31,xgb,ASML.AS,0.14999999999981192
2022-01-31,xgb,AD.AS,0.10000000000112864
2022-01-31,xgb,NESN.SW,0.14999999999981192
2022-01-31,xgb,CFR.SW,0.14999999999981192
2022-01-31,xgb_sentiment,SAN.PA,0.02887272131299435
2022-01-31,xgb_sentiment,SU.PA,0.1500000000002188
2022-01-31,xgb_sentiment,CAP.PA,0.15000000000021627
2022-01-31,xgb_sentiment,ASML.AS,0.15000000000029917
2022-01-31,xgb_sentiment,AD.AS,0.07112727868675496
2022-01-31,xgb_sentiment,IBE.MC,0.15000000000013503
2022-01-31,xgb_sentiment,NESN.SW,0.14999999999917749
2022-01-31,xgb_sentiment,CFR.SW,0.15000000000020405
2022-01-31,equal_weight,EXSA.DE,0.017543859649122806
2022-01-31,equal_weight,EXV1.DE,0.017543859649122806
2022-01-31,equal_weight,EXV4.DE,0.017543859649122806
2022-01-31,equal_weight,EXV3.DE,0.017543859649122806
2022-01-31,equal_weight,EXV2.DE,0.017543859649122806
2022-01-31,equal_weight,EXV6.DE,0.017543859649122806
2022-01-31,equal_weight,EXV7.DE,0.017543859649122806
2022-01-31,equal_weight,EXH7.DE,0.017543859649122806
2022-01-31,equal_weight,EXH8.DE,0.017543859649122806
2022-01-31,equal_weight,EXS1.DE,0.017543859649122806
2022-01-31,equal_weight,CAC.PA,0.017543859649122806
2022-01-31,equal_weight,EWI,0.017543859649122806
2022-01-31,equal_weight,EWP,0.017543859649122806
2022-01-31,equal_weight,EWN,0.017543859649122806
2022-01-31,equal_weight,EWL,0.017543859649122806
2022-01-31,equal_weight,SAP.DE,0.017543859649122806
2022-01-31,equal_weight,SIE.DE,0.017543859649122806
2022-01-31,equal_weight,BAS.DE,0.017543859649122806
2022-01-31,equal_weight,VOW3.DE,0.017543859649122806
2022-01-31,equal_weight,DTE.DE,0.017543859649122806
2022-01-31,equal_weight,ALV.DE,0.017543859649122806
2022-01-31,equal_weight,BMW.DE,0.017543859649122806
2022-01-31,equal_weight,MBG.DE,0.017543859649122806
2022-01-31,equal_weight,MUV2.DE,0.017543859649122806
2022-01-31,equal_weight,MC.PA,0.017543859649122806
2022-01-31,equal_weight,TTE.PA,0.017543859649122806
2022-01-31,equal_weight,OR.PA,0.017543859649122806
2022-01-31,equal_weight,SAN.PA,0.017543859649122806
2022-01-31,equal_weight,BNP.PA,0.017543859649122806
2022-01-31,equal_weight,AIR.PA,0.017543859649122806
2022-01-31,equal_weight,SU.PA,0.017543859649122806
2022-01-31,equal_weight,CAP.PA,0.017543859649122806
2022-01-31,equal_weight,AI.PA,0.017543859649122806
2022-01-31,equal_weight,ASML.AS,0.017543859649122806
2022-01-31,equal_weight,PHIA.AS,0.017543859649122806
2022-01-31,equal_weight,INGA.AS,0.017543859649122806
2022-01-31,equal_weight,HEIA.AS,0.017543859649122806
2022-01-31,equal_weight,AD.AS,0.017543859649122806
2022-01-31,equal_weight,WKL.AS,0.017543859649122806
2022-01-31,equal_weight,SAN.MC,0.017543859649122806
2022-01-31,equal_weight,IBE.MC,0.017543859649122806
2022-01-31,equal_weight,ITX.MC,0.017543859649122806
2022-01-31,equal_weight,TEF.MC,0.017543859649122806
2022-01-31,equal_weight,ENG.MC,0.017543859649122806
2022-01-31,equal_weight,BBVA.MC,0.017543859649122806
2022-01-31,equal_weight,NESN.SW,0.017543859649122806
2022-01-31,equal_weight,NOVN.SW,0.017543859649122806
2022-01-31,equal_weight,UBSG.SW,0.017543859649122806
2022-01-31,equal_weight,RO.SW,0.017543859649122806
2022-01-31,equal_weight,ABBN.SW,0.017543859649122806
2022-01-31,equal_weight,CFR.SW,0.017543859649122806
2022-01-31,equal_weight,HOLN.SW,0.017543859649122806
2022-01-31,equal_weight,ENI.MI,0.017543859649122806
2022-01-31,equal_weight,ISP.MI,0.017543859649122806
2022-01-31,equal_weight,UCG.MI,0.017543859649122806
2022-01-31,equal_weight,ENEL.MI,0.017543859649122806
2022-01-31,equal_weight,STMMI.MI,0.017543859649122806
2022-02-28,markowitz,MC.PA,0.05850792910064686
2022-02-28,markowitz,SU.PA,0.02620398664279586
2022-02-28,markowitz,ASML.AS,0.15000000000000088
2022-02-28,markowitz,AD.AS,0.11758786252450935
2022-02-28,markowitz,WKL.AS,0.09111569783325092
2022-02-28,markowitz,NESN.SW,0.14999999999999603
2022-02-28,markowitz,RO.SW,0.1499999999999994
2022-02-28,markowitz,ABBN.SW,0.09219487671988028
2022-02-28,markowitz,CFR.SW,0.05455584395542
2022-02-28,markowitz,STMMI.MI,0.10983380322350049
2022-02-28,hrp,EXSA.DE,0.017612426064282788
2022-02-28,hrp,EXV1.DE,0.007508401910234091
2022-02-28,hrp,EXV4.DE,0.033019547214226355
2022-02-28,hrp,EXV3.DE,0.012837780753671249
2022-02-28,hrp,EXV2.DE,0.031706403465702554
2022-02-28,hrp,EXV6.DE,0.009500784619333442
2022-02-28,hrp,EXV7.DE,0.01703135403933943
2022-02-28,hrp,EXH7.DE,0.027399216836521478
2022-02-28,hrp,EXH8.DE,0.021663346323889766
2022-02-28,hrp,EXS1.DE,0.013579555458623159
2022-02-28,hrp,CAC.PA,0.01439401223342521
2022-02-28,hrp,EWI,0.01269348809930966
2022-02-28,hrp,EWP,0.013505930981835265
2022-02-28,hrp,EWN,0.03192564586808665
2022-02-28,hrp,EWL,0.03363857370228554
2022-02-28,hrp,SAP.DE,0.013843090793221244
2022-02-28,hrp,SIE.DE,0.009885031335443353
2022-02-28,hrp,BAS.DE,0.009234344533421037
2022-02-28,hrp,VOW3.DE,0.0047826024435274755
2022-02-28,hrp,DTE.DE,0.030849199625161347
2022-02-28,hrp,ALV.DE,0.010328472627257845
2022-02-28,hrp,BMW.DE,0.0069368957415086325
2022-02-28,hrp,MBG.DE,0.005068569992450232
2022-02-28,hrp,MUV2.DE,0.009240399769421337
2022-02-28,hrp,MC.PA,0.010628929160687419
2022-02-28,hrp,TTE.PA,0.0148691034049098
2022-02-28,hrp,OR.PA,0.022982295869195073
2022-02-28,hrp,SAN.PA,0.03288860107910504
2022-02-28,hrp,BNP.PA,0.004841276804679627
2022-02-28,hrp,AIR.PA,0.006313886269065061
2022-02-28,hrp,SU.PA,0.01021157433323832
2022-02-28,hrp,CAP.PA,0.011809146904843193
2022-02-28,hrp,AI.PA,0.03176680913561986
2022-02-28,hrp,ASML.AS,0.00728963165316489
2022-02-28,hrp,PHIA.AS,0.022097922957015112
2022-02-28,hrp,INGA.AS,0.004226743302013646
2022-02-28,hrp,HEIA.AS,0.0240370938282319
2022-02-28,hrp,AD.AS,0.05270704353993707
2022-02-28,hrp,WKL.AS,0.03131740913201795
2022-02-28,hrp,SAN.MC,0.004540156935458314
2022-02-28,hrp,IBE.MC,0.02270370863223534
2022-02-28,hrp,ITX.MC,0.013032077004360189
2022-02-28,hrp,TEF.MC,0.012216405237327836
2022-02-28,hrp,ENG.MC,0.02772676237673486
2022-02-28,hrp,BBVA.MC,0.004620587002726354
2022-02-28,hrp,NESN.SW,0.048335115147436984
2022-02-28,hrp,NOVN.SW,0.03901611729534893
2022-02-28,hrp,UBSG.SW,0.008886909982146252
2022-02-28,hrp,RO.SW,0.023747305481935193
2022-02-28,hrp,ABBN.SW,0.016405132775160064
2022-02-28,hrp,CFR.SW,0.015274968866669795
2022-02-28,hrp,HOLN.SW,0.019692627072882368
2022-02-28,hrp,ENI.MI,0.011062493744010058
2022-02-28,hrp,ISP.MI,0.00838951699951838
2022-02-28,hrp,UCG.MI,0.004857133955686127
2022-02-28,hrp,ENEL.MI,0.025816237942247956
2022-02-28,hrp,STMMI.MI,0.0075042017422120785
2022-02-28,minimum_variance,EXV4.DE,0.005570146309765157
2022-02-28,minimum_variance,EXV2.DE,0.08322770035255252
2022-02-28,minimum_variance,EXH8.DE,0.08347412840189365
2022-02-28,minimum_variance,EWN,0.02000201076751368
2022-02-28,minimum_variance,EWL,0.0803178701312758
2022-02-28,minimum_variance,SAN.PA,0.054204747043919796
2022-02-28,minimum_variance,HEIA.AS,0.07072381589271509
2022-02-28,minimum_variance,AD.AS,0.14999999999999997
2022-02-28,minimum_variance,WKL.AS,0.09701523324187607
2022-02-28,minimum_variance,ENG.MC,0.046242268122793105
2022-02-28,minimum_variance,NESN.SW,0.14999999999999997
2022-02-28,minimum_variance,NOVN.SW,0.07595386524243139
2022-02-28,minimum_variance,RO.SW,0.0832682144932638
2022-02-28,xgb,EXH8.DE,0.15000000000001046
2022-02-28,xgb,EWI,0.15000000000000072
2022-02-28,xgb,EWN,0.04768277719406413
2022-02-28,xgb,VOW3.DE,0.04298983674155849
2022-02-28,xgb,DTE.DE,0.01467328968066321
2022-02-28,xgb,ASML.AS,0.15000000000001393
2022-02-28,xgb,HEIA.AS,0.07917778069156207
2022-02-28,xgb,AD.AS,0.14999999999997368
2022-02-28,xgb,CFR.SW,0.15000000000001157
2022-02-28,xgb,UCG.MI,0.06547631569214173
2022-02-28,xgb_sentiment,EXH8.DE,0.15000000000002803
2022-02-28,xgb_sentiment,EWI,0.046867300504834716
2022-02-28,xgb_sentiment,VOW3.DE,0.034147202201792105
2022-02-28,xgb_sentiment,ASML.AS,0.15000000000002803
2022-02-28,xgb_sentiment,HEIA.AS,0.04238526502352008
2022-02-28,xgb_sentiment,AD.AS,0.15000000000002803
2022-02-28,xgb_sentiment,IBE.MC,0.15000000000002803
2022-02-28,xgb_sentiment,CFR.SW,0.15000000000002803
2022-02-28,xgb_sentiment,UCG.MI,0.06197077335432353
2022-02-28,xgb_sentiment,ENEL.MI,0.06462945891538928
2022-02-28,equal_weight,EXSA.DE,0.017543859649122806
2022-02-28,equal_weight,EXV1.DE,0.017543859649122806
2022-02-28,equal_weight,EXV4.DE,0.017543859649122806
2022-02-28,equal_weight,EXV3.DE,0.017543859649122806
2022-02-28,equal_weight,EXV2.DE,0.017543859649122806
2022-02-28,equal_weight,EXV6.DE,0.017543859649122806
2022-02-28,equal_weight,EXV7.DE,0.017543859649122806
2022-02-28,equal_weight,EXH7.DE,0.017543859649122806
2022-02-28,equal_weight,EXH8.DE,0.017543859649122806
2022-02-28,equal_weight,EXS1.DE,0.017543859649122806
2022-02-28,equal_weight,CAC.PA,0.017543859649122806
2022-02-28,equal_weight,EWI,0.017543859649122806
2022-02-28,equal_weight,EWP,0.017543859649122806
2022-02-28,equal_weight,EWN,0.017543859649122806
2022-02-28,equal_weight,EWL,0.017543859649122806
2022-02-28,equal_weight,SAP.DE,0.017543859649122806
2022-02-28,equal_weight,SIE.DE,0.017543859649122806
2022-02-28,equal_weight,BAS.DE,0.017543859649122806
2022-02-28,equal_weight,VOW3.DE,0.017543859649122806
2022-02-28,equal_weight,DTE.DE,0.017543859649122806
2022-02-28,equal_weight,ALV.DE,0.017543859649122806
2022-02-28,equal_weight,BMW.DE,0.017543859649122806
2022-02-28,equal_weight,MBG.DE,0.017543859649122806
2022-02-28,equal_weight,MUV2.DE,0.017543859649122806
2022-02-28,equal_weight,MC.PA,0.017543859649122806
2022-02-28,equal_weight,TTE.PA,0.017543859649122806
2022-02-28,equal_weight,OR.PA,0.017543859649122806
2022-02-28,equal_weight,SAN.PA,0.017543859649122806
2022-02-28,equal_weight,BNP.PA,0.017543859649122806
2022-02-28,equal_weight,AIR.PA,0.017543859649122806
2022-02-28,equal_weight,SU.PA,0.017543859649122806
2022-02-28,equal_weight,CAP.PA,0.017543859649122806
2022-02-28,equal_weight,AI.PA,0.017543859649122806
2022-02-28,equal_weight,ASML.AS,0.017543859649122806
2022-02-28,equal_weight,PHIA.AS,0.017543859649122806
2022-02-28,equal_weight,INGA.AS,0.017543859649122806
2022-02-28,equal_weight,HEIA.AS,0.017543859649122806
2022-02-28,equal_weight,AD.AS,0.017543859649122806
2022-02-28,equal_weight,WKL.AS,0.017543859649122806
2022-02-28,equal_weight,SAN.MC,0.017543859649122806
2022-02-28,equal_weight,IBE.MC,0.017543859649122806
2022-02-28,equal_weight,ITX.MC,0.017543859649122806
2022-02-28,equal_weight,TEF.MC,0.017543859649122806
2022-02-28,equal_weight,ENG.MC,0.017543859649122806
2022-02-28,equal_weight,BBVA.MC,0.017543859649122806
2022-02-28,equal_weight,NESN.SW,0.017543859649122806
2022-02-28,equal_weight,NOVN.SW,0.017543859649122806
2022-02-28,equal_weight,UBSG.SW,0.017543859649122806
2022-02-28,equal_weight,RO.SW,0.017543859649122806
2022-02-28,equal_weight,ABBN.SW,0.017543859649122806
2022-02-28,equal_weight,CFR.SW,0.017543859649122806
2022-02-28,equal_weight,HOLN.SW,0.017543859649122806
2022-02-28,equal_weight,ENI.MI,0.017543859649122806
2022-02-28,equal_weight,ISP.MI,0.017543859649122806
2022-02-28,equal_weight,UCG.MI,0.017543859649122806
2022-02-28,equal_weight,ENEL.MI,0.017543859649122806
2022-02-28,equal_weight,STMMI.MI,0.017543859649122806
2022-03-31,markowitz,EXV6.DE,0.0050435831992136915
2022-03-31,markowitz,SU.PA,0.07814393038588924
2022-03-31,markowitz,CAP.PA,0.06881560653733566
2022-03-31,markowitz,ASML.AS,0.15000000000000113
2022-03-31,markowitz,AD.AS,0.14999999999999605
2022-03-31,markowitz,WKL.AS,0.14166006805058873
2022-03-31,markowitz,NESN.SW,0.14999999999999916
2022-03-31,markowitz,RO.SW,0.15
2022-03-31,markowitz,ABBN.SW,0.038278937767557114
2022-03-31,markowitz,CFR.SW,0.03497348626451769
2022-03-31,markowitz,STMMI.MI,0.033084387794901526
2022-03-31,hrp,EXSA.DE,0.017568833680136516
2022-03-31,hrp,EXV1.DE,0.007310790263908308
2022-03-31,hrp,EXV4.DE,0.0525676075917036
2022-03-31,hrp,EXV3.DE,0.012504041742175344
2022-03-31,hrp,EXV2.DE,0.02558948597111329
2022-03-31,hrp,EXV6.DE,0.013249650602831911
2022-03-31,hrp,EXV7.DE,0.01654463393502442
2022-03-31,hrp,EXH7.DE,0.02492732470011928
2022-03-31,hrp,EXH8.DE,0.034388733404468894
2022-03-31,hrp,EXS1.DE,0.01326224365435328
2022-03-31,hrp,CAC.PA,0.013396396485411287
2022-03-31,hrp,EWI,0.012308593244469484
2022-03-31,hrp,EWP,0.013308257144141045
2022-03-31,hrp,EWN,0.016164716431267552
2022-03-31,hrp,EWL,0.02390699311028538
2022-03-31,hrp,SAP.DE,0.013714773864310503
2022-03-31,hrp,SIE.DE,0.009194371979118552
2022-03-31,hrp,BAS.DE,0.00876943391361784
2022-03-31,hrp,VOW3.DE,0.004963947314291062
2022-03-31,hrp,DTE.DE,0.017966510221946806
2022-03-31,hrp,ALV.DE,0.010430974270351086
2022-03-31,hrp,BMW.DE,0.007149496831995903
2022-03-31,hrp,MBG.DE,0.00525684144439987
2022-03-31,hrp,MUV2.DE,0.009299433139259045
2022-03-31,hrp,MC.PA,0.010410809366274011
2022-03-31,hrp,TTE.PA,0.01081007686770399
2022-03-31,hrp,OR.PA,0.019567148567150656
2022-03-31,hrp,SAN.PA,0.035252748443026484
2022-03-31,hrp,BNP.PA,0.004695900988864046
2022-03-31,hrp,AIR.PA,0.00619105119063456
2022-03-31,hrp,SU.PA,0.01687389601560866
2022-03-31,hrp,CAP.PA,0.015506934015181587
2022-03-31,hrp,AI.PA,0.031321001983391834
2022-03-31,hrp,ASML.AS,0.007280656350331536
2022-03-31,hrp,PHIA.AS,0.023358676483062557
2022-03-31,hrp,INGA.AS,0.004002122322730425
2022-03-31,hrp,HEIA.AS,0.024453256694375005
2022-03-31,hrp,AD.AS,0.055467719403683405
2022-03-31,hrp,WKL.AS,0.029054839175205297
2022-03-31,hrp,SAN.MC,0.004548698275587025
2022-03-31,hrp,IBE.MC,0.024865394039666314
2022-03-31,hrp,ITX.MC,0.013280579398979649
2022-03-31,hrp,TEF.MC,0.011888671365898225
2022-03-31,hrp,ENG.MC,0.029688314463053575
2022-03-31,hrp,BBVA.MC,0.004585224728089211
2022-03-31,hrp,NESN.SW,0.049949763441361504
2022-03-31,hrp,NOVN.SW,0.04103685520289917
2022-03-31,hrp,UBSG.SW,0.008756893761489533
2022-03-31,hrp,RO.SW,0.02986367933847229
2022-03-31,hrp,ABBN.SW,0.017025995851043776
2022-03-31,hrp,CFR.SW,0.011598868098191679
2022-03-31,hrp,HOLN.SW,0.012384314332570836
2022-03-31,hrp,ENI.MI,0.01610728697121698
2022-03-31,hrp,ISP.MI,0.00755206113135401
2022-03-31,hrp,UCG.MI,0.00452919273806718
2022-03-31,hrp,ENEL.MI,0.027504842194927034
2022-03-31,hrp,STMMI.MI,0.006842441859207687
2022-03-31,minimum_variance,EXV4.DE,0.02093980433878676
2022-03-31,minimum_variance,EXV2.DE,0.08463213151348076
2022-03-31,minimum_variance,EXH8.DE,0.0626699082410539
2022-03-31,minimum_variance,EWL,0.0848182028415887
2022-03-31,minimum_variance,SAN.PA,0.06815110604545946
2022-03-31,minimum_variance,HEIA.AS,0.05837379165898123
2022-03-31,minimum_variance,AD.AS,0.15
2022-03-31,minimum_variance,WKL.AS,0.08080398344010037
2022-03-31,minimum_variance,ENG.MC,0.0659849617586558
2022-03-31,minimum_variance,NESN.SW,0.15
2022-03-31,minimum_variance,NOVN.SW,0.09923535827045858
2022-03-31,minimum_variance,RO.SW,0.07439075189143464
2022-03-31,xgb,EXH7.DE,0.14999999999999472
2022-03-31,xgb,EWN,0.14999999999999472
2022-03-31,xgb,SIE.DE,0.14999999999999472
2022-03-31,xgb,BAS.DE,0.14999999999999472
2022-03-31,xgb,OR.PA,0.015642623048399324
2022-03-31,xgb,WKL.AS,0.14999999999999472
2022-03-31,xgb,ITX.MC,0.14999999999999472
2022-03-31,xgb,BBVA.MC,0.0843573769516324
2022-03-31,xgb_sentiment,EXH7.DE,0.13582506333703445
2022-03-31,xgb_sentiment,EWN,0.14999999999999822
2022-03-31,xgb_sentiment,SIE.DE,0.1499999999999999
2022-03-31,xgb_sentiment,BAS.DE,0.1500000000000021
2022-03-31,xgb_sentiment,BMW.DE,0.016303222921716317
2022-03-31,xgb_sentiment,OR.PA,0.14999999999999536
2022-03-31,xgb_sentiment,ITX.MC,0.1499999999999989
2022-03-31,xgb_sentiment,BBVA.MC,0.09787171374125471
2022-03-31,equal_weight,EXSA.DE,0.017543859649122806
2022-03-31,equal_weight,EXV1.DE,0.017543859649122806
2022-03-31,equal_weight,EXV4.DE,0.017543859649122806
2022-03-31,equal_weight,EXV3.DE,0.017543859649122806
2022-03-31,equal_weight,EXV2.DE,0.017543859649122806
2022-03-31,equal_weight,EXV6.DE,0.017543859649122806
2022-03-31,equal_weight,EXV7.DE,0.017543859649122806
2022-03-31,equal_weight,EXH7.DE,0.017543859649122806
2022-03-31,equal_weight,EXH8.DE,0.017543859649122806
2022-03-31,equal_weight,EXS1.DE,0.017543859649122806
2022-03-31,equal_weight,CAC.PA,0.017543859649122806
2022-03-31,equal_weight,EWI,0.017543859649122806
2022-03-31,equal_weight,EWP,0.017543859649122806
2022-03-31,equal_weight,EWN,0.017543859649122806
2022-03-31,equal_weight,EWL,0.017543859649122806
2022-03-31,equal_weight,SAP.DE,0.017543859649122806
2022-03-31,equal_weight,SIE.DE,0.017543859649122806
2022-03-31,equal_weight,BAS.DE,0.017543859649122806
2022-03-31,equal_weight,VOW3.DE,0.017543859649122806
2022-03-31,equal_weight,DTE.DE,0.017543859649122806
2022-03-31,equal_weight,ALV.DE,0.017543859649122806
2022-03-31,equal_weight,BMW.DE,0.017543859649122806
2022-03-31,equal_weight,MBG.DE,0.017543859649122806
2022-03-31,equal_weight,MUV2.DE,0.017543859649122806
2022-03-31,equal_weight,MC.PA,0.017543859649122806
2022-03-31,equal_weight,TTE.PA,0.017543859649122806
2022-03-31,equal_weight,OR.PA,0.017543859649122806
2022-03-31,equal_weight,SAN.PA,0.017543859649122806
2022-03-31,equal_weight,BNP.PA,0.017543859649122806
2022-03-31,equal_weight,AIR.PA,0.017543859649122806
2022-03-31,equal_weight,SU.PA,0.017543859649122806
2022-03-31,equal_weight,CAP.PA,0.017543859649122806
2022-03-31,equal_weight,AI.PA,0.017543859649122806
2022-03-31,equal_weight,ASML.AS,0.017543859649122806
2022-03-31,equal_weight,PHIA.AS,0.017543859649122806
2022-03-31,equal_weight,INGA.AS,0.017543859649122806
2022-03-31,equal_weight,HEIA.AS,0.017543859649122806
2022-03-31,equal_weight,AD.AS,0.017543859649122806
2022-03-31,equal_weight,WKL.AS,0.017543859649122806
2022-03-31,equal_weight,SAN.MC,0.017543859649122806
2022-03-31,equal_weight,IBE.MC,0.017543859649122806
2022-03-31,equal_weight,ITX.MC,0.017543859649122806
2022-03-31,equal_weight,TEF.MC,0.017543859649122806
2022-03-31,equal_weight,ENG.MC,0.017543859649122806
2022-03-31,equal_weight,BBVA.MC,0.017543859649122806
2022-03-31,equal_weight,NESN.SW,0.017543859649122806
2022-03-31,equal_weight,NOVN.SW,0.017543859649122806
2022-03-31,equal_weight,UBSG.SW,0.017543859649122806
2022-03-31,equal_weight,RO.SW,0.017543859649122806
2022-03-31,equal_weight,ABBN.SW,0.017543859649122806
2022-03-31,equal_weight,CFR.SW,0.017543859649122806
2022-03-31,equal_weight,HOLN.SW,0.017543859649122806
2022-03-31,equal_weight,ENI.MI,0.017543859649122806
2022-03-31,equal_weight,ISP.MI,0.017543859649122806
2022-03-31,equal_weight,UCG.MI,0.017543859649122806
2022-03-31,equal_weight,ENEL.MI,0.017543859649122806
2022-03-31,equal_weight,STMMI.MI,0.017543859649122806
2022-04-29,markowitz,EXV6.DE,0.020930542924584464
2022-04-29,markowitz,SAN.PA,0.03156164504273246
2022-04-29,markowitz,CAP.PA,0.06892637761603841
2022-04-29,markowitz,ASML.AS,0.1500000000000002
2022-04-29,markowitz,AD.AS,0.14999999999999944
2022-04-29,markowitz,WKL.AS,0.11716948099228111
2022-04-29,markowitz,NESN.SW,0.14999999999999977
2022-04-29,markowitz,RO.SW,0.1500000000000008
2022-04-29,markowitz,ABBN.SW,0.09550553478754269
2022-04-29,markowitz,STMMI.MI,0.0659064186368208
2022-04-29,hrp,EXSA.DE,0.016762103600322167
2022-04-29,hrp,EXV1.DE,0.008812928548834538
2022-04-29,hrp,EXV4.DE,0.05283923879683288
2022-04-29,hrp,EXV3.DE,0.014248792470846304
2022-04-29,hrp,EXV2.DE,0.026634359537097127
2022-04-29,hrp,EXV6.DE,0.013137852611597467
2022-04-29,hrp,EXV7.DE,0.016174479308199905
2022-04-29,hrp,EXH7.DE,0.022507195854053898
2022-04-29,hrp,EXH8.DE,0.03544493473140698
2022-04-29,hrp,EXS1.DE,0.01242970940164357
2022-04-29,hrp,CAC.PA,0.013253077913491808
2022-04-29,hrp,EWI,0.012935646538187552
2022-04-29,hrp,EWP,0.013978519383722614
2022-04-29,hrp,EWN,0.015967632705066005
2022-04-29,hrp,EWL,0.023822675279177436
2022-04-29,hrp,SAP.DE,0.013983347617982065
2022-04-29,hrp,SIE.DE,0.008367620513996563
2022-04-29,hrp,BAS.DE,0.011343417108529236
2022-04-29,hrp,VOW3.DE,0.0057118431629411106
2022-04-29,hrp,DTE.DE,0.01856394029715131
2022-04-29,hrp,ALV.DE,0.010409473253826894
2022-04-29,hrp,BMW.DE,0.007316777832425946
2022-04-29,hrp,MBG.DE,0.0049075282830894525
2022-04-29,hrp,MUV2.DE,0.008861245161066143
2022-04-29,hrp,MC.PA,0.012049995183171566
2022-04-29,hrp,TTE.PA,0.008233480877648271
2022-04-29,hrp,OR.PA,0.019518687736174548
2022-04-29,hrp,SAN.PA,0.03293482494734116
2022-04-29,hrp,BNP.PA,0.005642648731628509
2022-04-29,hrp,AIR.PA,0.006215253750943077
2022-04-29,hrp,SU.PA,0.017634286018705887
2022-04-29,hrp,CAP.PA,0.014065354268862015
2022-04-29,hrp,AI.PA,0.01840943911649642
2022-04-29,hrp,ASML.AS,0.00783194337510132
2022-04-29,hrp,PHIA.AS,0.022854933324850387
2022-04-29,hrp,INGA.AS,0.004210940775316675
2022-04-29,hrp,HEIA.AS,0.024644507736662546
2022-04-29,hrp,AD.AS,0.055853094268253335
2022-04-29,hrp,WKL.AS,0.03015535000951053
2022-04-29,hrp,SAN.MC,0.009904725291498934
2022-04-29,hrp,IBE.MC,0.02482960240859127
2022-04-29,hrp,ITX.MC,0.015849080579267674
2022-04-29,hrp,TEF.MC,0.013376395713393927
2022-04-29,hrp,ENG.MC,0.031069839708138407
2022-04-29,hrp,BBVA.MC,0.00441367275435803
2022-04-29,hrp,NESN.SW,0.0504355894724771
2022-04-29,hrp,NOVN.SW,0.04181390079688701
2022-04-29,hrp,UBSG.SW,0.009216345131125684
2022-04-29,hrp,RO.SW,0.029182148215280614
2022-04-29,hrp,ABBN.SW,0.016827133448136987
2022-04-29,hrp,CFR.SW,0.017087424132206364
2022-04-29,hrp,HOLN.SW,0.01311917267805027
2022-04-29,hrp,ENI.MI,0.00858299408967022
2022-04-29,hrp,ISP.MI,0.00715351680855457
2022-04-29,hrp,UCG.MI,0.004144241147902188
2022-04-29,hrp,ENEL.MI,0.027126843886243566
2022-04-29,hrp,STMMI.MI,0.007198293706062006
2022-04-29,minimum_variance,EXV4.DE,0.020267331884845124
2022-04-29,minimum_variance,EXV2.DE,0.08048170816668312
2022-04-29,minimum_variance,EXH8.DE,0.06980035858258447
2022-04-29,minimum_variance,EWL,0.07966766350354894
2022-04-29,minimum_variance,SAN.PA,0.05452614632055859
2022-04-29,minimum_variance,HEIA.AS,0.061689873021954104
2022-04-29,minimum_variance,AD.AS,0.14999999999999997
2022-04-29,minimum_variance,WKL.AS,0.08667261153032077
2022-04-29,minimum_variance,ENG.MC,0.0683526077719787
2022-04-29,minimum_variance,NESN.SW,0.14999999999999997
2022-04-29,minimum_variance,NOVN.SW,0.11363360791846652
2022-04-29,minimum_variance,RO.SW,0.06490809129905982
2022-04-29,xgb,SIE.DE,0.0675266546139493
2022-04-29,xgb,OR.PA,0.042634802987435466
2022-04-29,xgb,SU.PA,0.15000000000000183
2022-04-29,xgb,ASML.AS,0.1500000000000038
2022-04-29,xgb,PHIA.AS,0.1499999999999952
2022-04-29,xgb,ITX.MC,0.1499999999999978
2022-04-29,xgb,BBVA.MC,0.09128289682779601
2022-04-29,xgb,RO.SW,0.1499999999999964
2022-04-29,xgb,CFR.SW,0.04844914054765307
2022-04-29,xgb,UCG.MI,0.00010650502317117891
2022-04-29,xgb_sentiment,SIE.DE,0.006021309429751338
2022-04-29,xgb_sentiment,OR.PA,0.0003976843791042616
2022-04-29,xgb_sentiment,SU.PA,0.14999999999997765
2022-04-29,xgb_sentiment,ASML.AS,0.14999999999997765
2022-04-29,xgb_sentiment,PHIA.AS,0.14999999999997765
2022-04-29,xgb_sentiment,AD.AS,0.029291935275268084
2022-04-29,xgb_sentiment,ITX.MC,0.14999999999997765
2022-04-29,xgb_sentiment,BBVA.MC,0.06428907091601031
2022-04-29,xgb_sentiment,RO.SW,0.14999999999997765
2022-04-29,xgb_sentiment,CFR.SW,0.14999999999997765
2022-04-29,equal_weight,EXSA.DE,0.017543859649122806
2022-04-29,equal_weight,EXV1.DE,0.017543859649122806
2022-04-29,equal_weight,EXV4.DE,0.017543859649122806
2022-04-29,equal_weight,EXV3.DE,0.017543859649122806
2022-04-29,equal_weight,EXV2.DE,0.017543859649122806
2022-04-29,equal_weight,EXV6.DE,0.017543859649122806
2022-04-29,equal_weight,EXV7.DE,0.017543859649122806
2022-04-29,equal_weight,EXH7.DE,0.017543859649122806
2022-04-29,equal_weight,EXH8.DE,0.017543859649122806
2022-04-29,equal_weight,EXS1.DE,0.017543859649122806
2022-04-29,equal_weight,CAC.PA,0.017543859649122806
2022-04-29,equal_weight,EWI,0.017543859649122806
2022-04-29,equal_weight,EWP,0.017543859649122806
2022-04-29,equal_weight,EWN,0.017543859649122806
2022-04-29,equal_weight,EWL,0.017543859649122806
2022-04-29,equal_weight,SAP.DE,0.017543859649122806
2022-04-29,equal_weight,SIE.DE,0.017543859649122806
2022-04-29,equal_weight,BAS.DE,0.017543859649122806
2022-04-29,equal_weight,VOW3.DE,0.017543859649122806
2022-04-29,equal_weight,DTE.DE,0.017543859649122806
2022-04-29,equal_weight,ALV.DE,0.017543859649122806
2022-04-29,equal_weight,BMW.DE,0.017543859649122806
2022-04-29,equal_weight,MBG.DE,0.017543859649122806
2022-04-29,equal_weight,MUV2.DE,0.017543859649122806
2022-04-29,equal_weight,MC.PA,0.017543859649122806
2022-04-29,equal_weight,TTE.PA,0.017543859649122806
2022-04-29,equal_weight,OR.PA,0.017543859649122806
2022-04-29,equal_weight,SAN.PA,0.017543859649122806
2022-04-29,equal_weight,BNP.PA,0.017543859649122806
2022-04-29,equal_weight,AIR.PA,0.017543859649122806
2022-04-29,equal_weight,SU.PA,0.017543859649122806
2022-04-29,equal_weight,CAP.PA,0.017543859649122806
2022-04-29,equal_weight,AI.PA,0.017543859649122806
2022-04-29,equal_weight,ASML.AS,0.017543859649122806
2022-04-29,equal_weight,PHIA.AS,0.017543859649122806
2022-04-29,equal_weight,INGA.AS,0.017543859649122806
2022-04-29,equal_weight,HEIA.AS,0.017543859649122806
2022-04-29,equal_weight,AD.AS,0.017543859649122806
2022-04-29,equal_weight,WKL.AS,0.017543859649122806
2022-04-29,equal_weight,SAN.MC,0.017543859649122806
2022-04-29,equal_weight,IBE.MC,0.017543859649122806
2022-04-29,equal_weight,ITX.MC,0.017543859649122806
2022-04-29,equal_weight,TEF.MC,0.017543859649122806
2022-04-29,equal_weight,ENG.MC,0.017543859649122806
2022-04-29,equal_weight,BBVA.MC,0.017543859649122806
2022-04-29,equal_weight,NESN.SW,0.017543859649122806
2022-04-29,equal_weight,NOVN.SW,0.017543859649122806
2022-04-29,equal_weight,UBSG.SW,0.017543859649122806
2022-04-29,equal_weight,RO.SW,0.017543859649122806
2022-04-29,equal_weight,ABBN.SW,0.017543859649122806
2022-04-29,equal_weight,CFR.SW,0.017543859649122806
2022-04-29,equal_weight,HOLN.SW,0.017543859649122806
2022-04-29,equal_weight,ENI.MI,0.017543859649122806
2022-04-29,equal_weight,ISP.MI,0.017543859649122806
2022-04-29,equal_weight,UCG.MI,0.017543859649122806
2022-04-29,equal_weight,ENEL.MI,0.017543859649122806
2022-04-29,equal_weight,STMMI.MI,0.017543859649122806
2022-05-31,markowitz,SAN.PA,0.1122399604044547
2022-05-31,markowitz,ASML.AS,0.15000000000000263
2022-05-31,markowitz,AD.AS,0.1499999999999991
2022-05-31,markowitz,WKL.AS,0.13599894675593682
2022-05-31,markowitz,NESN.SW,0.045851302846376236
2022-05-31,markowitz,UBSG.SW,0.14213632248649805
2022-05-31,markowitz,RO.SW,0.1499999999999937
2022-05-31,markowitz,ABBN.SW,0.02678010968256
2022-05-31,markowitz,STMMI.MI,0.08699335782417876
2022-05-31,hrp,EXSA.DE,0.022184352186103058
2022-05-31,hrp,EXV1.DE,0.016251770152032184
2022-05-31,hrp,EXV4.DE,0.0315523573363869
2022-05-31,hrp,EXV3.DE,0.015773121296233938
2022-05-31,hrp,EXV2.DE,0.030769098687854244
2022-05-31,hrp,EXV6.DE,0.018078383268434747
2022-05-31,hrp,EXV7.DE,0.01789049652800752
2022-05-31,hrp,EXH7.DE,0.023102781204779373
2022-05-31,hrp,EXH8.DE,0.022773458884920585
2022-05-31,hrp,EXS1.DE,0.014372249160991094
2022-05-31,hrp,CAC.PA,0.0169840708003595
2022-05-31,hrp,EWI,0.014523729868159774
2022-05-31,hrp,EWP,0.012624230171055628
2022-05-31,hrp,EWN,0.01443390220771286
2022-05-31,hrp,EWL,0.04327331145111755
2022-05-31,hrp,SAP.DE,0.013633134470114919
2022-05-31,hrp,SIE.DE,0.008731784210494333
2022-05-31,hrp,BAS.DE,0.015415766207000782
2022-05-31,hrp,VOW3.DE,0.00598773885250416
2022-05-31,hrp,DTE.DE,0.030766914703170816
2022-05-31,hrp,ALV.DE,0.012551219138953488
2022-05-31,hrp,BMW.DE,0.007530435682050535
2022-05-31,hrp,MBG.DE,0.005098099265869733
2022-05-31,hrp,MUV2.DE,0.009293403625073686
2022-05-31,hrp,MC.PA,0.011351235219993091
2022-05-31,hrp,TTE.PA,0.008104027995588695
2022-05-31,hrp,OR.PA,0.017016141218414185
2022-05-31,hrp,SAN.PA,0.03306406492116137
2022-05-31,hrp,BNP.PA,0.0070057016099384474
2022-05-31,hrp,AIR.PA,0.006219909260447909
2022-05-31,hrp,SU.PA,0.010705036359586886
2022-05-31,hrp,CAP.PA,0.011819461253690282
2022-05-31,hrp,AI.PA,0.022552502099003845
2022-05-31,hrp,ASML.AS,0.008187612522487463
2022-05-31,hrp,PHIA.AS,0.022399234392299978
2022-05-31,hrp,INGA.AS,0.004052760329466596
2022-05-31,hrp,HEIA.AS,0.023818221886169066
2022-05-31,hrp,AD.AS,0.05441243279753451
2022-05-31,hrp,WKL.AS,0.03054163560457288
2022-05-31,hrp,SAN.MC,0.004524726415420551
2022-05-31,hrp,IBE.MC,0.022985997601241214
2022-05-31,hrp,ITX.MC,0.01553563725865035
2022-05-31,hrp,TEF.MC,0.01056433795726104
2022-05-31,hrp,ENG.MC,0.03157522304690051
2022-05-31,hrp,BBVA.MC,0.004506293158587198
2022-05-31,hrp,NESN.SW,0.0484570403031012
2022-05-31,hrp,NOVN.SW,0.04237460695810978
2022-05-31,hrp,UBSG.SW,0.009019859342863703
2022-05-31,hrp,RO.SW,0.021371610131764595
2022-05-31,hrp,ABBN.SW,0.016465051952049597
2022-05-31,hrp,CFR.SW,0.009783410461096523
2022-05-31,hrp,HOLN.SW,0.013809232534443418
2022-05-31,hrp,ENI.MI,0.00854396285528589
2022-05-31,hrp,ISP.MI,0.007419056158780193
2022-05-31,hrp,UCG.MI,0.004636785494336449
2022-05-31,hrp,ENEL.MI,0.02662884520224951
2022-05-31,hrp,STMMI.MI,0.006952536338121714
2022-05-31,minimum_variance,EXV4.DE,0.008500395514881104
2022-05-31,minimum_variance,EXV2.DE,0.07547421989730912
2022-05-31,minimum_variance,EXH8.DE,0.06127640278702433
2022-05-31,minimum_variance,EWL,0.0804186951393404
2022-05-31,minimum_variance,SAN.PA,0.07322200374735646
2022-05-31,minimum_variance,HEIA.AS,0.05642092805813777
2022-05-31,minimum_variance,AD.AS,0.15000000000000002
2022-05-31,minimum_variance,WKL.AS,0.08468268492875035
2022-05-31,minimum_variance,ENG.MC,0.07887556980380833
2022-05-31,minimum_variance,NESN.SW,0.15000000000000002
2022-05-31,minimum_variance,NOVN.SW,0.1169640248407784
2022-05-31,minimum_variance,RO.SW,0.0641650752826137
2022-05-31,xgb,EXH8.DE,0.15000000000000233
2022-05-31,xgb,EWN,0.15000000000000233
2022-05-31,xgb,MC.PA,0.15000000000000233
2022-05-31,xgb,OR.PA,0.15000000000000233
2022-05-31,xgb,AD.AS,0.15000000000000233
2022-05-31,xgb,ITX.MC,0.09999999999998592
2022-05-31,xgb,CFR.SW,0.15000000000000233
2022-05-31,xgb_sentiment,EXH8.DE,0.14999999999985308
2022-05-31,xgb_sentiment,EWN,0.14999999999985308
2022-05-31,xgb_sentiment,MC.PA,0.14999999999985308
2022-05-31,xgb_sentiment,OR.PA,0.14999999999985308
2022-05-31,xgb_sentiment,AD.AS,0.1046815159641405
2022-05-31,xgb_sentiment,ITX.MC,0.1453184840365941
2022-05-31,xgb_sentiment,CFR.SW,0.14999999999985308
2022-05-31,equal_weight,EXSA.DE,0.017543859649122806
2022-05-31,equal_weight,EXV1.DE,0.017543859649122806
2022-05-31,equal_weight,EXV4.DE,0.017543859649122806
2022-05-31,equal_weight,EXV3.DE,0.017543859649122806
2022-05-31,equal_weight,EXV2.DE,0.017543859649122806
2022-05-31,equal_weight,EXV6.DE,0.017543859649122806
2022-05-31,equal_weight,EXV7.DE,0.017543859649122806
2022-05-31,equal_weight,EXH7.DE,0.017543859649122806
2022-05-31,equal_weight,EXH8.DE,0.017543859649122806
2022-05-31,equal_weight,EXS1.DE,0.017543859649122806
2022-05-31,equal_weight,CAC.PA,0.017543859649122806
2022-05-31,equal_weight,EWI,0.017543859649122806
2022-05-31,equal_weight,EWP,0.017543859649122806
2022-05-31,equal_weight,EWN,0.017543859649122806
2022-05-31,equal_weight,EWL,0.017543859649122806
2022-05-31,equal_weight,SAP.DE,0.017543859649122806
2022-05-31,equal_weight,SIE.DE,0.017543859649122806
2022-05-31,equal_weight,BAS.DE,0.017543859649122806
2022-05-31,equal_weight,VOW3.DE,0.017543859649122806
2022-05-31,equal_weight,DTE.DE,0.017543859649122806
2022-05-31,equal_weight,ALV.DE,0.017543859649122806
2022-05-31,equal_weight,BMW.DE,0.017543859649122806
2022-05-31,equal_weight,MBG.DE,0.017543859649122806
2022-05-31,equal_weight,MUV2.DE,0.017543859649122806
2022-05-31,equal_weight,MC.PA,0.017543859649122806
2022-05-31,equal_weight,TTE.PA,0.017543859649122806
2022-05-31,equal_weight,OR.PA,0.017543859649122806
2022-05-31,equal_weight,SAN.PA,0.017543859649122806
2022-05-31,equal_weight,BNP.PA,0.017543859649122806
2022-05-31,equal_weight,AIR.PA,0.017543859649122806
2022-05-31,equal_weight,SU.PA,0.017543859649122806
2022-05-31,equal_weight,CAP.PA,0.017543859649122806
2022-05-31,equal_weight,AI.PA,0.017543859649122806
2022-05-31,equal_weight,ASML.AS,0.017543859649122806
2022-05-31,equal_weight,PHIA.AS,0.017543859649122806
2022-05-31,equal_weight,INGA.AS,0.017543859649122806
2022-05-31,equal_weight,HEIA.AS,0.017543859649122806
2022-05-31,equal_weight,AD.AS,0.017543859649122806
2022-05-31,equal_weight,WKL.AS,0.017543859649122806
2022-05-31,equal_weight,SAN.MC,0.017543859649122806
2022-05-31,equal_weight,IBE.MC,0.017543859649122806
2022-05-31,equal_weight,ITX.MC,0.017543859649122806
2022-05-31,equal_weight,TEF.MC,0.017543859649122806
2022-05-31,equal_weight,ENG.MC,0.017543859649122806
2022-05-31,equal_weight,BBVA.MC,0.017543859649122806
2022-05-31,equal_weight,NESN.SW,0.017543859649122806
2022-05-31,equal_weight,NOVN.SW,0.017543859649122806
2022-05-31,equal_weight,UBSG.SW,0.017543859649122806
2022-05-31,equal_weight,RO.SW,0.017543859649122806
2022-05-31,equal_weight,ABBN.SW,0.017543859649122806
2022-05-31,equal_weight,CFR.SW,0.017543859649122806
2022-05-31,equal_weight,HOLN.SW,0.017543859649122806
2022-05-31,equal_weight,ENI.MI,0.017543859649122806
2022-05-31,equal_weight,ISP.MI,0.017543859649122806
2022-05-31,equal_weight,UCG.MI,0.017543859649122806
2022-05-31,equal_weight,ENEL.MI,0.017543859649122806
2022-05-31,equal_weight,STMMI.MI,0.017543859649122806
2022-06-30,markowitz,SAN.PA,0.12031098415725353
2022-06-30,markowitz,ASML.AS,0.15000000000000926
2022-06-30,markowitz,AD.AS,0.14999999999997135
2022-06-30,markowitz,WKL.AS,0.15000000000000382
2022-06-30,markowitz,ENG.MC,0.09555681139897623
2022-06-30,markowitz,UBSG.SW,0.11659733568250376
2022-06-30,markowitz,RO.SW,0.14999999999999714
2022-06-30,markowitz,ABBN.SW,0.0675348687612849
2022-06-30,hrp,EXSA.DE,0.01726610255518559
2022-06-30,hrp,EXV1.DE,0.008861076553022134
2022-06-30,hrp,EXV4.DE,0.04063821963730548
2022-06-30,hrp,EXV3.DE,0.014033026273992843
2022-06-30,hrp,EXV2.DE,0.0435408687719642
2022-06-30,hrp,EXV6.DE,0.012603352894521757
2022-06-30,hrp,EXV7.DE,0.0162436240153692
2022-06-30,hrp,EXH7.DE,0.022281302123898422
2022-06-30,hrp,EXH8.DE,0.021766014072450993
2022-06-30,hrp,EXS1.DE,0.013247556340353872
2022-06-30,hrp,CAC.PA,0.013275093548250743
2022-06-30,hrp,EWI,0.014642972318557655
2022-06-30,hrp,EWP,0.012855994472639935
2022-06-30,hrp,EWN,0.014182081621269936
2022-06-30,hrp,EWL,0.042808338221254155
2022-06-30,hrp,SAP.DE,0.013087920202594552
2022-06-30,hrp,SIE.DE,0.008293305762484058
2022-06-30,hrp,BAS.DE,0.008662233735213937
2022-06-30,hrp,VOW3.DE,0.005843515956502793
2022-06-30,hrp,DTE.DE,0.019546253130102855
2022-06-30,hrp,ALV.DE,0.012421361406444674
2022-06-30,hrp,BMW.DE,0.007474651468272704
2022-06-30,hrp,MBG.DE,0.0050591847221762975
2022-06-30,hrp,MUV2.DE,0.015177410999556391
2022-06-30,hrp,MC.PA,0.009682943897642037
2022-06-30,hrp,TTE.PA,0.008178378467906085
2022-06-30,hrp,OR.PA,0.015210923397175228
2022-06-30,hrp,SAN.PA,0.03322698181683522
2022-06-30,hrp,BNP.PA,0.0068250400125564135
2022-06-30,hrp,AIR.PA,0.006435364059470701
2022-06-30,hrp,SU.PA,0.010564851333252651
2022-06-30,hrp,CAP.PA,0.012120807883111375
2022-06-30,hrp,AI.PA,0.017994591795969905
2022-06-30,hrp,ASML.AS,0.007735851413607841
2022-06-30,hrp,PHIA.AS,0.021772232522117685
2022-06-30,hrp,INGA.AS,0.008887129508812572
2022-06-30,hrp,HEIA.AS,0.02467949441448984
2022-06-30,hrp,AD.AS,0.05546935003080941
2022-06-30,hrp,WKL.AS,0.029348848985190804
2022-06-30,hrp,SAN.MC,0.005284230753954163
2022-06-30,hrp,IBE.MC,0.02419711589059853
2022-06-30,hrp,ITX.MC,0.015714031210921502
2022-06-30,hrp,TEF.MC,0.010870279123085037
2022-06-30,hrp,ENG.MC,0.03394564633092023
2022-06-30,hrp,BBVA.MC,0.0044416570735864415
2022-06-30,hrp,NESN.SW,0.0478942348432154
2022-06-30,hrp,NOVN.SW,0.04398822135332409
2022-06-30,hrp,UBSG.SW,0.009365997187059567
2022-06-30,hrp,RO.SW,0.039410933399370365
2022-06-30,hrp,ABBN.SW,0.015695142166902456
2022-06-30,hrp,CFR.SW,0.010043435683534408
2022-06-30,hrp,HOLN.SW,0.013428001532179545
2022-06-30,hrp,ENI.MI,0.008520926427777749
2022-06-30,hrp,ISP.MI,0.007224205600176709
2022-06-30,hrp,UCG.MI,0.004391436369151477
2022-06-30,hrp,ENEL.MI,0.026852003289911282
2022-06-30,hrp,STMMI.MI,0.006788251421998082
2022-06-30,minimum_variance,EXV4.DE,0.010043543489105753
2022-06-30,minimum_variance,EXV2.DE,0.08253688151066
2022-06-30,minimum_variance,EXH8.DE,0.055030695059703684
2022-06-30,minimum_variance,EWL,0.07174233928005713
2022-06-30,minimum_variance,SAN.PA,0.06864695787246153
2022-06-30,minimum_variance,HEIA.AS,0.05294702891527414
2022-06-30,minimum_variance,AD.AS,0.15
2022-06-30,minimum_variance,WKL.AS,0.08405620321967516
2022-06-30,minimum_variance,ENG.MC,0.09769467265259996
2022-06-30,minimum_variance,NESN.SW,0.15
2022-06-30,minimum_variance,NOVN.SW,0.11285256096800933
2022-06-30,minimum_variance,RO.SW,0.06444911703245335
2022-06-30,xgb,EXV6.DE,0.149999999999996
2022-06-30,xgb,EWI,0.149999999999996
2022-06-30,xgb,EWN,0.149999999999996
2022-06-30,xgb,VOW3.DE,0.03178505059379848
2022-06-30,xgb,PHIA.AS,0.149999999999996
2022-06-30,xgb,AD.AS,0.06664410701192727
2022-06-30,xgb,ABBN.SW,0.149999999999996
2022-06-30,xgb,CFR.SW,0.039803593085867325
2022-06-30,xgb,ISP.MI,0.09462155763134962
2022-06-30,xgb,STMMI.MI,0.017145691677077326
2022-06-30,xgb_sentiment,EXV6.DE,0.01515770312605335
2022-06-30,xgb_sentiment,EWI,0.14999999999998195
2022-06-30,xgb_sentiment,EWN,0.14999999999998195
2022-06-30,xgb_sentiment,SIE.DE,0.14999999999998195
2022-06-30,xgb_sentiment,PHIA.AS,0.14999999999998195
2022-06-30,xgb_sentiment,IBE.MC,0.14999999999998195
2022-06-30,xgb_sentiment,UBSG.SW,0.09183809756193541
2022-06-30,xgb_sentiment,ABBN.SW,0.1024895522925242
2022-06-30,xgb_sentiment,CFR.SW,0.026567220381088708
2022-06-30,xgb_sentiment,UCG.MI,0.013947426638488842
2022-06-30,equal_weight,EXSA.DE,0.017543859649122806
2022-06-30,equal_weight,EXV1.DE,0.017543859649122806
2022-06-30,equal_weight,EXV4.DE,0.017543859649122806
2022-06-30,equal_weight,EXV3.DE,0.017543859649122806
2022-06-30,equal_weight,EXV2.DE,0.017543859649122806
2022-06-30,equal_weight,EXV6.DE,0.017543859649122806
2022-06-30,equal_weight,EXV7.DE,0.017543859649122806
2022-06-30,equal_weight,EXH7.DE,0.017543859649122806
2022-06-30,equal_weight,EXH8.DE,0.017543859649122806
2022-06-30,equal_weight,EXS1.DE,0.017543859649122806
2022-06-30,equal_weight,CAC.PA,0.017543859649122806
2022-06-30,equal_weight,EWI,0.017543859649122806
2022-06-30,equal_weight,EWP,0.017543859649122806
2022-06-30,equal_weight,EWN,0.017543859649122806
2022-06-30,equal_weight,EWL,0.017543859649122806
2022-06-30,equal_weight,SAP.DE,0.017543859649122806
2022-06-30,equal_weight,SIE.DE,0.017543859649122806
2022-06-30,equal_weight,BAS.DE,0.017543859649122806
2022-06-30,equal_weight,VOW3.DE,0.017543859649122806
2022-06-30,equal_weight,DTE.DE,0.017543859649122806
2022-06-30,equal_weight,ALV.DE,0.017543859649122806
2022-06-30,equal_weight,BMW.DE,0.017543859649122806
2022-06-30,equal_weight,MBG.DE,0.017543859649122806
2022-06-30,equal_weight,MUV2.DE,0.017543859649122806
2022-06-30,equal_weight,MC.PA,0.017543859649122806
2022-06-30,equal_weight,TTE.PA,0.017543859649122806
2022-06-30,equal_weight,OR.PA,0.017543859649122806
2022-06-30,equal_weight,SAN.PA,0.017543859649122806
2022-06-30,equal_weight,BNP.PA,0.017543859649122806
2022-06-30,equal_weight,AIR.PA,0.017543859649122806
2022-06-30,equal_weight,SU.PA,0.017543859649122806
2022-06-30,equal_weight,CAP.PA,0.017543859649122806
2022-06-30,equal_weight,AI.PA,0.017543859649122806
2022-06-30,equal_weight,ASML.AS,0.017543859649122806
2022-06-30,equal_weight,PHIA.AS,0.017543859649122806
2022-06-30,equal_weight,INGA.AS,0.017543859649122806
2022-06-30,equal_weight,HEIA.AS,0.017543859649122806
2022-06-30,equal_weight,AD.AS,0.017543859649122806
2022-06-30,equal_weight,WKL.AS,0.017543859649122806
2022-06-30,equal_weight,SAN.MC,0.017543859649122806
2022-06-30,equal_weight,IBE.MC,0.017543859649122806
2022-06-30,equal_weight,ITX.MC,0.017543859649122806
2022-06-30,equal_weight,TEF.MC,0.017543859649122806
2022-06-30,equal_weight,ENG.MC,0.017543859649122806
2022-06-30,equal_weight,BBVA.MC,0.017543859649122806
2022-06-30,equal_weight,NESN.SW,0.017543859649122806
2022-06-30,equal_weight,NOVN.SW,0.017543859649122806
2022-06-30,equal_weight,UBSG.SW,0.017543859649122806
2022-06-30,equal_weight,RO.SW,0.017543859649122806
2022-06-30,equal_weight,ABBN.SW,0.017543859649122806
2022-06-30,equal_weight,CFR.SW,0.017543859649122806
2022-06-30,equal_weight,HOLN.SW,0.017543859649122806
2022-06-30,equal_weight,ENI.MI,0.017543859649122806
2022-06-30,equal_weight,ISP.MI,0.017543859649122806
2022-06-30,equal_weight,UCG.MI,0.017543859649122806
2022-06-30,equal_weight,ENEL.MI,0.017543859649122806
2022-06-30,equal_weight,STMMI.MI,0.017543859649122806
2022-07-29,markowitz,MC.PA,0.0706677054713524
2022-07-29,markowitz,SAN.PA,0.06957059902426696
2022-07-29,markowitz,CAP.PA,0.007431579076374729
2022-07-29,markowitz,ASML.AS,0.15000000000000568
2022-07-29,markowitz,AD.AS,0.14999999999997984
2022-07-29,markowitz,WKL.AS,0.15000000000000127
2022-07-29,markowitz,ENG.MC,0.005830416820933008
2022-07-29,markowitz,UBSG.SW,0.049679839287405575
2022-07-29,markowitz,RO.SW,0.14999999999999913
2022-07-29,markowitz,ABBN.SW,0.1500000000000009
2022-07-29,markowitz,STMMI.MI,0.04681986031968059
2022-07-29,hrp,EXSA.DE,0.02016568985673519
2022-07-29,hrp,EXV1.DE,0.007542703727348374
2022-07-29,hrp,EXV4.DE,0.03204168952781696
2022-07-29,hrp,EXV3.DE,0.016540570911332663
2022-07-29,hrp,EXV2.DE,0.03607894318637626
2022-07-29,hrp,EXV6.DE,0.019031588414445275
2022-07-29,hrp,EXV7.DE,0.019532484355520734
2022-07-29,hrp,EXH7.DE,0.022182820818507434
2022-07-29,hrp,EXH8.DE,0.030626635615261813
2022-07-29,hrp,EXS1.DE,0.01507336363566987
2022-07-29,hrp,CAC.PA,0.021526803961438908
2022-07-29,hrp,EWI,0.017921458007219292
2022-07-29,hrp,EWP,0.010964716103283976
2022-07-29,hrp,EWN,0.01205059107857946
2022-07-29,hrp,EWL,0.02884897698927081
2022-07-29,hrp,SAP.DE,0.015466416423187874
2022-07-29,hrp,SIE.DE,0.010363705833299092
2022-07-29,hrp,BAS.DE,0.014844092456527626
2022-07-29,hrp,VOW3.DE,0.005256861876853976
2022-07-29,hrp,DTE.DE,0.021718808494675477
2022-07-29,hrp,ALV.DE,0.012495404570340325
2022-07-29,hrp,BMW.DE,0.0077113067511463355
2022-07-29,hrp,MBG.DE,0.005862635565019303
2022-07-29,hrp,MUV2.DE,0.009097545778024239
2022-07-29,hrp,MC.PA,0.011946368081418652
2022-07-29,hrp,TTE.PA,0.012590519220956487
2022-07-29,hrp,OR.PA,0.019299964121172675
2022-07-29,hrp,SAN.PA,0.03410631080036035
2022-07-29,hrp,BNP.PA,0.01385518244089941
2022-07-29,hrp,AIR.PA,0.005400504865994946
2022-07-29,hrp,SU.PA,0.011038919870744781
2022-07-29,hrp,CAP.PA,0.013076277706154646
2022-07-29,hrp,AI.PA,0.022159729452905345
2022-07-29,hrp,ASML.AS,0.00891792093581709
2022-07-29,hrp,PHIA.AS,0.021774631546727756
2022-07-29,hrp,INGA.AS,0.004255889441809263
2022-07-29,hrp,HEIA.AS,0.024561191765457922
2022-07-29,hrp,AD.AS,0.05749287609566471
2022-07-29,hrp,WKL.AS,0.03150191872767024
2022-07-29,hrp,SAN.MC,0.004478228363390881
2022-07-29,hrp,IBE.MC,0.022827233585217224
2022-07-29,hrp,ITX.MC,0.013697059436436482
2022-07-29,hrp,TEF.MC,0.01182728797218617
2022-07-29,hrp,ENG.MC,0.0349892780976997
2022-07-29,hrp,BBVA.MC,0.0047165396421276935
2022-07-29,hrp,NESN.SW,0.04833505588509576
2022-07-29,hrp,NOVN.SW,0.03267265822086887
2022-07-29,hrp,UBSG.SW,0.008991464804352619
2022-07-29,hrp,RO.SW,0.021698579452233576
2022-07-29,hrp,ABBN.SW,0.012742630640880593
2022-07-29,hrp,CFR.SW,0.01014186694064851
2022-07-29,hrp,HOLN.SW,0.012729141924884953
2022-07-29,hrp,ENI.MI,0.010701135629534675
2022-07-29,hrp,ISP.MI,0.007028692378267103
2022-07-29,hrp,UCG.MI,0.0044364585118848564
2022-07-29,hrp,ENEL.MI,0.02620823601002162
2022-07-29,hrp,STMMI.MI,0.0068544334926331435
2022-07-29,minimum_variance,EXV4.DE,0.022935588092600292
2022-07-29,minimum_variance,EXV2.DE,0.08720678252525496
2022-07-29,minimum_variance,EXH8.DE,0.03693253945760119
2022-07-29,minimum_variance,EWL,0.0676199062209029
2022-07-29,minimum_variance,SAN.PA,0.07106590309652967
2022-07-29,minimum_variance,HEIA.AS,0.054035659202484314
2022-07-29,minimum_variance,AD.AS,0.14999999999999997
2022-07-29,minimum_variance,WKL.AS,0.08853763963087508
2022-07-29,minimum_variance,ENG.MC,0.1003022031244828
2022-07-29,minimum_variance,NESN.SW,0.15
2022-07-29,minimum_variance,NOVN.SW,0.11543045932852608
2022-07-29,minimum_variance,RO.SW,0.05593331932074281
2022-07-29,xgb,EWI,0.14999999999974398
2022-07-29,xgb,EWN,0.11773733998404928
2022-07-29,xgb,EWL,0.14999999999974398
2022-07-29,xgb,CAP.PA,0.14999999999974398
2022-07-29,xgb,PHIA.AS,0.14999999999974398
2022-07-29,xgb,TEF.MC,0.14999999999974398
2022-07-29,xgb,UBSG.SW,0.1322626600172308
2022-07-29,xgb_sentiment,EWI,0.1500000000000068
2022-07-29,xgb_sentiment,EWN,0.0058101570650236885
2022-07-29,xgb_sentiment,EWL,0.1499999999999887
2022-07-29,xgb_sentiment,CAP.PA,0.15000000000000768
2022-07-29,xgb_sentiment,PHIA.AS,0.15000000000000768
2022-07-29,xgb_sentiment,IBE.MC,0.1499999999999962
2022-07-29,xgb_sentiment,TEF.MC,0.09418984293496109
2022-07-29,xgb_sentiment,UBSG.SW,0.1500000000000082
2022-07-29,equal_weight,EXSA.DE,0.017543859649122806
2022-07-29,equal_weight,EXV1.DE,0.017543859649122806
2022-07-29,equal_weight,EXV4.DE,0.017543859649122806
2022-07-29,equal_weight,EXV3.DE,0.017543859649122806
2022-07-29,equal_weight,EXV2.DE,0.017543859649122806
2022-07-29,equal_weight,EXV6.DE,0.017543859649122806
2022-07-29,equal_weight,EXV7.DE,0.017543859649122806
2022-07-29,equal_weight,EXH7.DE,0.017543859649122806
2022-07-29,equal_weight,EXH8.DE,0.017543859649122806
2022-07-29,equal_weight,EXS1.DE,0.017543859649122806
2022-07-29,equal_weight,CAC.PA,0.017543859649122806
2022-07-29,equal_weight,EWI,0.017543859649122806
2022-07-29,equal_weight,EWP,0.017543859649122806
2022-07-29,equal_weight,EWN,0.017543859649122806
2022-07-29,equal_weight,EWL,0.017543859649122806
2022-07-29,equal_weight,SAP.DE,0.017543859649122806
2022-07-29,equal_weight,SIE.DE,0.017543859649122806
2022-07-29,equal_weight,BAS.DE,0.017543859649122806
2022-07-29,equal_weight,VOW3.DE,0.017543859649122806
2022-07-29,equal_weight,DTE.DE,0.017543859649122806
2022-07-29,equal_weight,ALV.DE,0.017543859649122806
2022-07-29,equal_weight,BMW.DE,0.017543859649122806
2022-07-29,equal_weight,MBG.DE,0.017543859649122806
2022-07-29,equal_weight,MUV2.DE,0.017543859649122806
2022-07-29,equal_weight,MC.PA,0.017543859649122806
2022-07-29,equal_weight,TTE.PA,0.017543859649122806
2022-07-29,equal_weight,OR.PA,0.017543859649122806
2022-07-29,equal_weight,SAN.PA,0.017543859649122806
2022-07-29,equal_weight,BNP.PA,0.017543859649122806
2022-07-29,equal_weight,AIR.PA,0.017543859649122806
2022-07-29,equal_weight,SU.PA,0.017543859649122806
2022-07-29,equal_weight,CAP.PA,0.017543859649122806
2022-07-29,equal_weight,AI.PA,0.017543859649122806
2022-07-29,equal_weight,ASML.AS,0.017543859649122806
2022-07-29,equal_weight,PHIA.AS,0.017543859649122806
2022-07-29,equal_weight,INGA.AS,0.017543859649122806
2022-07-29,equal_weight,HEIA.AS,0.017543859649122806
2022-07-29,equal_weight,AD.AS,0.017543859649122806
2022-07-29,equal_weight,WKL.AS,0.017543859649122806
2022-07-29,equal_weight,SAN.MC,0.017543859649122806
2022-07-29,equal_weight,IBE.MC,0.017543859649122806
2022-07-29,equal_weight,ITX.MC,0.017543859649122806
2022-07-29,equal_weight,TEF.MC,0.017543859649122806
2022-07-29,equal_weight,ENG.MC,0.017543859649122806
2022-07-29,equal_weight,BBVA.MC,0.017543859649122806
2022-07-29,equal_weight,NESN.SW,0.017543859649122806
2022-07-29,equal_weight,NOVN.SW,0.017543859649122806
2022-07-29,equal_weight,UBSG.SW,0.017543859649122806
2022-07-29,equal_weight,RO.SW,0.017543859649122806
2022-07-29,equal_weight,ABBN.SW,0.017543859649122806
2022-07-29,equal_weight,CFR.SW,0.017543859649122806
2022-07-29,equal_weight,HOLN.SW,0.017543859649122806
2022-07-29,equal_weight,ENI.MI,0.017543859649122806
2022-07-29,equal_weight,ISP.MI,0.017543859649122806
2022-07-29,equal_weight,UCG.MI,0.017543859649122806
2022-07-29,equal_weight,ENEL.MI,0.017543859649122806
2022-07-29,equal_weight,STMMI.MI,0.017543859649122806
2022-08-31,markowitz,MC.PA,0.15000000000000346
2022-08-31,markowitz,CAP.PA,0.03285692724739025
2022-08-31,markowitz,ASML.AS,0.15000000000000346
2022-08-31,markowitz,AD.AS,0.15000000000000346
2022-08-31,markowitz,WKL.AS,0.15000000000000346
2022-08-31,markowitz,NESN.SW,0.02309875049645113
2022-08-31,markowitz,UBSG.SW,0.08283607389380972
2022-08-31,markowitz,RO.SW,0.15000000000000346
2022-08-31,markowitz,ABBN.SW,0.07456264461396787
2022-08-31,markowitz,CFR.SW,0.011302053489765268
2022-08-31,markowitz,STMMI.MI,0.025343550258598434
2022-08-31,hrp,EXSA.DE,0.018887223370084805
2022-08-31,hrp,EXV1.DE,0.009544607259602699
2022-08-31,hrp,EXV4.DE,0.03689555549604039
2022-08-31,hrp,EXV3.DE,0.013004662684476762
2022-08-31,hrp,EXV2.DE,0.03358806304450628
2022-08-31,hrp,EXV6.DE,0.011241515103218806
2022-08-31,hrp,EXV7.DE,0.018320817525951272
2022-08-31,hrp,EXH7.DE,0.020885602700046066
2022-08-31,hrp,EXH8.DE,0.01909977669087951
2022-08-31,hrp,EXS1.DE,0.02734846213333614
2022-08-31,hrp,CAC.PA,0.01456004609732327
2022-08-31,hrp,EWI,0.014987503468609496
2022-08-31,hrp,EWP,0.01383564188507692
2022-08-31,hrp,EWN,0.014973773883261238
2022-08-31,hrp,EWL,0.03893286247242504
2022-08-31,hrp,SAP.DE,0.013868436968753754
2022-08-31,hrp,SIE.DE,0.008742965888011964
2022-08-31,hrp,BAS.DE,0.009300367738189113
2022-08-31,hrp,VOW3.DE,0.005922617317955365
2022-08-31,hrp,DTE.DE,0.03158404012078125
2022-08-31,hrp,ALV.DE,0.012817588678226476
2022-08-31,hrp,BMW.DE,0.013144537809964734
2022-08-31,hrp,MBG.DE,0.0053149038928442735
2022-08-31,hrp,MUV2.DE,0.008894651117557566
2022-08-31,hrp,MC.PA,0.012366148309656422
2022-08-31,hrp,TTE.PA,0.016304792137230593
2022-08-31,hrp,OR.PA,0.015659236706361313
2022-08-31,hrp,SAN.PA,0.030884590623034863
2022-08-31,hrp,BNP.PA,0.008988077119306747
2022-08-31,hrp,AIR.PA,0.004786222263669486
2022-08-31,hrp,SU.PA,0.010240871844916776
2022-08-31,hrp,CAP.PA,0.01229247885807813
2022-08-31,hrp,AI.PA,0.018902578232831115
2022-08-31,hrp,ASML.AS,0.013396084699814058
2022-08-31,hrp,PHIA.AS,0.022709135561956455
2022-08-31,hrp,INGA.AS,0.004488435232967788
2022-08-31,hrp,HEIA.AS,0.02650608631150432
2022-08-31,hrp,AD.AS,0.05819595786240179
2022-08-31,hrp,WKL.AS,0.03375014517729965
2022-08-31,hrp,SAN.MC,0.005642614228342558
2022-08-31,hrp,IBE.MC,0.018526792324533196
2022-08-31,hrp,ITX.MC,0.011401455019483024
2022-08-31,hrp,TEF.MC,0.012112409508598772
2022-08-31,hrp,ENG.MC,0.03704813161033347
2022-08-31,hrp,BBVA.MC,0.004814480191816816
2022-08-31,hrp,NESN.SW,0.05317086724193783
2022-08-31,hrp,NOVN.SW,0.04054394006837261
2022-08-31,hrp,UBSG.SW,0.00857175129037612
2022-08-31,hrp,RO.SW,0.02507172061772552
2022-08-31,hrp,ABBN.SW,0.01245065613297228
2022-08-31,hrp,CFR.SW,0.009183547251452949
2022-08-31,hrp,HOLN.SW,0.012453640926765586
2022-08-31,hrp,ENI.MI,0.010912585592726322
2022-08-31,hrp,ISP.MI,0.0073715973614741585
2022-08-31,hrp,UCG.MI,0.004513460487966073
2022-08-31,hrp,ENEL.MI,0.0149913459301256
2022-08-31,hrp,STMMI.MI,0.006051939926844422
2022-08-31,minimum_variance,EXV4.DE,0.022730489396303257
2022-08-31,minimum_variance,EXV2.DE,0.08813619728667159
2022-08-31,minimum_variance,EXH8.DE,0.02817250545771574
2022-08-31,minimum_variance,EWL,0.07454734705758291
2022-08-31,minimum_variance,SAN.PA,0.07597318431266245
2022-08-31,minimum_variance,HEIA.AS,0.059591147054481375
2022-08-31,minimum_variance,AD.AS,0.15
2022-08-31,minimum_variance,WKL.AS,0.08876593340999185
2022-08-31,minimum_variance,ENG.MC,0.0971055761443185
2022-08-31,minimum_variance,NESN.SW,0.15
2022-08-31,minimum_variance,NOVN.SW,0.11270941875108546
2022-08-31,minimum_variance,RO.SW,0.05226820112918678
2022-08-31,xgb,EXV3.DE,0.12438763865293298
2022-08-31,xgb,EWN,0.14999999999987526
2022-08-31,xgb,SAN.PA,0.14999999999995486
2022-08-31,xgb,ASML.AS,0.1500000000000169
2022-08-31,xgb,ENI.MI,0.14910769465887413
2022-08-31,xgb,UCG.MI,0.08119544264024144
2022-08-31,xgb,ENEL.MI,0.14999999999992564
2022-08-31,xgb,STMMI.MI,0.045309224048178796
2022-08-31,xgb_sentiment,EXV3.DE,0.14999999999999888
2022-08-31,xgb_sentiment,EWN,0.14999999999999689
2022-08-31,xgb_sentiment,SAN.PA,0.15000000000000097
2022-08-31,xgb_sentiment,ASML.AS,0.08399825962391683
2022-08-31,xgb_sentiment,PHIA.AS,0.13312508694370281
2022-08-31,xgb_sentiment,IBE.MC,0.1209815765407812
2022-08-31,xgb_sentiment,ENI.MI,0.1500000000000017
2022-08-31,xgb_sentiment,ISP.MI,0.06189507689160083
2022-08-31,equal_weight,EXSA.DE,0.017543859649122806
2022-08-31,equal_weight,EXV1.DE,0.017543859649122806
2022-08-31,equal_weight,EXV4.DE,0.017543859649122806
2022-08-31,equal_weight,EXV3.DE,0.017543859649122806
2022-08-31,equal_weight,EXV2.DE,0.017543859649122806
2022-08-31,equal_weight,EXV6.DE,0.017543859649122806
2022-08-31,equal_weight,EXV7.DE,0.017543859649122806
2022-08-31,equal_weight,EXH7.DE,0.017543859649122806
2022-08-31,equal_weight,EXH8.DE,0.017543859649122806
2022-08-31,equal_weight,EXS1.DE,0.017543859649122806
2022-08-31,equal_weight,CAC.PA,0.017543859649122806
2022-08-31,equal_weight,EWI,0.017543859649122806
2022-08-31,equal_weight,EWP,0.017543859649122806
2022-08-31,equal_weight,EWN,0.017543859649122806
2022-08-31,equal_weight,EWL,0.017543859649122806
2022-08-31,equal_weight,SAP.DE,0.017543859649122806
2022-08-31,equal_weight,SIE.DE,0.017543859649122806
2022-08-31,equal_weight,BAS.DE,0.017543859649122806
2022-08-31,equal_weight,VOW3.DE,0.017543859649122806
2022-08-31,equal_weight,DTE.DE,0.017543859649122806
2022-08-31,equal_weight,ALV.DE,0.017543859649122806
2022-08-31,equal_weight,BMW.DE,0.017543859649122806
2022-08-31,equal_weight,MBG.DE,0.017543859649122806
2022-08-31,equal_weight,MUV2.DE,0.017543859649122806
2022-08-31,equal_weight,MC.PA,0.017543859649122806
2022-08-31,equal_weight,TTE.PA,0.017543859649122806
2022-08-31,equal_weight,OR.PA,0.017543859649122806
2022-08-31,equal_weight,SAN.PA,0.017543859649122806
2022-08-31,equal_weight,BNP.PA,0.017543859649122806
2022-08-31,equal_weight,AIR.PA,0.017543859649122806
2022-08-31,equal_weight,SU.PA,0.017543859649122806
2022-08-31,equal_weight,CAP.PA,0.017543859649122806
2022-08-31,equal_weight,AI.PA,0.017543859649122806
2022-08-31,equal_weight,ASML.AS,0.017543859649122806
2022-08-31,equal_weight,PHIA.AS,0.017543859649122806
2022-08-31,equal_weight,INGA.AS,0.017543859649122806
2022-08-31,equal_weight,HEIA.AS,0.017543859649122806
2022-08-31,equal_weight,AD.AS,0.017543859649122806
2022-08-31,equal_weight,WKL.AS,0.017543859649122806
2022-08-31,equal_weight,SAN.MC,0.017543859649122806
2022-08-31,equal_weight,IBE.MC,0.017543859649122806
2022-08-31,equal_weight,ITX.MC,0.017543859649122806
2022-08-31,equal_weight,TEF.MC,0.017543859649122806
2022-08-31,equal_weight,ENG.MC,0.017543859649122806
2022-08-31,equal_weight,BBVA.MC,0.017543859649122806
2022-08-31,equal_weight,NESN.SW,0.017543859649122806
2022-08-31,equal_weight,NOVN.SW,0.017543859649122806
2022-08-31,equal_weight,UBSG.SW,0.017543859649122806
2022-08-31,equal_weight,RO.SW,0.017543859649122806
2022-08-31,equal_weight,ABBN.SW,0.017543859649122806
2022-08-31,equal_weight,CFR.SW,0.017543859649122806
2022-08-31,equal_weight,HOLN.SW,0.017543859649122806
2022-08-31,equal_weight,ENI.MI,0.017543859649122806
2022-08-31,equal_weight,ISP.MI,0.017543859649122806
2022-08-31,equal_weight,UCG.MI,0.017543859649122806
2022-08-31,equal_weight,ENEL.MI,0.017543859649122806
2022-08-31,equal_weight,STMMI.MI,0.017543859649122806
2022-09-30,markowitz,MC.PA,0.08046613096008448
2022-09-30,markowitz,CAP.PA,0.12354577440614198
2022-09-30,markowitz,ASML.AS,0.13643330793448605
2022-09-30,markowitz,AD.AS,0.14999999999998423
2022-09-30,markowitz,WKL.AS,0.14999999999998423
2022-09-30,markowitz,NESN.SW,0.0851100661601178
2022-09-30,markowitz,UBSG.SW,0.09488133574789517
2022-09-30,markowitz,RO.SW,0.14999999999998423
2022-09-30,markowitz,ABBN.SW,0.029563384791321777
2022-09-30,hrp,EXSA.DE,0.018279362031574826
2022-09-30,hrp,EXV1.DE,0.007369145200256011
2022-09-30,hrp,EXV4.DE,0.05796849710935371
2022-09-30,hrp,EXV3.DE,0.01187332277389789
2022-09-30,hrp,EXV2.DE,0.030076122019614154
2022-09-30,hrp,EXV6.DE,0.012036510381189457
2022-09-30,hrp,EXV7.DE,0.01744236615081298
2022-09-30,hrp,EXH7.DE,0.02007082040342821
2022-09-30,hrp,EXH8.DE,0.017929875656593517
2022-09-30,hrp,EXS1.DE,0.013535975211632039
2022-09-30,hrp,CAC.PA,0.017206106995581123
2022-09-30,hrp,EWI,0.011354609246115649
2022-09-30,hrp,EWP,0.012646892036818147
2022-09-30,hrp,EWN,0.024229192414728568
2022-09-30,hrp,EWL,0.026787779118879692
2022-09-30,hrp,SAP.DE,0.012949255842219292
2022-09-30,hrp,SIE.DE,0.008569880837896476
2022-09-30,hrp,BAS.DE,0.009010066436204668
2022-09-30,hrp,VOW3.DE,0.004873679290038273
2022-09-30,hrp,DTE.DE,0.01904748427908543
2022-09-30,hrp,ALV.DE,0.0105842485288363
2022-09-30,hrp,BMW.DE,0.007136962071661934
2022-09-30,hrp,MBG.DE,0.00962973751224606
2022-09-30,hrp,MUV2.DE,0.009812399214336265
2022-09-30,hrp,MC.PA,0.010501710517586416
2022-09-30,hrp,TTE.PA,0.009819519411617354
2022-09-30,hrp,OR.PA,0.025789859049462363
2022-09-30,hrp,SAN.PA,0.03413672666852667
2022-09-30,hrp,BNP.PA,0.0047161198388359716
2022-09-30,hrp,AIR.PA,0.005142245512240093
2022-09-30,hrp,SU.PA,0.011358392744904166
2022-09-30,hrp,CAP.PA,0.011688190641298253
2022-09-30,hrp,AI.PA,0.031188383300510034
2022-09-30,hrp,ASML.AS,0.00646739551286857
2022-09-30,hrp,PHIA.AS,0.02286352207905771
2022-09-30,hrp,INGA.AS,0.004084380001564075
2022-09-30,hrp,HEIA.AS,0.027956827714480728
2022-09-30,hrp,AD.AS,0.05742313860156059
2022-09-30,hrp,WKL.AS,0.031632404954523644
2022-09-30,hrp,SAN.MC,0.004558221578854796
2022-09-30,hrp,IBE.MC,0.028761984232376588
2022-09-30,hrp,ITX.MC,0.01522927093234386
2022-09-30,hrp,TEF.MC,0.011118684444593826
2022-09-30,hrp,ENG.MC,0.03667920782804219
2022-09-30,hrp,BBVA.MC,0.004573837458764094
2022-09-30,hrp,NESN.SW,0.051033340346093456
2022-09-30,hrp,NOVN.SW,0.04040732725066501
2022-09-30,hrp,UBSG.SW,0.00911550269841687
2022-09-30,hrp,RO.SW,0.03305117147429493
2022-09-30,hrp,ABBN.SW,0.012997055901662457
2022-09-30,hrp,CFR.SW,0.011012974332267143
2022-09-30,hrp,HOLN.SW,0.012715045499216818
2022-09-30,hrp,ENI.MI,0.009958146409332463
2022-09-30,hrp,ISP.MI,0.007103213663517529
2022-09-30,hrp,UCG.MI,0.004638113803065447
2022-09-30,hrp,ENEL.MI,0.015844575488841727
2022-09-30,hrp,STMMI.MI,0.006013219345613537
2022-09-30,minimum_variance,EXV4.DE,0.026688064660556062
2022-09-30,minimum_variance,EXV2.DE,0.07963946413289724
2022-09-30,minimum_variance,EXH8.DE,0.019232111100557434
2022-09-30,minimum_variance,EWL,0.07137238368438568
2022-09-30,minimum_variance,SAN.PA,0.0811031500008575
2022-09-30,minimum_variance,HEIA.AS,0.06280103745732976
2022-09-30,minimum_variance,AD.AS,0.14999999999999997
2022-09-30,minimum_variance,WKL.AS,0.10116143946697749
2022-09-30,minimum_variance,ENG.MC,0.09663582164958436
2022-09-30,minimum_variance,NESN.SW,0.14999999999999997
2022-09-30,minimum_variance,NOVN.SW,0.11076966202755081
2022-09-30,minimum_variance,RO.SW,0.0505968658193037
2022-09-30,xgb,EXV2.DE,0.15000000000000674
2022-09-30,xgb,EWI,0.15000000000000674
2022-09-30,xgb,EWN,0.15000000000000674
2022-09-30,xgb,VOW3.DE,0.0985005681981346
2022-09-30,xgb,MBG.DE,0.02766609029610944
2022-09-30,xgb,CAP.PA,0.08253850490384111
2022-09-30,xgb,PHIA.AS,0.15000000000000674
2022-09-30,xgb,AD.AS,0.028714919450309722
2022-09-30,xgb,ENG.MC,0.15000000000000674
2022-09-30,xgb,STMMI.MI,0.012579917151571519
2022-09-30,xgb_sentiment,EXV2.DE,0.149999999999983
2022-09-30,xgb_sentiment,EWI,0.149999999999983
2022-09-30,xgb_sentiment,EWN,0.149999999999983
2022-09-30,xgb_sentiment,VOW3.DE,0.12207687429992634
2022-09-30,xgb_sentiment,SAN.PA,0.02921066233372875
2022-09-30,xgb_sentiment,PHIA.AS,0.149999999999983
2022-09-30,xgb_sentiment,AD.AS,0.09871246336642968
2022-09-30,xgb_sentiment,ENG.MC,0.149999999999983
2022-09-30,equal_weight,EXSA.DE,0.017543859649122806
2022-09-30,equal_weight,EXV1.DE,0.017543859649122806
2022-09-30,equal_weight,EXV4.DE,0.017543859649122806
2022-09-30,equal_weight,EXV3.DE,0.017543859649122806
2022-09-30,equal_weight,EXV2.DE,0.017543859649122806
2022-09-30,equal_weight,EXV6.DE,0.017543859649122806
2022-09-30,equal_weight,EXV7.DE,0.017543859649122806
2022-09-30,equal_weight,EXH7.DE,0.017543859649122806
2022-09-30,equal_weight,EXH8.DE,0.017543859649122806
2022-09-30,equal_weight,EXS1.DE,0.017543859649122806
2022-09-30,equal_weight,CAC.PA,0.017543859649122806
2022-09-30,equal_weight,EWI,0.017543859649122806
2022-09-30,equal_weight,EWP,0.017543859649122806
2022-09-30,equal_weight,EWN,0.017543859649122806
2022-09-30,equal_weight,EWL,0.017543859649122806
2022-09-30,equal_weight,SAP.DE,0.017543859649122806
2022-09-30,equal_weight,SIE.DE,0.017543859649122806
2022-09-30,equal_weight,BAS.DE,0.017543859649122806
2022-09-30,equal_weight,VOW3.DE,0.017543859649122806
2022-09-30,equal_weight,DTE.DE,0.017543859649122806
2022-09-30,equal_weight,ALV.DE,0.017543859649122806
2022-09-30,equal_weight,BMW.DE,0.017543859649122806
2022-09-30,equal_weight,MBG.DE,0.017543859649122806
2022-09-30,equal_weight,MUV2.DE,0.017543859649122806
2022-09-30,equal_weight,MC.PA,0.017543859649122806
2022-09-30,equal_weight,TTE.PA,0.017543859649122806
2022-09-30,equal_weight,OR.PA,0.017543859649122806
2022-09-30,equal_weight,SAN.PA,0.017543859649122806
2022-09-30,equal_weight,BNP.PA,0.017543859649122806
2022-09-30,equal_weight,AIR.PA,0.017543859649122806
2022-09-30,equal_weight,SU.PA,0.017543859649122806
2022-09-30,equal_weight,CAP.PA,0.017543859649122806
2022-09-30,equal_weight,AI.PA,0.017543859649122806
2022-09-30,equal_weight,ASML.AS,0.017543859649122806
2022-09-30,equal_weight,PHIA.AS,0.017543859649122806
2022-09-30,equal_weight,INGA.AS,0.017543859649122806
2022-09-30,equal_weight,HEIA.AS,0.017543859649122806
2022-09-30,equal_weight,AD.AS,0.017543859649122806
2022-09-30,equal_weight,WKL.AS,0.017543859649122806
2022-09-30,equal_weight,SAN.MC,0.017543859649122806
2022-09-30,equal_weight,IBE.MC,0.017543859649122806
2022-09-30,equal_weight,ITX.MC,0.017543859649122806
2022-09-30,equal_weight,TEF.MC,0.017543859649122806
2022-09-30,equal_weight,ENG.MC,0.017543859649122806
2022-09-30,equal_weight,BBVA.MC,0.017543859649122806
2022-09-30,equal_weight,NESN.SW,0.017543859649122806
2022-09-30,equal_weight,NOVN.SW,0.017543859649122806
2022-09-30,equal_weight,UBSG.SW,0.017543859649122806
2022-09-30,equal_weight,RO.SW,0.017543859649122806
2022-09-30,equal_weight,ABBN.SW,0.017543859649122806
2022-09-30,equal_weight,CFR.SW,0.017543859649122806
2022-09-30,equal_weight,HOLN.SW,0.017543859649122806
2022-09-30,equal_weight,ENI.MI,0.017543859649122806
2022-09-30,equal_weight,ISP.MI,0.017543859649122806
2022-09-30,equal_weight,UCG.MI,0.017543859649122806
2022-09-30,equal_weight,ENEL.MI,0.017543859649122806
2022-09-30,equal_weight,STMMI.MI,0.017543859649122806
2022-10-31,markowitz,DTE.DE,0.049589120017803905
2022-10-31,markowitz,MC.PA,0.044309026618992796
2022-10-31,markowitz,TTE.PA,0.04289672643003163
2022-10-31,markowitz,CAP.PA,0.036485150664667315
2022-10-31,markowitz,ASML.AS,0.150000000000063
2022-10-31,markowitz,AD.AS,0.14999999999981134
2022-10-31,markowitz,WKL.AS,0.1500000000000254
2022-10-31,markowitz,NESN.SW,0.07451238196153386
2022-10-31,markowitz,UBSG.SW,0.06304972022325649
2022-10-31,markowitz,RO.SW,0.15000000000001495
2022-10-31,markowitz,ABBN.SW,0.08915787408379931
2022-10-31,hrp,EXSA.DE,0.018336894859909112
2022-10-31,hrp,EXV1.DE,0.0074147683752041425
2022-10-31,hrp,EXV4.DE,0.056800075090944764
2022-10-31,hrp,EXV3.DE,0.011886065960423554
2022-10-31,hrp,EXV2.DE,0.02911012417089341
2022-10-31,hrp,EXV6.DE,0.011873713408293076
2022-10-31,hrp,EXV7.DE,0.017455760429153314
2022-10-31,hrp,EXH7.DE,0.020092429865729445
2022-10-31,hrp,EXH8.DE,0.01688781177361217
2022-10-31,hrp,EXS1.DE,0.01358707654413
2022-10-31,hrp,CAC.PA,0.017157928525023538
2022-10-31,hrp,EWI,0.011869741858870289
2022-10-31,hrp,EWP,0.01173147920910543
2022-10-31,hrp,EWN,0.012539448132195527
2022-10-31,hrp,EWL,0.04170948785074288
2022-10-31,hrp,SAP.DE,0.012523941062426193
2022-10-31,hrp,SIE.DE,0.008641571344636825
2022-10-31,hrp,BAS.DE,0.008543792200950778
2022-10-31,hrp,VOW3.DE,0.00501714327254665
2022-10-31,hrp,DTE.DE,0.01857044110355291
2022-10-31,hrp,ALV.DE,0.010773480099372202
2022-10-31,hrp,BMW.DE,0.00737164084860668
2022-10-31,hrp,MBG.DE,0.009737314989580016
2022-10-31,hrp,MUV2.DE,0.00984710986246721
2022-10-31,hrp,MC.PA,0.010435850486523795
2022-10-31,hrp,TTE.PA,0.009869586950077905
2022-10-31,hrp,OR.PA,0.0162554408106009
2022-10-31,hrp,SAN.PA,0.03471774427960014
2022-10-31,hrp,BNP.PA,0.0047658971560098125
2022-10-31,hrp,AIR.PA,0.005050853792370137
2022-10-31,hrp,SU.PA,0.011233070864822925
2022-10-31,hrp,CAP.PA,0.015084668157296309
2022-10-31,hrp,AI.PA,0.030405910948529017
2022-10-31,hrp,ASML.AS,0.006699513164425434
2022-10-31,hrp,PHIA.AS,0.02140767994356161
2022-10-31,hrp,INGA.AS,0.004116139376064328
2022-10-31,hrp,HEIA.AS,0.027418840604147923
2022-10-31,hrp,AD.AS,0.05854008540218264
2022-10-31,hrp,WKL.AS,0.031291021876377424
2022-10-31,hrp,SAN.MC,0.004580493104097443
2022-10-31,hrp,IBE.MC,0.028972935450827703
2022-10-31,hrp,ITX.MC,0.014659336141045878
2022-10-31,hrp,TEF.MC,0.014635200222305257
2022-10-31,hrp,ENG.MC,0.03680559066807971
2022-10-31,hrp,BBVA.MC,0.00461519776532086
2022-10-31,hrp,NESN.SW,0.05138318066656771
2022-10-31,hrp,NOVN.SW,0.04005929508726453
2022-10-31,hrp,UBSG.SW,0.00979294873113843
2022-10-31,hrp,RO.SW,0.029339751396561354
2022-10-31,hrp,ABBN.SW,0.013472706534409667
2022-10-31,hrp,CFR.SW,0.011845906337550755
2022-10-31,hrp,HOLN.SW,0.020956707514821708
2022-10-31,hrp,ENI.MI,0.00859713130355578
2022-10-31,hrp,ISP.MI,0.007126101367581111
2022-10-31,hrp,UCG.MI,0.004705621120354562
2022-10-31,hrp,ENEL.MI,0.015701486783436382
2022-10-31,hrp,STMMI.MI,0.005978865154120775
2022-10-31,minimum_variance,EXV4.DE,0.027432195143918342
2022-10-31,minimum_variance,EXV2.DE,0.07257770681364574
2022-10-31,minimum_variance,EXH8.DE,0.01601632490469541
2022-10-31,minimum_variance,EWL,0.06723799647833227
2022-10-31,minimum_variance,SAN.PA,0.0854129040688873
2022-10-31,minimum_variance,HEIA.AS,0.06231194760962777
2022-10-31,minimum_variance,AD.AS,0.14999999999999994
2022-10-31,minimum_variance,WKL.AS,0.09899870203594587
2022-10-31,minimum_variance,ENG.MC,0.10006200483405434
2022-10-31,minimum_variance,NESN.SW,0.1499999999999999
2022-10-31,minimum_variance,NOVN.SW,0.11861570335654441
2022-10-31,minimum_variance,RO.SW,0.05133451475434863
2022-10-31,xgb,OR.PA,0.15000000000000885
2022-10-31,xgb,SU.PA,0.15000000000000885
2022-10-31,xgb,CAP.PA,0.15000000000000885
2022-10-31,xgb,PHIA.AS,0.15000000000000885
2022-10-31,xgb,HEIA.AS,0.15000000000000885
2022-10-31,xgb,UCG.MI,0.11587821472231442
2022-10-31,xgb,STMMI.MI,0.13412178527764132
2022-10-31,xgb_sentiment,OR.PA,0.15000000000041006
2022-10-31,xgb_sentiment,SU.PA,0.15000000000041006
2022-10-31,xgb_sentiment,CAP.PA,0.15000000000041006
2022-10-31,xgb_sentiment,PHIA.AS,0.15000000000041006
2022-10-31,xgb_sentiment,HEIA.AS,0.15000000000041006
2022-10-31,xgb_sentiment,NESN.SW,0.07008828088233819
2022-10-31,xgb_sentiment,CFR.SW,0.029911719115201442
2022-10-31,xgb_sentiment,STMMI.MI,0.15000000000041006
2022-10-31,equal_weight,EXSA.DE,0.017543859649122806
2022-10-31,equal_weight,EXV1.DE,0.017543859649122806
2022-10-31,equal_weight,EXV4.DE,0.017543859649122806
2022-10-31,equal_weight,EXV3.DE,0.017543859649122806
2022-10-31,equal_weight,EXV2.DE,0.017543859649122806
2022-10-31,equal_weight,EXV6.DE,0.017543859649122806
2022-10-31,equal_weight,EXV7.DE,0.017543859649122806
2022-10-31,equal_weight,EXH7.DE,0.017543859649122806
2022-10-31,equal_weight,EXH8.DE,0.017543859649122806
2022-10-31,equal_weight,EXS1.DE,0.017543859649122806
2022-10-31,equal_weight,CAC.PA,0.017543859649122806
2022-10-31,equal_weight,EWI,0.017543859649122806
2022-10-31,equal_weight,EWP,0.017543859649122806
2022-10-31,equal_weight,EWN,0.017543859649122806
2022-10-31,equal_weight,EWL,0.017543859649122806
2022-10-31,equal_weight,SAP.DE,0.017543859649122806
2022-10-31,equal_weight,SIE.DE,0.017543859649122806
2022-10-31,equal_weight,BAS.DE,0.017543859649122806
2022-10-31,equal_weight,VOW3.DE,0.017543859649122806
2022-10-31,equal_weight,DTE.DE,0.017543859649122806
2022-10-31,equal_weight,ALV.DE,0.017543859649122806
2022-10-31,equal_weight,BMW.DE,0.017543859649122806
2022-10-31,equal_weight,MBG.DE,0.017543859649122806
2022-10-31,equal_weight,MUV2.DE,0.017543859649122806
2022-10-31,equal_weight,MC.PA,0.017543859649122806
2022-10-31,equal_weight,TTE.PA,0.017543859649122806
2022-10-31,equal_weight,OR.PA,0.017543859649122806
2022-10-31,equal_weight,SAN.PA,0.017543859649122806
2022-10-31,equal_weight,BNP.PA,0.017543859649122806
2022-10-31,equal_weight,AIR.PA,0.017543859649122806
2022-10-31,equal_weight,SU.PA,0.017543859649122806
2022-10-31,equal_weight,CAP.PA,0.017543859649122806
2022-10-31,equal_weight,AI.PA,0.017543859649122806
2022-10-31,equal_weight,ASML.AS,0.017543859649122806
2022-10-31,equal_weight,PHIA.AS,0.017543859649122806
2022-10-31,equal_weight,INGA.AS,0.017543859649122806
2022-10-31,equal_weight,HEIA.AS,0.017543859649122806
2022-10-31,equal_weight,AD.AS,0.017543859649122806
2022-10-31,equal_weight,WKL.AS,0.017543859649122806
2022-10-31,equal_weight,SAN.MC,0.017543859649122806
2022-10-31,equal_weight,IBE.MC,0.017543859649122806
2022-10-31,equal_weight,ITX.MC,0.017543859649122806
2022-10-31,equal_weight,TEF.MC,0.017543859649122806
2022-10-31,equal_weight,ENG.MC,0.017543859649122806
2022-10-31,equal_weight,BBVA.MC,0.017543859649122806
2022-10-31,equal_weight,NESN.SW,0.017543859649122806
2022-10-31,equal_weight,NOVN.SW,0.017543859649122806
2022-10-31,equal_weight,UBSG.SW,0.017543859649122806
2022-10-31,equal_weight,RO.SW,0.017543859649122806
2022-10-31,equal_weight,ABBN.SW,0.017543859649122806
2022-10-31,equal_weight,CFR.SW,0.017543859649122806
2022-10-31,equal_weight,HOLN.SW,0.017543859649122806
2022-10-31,equal_weight,ENI.MI,0.017543859649122806
2022-10-31,equal_weight,ISP.MI,0.017543859649122806
2022-10-31,equal_weight,UCG.MI,0.017543859649122806
2022-10-31,equal_weight,ENEL.MI,0.017543859649122806
2022-10-31,equal_weight,STMMI.MI,0.017543859649122806
2022-11-30,markowitz,DTE.DE,0.06684846175314134
2022-11-30,markowitz,MBG.DE,0.009866272424394047
2022-11-30,markowitz,MC.PA,0.04238922305875194
2022-11-30,markowitz,TTE.PA,0.04770855714591081
2022-11-30,markowitz,ASML.AS,0.15000000000000047
2022-11-30,markowitz,AD.AS,0.14999999999999813
2022-11-30,markowitz,WKL.AS,0.15000000000000038
2022-11-30,markowitz,NESN.SW,0.049234134192706745
2022-11-30,markowitz,UBSG.SW,0.05651825445051813
2022-11-30,markowitz,RO.SW,0.15000000000000047
2022-11-30,markowitz,CFR.SW,0.12743509697457747
2022-11-30,hrp,EXSA.DE,0.018516581738253667
2022-11-30,hrp,EXV1.DE,0.007793059406501204
2022-11-30,hrp,EXV4.DE,0.038822518678418454
2022-11-30,hrp,EXV3.DE,0.012011374028424091
2022-11-30,hrp,EXV2.DE,0.035055436511395165
2022-11-30,hrp,EXV6.DE,0.013740474921731688
2022-11-30,hrp,EXV7.DE,0.016779578117003004
2022-11-30,hrp,EXH7.DE,0.023744344288838315
2022-11-30,hrp,EXH8.DE,0.020010385205763623
2022-11-30,hrp,EXS1.DE,0.013916605370072914
2022-11-30,hrp,CAC.PA,0.014309945889487013
2022-11-30,hrp,EWI,0.011665336625118298
2022-11-30,hrp,EWP,0.011555744917173294
2022-11-30,hrp,EWN,0.011905578247223917
2022-11-30,hrp,EWL,0.04014999581272133
2022-11-30,hrp,SAP.DE,0.014938565800929261
2022-11-30,hrp,SIE.DE,0.008458035250893517
2022-11-30,hrp,BAS.DE,0.008774224627304462
2022-11-30,hrp,VOW3.DE,0.005502814796911015
2022-11-30,hrp,DTE.DE,0.0224150516720452
2022-11-30,hrp,ALV.DE,0.017366759909953823
2022-11-30,hrp,BMW.DE,0.008057529221521201
2022-11-30,hrp,MBG.DE,0.00968936951431325
2022-11-30,hrp,MUV2.DE,0.00997064849278299
2022-11-30,hrp,MC.PA,0.010441349636275516
2022-11-30,hrp,TTE.PA,0.00988543949100717
2022-11-30,hrp,OR.PA,0.017482086604622388
2022-11-30,hrp,SAN.PA,0.03532989772714768
2022-11-30,hrp,BNP.PA,0.004990510456401443
2022-11-30,hrp,AIR.PA,0.005951039252765152
2022-11-30,hrp,SU.PA,0.011317089477177047
2022-11-30,hrp,CAP.PA,0.012046897017270098
2022-11-30,hrp,AI.PA,0.018265608971015812
2022-11-30,hrp,ASML.AS,0.007577548983767531
2022-11-30,hrp,PHIA.AS,0.020916155332168056
2022-11-30,hrp,INGA.AS,0.004287422254014322
2022-11-30,hrp,HEIA.AS,0.027611172836343633
2022-11-30,hrp,AD.AS,0.059415291930752644
2022-11-30,hrp,WKL.AS,0.030551496381762886
2022-11-30,hrp,SAN.MC,0.004801476135501131
2022-11-30,hrp,IBE.MC,0.029358180618136127
2022-11-30,hrp,ITX.MC,0.012108759413190551
2022-11-30,hrp,TEF.MC,0.015200968639640992
2022-11-30,hrp,ENG.MC,0.03770398069300997
2022-11-30,hrp,BBVA.MC,0.004902327654035792
2022-11-30,hrp,NESN.SW,0.05217448489261526
2022-11-30,hrp,NOVN.SW,0.036915094318605776
2022-11-30,hrp,UBSG.SW,0.008122154246466704
2022-11-30,hrp,RO.SW,0.034779756554055914
2022-11-30,hrp,ABBN.SW,0.012082830811354348
2022-11-30,hrp,CFR.SW,0.01591522116626029
2022-11-30,hrp,HOLN.SW,0.020194261027058198
2022-11-30,hrp,ENI.MI,0.008567698524369836
2022-11-30,hrp,ISP.MI,0.007502446683739342
2022-11-30,hrp,UCG.MI,0.005662409613565693
2022-11-30,hrp,ENEL.MI,0.015779436239903986
2022-11-30,hrp,STMMI.MI,0.007009547371217983
2022-11-30,minimum_variance,EXV4.DE,0.01394081183324691
2022-11-30,minimum_variance,EXV2.DE,0.07035013663557528
2022-11-30,minimum_variance,EXH7.DE,0.021054993104940998
2022-11-30,minimum_variance,EXH8.DE,0.016218911298812498
2022-11-30,minimum_variance,EWL,0.06281426036800132
2022-11-30,minimum_variance,SAN.PA,0.08422659352692698
2022-11-30,minimum_variance,HEIA.AS,0.06234904710053546
2022-11-30,minimum_variance,AD.AS,0.15
2022-11-30,minimum_variance,WKL.AS,0.0880532500193924
2022-11-30,minimum_variance,ENG.MC,0.1018840846750482
2022-11-30,minimum_variance,NESN.SW,0.15
2022-11-30,minimum_variance,NOVN.SW,0.10832854215634986
2022-11-30,minimum_variance,RO.SW,0.07077936928117007
2022-11-30,xgb,EWI,0.14999999999998787
2022-11-30,xgb,EWN,0.14999999999998787
2022-11-30,xgb,EWL,0.14999999999998787
2022-11-30,xgb,CAP.PA,0.041908773126050916
2022-11-30,xgb,ASML.AS,0.14999999999998787
2022-11-30,xgb,PHIA.AS,0.14999999999998787
2022-11-30,xgb,AD.AS,0.022512290630100917
2022-11-30,xgb,RO.SW,0.14999999999998787
2022-11-30,xgb,UCG.MI,0.03557893624392093
2022-11-30,xgb_sentiment,EWI,0.10396456261428082
2022-11-30,xgb_sentiment,EWN,0.15000000000000008
2022-11-30,xgb_sentiment,EWL,0.15000000000000005
2022-11-30,xgb_sentiment,SAN.PA,0.14603543738571945
2022-11-30,xgb_sentiment,ASML.AS,0.1499999999999994
2022-11-30,xgb_sentiment,PHIA.AS,0.15000000000000008
2022-11-30,xgb_sentiment,IBE.MC,0.15000000000000008
2022-11-30,equal_weight,EXSA.DE,0.017543859649122806
2022-11-30,equal_weight,EXV1.DE,0.017543859649122806
2022-11-30,equal_weight,EXV4.DE,0.017543859649122806
2022-11-30,equal_weight,EXV3.DE,0.017543859649122806
2022-11-30,equal_weight,EXV2.DE,0.017543859649122806
2022-11-30,equal_weight,EXV6.DE,0.017543859649122806
2022-11-30,equal_weight,EXV7.DE,0.017543859649122806
2022-11-30,equal_weight,EXH7.DE,0.017543859649122806
2022-11-30,equal_weight,EXH8.DE,0.017543859649122806
2022-11-30,equal_weight,EXS1.DE,0.017543859649122806
2022-11-30,equal_weight,CAC.PA,0.017543859649122806
2022-11-30,equal_weight,EWI,0.017543859649122806
2022-11-30,equal_weight,EWP,0.017543859649122806
2022-11-30,equal_weight,EWN,0.017543859649122806
2022-11-30,equal_weight,EWL,0.017543859649122806
2022-11-30,equal_weight,SAP.DE,0.017543859649122806
2022-11-30,equal_weight,SIE.DE,0.017543859649122806
2022-11-30,equal_weight,BAS.DE,0.017543859649122806
2022-11-30,equal_weight,VOW3.DE,0.017543859649122806
2022-11-30,equal_weight,DTE.DE,0.017543859649122806
2022-11-30,equal_weight,ALV.DE,0.017543859649122806
2022-11-30,equal_weight,BMW.DE,0.017543859649122806
2022-11-30,equal_weight,MBG.DE,0.017543859649122806
2022-11-30,equal_weight,MUV2.DE,0.017543859649122806
2022-11-30,equal_weight,MC.PA,0.017543859649122806
2022-11-30,equal_weight,TTE.PA,0.017543859649122806
2022-11-30,equal_weight,OR.PA,0.017543859649122806
2022-11-30,equal_weight,SAN.PA,0.017543859649122806
2022-11-30,equal_weight,BNP.PA,0.017543859649122806
2022-11-30,equal_weight,AIR.PA,0.017543859649122806
2022-11-30,equal_weight,SU.PA,0.017543859649122806
2022-11-30,equal_weight,CAP.PA,0.017543859649122806
2022-11-30,equal_weight,AI.PA,0.017543859649122806
2022-11-30,equal_weight,ASML.AS,0.017543859649122806
2022-11-30,equal_weight,PHIA.AS,0.017543859649122806
2022-11-30,equal_weight,INGA.AS,0.017543859649122806
2022-11-30,equal_weight,HEIA.AS,0.017543859649122806
2022-11-30,equal_weight,AD.AS,0.017543859649122806
2022-11-30,equal_weight,WKL.AS,0.017543859649122806
2022-11-30,equal_weight,SAN.MC,0.017543859649122806
2022-11-30,equal_weight,IBE.MC,0.017543859649122806
2022-11-30,equal_weight,ITX.MC,0.017543859649122806
2022-11-30,equal_weight,TEF.MC,0.017543859649122806
2022-11-30,equal_weight,ENG.MC,0.017543859649122806
2022-11-30,equal_weight,BBVA.MC,0.017543859649122806
2022-11-30,equal_weight,NESN.SW,0.017543859649122806
2022-11-30,equal_weight,NOVN.SW,0.017543859649122806
2022-11-30,equal_weight,UBSG.SW,0.017543859649122806
2022-11-30,equal_weight,RO.SW,0.017543859649122806
2022-11-30,equal_weight,ABBN.SW,0.017543859649122806
2022-11-30,equal_weight,CFR.SW,0.017543859649122806
2022-11-30,equal_weight,HOLN.SW,0.017543859649122806
2022-11-30,equal_weight,ENI.MI,0.017543859649122806
2022-11-30,equal_weight,ISP.MI,0.017543859649122806
2022-11-30,equal_weight,UCG.MI,0.017543859649122806
2022-11-30,equal_weight,ENEL.MI,0.017543859649122806
2022-11-30,equal_weight,STMMI.MI,0.017543859649122806
2022-12-30,markowitz,EXV6.DE,0.011993575867269563
2022-12-30,markowitz,MBG.DE,0.10428604209670603
2022-12-30,markowitz,MC.PA,0.006800496752695231
2022-12-30,markowitz,TTE.PA,0.07908901675230028
2022-12-30,markowitz,ASML.AS,0.15000000000000327
2022-12-30,markowitz,AD.AS,0.15000000000000327
2022-12-30,markowitz,WKL.AS,0.15000000000000327
2022-12-30,markowitz,UBSG.SW,0.04783086853101267
2022-12-30,markowitz,RO.SW,0.15000000000000327
2022-12-30,markowitz,CFR.SW,0.15000000000000327
2022-12-30,hrp,EXSA.DE,0.01850662144526408
2022-12-30,hrp,EXV1.DE,0.008373309392233151
2022-12-30,hrp,EXV4.DE,0.03902527893749593
2022-12-30,hrp,EXV3.DE,0.01196690897497839
2022-12-30,hrp,EXV2.DE,0.034110532564272274
2022-12-30,hrp,EXV6.DE,0.013553656754374827
2022-12-30,hrp,EXV7.DE,0.016828864359080913
2022-12-30,hrp,EXH7.DE,0.023763708331949754
2022-12-30,hrp,EXH8.DE,0.019401422508999233
2022-12-30,hrp,EXS1.DE,0.013972049072954948
2022-12-30,hrp,CAC.PA,0.014336359329838051
2022-12-30,hrp,EWI,0.011650844478303658
2022-12-30,hrp,EWP,0.011588036124059741
2022-12-30,hrp,EWN,0.011827606582377762
2022-12-30,hrp,EWL,0.039650976164699876
2022-12-30,hrp,SAP.DE,0.01473093661497595
2022-12-30,hrp,SIE.DE,0.008496426434452267
2022-12-30,hrp,BAS.DE,0.008859004278393595
2022-12-30,hrp,VOW3.DE,0.005426095782527781
2022-12-30,hrp,DTE.DE,0.02212342607480776
2022-12-30,hrp,ALV.DE,0.010261355489346577
2022-12-30,hrp,BMW.DE,0.007986767881674314
2022-12-30,hrp,MBG.DE,0.009760344101913607
2022-12-30,hrp,MUV2.DE,0.010925738297366833
2022-12-30,hrp,MC.PA,0.010534528242162885
2022-12-30,hrp,TTE.PA,0.009883413552868944
2022-12-30,hrp,OR.PA,0.017345639704578482
2022-12-30,hrp,SAN.PA,0.031823191257153875
2022-12-30,hrp,BNP.PA,0.005750922663326013
2022-12-30,hrp,AIR.PA,0.005867251636381608
2022-12-30,hrp,SU.PA,0.010923191952517182
2022-12-30,hrp,CAP.PA,0.01884683365076356
2022-12-30,hrp,AI.PA,0.0183269611039753
2022-12-30,hrp,ASML.AS,0.0075806210071224026
2022-12-30,hrp,PHIA.AS,0.02016946974761192
2022-12-30,hrp,INGA.AS,0.005056271346862451
2022-12-30,hrp,HEIA.AS,0.026761810465256414
2022-12-30,hrp,AD.AS,0.06012737932282716
2022-12-30,hrp,WKL.AS,0.03318661165395407
2022-12-30,hrp,SAN.MC,0.0049488597908015405
2022-12-30,hrp,IBE.MC,0.0296702371118086
2022-12-30,hrp,ITX.MC,0.014183384418506468
2022-12-30,hrp,TEF.MC,0.015221171467513844
2022-12-30,hrp,ENG.MC,0.03735894681338411
2022-12-30,hrp,BBVA.MC,0.009515279098090676
2022-12-30,hrp,NESN.SW,0.05347392880550956
2022-12-30,hrp,NOVN.SW,0.03526264415301524
2022-12-30,hrp,UBSG.SW,0.008203350466092166
2022-12-30,hrp,RO.SW,0.034630442256579685
2022-12-30,hrp,ABBN.SW,0.012171525732690407
2022-12-30,hrp,CFR.SW,0.011074217710345788
2022-12-30,hrp,HOLN.SW,0.020416155208698508
2022-12-30,hrp,ENI.MI,0.008523258523592661
2022-12-30,hrp,ISP.MI,0.008096791906441985
2022-12-30,hrp,UCG.MI,0.005763372760021694
2022-12-30,hrp,ENEL.MI,0.01587807859028402
2022-12-30,hrp,STMMI.MI,0.006297987902919522
2022-12-30,minimum_variance,EXV4.DE,0.008406584774222662
2022-12-30,minimum_variance,EXV2.DE,0.06970644680907595
2022-12-30,minimum_variance,EXH7.DE,0.028793531125037804
2022-12-30,minimum_variance,EXH8.DE,0.008478128651690037
2022-12-30,minimum_variance,EWL,0.058261779094568394
2022-12-30,minimum_variance,SAN.PA,0.082300740066019
2022-12-30,minimum_variance,HEIA.AS,0.06614518828878392
2022-12-30,minimum_variance,AD.AS,0.15000000000000002
2022-12-30,minimum_variance,WKL.AS,0.0882784006797005
2022-12-30,minimum_variance,ENG.MC,0.099086229570492
2022-12-30,minimum_variance,NESN.SW,0.15000000000000002
2022-12-30,minimum_variance,NOVN.SW,0.11354760011753044
2022-12-30,minimum_variance,RO.SW,0.07699537082287931
2022-12-30,xgb,EXV3.DE,0.12320340894369966
2022-12-30,xgb,MUV2.DE,0.14559470514469303
2022-12-30,xgb,CAP.PA,0.15000000000001504
2022-12-30,xgb,ASML.AS,0.1500000000000187
2022-12-30,xgb,ENG.MC,0.1500000000000006
2022-12-30,xgb,NESN.SW,0.12013419182123651
2022-12-30,xgb,RO.SW,0.011067694090320155
2022-12-30,xgb,STMMI.MI,0.1500000000000163
2022-12-30,xgb_sentiment,EXV3.DE,0.10511340978787805
2022-12-30,xgb_sentiment,CAP.PA,0.1499999999999901
2022-12-30,xgb_sentiment,ASML.AS,0.1499999999999901
2022-12-30,xgb_sentiment,INGA.AS,0.049778010711194025
2022-12-30,xgb_sentiment,AD.AS,0.11288023228362817
2022-12-30,xgb_sentiment,IBE.MC,0.1499999999999901
2022-12-30,xgb_sentiment,ENG.MC,0.1499999999999901
2022-12-30,xgb_sentiment,NESN.SW,0.03678235393128269
2022-12-30,xgb_sentiment,ENI.MI,0.006569298097262777
2022-12-30,xgb_sentiment,STMMI.MI,0.08887669518879383
2022-12-30,equal_weight,EXSA.DE,0.017543859649122806
2022-12-30,equal_weight,EXV1.DE,0.017543859649122806
2022-12-30,equal_weight,EXV4.DE,0.017543859649122806
2022-12-30,equal_weight,EXV3.DE,0.017543859649122806
2022-12-30,equal_weight,EXV2.DE,0.017543859649122806
2022-12-30,equal_weight,EXV6.DE,0.017543859649122806
2022-12-30,equal_weight,EXV7.DE,0.017543859649122806
2022-12-30,equal_weight,EXH7.DE,0.017543859649122806
2022-12-30,equal_weight,EXH8.DE,0.017543859649122806
2022-12-30,equal_weight,EXS1.DE,0.017543859649122806
2022-12-30,equal_weight,CAC.PA,0.017543859649122806
2022-12-30,equal_weight,EWI,0.017543859649122806
2022-12-30,equal_weight,EWP,0.017543859649122806
2022-12-30,equal_weight,EWN,0.017543859649122806
2022-12-30,equal_weight,EWL,0.017543859649122806
2022-12-30,equal_weight,SAP.DE,0.017543859649122806
2022-12-30,equal_weight,SIE.DE,0.017543859649122806
2022-12-30,equal_weight,BAS.DE,0.017543859649122806
2022-12-30,equal_weight,VOW3.DE,0.017543859649122806
2022-12-30,equal_weight,DTE.DE,0.017543859649122806
2022-12-30,equal_weight,ALV.DE,0.017543859649122806
2022-12-30,equal_weight,BMW.DE,0.017543859649122806
2022-12-30,equal_weight,MBG.DE,0.017543859649122806
2022-12-30,equal_weight,MUV2.DE,0.017543859649122806
2022-12-30,equal_weight,MC.PA,0.017543859649122806
2022-12-30,equal_weight,TTE.PA,0.017543859649122806
2022-12-30,equal_weight,OR.PA,0.017543859649122806
2022-12-30,equal_weight,SAN.PA,0.017543859649122806
2022-12-30,equal_weight,BNP.PA,0.017543859649122806
2022-12-30,equal_weight,AIR.PA,0.017543859649122806
2022-12-30,equal_weight,SU.PA,0.017543859649122806
2022-12-30,equal_weight,CAP.PA,0.017543859649122806
2022-12-30,equal_weight,AI.PA,0.017543859649122806
2022-12-30,equal_weight,ASML.AS,0.017543859649122806
2022-12-30,equal_weight,PHIA.AS,0.017543859649122806
2022-12-30,equal_weight,INGA.AS,0.017543859649122806
2022-12-30,equal_weight,HEIA.AS,0.017543859649122806
2022-12-30,equal_weight,AD.AS,0.017543859649122806
2022-12-30,equal_weight,WKL.AS,0.017543859649122806
2022-12-30,equal_weight,SAN.MC,0.017543859649122806
2022-12-30,equal_weight,IBE.MC,0.017543859649122806
2022-12-30,equal_weight,ITX.MC,0.017543859649122806
2022-12-30,equal_weight,TEF.MC,0.017543859649122806
2022-12-30,equal_weight,ENG.MC,0.017543859649122806
2022-12-30,equal_weight,BBVA.MC,0.017543859649122806
2022-12-30,equal_weight,NESN.SW,0.017543859649122806
2022-12-30,equal_weight,NOVN.SW,0.017543859649122806
2022-12-30,equal_weight,UBSG.SW,0.017543859649122806
2022-12-30,equal_weight,RO.SW,0.017543859649122806
2022-12-30,equal_weight,ABBN.SW,0.017543859649122806
2022-12-30,equal_weight,CFR.SW,0.017543859649122806
2022-12-30,equal_weight,HOLN.SW,0.017543859649122806
2022-12-30,equal_weight,ENI.MI,0.017543859649122806
2022-12-30,equal_weight,ISP.MI,0.017543859649122806
2022-12-30,equal_weight,UCG.MI,0.017543859649122806
2022-12-30,equal_weight,ENEL.MI,0.017543859649122806
2022-12-30,equal_weight,STMMI.MI,0.017543859649122806
2023-01-31,markowitz,EXV6.DE,0.0567667593022174
2023-01-31,markowitz,MBG.DE,0.06643039101927292
2023-01-31,markowitz,MC.PA,0.0744910619909775
2023-01-31,markowitz,TTE.PA,0.05302362336446637
2023-01-31,markowitz,ASML.AS,0.1500000000000033
2023-01-31,markowitz,AD.AS,0.14999999999997485
2023-01-31,markowitz,WKL.AS,0.1499999999999927
2023-01-31,markowitz,NESN.SW,0.02972705636445749
2023-01-31,markowitz,UBSG.SW,0.08861505854635214
2023-01-31,markowitz,RO.SW,0.03462532111113826
2023-01-31,markowitz,CFR.SW,0.14632072830114703
2023-01-31,hrp,EXSA.DE,0.020102286584340052
2023-01-31,hrp,EXV1.DE,0.009588109022209424
2023-01-31,hrp,EXV4.DE,0.04727543626918556
2023-01-31,hrp,EXV3.DE,0.011590044112079333
2023-01-31,hrp,EXV2.DE,0.028273442162406497
2023-01-31,hrp,EXV6.DE,0.012574134401391174
2023-01-31,hrp,EXV7.DE,0.016129511840133625
2023-01-31,hrp,EXH7.DE,0.021627973041175762
2023-01-31,hrp,EXH8.DE,0.01985483535023438
2023-01-31,hrp,EXS1.DE,0.01332992311806925
2023-01-31,hrp,CAC.PA,0.015434577629256305
2023-01-31,hrp,EWI,0.010018353803619534
2023-01-31,hrp,EWP,0.01116177176614831
2023-01-31,hrp,EWN,0.011781347310212423
2023-01-31,hrp,EWL,0.019195562792282524
2023-01-31,hrp,SAP.DE,0.014289242485596964
2023-01-31,hrp,SIE.DE,0.007649855455262687
2023-01-31,hrp,BAS.DE,0.015108756229406193
2023-01-31,hrp,VOW3.DE,0.004747062225674633
2023-01-31,hrp,DTE.DE,0.01952795182362008
2023-01-31,hrp,ALV.DE,0.010478171095384854
2023-01-31,hrp,BMW.DE,0.006991478927990003
2023-01-31,hrp,MBG.DE,0.005330354035681286
2023-01-31,hrp,MUV2.DE,0.010454544217836282
2023-01-31,hrp,MC.PA,0.012209039439301246
2023-01-31,hrp,TTE.PA,0.017738093247439007
2023-01-31,hrp,OR.PA,0.01641436969347095
2023-01-31,hrp,SAN.PA,0.033071171530509445
2023-01-31,hrp,BNP.PA,0.006103131936909567
2023-01-31,hrp,AIR.PA,0.0055212480255052735
2023-01-31,hrp,SU.PA,0.009799065311181094
2023-01-31,hrp,CAP.PA,0.01711185325363513
2023-01-31,hrp,AI.PA,0.02135476532133955
2023-01-31,hrp,ASML.AS,0.007760728268535051
2023-01-31,hrp,PHIA.AS,0.019526968839410158
2023-01-31,hrp,INGA.AS,0.004389199316666593
2023-01-31,hrp,HEIA.AS,0.0275771274636839
2023-01-31,hrp,AD.AS,0.0607346513131723
2023-01-31,hrp,WKL.AS,0.03412670436793759
2023-01-31,hrp,SAN.MC,0.004920828552159935
2023-01-31,hrp,IBE.MC,0.015121653857423178
2023-01-31,hrp,ITX.MC,0.012812154194968922
2023-01-31,hrp,TEF.MC,0.023728386402831817
2023-01-31,hrp,ENG.MC,0.03749068739449601
2023-01-31,hrp,BBVA.MC,0.0050467925186228405
2023-01-31,hrp,NESN.SW,0.05545982439354769
2023-01-31,hrp,NOVN.SW,0.042810306673631345
2023-01-31,hrp,UBSG.SW,0.009796825878313065
2023-01-31,hrp,RO.SW,0.04004061304583891
2023-01-31,hrp,ABBN.SW,0.022223521524861654
2023-01-31,hrp,CFR.SW,0.00959604692144659
2023-01-31,hrp,HOLN.SW,0.013991465296772037
2023-01-31,hrp,ENI.MI,0.015332093228598319
2023-01-31,hrp,ISP.MI,0.012833126272054256
2023-01-31,hrp,UCG.MI,0.005854173372609637
2023-01-31,hrp,ENEL.MI,0.011361812307878362
2023-01-31,hrp,STMMI.MI,0.005626845136051445
2023-01-31,minimum_variance,EXV4.DE,0.01192219067238722
2023-01-31,minimum_variance,EXV2.DE,0.07928938895984952
2023-01-31,minimum_variance,EXH7.DE,0.019792683343059666
2023-01-31,minimum_variance,EXH8.DE,0.011776407521428703
2023-01-31,minimum_variance,EWL,0.055597480372808886
2023-01-31,minimum_variance,SAN.PA,0.08147353381386117
2023-01-31,minimum_variance,HEIA.AS,0.06999751356754642
2023-01-31,minimum_variance,AD.AS,0.15000000000000002
2023-01-31,minimum_variance,WKL.AS,0.0869101549026672
2023-01-31,minimum_variance,ENG.MC,0.0882978152243878
2023-01-31,minimum_variance,NESN.SW,0.15000000000000002
2023-01-31,minimum_variance,NOVN.SW,0.11610606635574908
2023-01-31,minimum_variance,RO.SW,0.07883676526625435
2023-01-31,xgb,EXV2.DE,0.014538691249187063
2023-01-31,xgb,SIE.DE,0.150000000000052
2023-01-31,xgb,ASML.AS,0.040252878693033005
2023-01-31,xgb,PHIA.AS,0.150000000000052
2023-01-31,xgb,ENG.MC,0.150000000000052
2023-01-31,xgb,NOVN.SW,0.150000000000052
2023-01-31,xgb,RO.SW,0.150000000000052
2023-01-31,xgb,CFR.SW,0.11519282202386877
2023-01-31,xgb,UCG.MI,0.08001560803365115
2023-01-31,xgb_sentiment,SIE.DE,0.12629199283961506
2023-01-31,xgb_sentiment,TTE.PA,0.14999999999978086
2023-01-31,xgb_sentiment,ASML.AS,0.06349908882396454
2023-01-31,xgb_sentiment,PHIA.AS,0.14999999999978086
2023-01-31,xgb_sentiment,IBE.MC,0.14999999999978086
2023-01-31,xgb_sentiment,TEF.MC,0.0009659825497809696
2023-01-31,xgb_sentiment,ENG.MC,0.05924293578773495
2023-01-31,xgb_sentiment,NOVN.SW,0.14999999999978086
2023-01-31,xgb_sentiment,RO.SW,0.14999999999978086
2023-01-31,equal_weight,EXSA.DE,0.017543859649122806
2023-01-31,equal_weight,EXV1.DE,0.017543859649122806
2023-01-31,equal_weight,EXV4.DE,0.017543859649122806
2023-01-31,equal_weight,EXV3.DE,0.017543859649122806
2023-01-31,equal_weight,EXV2.DE,0.017543859649122806
2023-01-31,equal_weight,EXV6.DE,0.017543859649122806
2023-01-31,equal_weight,EXV7.DE,0.017543859649122806
2023-01-31,equal_weight,EXH7.DE,0.017543859649122806
2023-01-31,equal_weight,EXH8.DE,0.017543859649122806
2023-01-31,equal_weight,EXS1.DE,0.017543859649122806
2023-01-31,equal_weight,CAC.PA,0.017543859649122806
2023-01-31,equal_weight,EWI,0.017543859649122806
2023-01-31,equal_weight,EWP,0.017543859649122806
2023-01-31,equal_weight,EWN,0.017543859649122806
2023-01-31,equal_weight,EWL,0.017543859649122806
2023-01-31,equal_weight,SAP.DE,0.017543859649122806
2023-01-31,equal_weight,SIE.DE,0.017543859649122806
2023-01-31,equal_weight,BAS.DE,0.017543859649122806
2023-01-31,equal_weight,VOW3.DE,0.017543859649122806
2023-01-31,equal_weight,DTE.DE,0.017543859649122806
2023-01-31,equal_weight,ALV.DE,0.017543859649122806
2023-01-31,equal_weight,BMW.DE,0.017543859649122806
2023-01-31,equal_weight,MBG.DE,0.017543859649122806
2023-01-31,equal_weight,MUV2.DE,0.017543859649122806
2023-01-31,equal_weight,MC.PA,0.017543859649122806
2023-01-31,equal_weight,TTE.PA,0.017543859649122806
2023-01-31,equal_weight,OR.PA,0.017543859649122806
2023-01-31,equal_weight,SAN.PA,0.017543859649122806
2023-01-31,equal_weight,BNP.PA,0.017543859649122806
2023-01-31,equal_weight,AIR.PA,0.017543859649122806
2023-01-31,equal_weight,SU.PA,0.017543859649122806
2023-01-31,equal_weight,CAP.PA,0.017543859649122806
2023-01-31,equal_weight,AI.PA,0.017543859649122806
2023-01-31,equal_weight,ASML.AS,0.017543859649122806
2023-01-31,equal_weight,PHIA.AS,0.017543859649122806
2023-01-31,equal_weight,INGA.AS,0.017543859649122806
2023-01-31,equal_weight,HEIA.AS,0.017543859649122806
2023-01-31,equal_weight,AD.AS,0.017543859649122806
2023-01-31,equal_weight,WKL.AS,0.017543859649122806
2023-01-31,equal_weight,SAN.MC,0.017543859649122806
2023-01-31,equal_weight,IBE.MC,0.017543859649122806
2023-01-31,equal_weight,ITX.MC,0.017543859649122806
2023-01-31,equal_weight,TEF.MC,0.017543859649122806
2023-01-31,equal_weight,ENG.MC,0.017543859649122806
2023-01-31,equal_weight,BBVA.MC,0.017543859649122806
2023-01-31,equal_weight,NESN.SW,0.017543859649122806
2023-01-31,equal_weight,NOVN.SW,0.017543859649122806
2023-01-31,equal_weight,UBSG.SW,0.017543859649122806
2023-01-31,equal_weight,RO.SW,0.017543859649122806
2023-01-31,equal_weight,ABBN.SW,0.017543859649122806
2023-01-31,equal_weight,CFR.SW,0.017543859649122806
2023-01-31,equal_weight,HOLN.SW,0.017543859649122806
2023-01-31,equal_weight,ENI.MI,0.017543859649122806
2023-01-31,equal_weight,ISP.MI,0.017543859649122806
2023-01-31,equal_weight,UCG.MI,0.017543859649122806
2023-01-31,equal_weight,ENEL.MI,0.017543859649122806
2023-01-31,equal_weight,STMMI.MI,0.017543859649122806
2023-02-28,markowitz,EXV6.DE,0.04975713859029757
2023-02-28,markowitz,DTE.DE,0.15000000000000285
2023-02-28,markowitz,MBG.DE,0.15000000000000221
2023-02-28,markowitz,TTE.PA,0.08618345846295515
2023-02-28,markowitz,SAN.PA,0.020683739467788856
2023-02-28,markowitz,CAP.PA,0.04507284189272963
2023-02-28,markowitz,ASML.AS,0.022680886390253376
2023-02-28,markowitz,AD.AS,0.14999999999999913
2023-02-28,markowitz,WKL.AS,0.14999999999999475
2023-02-28,markowitz,BBVA.MC,0.01047331790973667
2023-02-28,markowitz,UBSG.SW,0.04932104978302344
2023-02-28,markowitz,ABBN.SW,0.00944412634367174
2023-02-28,markowitz,CFR.SW,0.10303469523644648
2023-02-28,markowitz,UCG.MI,0.0033487459230981628
2023-02-28,hrp,EXSA.DE,0.017763479105541814
2023-02-28,hrp,EXV1.DE,0.008838844482026107
2023-02-28,hrp,EXV4.DE,0.05081575805110682
2023-02-28,hrp,EXV3.DE,0.012397757678335494
2023-02-28,hrp,EXV2.DE,0.03859798496727039
2023-02-28,hrp,EXV6.DE,0.014830426598036094
2023-02-28,hrp,EXV7.DE,0.014018268737554632
2023-02-28,hrp,EXH7.DE,0.01929773283011773
2023-02-28,hrp,EXH8.DE,0.01276159978496915
2023-02-28,hrp,EXS1.DE,0.012031852229272676
2023-02-28,hrp,CAC.PA,0.012956879541270176
2023-02-28,hrp,EWI,0.01406030578999788
2023-02-28,hrp,EWP,0.01095337205535973
2023-02-28,hrp,EWN,0.00924785152553275
2023-02-28,hrp,EWL,0.024938229746836935
2023-02-28,hrp,SAP.DE,0.019401062804701597
2023-02-28,hrp,SIE.DE,0.007421894743200632
2023-02-28,hrp,BAS.DE,0.008301695908642898
2023-02-28,hrp,VOW3.DE,0.005258978113837168
2023-02-28,hrp,DTE.DE,0.02826616963791049
2023-02-28,hrp,ALV.DE,0.011441127038274945
2023-02-28,hrp,BMW.DE,0.006451194789866899
2023-02-28,hrp,MBG.DE,0.004777635185700137
2023-02-28,hrp,MUV2.DE,0.01769397030815399
2023-02-28,hrp,MC.PA,0.00789169712387893
2023-02-28,hrp,TTE.PA,0.01592245162043126
2023-02-28,hrp,OR.PA,0.013886388677667555
2023-02-28,hrp,SAN.PA,0.03396231569356823
2023-02-28,hrp,BNP.PA,0.0056130371527154
2023-02-28,hrp,AIR.PA,0.005555066846735677
2023-02-28,hrp,SU.PA,0.01048164702793634
2023-02-28,hrp,CAP.PA,0.010681295003153455
2023-02-28,hrp,AI.PA,0.020762579221844636
2023-02-28,hrp,ASML.AS,0.005443843670113926
2023-02-28,hrp,PHIA.AS,0.017118523036553052
2023-02-28,hrp,INGA.AS,0.0040644421301160374
2023-02-28,hrp,HEIA.AS,0.027452762304978638
2023-02-28,hrp,AD.AS,0.05325118991020213
2023-02-28,hrp,WKL.AS,0.03370971299706331
2023-02-28,hrp,SAN.MC,0.004170815142490266
2023-02-28,hrp,IBE.MC,0.027489819273037747
2023-02-28,hrp,ITX.MC,0.009512627608636515
2023-02-28,hrp,TEF.MC,0.017533890835285944
2023-02-28,hrp,ENG.MC,0.042408568714800976
2023-02-28,hrp,BBVA.MC,0.0045499699900877245
2023-02-28,hrp,NESN.SW,0.056567834834152814
2023-02-28,hrp,NOVN.SW,0.052610455318497604
2023-02-28,hrp,UBSG.SW,0.008155753583191342
2023-02-28,hrp,RO.SW,0.02885506677380593
2023-02-28,hrp,ABBN.SW,0.01636735102661495
2023-02-28,hrp,CFR.SW,0.007816005462384938
2023-02-28,hrp,HOLN.SW,0.018153084485955668
2023-02-28,hrp,ENI.MI,0.020822181585423767
2023-02-28,hrp,ISP.MI,0.011277187723736438
2023-02-28,hrp,UCG.MI,0.004202735447977172
2023-02-28,hrp,ENEL.MI,0.015194366540956376
2023-02-28,hrp,STMMI.MI,0.005991261582488082
2023-02-28,minimum_variance,EXV4.DE,0.013216628491862592
2023-02-28,minimum_variance,EXV2.DE,0.12467187274748956
2023-02-28,minimum_variance,EXV6.DE,0.02274513738825327
2023-02-28,minimum_variance,EWL,0.08515019533660508
2023-02-28,minimum_variance,TTE.PA,0.00564041510333441
2023-02-28,minimum_variance,SAN.PA,0.029898577112165214
2023-02-28,minimum_variance,HEIA.AS,0.03269866041273577
2023-02-28,minimum_variance,AD.AS,0.14921032090730527
2023-02-28,minimum_variance,WKL.AS,0.07512774209292412
2023-02-28,minimum_variance,IBE.MC,0.020140043925843846
2023-02-28,minimum_variance,ENG.MC,0.13640298789715682
2023-02-28,minimum_variance,NESN.SW,0.15
2023-02-28,minimum_variance,NOVN.SW,0.08937259833569927
2023-02-28,minimum_variance,RO.SW,0.06572482024862486
2023-02-28,xgb,EXV6.DE,0.15000000000000313
2023-02-28,xgb,EWN,0.022523440414064483
2023-02-28,xgb,MUV2.DE,0.14999999999999708
2023-02-28,xgb,MC.PA,0.06399166983930087
2023-02-28,xgb,PHIA.AS,0.14183865074670363
2023-02-28,xgb,BBVA.MC,0.08126963641982084
2023-02-28,xgb,NESN.SW,0.08325237007816434
2023-02-28,xgb,NOVN.SW,0.06890843537453209
2023-02-28,xgb,RO.SW,0.14999999999997302
2023-02-28,xgb,CFR.SW,0.08821579712744053
2023-02-28,xgb_sentiment,EXV6.DE,0.1500000000000327
2023-02-28,xgb_sentiment,EWN,0.051631314960662596
2023-02-28,xgb_sentiment,EWL,0.016606535267188867
2023-02-28,xgb_sentiment,MUV2.DE,0.1500000000000327
2023-02-28,xgb_sentiment,PHIA.AS,0.10312549556008288
2023-02-28,xgb_sentiment,INGA.AS,0.0031427458995150763
2023-02-28,xgb_sentiment,ITX.MC,0.10673807935748708
2023-02-28,xgb_sentiment,BBVA.MC,0.059484781019192974
2023-02-28,xgb_sentiment,NESN.SW,0.1500000000000327
2023-02-28,xgb_sentiment,RO.SW,0.1500000000000327
2023-02-28,xgb_sentiment,CFR.SW,0.05927104793573963
2023-02-28,equal_weight,EXSA.DE,0.017543859649122806
2023-02-28,equal_weight,EXV1.DE,0.017543859649122806
2023-02-28,equal_weight,EXV4.DE,0.017543859649122806
2023-02-28,equal_weight,EXV3.DE,0.017543859649122806
2023-02-28,equal_weight,EXV2.DE,0.017543859649122806
2023-02-28,equal_weight,EXV6.DE,0.017543859649122806
2023-02-28,equal_weight,EXV7.DE,0.017543859649122806
2023-02-28,equal_weight,EXH7.DE,0.017543859649122806
2023-02-28,equal_weight,EXH8.DE,0.017543859649122806
2023-02-28,equal_weight,EXS1.DE,0.017543859649122806
2023-02-28,equal_weight,CAC.PA,0.017543859649122806
2023-02-28,equal_weight,EWI,0.017543859649122806
2023-02-28,equal_weight,EWP,0.017543859649122806
2023-02-28,equal_weight,EWN,0.017543859649122806
2023-02-28,equal_weight,EWL,0.017543859649122806
2023-02-28,equal_weight,SAP.DE,0.017543859649122806
2023-02-28,equal_weight,SIE.DE,0.017543859649122806
2023-02-28,equal_weight,BAS.DE,0.017543859649122806
2023-02-28,equal_weight,VOW3.DE,0.017543859649122806
2023-02-28,equal_weight,DTE.DE,0.017543859649122806
2023-02-28,equal_weight,ALV.DE,0.017543859649122806
2023-02-28,equal_weight,BMW.DE,0.017543859649122806
2023-02-28,equal_weight,MBG.DE,0.017543859649122806
2023-02-28,equal_weight,MUV2.DE,0.017543859649122806
2023-02-28,equal_weight,MC.PA,0.017543859649122806
2023-02-28,equal_weight,TTE.PA,0.017543859649122806
2023-02-28,equal_weight,OR.PA,0.017543859649122806
2023-02-28,equal_weight,SAN.PA,0.017543859649122806
2023-02-28,equal_weight,BNP.PA,0.017543859649122806
2023-02-28,equal_weight,AIR.PA,0.017543859649122806
2023-02-28,equal_weight,SU.PA,0.017543859649122806
2023-02-28,equal_weight,CAP.PA,0.017543859649122806
2023-02-28,equal_weight,AI.PA,0.017543859649122806
2023-02-28,equal_weight,ASML.AS,0.017543859649122806
2023-02-28,equal_weight,PHIA.AS,0.017543859649122806
2023-02-28,equal_weight,INGA.AS,0.017543859649122806
2023-02-28,equal_weight,HEIA.AS,0.017543859649122806
2023-02-28,equal_weight,AD.AS,0.017543859649122806
2023-02-28,equal_weight,WKL.AS,0.017543859649122806
2023-02-28,equal_weight,SAN.MC,0.017543859649122806
2023-02-28,equal_weight,IBE.MC,0.017543859649122806
2023-02-28,equal_weight,ITX.MC,0.017543859649122806
2023-02-28,equal_weight,TEF.MC,0.017543859649122806
2023-02-28,equal_weight,ENG.MC,0.017543859649122806
2023-02-28,equal_weight,BBVA.MC,0.017543859649122806
2023-02-28,equal_weight,NESN.SW,0.017543859649122806
2023-02-28,equal_weight,NOVN.SW,0.017543859649122806
2023-02-28,equal_weight,UBSG.SW,0.017543859649122806
2023-02-28,equal_weight,RO.SW,0.017543859649122806
2023-02-28,equal_weight,ABBN.SW,0.017543859649122806
2023-02-28,equal_weight,CFR.SW,0.017543859649122806
2023-02-28,equal_weight,HOLN.SW,0.017543859649122806
2023-02-28,equal_weight,ENI.MI,0.017543859649122806
2023-02-28,equal_weight,ISP.MI,0.017543859649122806
2023-02-28,equal_weight,UCG.MI,0.017543859649122806
2023-02-28,equal_weight,ENEL.MI,0.017543859649122806
2023-02-28,equal_weight,STMMI.MI,0.017543859649122806
2023-03-31,markowitz,EXV6.DE,0.0018668362280374023
2023-03-31,markowitz,DTE.DE,0.1499999999999992
2023-03-31,markowitz,MBG.DE,0.1499999999999992
2023-03-31,markowitz,MC.PA,0.013367886942963932
2023-03-31,markowitz,TTE.PA,0.07836794681479566
2023-03-31,markowitz,SAN.PA,0.027674428017084658
2023-03-31,markowitz,CAP.PA,0.006929244687948578
2023-03-31,markowitz,ASML.AS,0.024700219622153536
2023-03-31,markowitz,AD.AS,0.1499999999999992
2023-03-31,markowitz,WKL.AS,0.1499999999999992
2023-03-31,markowitz,ABBN.SW,0.06236461427823493
2023-03-31,markowitz,CFR.SW,0.14339110336007618
2023-03-31,markowitz,UCG.MI,0.041337720048708435
2023-03-31,hrp,EXSA.DE,0.018289450627932895
2023-03-31,hrp,EXV1.DE,0.00893542652549257
2023-03-31,hrp,EXV4.DE,0.04818373752048037
2023-03-31,hrp,EXV3.DE,0.010083447603078872
2023-03-31,hrp,EXV2.DE,0.052743815395544874
2023-03-31,hrp,EXV6.DE,0.021182541776822564
2023-03-31,hrp,EXV7.DE,0.02790017216280796
2023-03-31,hrp,EXH7.DE,0.017275500582506507
2023-03-31,hrp,EXH8.DE,0.013634105740299688
2023-03-31,hrp,EXS1.DE,0.012325579856318047
2023-03-31,hrp,CAC.PA,0.014852324575570069
2023-03-31,hrp,EWI,0.01704163089679838
2023-03-31,hrp,EWP,0.010824319911570401
2023-03-31,hrp,EWN,0.00932629527267255
2023-03-31,hrp,EWL,0.02784733440016642
2023-03-31,hrp,SAP.DE,0.013198271672229606
2023-03-31,hrp,SIE.DE,0.00746268151320915
2023-03-31,hrp,BAS.DE,0.008380022702812759
2023-03-31,hrp,VOW3.DE,0.00632235367059588
2023-03-31,hrp,DTE.DE,0.022782276408206795
2023-03-31,hrp,ALV.DE,0.011442236917217727
2023-03-31,hrp,BMW.DE,0.009641974261719526
2023-03-31,hrp,MBG.DE,0.011066981746997875
2023-03-31,hrp,MUV2.DE,0.009319236574346131
2023-03-31,hrp,MC.PA,0.009387526733022433
2023-03-31,hrp,TTE.PA,0.011740568403868383
2023-03-31,hrp,OR.PA,0.013678680854119206
2023-03-31,hrp,SAN.PA,0.03291557241938911
2023-03-31,hrp,BNP.PA,0.005667891662398005
2023-03-31,hrp,AIR.PA,0.005174764132256362
2023-03-31,hrp,SU.PA,0.01539004649013263
2023-03-31,hrp,CAP.PA,0.011456720947173635
2023-03-31,hrp,AI.PA,0.017934449431580214
2023-03-31,hrp,ASML.AS,0.005403681970527373
2023-03-31,hrp,PHIA.AS,0.016490295544162533
2023-03-31,hrp,INGA.AS,0.004081138753192767
2023-03-31,hrp,HEIA.AS,0.025959996275377217
2023-03-31,hrp,AD.AS,0.05274671581201019
2023-03-31,hrp,WKL.AS,0.031126384458840414
2023-03-31,hrp,SAN.MC,0.003926544055426964
2023-03-31,hrp,IBE.MC,0.018585751254142933
2023-03-31,hrp,ITX.MC,0.010385740822224121
2023-03-31,hrp,TEF.MC,0.019729015017622815
2023-03-31,hrp,ENG.MC,0.04440707937306888
2023-03-31,hrp,BBVA.MC,0.004044791762485833
2023-03-31,hrp,NESN.SW,0.05110067487101156
2023-03-31,hrp,NOVN.SW,0.0373048472769682
2023-03-31,hrp,UBSG.SW,0.008710357140921905
2023-03-31,hrp,RO.SW,0.04828721989329252
2023-03-31,hrp,ABBN.SW,0.015479629784146073
2023-03-31,hrp,CFR.SW,0.007689568158460363
2023-03-31,hrp,HOLN.SW,0.017661234742710526
2023-03-31,hrp,ENI.MI,0.012765526929193968
2023-03-31,hrp,ISP.MI,0.006618465833880537
2023-03-31,hrp,UCG.MI,0.00436433873811179
2023-03-31,hrp,ENEL.MI,0.013497404615824979
2023-03-31,hrp,STMMI.MI,0.0062256575270579215
2023-03-31,minimum_variance,EXV4.DE,0.012665646970034089
2023-03-31,minimum_variance,EXV2.DE,0.1348900455110608
2023-03-31,minimum_variance,EXV6.DE,0.035312730606065594
2023-03-31,minimum_variance,EWL,0.08345633992683756
2023-03-31,minimum_variance,TTE.PA,0.005941604666686958
2023-03-31,minimum_variance,SAN.PA,0.041693486369775254
2023-03-31,minimum_variance,HEIA.AS,0.01959373745541872
2023-03-31,minimum_variance,AD.AS,0.13525907443433566
2023-03-31,minimum_variance,WKL.AS,0.08273607708102262
2023-03-31,minimum_variance,IBE.MC,0.020235218324398594
2023-03-31,minimum_variance,TEF.MC,0.005486155935712486
2023-03-31,minimum_variance,ENG.MC,0.11589555348454163
2023-03-31,minimum_variance,NESN.SW,0.15000000000000002
2023-03-31,minimum_variance,NOVN.SW,0.08936584813176952
2023-03-31,minimum_variance,RO.SW,0.06746848110234066
2023-03-31,xgb,BNP.PA,0.15000000000003455
2023-03-31,xgb,PHIA.AS,0.1499999999999761
2023-03-31,xgb,INGA.AS,0.1500000000000348
2023-03-31,xgb,WKL.AS,0.028521280039138425
2023-03-31,xgb,SAN.MC,0.15000000000003588
2023-03-31,xgb,BBVA.MC,0.15000000000003513
2023-03-31,xgb,NESN.SW,0.10832601317122771
2023-03-31,xgb,ISP.MI,0.11315270678951742
2023-03-31,xgb_sentiment,EXV1.DE,0.1500000000000009
2023-03-31,xgb_sentiment,TTE.PA,0.1499999999999968
2023-03-31,xgb_sentiment,PHIA.AS,0.099999999999998
2023-03-31,xgb_sentiment,INGA.AS,0.1500000000000013
2023-03-31,xgb_sentiment,BBVA.MC,0.1500000000000013
2023-03-31,xgb_sentiment,UBSG.SW,0.15000000000000085
2023-03-31,xgb_sentiment,ISP.MI,0.1500000000000008
2023-03-31,equal_weight,EXSA.DE,0.017543859649122806
2023-03-31,equal_weight,EXV1.DE,0.017543859649122806
2023-03-31,equal_weight,EXV4.DE,0.017543859649122806
2023-03-31,equal_weight,EXV3.DE,0.017543859649122806
2023-03-31,equal_weight,EXV2.DE,0.017543859649122806
2023-03-31,equal_weight,EXV6.DE,0.017543859649122806
2023-03-31,equal_weight,EXV7.DE,0.017543859649122806
2023-03-31,equal_weight,EXH7.DE,0.017543859649122806
2023-03-31,equal_weight,EXH8.DE,0.017543859649122806
2023-03-31,equal_weight,EXS1.DE,0.017543859649122806
2023-03-31,equal_weight,CAC.PA,0.017543859649122806
2023-03-31,equal_weight,EWI,0.017543859649122806
2023-03-31,equal_weight,EWP,0.017543859649122806
2023-03-31,equal_weight,EWN,0.017543859649122806
2023-03-31,equal_weight,EWL,0.017543859649122806
2023-03-31,equal_weight,SAP.DE,0.017543859649122806
2023-03-31,equal_weight,SIE.DE,0.017543859649122806
2023-03-31,equal_weight,BAS.DE,0.017543859649122806
2023-03-31,equal_weight,VOW3.DE,0.017543859649122806
2023-03-31,equal_weight,DTE.DE,0.017543859649122806
2023-03-31,equal_weight,ALV.DE,0.017543859649122806
2023-03-31,equal_weight,BMW.DE,0.017543859649122806
2023-03-31,equal_weight,MBG.DE,0.017543859649122806
2023-03-31,equal_weight,MUV2.DE,0.017543859649122806
2023-03-31,equal_weight,MC.PA,0.017543859649122806
2023-03-31,equal_weight,TTE.PA,0.017543859649122806
2023-03-31,equal_weight,OR.PA,0.017543859649122806
2023-03-31,equal_weight,SAN.PA,0.017543859649122806
2023-03-31,equal_weight,BNP.PA,0.017543859649122806
2023-03-31,equal_weight,AIR.PA,0.017543859649122806
2023-03-31,equal_weight,SU.PA,0.017543859649122806
2023-03-31,equal_weight,CAP.PA,0.017543859649122806
2023-03-31,equal_weight,AI.PA,0.017543859649122806
2023-03-31,equal_weight,ASML.AS,0.017543859649122806
2023-03-31,equal_weight,PHIA.AS,0.017543859649122806
2023-03-31,equal_weight,INGA.AS,0.017543859649122806
2023-03-31,equal_weight,HEIA.AS,0.017543859649122806
2023-03-31,equal_weight,AD.AS,0.017543859649122806
2023-03-31,equal_weight,WKL.AS,0.017543859649122806
2023-03-31,equal_weight,SAN.MC,0.017543859649122806
2023-03-31,equal_weight,IBE.MC,0.017543859649122806
2023-03-31,equal_weight,ITX.MC,0.017543859649122806
2023-03-31,equal_weight,TEF.MC,0.017543859649122806
2023-03-31,equal_weight,ENG.MC,0.017543859649122806
2023-03-31,equal_weight,BBVA.MC,0.017543859649122806
2023-03-31,equal_weight,NESN.SW,0.017543859649122806
2023-03-31,equal_weight,NOVN.SW,0.017543859649122806
2023-03-31,equal_weight,UBSG.SW,0.017543859649122806
2023-03-31,equal_weight,RO.SW,0.017543859649122806
2023-03-31,equal_weight,ABBN.SW,0.017543859649122806
2023-03-31,equal_weight,CFR.SW,0.017543859649122806
2023-03-31,equal_weight,HOLN.SW,0.017543859649122806
2023-03-31,equal_weight,ENI.MI,0.017543859649122806
2023-03-31,equal_weight,ISP.MI,0.017543859649122806
2023-03-31,equal_weight,UCG.MI,0.017543859649122806
2023-03-31,equal_weight,ENEL.MI,0.017543859649122806
2023-03-31,equal_weight,STMMI.MI,0.017543859649122806
2023-04-28,markowitz,DTE.DE,0.10144083690860939
2023-04-28,markowitz,MBG.DE,0.10269076765329511
2023-04-28,markowitz,MC.PA,0.004223242614454429
2023-04-28,markowitz,TTE.PA,0.10498361002389808
2023-04-28,markowitz,AD.AS,0.1499999999999938
2023-04-28,markowitz,WKL.AS,0.1499999999999938
2023-04-28,markowitz,BBVA.MC,0.02949948938905194
2023-04-28,markowitz,NESN.SW,0.057090496591056965
2023-04-28,markowitz,NOVN.SW,0.05679137183834424
2023-04-28,markowitz,ABBN.SW,0.06976655423475502
2023-04-28,markowitz,CFR.SW,0.13671111535646435
2023-04-28,markowitz,UCG.MI,0.03680251539008292
2023-04-28,hrp,EXSA.DE,0.018582205716149023
2023-04-28,hrp,EXV1.DE,0.008277021442649466
2023-04-28,hrp,EXV4.DE,0.04236296860407835
2023-04-28,hrp,EXV3.DE,0.011776099114703995
2023-04-28,hrp,EXV2.DE,0.040421322077156034
2023-04-28,hrp,EXV6.DE,0.02121677092156781
2023-04-28,hrp,EXV7.DE,0.01621206919976219
2023-04-28,hrp,EXH7.DE,0.016561705430612018
2023-04-28,hrp,EXH8.DE,0.013245163150427784
2023-04-28,hrp,EXS1.DE,0.014113084530657181
2023-04-28,hrp,CAC.PA,0.013613343406778102
2023-04-28,hrp,EWI,0.009042803502980768
2023-04-28,hrp,EWP,0.01241667773444132
2023-04-28,hrp,EWN,0.008659777755329024
2023-04-28,hrp,EWL,0.027140777253604358
2023-04-28,hrp,SAP.DE,0.02213072088784982
2023-04-28,hrp,SIE.DE,0.007208156287971008
2023-04-28,hrp,BAS.DE,0.00825126606556748
2023-04-28,hrp,VOW3.DE,0.009235659921277038
2023-04-28,hrp,DTE.DE,0.024643730914820784
2023-04-28,hrp,ALV.DE,0.01849818088582015
2023-04-28,hrp,BMW.DE,0.008068515712681603
2023-04-28,hrp,MBG.DE,0.0061308311356589006
2023-04-28,hrp,MUV2.DE,0.011137321961771845
2023-04-28,hrp,MC.PA,0.006670597015018665
2023-04-28,hrp,TTE.PA,0.01119888685973992
2023-04-28,hrp,OR.PA,0.01679216888735431
2023-04-28,hrp,SAN.PA,0.041833849846941384
2023-04-28,hrp,BNP.PA,0.007887785424566855
2023-04-28,hrp,AIR.PA,0.005548654788398179
2023-04-28,hrp,SU.PA,0.009969320254820469
2023-04-28,hrp,CAP.PA,0.010048396750705674
2023-04-28,hrp,AI.PA,0.021482583347267624
2023-04-28,hrp,ASML.AS,0.005080629689575795
2023-04-28,hrp,PHIA.AS,0.014889743591252134
2023-04-28,hrp,INGA.AS,0.008791576898100423
2023-04-28,hrp,HEIA.AS,0.03038700004016808
2023-04-28,hrp,AD.AS,0.05019753191117017
2023-04-28,hrp,WKL.AS,0.03324113687652234
2023-04-28,hrp,SAN.MC,0.00442121451448019
2023-04-28,hrp,IBE.MC,0.034560742871490455
2023-04-28,hrp,ITX.MC,0.010587680323472043
2023-04-28,hrp,TEF.MC,0.01871143737750728
2023-04-28,hrp,ENG.MC,0.04463743424776479
2023-04-28,hrp,BBVA.MC,0.004102844286395987
2023-04-28,hrp,NESN.SW,0.05441551387778718
2023-04-28,hrp,NOVN.SW,0.04062097811032821
2023-04-28,hrp,UBSG.SW,0.008914020614508083
2023-04-28,hrp,RO.SW,0.027429096770458208
2023-04-28,hrp,ABBN.SW,0.016130311906529624
2023-04-28,hrp,CFR.SW,0.006525057074750159
2023-04-28,hrp,HOLN.SW,0.013385900010712002
2023-04-28,hrp,ENI.MI,0.011973120093774676
2023-04-28,hrp,ISP.MI,0.006638010361240616
2023-04-28,hrp,UCG.MI,0.004287632531789558
2023-04-28,hrp,ENEL.MI,0.023681937519652856
2023-04-28,hrp,STMMI.MI,0.0060110317114400015
2023-04-28,minimum_variance,EXV4.DE,0.03516491114296363
2023-04-28,minimum_variance,EXV2.DE,0.13508532690849953
2023-04-28,minimum_variance,EXV6.DE,0.04127701274170637
2023-04-28,minimum_variance,EWL,0.07280886312337441
2023-04-28,minimum_variance,TTE.PA,0.012914970419585552
2023-04-28,minimum_variance,SAN.PA,0.0265974342476848
2023-04-28,minimum_variance,HEIA.AS,0.025455098430209513
2023-04-28,minimum_variance,AD.AS,0.1298688444169369
2023-04-28,minimum_variance,WKL.AS,0.08644271155193164
2023-04-28,minimum_variance,IBE.MC,0.014062854401409261
2023-04-28,minimum_variance,TEF.MC,0.003787455451331204
2023-04-28,minimum_variance,ENG.MC,0.12478322539869525
2023-04-28,minimum_variance,NESN.SW,0.15
2023-04-28,minimum_variance,NOVN.SW,0.09483081750377179
2023-04-28,minimum_variance,RO.SW,0.04692047426190011
2023-04-28,xgb,EXV6.DE,0.0027913272444610327
2023-04-28,xgb,ASML.AS,0.15000000000000646
2023-04-28,xgb,PHIA.AS,0.13221876164797455
2023-04-28,xgb,AD.AS,0.14999999999995176
2023-04-28,xgb,SAN.MC,0.15000000000000305
2023-04-28,xgb,UBSG.SW,0.040469964276927436
2023-04-28,xgb,RO.SW,0.1499999999999875
2023-04-28,xgb,ISP.MI,0.07451994683068433
2023-04-28,xgb,STMMI.MI,0.150000000000004
2023-04-28,xgb_sentiment,PHIA.AS,0.15000000000000274
2023-04-28,xgb_sentiment,AD.AS,0.14215890511754095
2023-04-28,xgb_sentiment,WKL.AS,0.009542386215705134
2023-04-28,xgb_sentiment,SAN.MC,0.1500000000000031
2023-04-28,xgb_sentiment,IBE.MC,0.15000000000000038
2023-04-28,xgb_sentiment,RO.SW,0.14999999999999858
2023-04-28,xgb_sentiment,UCG.MI,0.0982987086667475
2023-04-28,xgb_sentiment,STMMI.MI,0.15000000000000166
2023-04-28,equal_weight,EXSA.DE,0.017543859649122806
2023-04-28,equal_weight,EXV1.DE,0.017543859649122806
2023-04-28,equal_weight,EXV4.DE,0.017543859649122806
2023-04-28,equal_weight,EXV3.DE,0.017543859649122806
2023-04-28,equal_weight,EXV2.DE,0.017543859649122806
2023-04-28,equal_weight,EXV6.DE,0.017543859649122806
2023-04-28,equal_weight,EXV7.DE,0.017543859649122806
2023-04-28,equal_weight,EXH7.DE,0.017543859649122806
2023-04-28,equal_weight,EXH8.DE,0.017543859649122806
2023-04-28,equal_weight,EXS1.DE,0.017543859649122806
2023-04-28,equal_weight,CAC.PA,0.017543859649122806
2023-04-28,equal_weight,EWI,0.017543859649122806
2023-04-28,equal_weight,EWP,0.017543859649122806
2023-04-28,equal_weight,EWN,0.017543859649122806
2023-04-28,equal_weight,EWL,0.017543859649122806
2023-04-28,equal_weight,SAP.DE,0.017543859649122806
2023-04-28,equal_weight,SIE.DE,0.017543859649122806
2023-04-28,equal_weight,BAS.DE,0.017543859649122806
2023-04-28,equal_weight,VOW3.DE,0.017543859649122806
2023-04-28,equal_weight,DTE.DE,0.017543859649122806
2023-04-28,equal_weight,ALV.DE,0.017543859649122806
2023-04-28,equal_weight,BMW.DE,0.017543859649122806
2023-04-28,equal_weight,MBG.DE,0.017543859649122806
2023-04-28,equal_weight,MUV2.DE,0.017543859649122806
2023-04-28,equal_weight,MC.PA,0.017543859649122806
2023-04-28,equal_weight,TTE.PA,0.017543859649122806
2023-04-28,equal_weight,OR.PA,0.017543859649122806
2023-04-28,equal_weight,SAN.PA,0.017543859649122806
2023-04-28,equal_weight,BNP.PA,0.017543859649122806
2023-04-28,equal_weight,AIR.PA,0.017543859649122806
2023-04-28,equal_weight,SU.PA,0.017543859649122806
2023-04-28,equal_weight,CAP.PA,0.017543859649122806
2023-04-28,equal_weight,AI.PA,0.017543859649122806
2023-04-28,equal_weight,ASML.AS,0.017543859649122806
2023-04-28,equal_weight,PHIA.AS,0.017543859649122806
2023-04-28,equal_weight,INGA.AS,0.017543859649122806
2023-04-28,equal_weight,HEIA.AS,0.017543859649122806
2023-04-28,equal_weight,AD.AS,0.017543859649122806
2023-04-28,equal_weight,WKL.AS,0.017543859649122806
2023-04-28,equal_weight,SAN.MC,0.017543859649122806
2023-04-28,equal_weight,IBE.MC,0.017543859649122806
2023-04-28,equal_weight,ITX.MC,0.017543859649122806
2023-04-28,equal_weight,TEF.MC,0.017543859649122806
2023-04-28,equal_weight,ENG.MC,0.017543859649122806
2023-04-28,equal_weight,BBVA.MC,0.017543859649122806
2023-04-28,equal_weight,NESN.SW,0.017543859649122806
2023-04-28,equal_weight,NOVN.SW,0.017543859649122806
2023-04-28,equal_weight,UBSG.SW,0.017543859649122806
2023-04-28,equal_weight,RO.SW,0.017543859649122806
2023-04-28,equal_weight,ABBN.SW,0.017543859649122806
2023-04-28,equal_weight,CFR.SW,0.017543859649122806
2023-04-28,equal_weight,HOLN.SW,0.017543859649122806
2023-04-28,equal_weight,ENI.MI,0.017543859649122806
2023-04-28,equal_weight,ISP.MI,0.017543859649122806
2023-04-28,equal_weight,UCG.MI,0.017543859649122806
2023-04-28,equal_weight,ENEL.MI,0.017543859649122806
2023-04-28,equal_weight,STMMI.MI,0.017543859649122806
2023-05-31,markowitz,DTE.DE,0.020945039619113287
2023-05-31,markowitz,BMW.DE,0.008462864446872938
2023-05-31,markowitz,MBG.DE,0.14999999999999927
2023-05-31,markowitz,TTE.PA,0.09674108489671011
2023-05-31,markowitz,ASML.AS,0.011540538847116182
2023-05-31,markowitz,AD.AS,0.14999999999999927
2023-05-31,markowitz,WKL.AS,0.14999999999999927
2023-05-31,markowitz,BBVA.MC,0.02474076201628654
2023-05-31,markowitz,NOVN.SW,0.10088240211189962
2023-05-31,markowitz,ABBN.SW,0.09123450304720776
2023-05-31,markowitz,CFR.SW,0.14999999999999927
2023-05-31,markowitz,UCG.MI,0.04545280501479651
2023-05-31,hrp,EXSA.DE,0.02166546255362409
2023-05-31,hrp,EXV1.DE,0.008038695558102773
2023-05-31,hrp,EXV4.DE,0.05191000720745025
2023-05-31,hrp,EXV3.DE,0.010313243342834419
2023-05-31,hrp,EXV2.DE,0.03901109628886577
2023-05-31,hrp,EXV6.DE,0.014268339116123255
2023-05-31,hrp,EXV7.DE,0.01697401029743635
2023-05-31,hrp,EXH7.DE,0.01863248678370851
2023-05-31,hrp,EXH8.DE,0.013537059919216575
2023-05-31,hrp,EXS1.DE,0.015181411784152998
2023-05-31,hrp,CAC.PA,0.015822104111879388
2023-05-31,hrp,EWI,0.009987594233919433
2023-05-31,hrp,EWP,0.018201977629735924
2023-05-31,hrp,EWN,0.009246891526717855
2023-05-31,hrp,EWL,0.03285847326838421
2023-05-31,hrp,SAP.DE,0.01935688810701345
2023-05-31,hrp,SIE.DE,0.007400609109027959
2023-05-31,hrp,BAS.DE,0.008676921398130064
2023-05-31,hrp,VOW3.DE,0.006661423633585939
2023-05-31,hrp,DTE.DE,0.022690643317007115
2023-05-31,hrp,ALV.DE,0.013693680344880074
2023-05-31,hrp,BMW.DE,0.0104484914798704
2023-05-31,hrp,MBG.DE,0.009011342805108982
2023-05-31,hrp,MUV2.DE,0.01081783646465402
2023-05-31,hrp,MC.PA,0.007428553155308748
2023-05-31,hrp,TTE.PA,0.01925197835173268
2023-05-31,hrp,OR.PA,0.019552522736462033
2023-05-31,hrp,SAN.PA,0.0307410572805389
2023-05-31,hrp,BNP.PA,0.005112452544969066
2023-05-31,hrp,AIR.PA,0.005830631897359504
2023-05-31,hrp,SU.PA,0.01016497111766286
2023-05-31,hrp,CAP.PA,0.011285043176815755
2023-05-31,hrp,AI.PA,0.019080432032399397
2023-05-31,hrp,ASML.AS,0.00509688492557374
2023-05-31,hrp,PHIA.AS,0.014886131299491841
2023-05-31,hrp,INGA.AS,0.0042002450099558174
2023-05-31,hrp,HEIA.AS,0.025721241774323354
2023-05-31,hrp,AD.AS,0.051187419457854516
2023-05-31,hrp,WKL.AS,0.029768756193645426
2023-05-31,hrp,SAN.MC,0.0039730126404284635
2023-05-31,hrp,IBE.MC,0.0180367027722484
2023-05-31,hrp,ITX.MC,0.011064802417237358
2023-05-31,hrp,TEF.MC,0.02107086564726526
2023-05-31,hrp,ENG.MC,0.04681411609970267
2023-05-31,hrp,BBVA.MC,0.004836602569366528
2023-05-31,hrp,NESN.SW,0.049420829293957066
2023-05-31,hrp,NOVN.SW,0.05467717829783108
2023-05-31,hrp,UBSG.SW,0.01224232398097944
2023-05-31,hrp,RO.SW,0.02638237392772482
2023-05-31,hrp,ABBN.SW,0.015809260415899678
2023-05-31,hrp,CFR.SW,0.006062280070361839
2023-05-31,hrp,HOLN.SW,0.019061558587814324
2023-05-31,hrp,ENI.MI,0.013517402481825619
2023-05-31,hrp,ISP.MI,0.01056214429056274
2023-05-31,hrp,UCG.MI,0.004135191016278675
2023-05-31,hrp,ENEL.MI,0.012811584219895549
2023-05-31,hrp,STMMI.MI,0.005806760035097028
2023-05-31,minimum_variance,EXV4.DE,0.057625377230466054
2023-05-31,minimum_variance,EXV2.DE,0.12584246940564292
2023-05-31,minimum_variance,EXV6.DE,0.0410182069420124
2023-05-31,minimum_variance,EWL,0.06980756511510831
2023-05-31,minimum_variance,BMW.DE,0.001970829837015947
2023-05-31,minimum_variance,TTE.PA,0.011105717460244968
2023-05-31,minimum_variance,SAN.PA,0.012994416615321736
2023-05-31,minimum_variance,HEIA.AS,0.025704404591534048
2023-05-31,minimum_variance,AD.AS,0.13025273907431634
2023-05-31,minimum_variance,WKL.AS,0.07267610712824496
2023-05-31,minimum_variance,IBE.MC,0.02128306180404602
2023-05-31,minimum_variance,TEF.MC,0.0231273102797843
2023-05-31,minimum_variance,ENG.MC,0.1175687301713002
2023-05-31,minimum_variance,NESN.SW,0.15
2023-05-31,minimum_variance,NOVN.SW,0.0903899218292382
2023-05-31,minimum_variance,RO.SW,0.04863314251572355
2023-05-31,xgb,ALV.DE,0.024086924613888717
2023-05-31,xgb,MC.PA,0.14999999999998065
2023-05-31,xgb,OR.PA,0.14999999999998065
2023-05-31,xgb,PHIA.AS,0.028789013336665496
2023-05-31,xgb,AD.AS,0.006443264016655327
2023-05-31,xgb,WKL.AS,0.09362164545285076
2023-05-31,xgb,NESN.SW,0.024378279073855733
2023-05-31,xgb,NOVN.SW,0.14999999999998065
2023-05-31,xgb,RO.SW,0.14999999999998065
2023-05-31,xgb,CFR.SW,0.08363201003934075
2023-05-31,xgb,UCG.MI,0.13630062823360634
2023-05-31,xgb,ENEL.MI,0.002748235233214235
2023-05-31,xgb_sentiment,ALV.DE,0.031009241492915094
2023-05-31,xgb_sentiment,MC.PA,0.14999999999999852
2023-05-31,xgb_sentiment,OR.PA,0.14999999999999852
2023-05-31,xgb_sentiment,IBE.MC,0.14999999999999852
2023-05-31,xgb_sentiment,NESN.SW,0.11111994820545977
2023-05-31,xgb_sentiment,NOVN.SW,0.14999999999999852
2023-05-31,xgb_sentiment,RO.SW,0.14999999999999852
2023-05-31,xgb_sentiment,CFR.SW,0.013219921341090058
2023-05-31,xgb_sentiment,ISP.MI,0.01309106694803024
2023-05-31,xgb_sentiment,UCG.MI,0.08155982201251222
2023-05-31,equal_weight,EXSA.DE,0.017543859649122806
2023-05-31,equal_weight,EXV1.DE,0.017543859649122806
2023-05-31,equal_weight,EXV4.DE,0.017543859649122806
2023-05-31,equal_weight,EXV3.DE,0.017543859649122806
2023-05-31,equal_weight,EXV2.DE,0.017543859649122806
2023-05-31,equal_weight,EXV6.DE,0.017543859649122806
2023-05-31,equal_weight,EXV7.DE,0.017543859649122806
2023-05-31,equal_weight,EXH7.DE,0.017543859649122806
2023-05-31,equal_weight,EXH8.DE,0.017543859649122806
2023-05-31,equal_weight,EXS1.DE,0.017543859649122806
2023-05-31,equal_weight,CAC.PA,0.017543859649122806
2023-05-31,equal_weight,EWI,0.017543859649122806
2023-05-31,equal_weight,EWP,0.017543859649122806
2023-05-31,equal_weight,EWN,0.017543859649122806
2023-05-31,equal_weight,EWL,0.017543859649122806
2023-05-31,equal_weight,SAP.DE,0.017543859649122806
2023-05-31,equal_weight,SIE.DE,0.017543859649122806
2023-05-31,equal_weight,BAS.DE,0.017543859649122806
2023-05-31,equal_weight,VOW3.DE,0.017543859649122806
2023-05-31,equal_weight,DTE.DE,0.017543859649122806
2023-05-31,equal_weight,ALV.DE,0.017543859649122806
2023-05-31,equal_weight,BMW.DE,0.017543859649122806
2023-05-31,equal_weight,MBG.DE,0.017543859649122806
2023-05-31,equal_weight,MUV2.DE,0.017543859649122806
2023-05-31,equal_weight,MC.PA,0.017543859649122806
2023-05-31,equal_weight,TTE.PA,0.017543859649122806
2023-05-31,equal_weight,OR.PA,0.017543859649122806
2023-05-31,equal_weight,SAN.PA,0.017543859649122806
2023-05-31,equal_weight,BNP.PA,0.017543859649122806
2023-05-31,equal_weight,AIR.PA,0.017543859649122806
2023-05-31,equal_weight,SU.PA,0.017543859649122806
2023-05-31,equal_weight,CAP.PA,0.017543859649122806
2023-05-31,equal_weight,AI.PA,0.017543859649122806
2023-05-31,equal_weight,ASML.AS,0.017543859649122806
2023-05-31,equal_weight,PHIA.AS,0.017543859649122806
2023-05-31,equal_weight,INGA.AS,0.017543859649122806
2023-05-31,equal_weight,HEIA.AS,0.017543859649122806
2023-05-31,equal_weight,AD.AS,0.017543859649122806
2023-05-31,equal_weight,WKL.AS,0.017543859649122806
2023-05-31,equal_weight,SAN.MC,0.017543859649122806
2023-05-31,equal_weight,IBE.MC,0.017543859649122806
2023-05-31,equal_weight,ITX.MC,0.017543859649122806
2023-05-31,equal_weight,TEF.MC,0.017543859649122806
2023-05-31,equal_weight,ENG.MC,0.017543859649122806
2023-05-31,equal_weight,BBVA.MC,0.017543859649122806
2023-05-31,equal_weight,NESN.SW,0.017543859649122806
2023-05-31,equal_weight,NOVN.SW,0.017543859649122806
2023-05-31,equal_weight,UBSG.SW,0.017543859649122806
2023-05-31,equal_weight,RO.SW,0.017543859649122806
2023-05-31,equal_weight,ABBN.SW,0.017543859649122806
2023-05-31,equal_weight,CFR.SW,0.017543859649122806
2023-05-31,equal_weight,HOLN.SW,0.017543859649122806
2023-05-31,equal_weight,ENI.MI,0.017543859649122806
2023-05-31,equal_weight,ISP.MI,0.017543859649122806
2023-05-31,equal_weight,UCG.MI,0.017543859649122806
2023-05-31,equal_weight,ENEL.MI,0.017543859649122806
2023-05-31,equal_weight,STMMI.MI,0.017543859649122806
2023-06-30,markowitz,BMW.DE,0.03172480882632059
2023-06-30,markowitz,MBG.DE,0.12109694680654556
2023-06-30,markowitz,TTE.PA,0.08960915389923733
2023-06-30,markowitz,SAN.PA,0.0014698825052949162
2023-06-30,markowitz,ASML.AS,0.021739579223178807
2023-06-30,markowitz,AD.AS,0.1500000000000007
2023-06-30,markowitz,WKL.AS,0.1500000000000007
2023-06-30,markowitz,BBVA.MC,0.06997002898554132
2023-06-30,markowitz,NOVN.SW,0.1500000000000007
2023-06-30,markowitz,CFR.SW,0.1500000000000007
2023-06-30,markowitz,UCG.MI,0.06438959975387878
2023-06-30,hrp,EXSA.DE,0.020030034330275094
2023-06-30,hrp,EXV1.DE,0.006878158023423274
2023-06-30,hrp,EXV4.DE,0.051662838559401535
2023-06-30,hrp,EXV3.DE,0.01000741881688404
2023-06-30,hrp,EXV2.DE,0.05830500512627172
2023-06-30,hrp,EXV6.DE,0.020046251084424087
2023-06-30,hrp,EXV7.DE,0.015433293011202331
2023-06-30,hrp,EXH7.DE,0.021708342973169516
2023-06-30,hrp,EXH8.DE,0.02026371459811084
2023-06-30,hrp,EXS1.DE,0.014032959762474283
2023-06-30,hrp,CAC.PA,0.01461412378132299
2023-06-30,hrp,EWI,0.010625934087434426
2023-06-30,hrp,EWP,0.012363112603450186
2023-06-30,hrp,EWN,0.010265058851339036
2023-06-30,hrp,EWL,0.019769934250830207
2023-06-30,hrp,SAP.DE,0.019677614249738143
2023-06-30,hrp,SIE.DE,0.007414126277500691
2023-06-30,hrp,BAS.DE,0.007813868686107419
2023-06-30,hrp,VOW3.DE,0.006577189660843103
2023-06-30,hrp,DTE.DE,0.02220471850265227
2023-06-30,hrp,ALV.DE,0.013414541593141524
2023-06-30,hrp,BMW.DE,0.010381596885552286
2023-06-30,hrp,MBG.DE,0.00917952455340626
2023-06-30,hrp,MUV2.DE,0.01019098446911108
2023-06-30,hrp,MC.PA,0.008606210687799796
2023-06-30,hrp,TTE.PA,0.012169987806951084
2023-06-30,hrp,OR.PA,0.013857814744350891
2023-06-30,hrp,SAN.PA,0.03096781510926506
2023-06-30,hrp,BNP.PA,0.004354637806016779
2023-06-30,hrp,AIR.PA,0.006340076838391041
2023-06-30,hrp,SU.PA,0.009619002175669439
2023-06-30,hrp,CAP.PA,0.010804546862562617
2023-06-30,hrp,AI.PA,0.018064360091065695
2023-06-30,hrp,ASML.AS,0.005200405346043442
2023-06-30,hrp,PHIA.AS,0.015085480109077969
2023-06-30,hrp,INGA.AS,0.00420803939180515
2023-06-30,hrp,HEIA.AS,0.02606826409930423
2023-06-30,hrp,AD.AS,0.05080117786537433
2023-06-30,hrp,WKL.AS,0.029611173534619076
2023-06-30,hrp,SAN.MC,0.00397535878144288
2023-06-30,hrp,IBE.MC,0.01732363567609873
2023-06-30,hrp,ITX.MC,0.010463402053843086
2023-06-30,hrp,TEF.MC,0.026441746988029494
2023-06-30,hrp,ENG.MC,0.047988812966520515
2023-06-30,hrp,BBVA.MC,0.004579089758515253
2023-06-30,hrp,NESN.SW,0.04986256457745006
2023-06-30,hrp,NOVN.SW,0.05387207197235956
2023-06-30,hrp,UBSG.SW,0.009504120980904508
2023-06-30,hrp,RO.SW,0.025932463470899628
2023-06-30,hrp,ABBN.SW,0.021628238871210244
2023-06-30,hrp,CFR.SW,0.006408262735494798
2023-06-30,hrp,HOLN.SW,0.017866175536752054
2023-06-30,hrp,ENI.MI,0.013337154326943086
2023-06-30,hrp,ISP.MI,0.007096036498252666
2023-06-30,hrp,UCG.MI,0.006431403741533796
2023-06-30,hrp,ENEL.MI,0.01244341542674644
2023-06-30,hrp,STMMI.MI,0.006226708430640358
2023-06-30,minimum_variance,EXV4.DE,0.05929608923510924
2023-06-30,minimum_variance,EXV2.DE,0.12898114027346524
2023-06-30,minimum_variance,EXV6.DE,0.04073915680145582
2023-06-30,minimum_variance,EWP,0.0028080018115725683
2023-06-30,minimum_variance,EWL,0.06711809153797713
2023-06-30,minimum_variance,BMW.DE,0.0008531546641234203
2023-06-30,minimum_variance,TTE.PA,0.00847693897943539
2023-06-30,minimum_variance,SAN.PA,0.017140854345344386
2023-06-30,minimum_variance,HEIA.AS,0.025976699088913275
2023-06-30,minimum_variance,AD.AS,0.1255371477963484
2023-06-30,minimum_variance,WKL.AS,0.07081813932699896
2023-06-30,minimum_variance,IBE.MC,0.01816556064456272
2023-06-30,minimum_variance,TEF.MC,0.028085640981370966
2023-06-30,minimum_variance,ENG.MC,0.12067848428305791
2023-06-30,minimum_variance,NESN.SW,0.15
2023-06-30,minimum_variance,NOVN.SW,0.08817836415192208
2023-06-30,minimum_variance,RO.SW,0.047146536078342655
2023-06-30,xgb,EXV6.DE,0.14999999999936645
2023-06-30,xgb,EWL,0.11411650642240523
2023-06-30,xgb,SIE.DE,0.14999999999936645
2023-06-30,xgb,BAS.DE,0.14999999999936645
2023-06-30,xgb,TEF.MC,0.0814667563088934
2023-06-30,xgb,NESN.SW,0.14999999999936645
2023-06-30,xgb,RO.SW,0.14999999999936645
2023-06-30,xgb,UCG.MI,0.054416737271869096
2023-06-30,xgb_sentiment,EXV6.DE,0.1499999999999241
2023-06-30,xgb_sentiment,EWL,0.07176326763457812
2023-06-30,xgb_sentiment,SIE.DE,0.1372334644883772
2023-06-30,xgb_sentiment,BAS.DE,0.09635000045850131
2023-06-30,xgb_sentiment,IBE.MC,0.1499999999999241
2023-06-30,xgb_sentiment,TEF.MC,0.05097836459048145
2023-06-30,xgb_sentiment,NESN.SW,0.1499999999999241
2023-06-30,xgb_sentiment,RO.SW,0.1499999999999241
2023-06-30,xgb_sentiment,UCG.MI,0.04367490282836554
2023-06-30,equal_weight,EXSA.DE,0.017543859649122806
2023-06-30,equal_weight,EXV1.DE,0.017543859649122806
2023-06-30,equal_weight,EXV4.DE,0.017543859649122806
2023-06-30,equal_weight,EXV3.DE,0.017543859649122806
2023-06-30,equal_weight,EXV2.DE,0.017543859649122806
2023-06-30,equal_weight,EXV6.DE,0.017543859649122806
2023-06-30,equal_weight,EXV7.DE,0.017543859649122806
2023-06-30,equal_weight,EXH7.DE,0.017543859649122806
2023-06-30,equal_weight,EXH8.DE,0.017543859649122806
2023-06-30,equal_weight,EXS1.DE,0.017543859649122806
2023-06-30,equal_weight,CAC.PA,0.017543859649122806
2023-06-30,equal_weight,EWI,0.017543859649122806
2023-06-30,equal_weight,EWP,0.017543859649122806
2023-06-30,equal_weight,EWN,0.017543859649122806
2023-06-30,equal_weight,EWL,0.017543859649122806
2023-06-30,equal_weight,SAP.DE,0.017543859649122806
2023-06-30,equal_weight,SIE.DE,0.017543859649122806
2023-06-30,equal_weight,BAS.DE,0.017543859649122806
2023-06-30,equal_weight,VOW3.DE,0.017543859649122806
2023-06-30,equal_weight,DTE.DE,0.017543859649122806
2023-06-30,equal_weight,ALV.DE,0.017543859649122806
2023-06-30,equal_weight,BMW.DE,0.017543859649122806
2023-06-30,equal_weight,MBG.DE,0.017543859649122806
2023-06-30,equal_weight,MUV2.DE,0.017543859649122806
2023-06-30,equal_weight,MC.PA,0.017543859649122806
2023-06-30,equal_weight,TTE.PA,0.017543859649122806
2023-06-30,equal_weight,OR.PA,0.017543859649122806
2023-06-30,equal_weight,SAN.PA,0.017543859649122806
2023-06-30,equal_weight,BNP.PA,0.017543859649122806
2023-06-30,equal_weight,AIR.PA,0.017543859649122806
2023-06-30,equal_weight,SU.PA,0.017543859649122806
2023-06-30,equal_weight,CAP.PA,0.017543859649122806
2023-06-30,equal_weight,AI.PA,0.017543859649122806
2023-06-30,equal_weight,ASML.AS,0.017543859649122806
2023-06-30,equal_weight,PHIA.AS,0.017543859649122806
2023-06-30,equal_weight,INGA.AS,0.017543859649122806
2023-06-30,equal_weight,HEIA.AS,0.017543859649122806
2023-06-30,equal_weight,AD.AS,0.017543859649122806
2023-06-30,equal_weight,WKL.AS,0.017543859649122806
2023-06-30,equal_weight,SAN.MC,0.017543859649122806
2023-06-30,equal_weight,IBE.MC,0.017543859649122806
2023-06-30,equal_weight,ITX.MC,0.017543859649122806
2023-06-30,equal_weight,TEF.MC,0.017543859649122806
2023-06-30,equal_weight,ENG.MC,0.017543859649122806
2023-06-30,equal_weight,BBVA.MC,0.017543859649122806
2023-06-30,equal_weight,NESN.SW,0.017543859649122806
2023-06-30,equal_weight,NOVN.SW,0.017543859649122806
2023-06-30,equal_weight,UBSG.SW,0.017543859649122806
2023-06-30,equal_weight,RO.SW,0.017543859649122806
2023-06-30,equal_weight,ABBN.SW,0.017543859649122806
2023-06-30,equal_weight,CFR.SW,0.017543859649122806
2023-06-30,equal_weight,HOLN.SW,0.017543859649122806
2023-06-30,equal_weight,ENI.MI,0.017543859649122806
2023-06-30,equal_weight,ISP.MI,0.017543859649122806
2023-06-30,equal_weight,UCG.MI,0.017543859649122806
2023-06-30,equal_weight,ENEL.MI,0.017543859649122806
2023-06-30,equal_weight,STMMI.MI,0.017543859649122806
2023-07-31,markowitz,BMW.DE,0.031903738283905005
2023-07-31,markowitz,MBG.DE,0.053102169801224945
2023-07-31,markowitz,TTE.PA,0.02168266102787621
2023-07-31,markowitz,SAN.PA,0.009298573777479599
2023-07-31,markowitz,ASML.AS,0.012485442090353762
2023-07-31,markowitz,AD.AS,0.14478556747986987
2023-07-31,markowitz,WKL.AS,0.14999999999999714
2023-07-31,markowitz,BBVA.MC,0.14363868871493646
2023-07-31,markowitz,NOVN.SW,0.14999999999999714
2023-07-31,markowitz,CFR.SW,0.12174852389014003
2023-07-31,markowitz,ENI.MI,0.08975859025001265
2023-07-31,markowitz,UCG.MI,0.07159604468420726
2023-07-31,hrp,EXSA.DE,0.021361438065964432
2023-07-31,hrp,EXV1.DE,0.007244075052027995
2023-07-31,hrp,EXV4.DE,0.043514326932151855
2023-07-31,hrp,EXV3.DE,0.008856206323688035
2023-07-31,hrp,EXV2.DE,0.044715381704030645
2023-07-31,hrp,EXV6.DE,0.01922308437328685
2023-07-31,hrp,EXV7.DE,0.015618496269093115
2023-07-31,hrp,EXH7.DE,0.016990711321999162
2023-07-31,hrp,EXH8.DE,0.019719327850545348
2023-07-31,hrp,EXS1.DE,0.014473129463623963
2023-07-31,hrp,CAC.PA,0.015525215502551468
2023-07-31,hrp,EWI,0.019142386403710587
2023-07-31,hrp,EWP,0.01702746915751977
2023-07-31,hrp,EWN,0.01093871176477307
2023-07-31,hrp,EWL,0.021277615102779146
2023-07-31,hrp,SAP.DE,0.012380160827844452
2023-07-31,hrp,SIE.DE,0.006941450659646273
2023-07-31,hrp,BAS.DE,0.008579522557156138
2023-07-31,hrp,VOW3.DE,0.0055334972845366825
2023-07-31,hrp,DTE.DE,0.02337182270335074
2023-07-31,hrp,ALV.DE,0.011228553701663233
2023-07-31,hrp,BMW.DE,0.008775374257843046
2023-07-31,hrp,MBG.DE,0.008460301513897012
2023-07-31,hrp,MUV2.DE,0.008783133460327459
2023-07-31,hrp,MC.PA,0.006700190526808987
2023-07-31,hrp,TTE.PA,0.011424913185867218
2023-07-31,hrp,OR.PA,0.010707739008721304
2023-07-31,hrp,SAN.PA,0.040929865833992926
2023-07-31,hrp,BNP.PA,0.0055437207371042295
2023-07-31,hrp,AIR.PA,0.0058972412326775804
2023-07-31,hrp,SU.PA,0.008615138342441825
2023-07-31,hrp,CAP.PA,0.014776139063121346
2023-07-31,hrp,AI.PA,0.020603933420211294
2023-07-31,hrp,ASML.AS,0.004757426845282943
2023-07-31,hrp,PHIA.AS,0.014715375108366117
2023-07-31,hrp,INGA.AS,0.004578387550763823
2023-07-31,hrp,HEIA.AS,0.027972038206582072
2023-07-31,hrp,AD.AS,0.05133516355861966
2023-07-31,hrp,WKL.AS,0.03230149201926624
2023-07-31,hrp,SAN.MC,0.0039135343564517715
2023-07-31,hrp,IBE.MC,0.028361596907334613
2023-07-31,hrp,ITX.MC,0.009536609634530017
2023-07-31,hrp,TEF.MC,0.021115488382677027
2023-07-31,hrp,ENG.MC,0.04843269953326105
2023-07-31,hrp,BBVA.MC,0.0074961783619731095
2023-07-31,hrp,NESN.SW,0.05420843044620449
2023-07-31,hrp,NOVN.SW,0.041083780933206734
2023-07-31,hrp,UBSG.SW,0.008357314659125852
2023-07-31,hrp,RO.SW,0.034995712505598645
2023-07-31,hrp,ABBN.SW,0.014086109966244577
2023-07-31,hrp,CFR.SW,0.005769181691478444
2023-07-31,hrp,HOLN.SW,0.01817131835441463
2023-07-31,hrp,ENI.MI,0.013063488107040474
2023-07-31,hrp,ISP.MI,0.006377358564566338
2023-07-31,hrp,UCG.MI,0.004297120570974817
2023-07-31,hrp,ENEL.MI,0.024106385379676156
2023-07-31,hrp,STMMI.MI,0.0060875347514032065
2023-07-31,minimum_variance,EXV4.DE,0.06258948192700245
2023-07-31,minimum_variance,EXV2.DE,0.13579775455351034
2023-07-31,minimum_variance,EXV6.DE,0.042315344544667274
2023-07-31,minimum_variance,EWP,0.014413933641092844
2023-07-31,minimum_variance,EWL,0.058529281395075454
2023-07-31,minimum_variance,BMW.DE,0.0008816023672758743
2023-07-31,minimum_variance,TTE.PA,0.009705614067171714
2023-07-31,minimum_variance,SAN.PA,0.014874565837462462
2023-07-31,minimum_variance,HEIA.AS,0.021840388828284166
2023-07-31,minimum_variance,AD.AS,0.12813967435213813
2023-07-31,minimum_variance,WKL.AS,0.07237953387830973
2023-07-31,minimum_variance,IBE.MC,0.00783322480068
2023-07-31,minimum_variance,TEF.MC,0.028928705433490735
2023-07-31,minimum_variance,ENG.MC,0.1230020450009302
2023-07-31,minimum_variance,NESN.SW,0.15
2023-07-31,minimum_variance,NOVN.SW,0.07595155578518048
2023-07-31,minimum_variance,RO.SW,0.05281729358772816
2023-07-31,xgb,EXV6.DE,0.13070698655242227
2023-07-31,xgb,BMW.DE,0.1499999999999922
2023-07-31,xgb,CAP.PA,0.1499999999999922
2023-07-31,xgb,ASML.AS,0.042944830165691505
2023-07-31,xgb,PHIA.AS,0.1499999999999922
2023-07-31,xgb,AD.AS,0.038904277830312015
2023-07-31,xgb,ITX.MC,0.1499999999999922
2023-07-31,xgb,ENG.MC,0.03744390545161319
2023-07-31,xgb,RO.SW,0.1499999999999922
2023-07-31,xgb_sentiment,EXV6.DE,0.06087745107056226
2023-07-31,xgb_sentiment,BMW.DE,0.06130079926224472
2023-07-31,xgb_sentiment,CAP.PA,0.14999999999995184
2023-07-31,xgb_sentiment,PHIA.AS,0.14999999999995184
2023-07-31,xgb_sentiment,AD.AS,0.022041136057058278
2023-07-31,xgb_sentiment,IBE.MC,0.14999999999995184
2023-07-31,xgb_sentiment,ITX.MC,0.14999999999995184
2023-07-31,xgb_sentiment,RO.SW,0.14999999999995184
2023-07-31,xgb_sentiment,CFR.SW,0.10578061361037551
2023-07-31,equal_weight,EXSA.DE,0.017543859649122806
2023-07-31,equal_weight,EXV1.DE,0.017543859649122806
2023-07-31,equal_weight,EXV4.DE,0.017543859649122806
2023-07-31,equal_weight,EXV3.DE,0.017543859649122806
2023-07-31,equal_weight,EXV2.DE,0.017543859649122806
2023-07-31,equal_weight,EXV6.DE,0.017543859649122806
2023-07-31,equal_weight,EXV7.DE,0.017543859649122806
2023-07-31,equal_weight,EXH7.DE,0.017543859649122806
2023-07-31,equal_weight,EXH8.DE,0.017543859649122806
2023-07-31,equal_weight,EXS1.DE,0.017543859649122806
2023-07-31,equal_weight,CAC.PA,0.017543859649122806
2023-07-31,equal_weight,EWI,0.017543859649122806
2023-07-31,equal_weight,EWP,0.017543859649122806
2023-07-31,equal_weight,EWN,0.017543859649122806
2023-07-31,equal_weight,EWL,0.017543859649122806
2023-07-31,equal_weight,SAP.DE,0.017543859649122806
2023-07-31,equal_weight,SIE.DE,0.017543859649122806
2023-07-31,equal_weight,BAS.DE,0.017543859649122806
2023-07-31,equal_weight,VOW3.DE,0.017543859649122806
2023-07-31,equal_weight,DTE.DE,0.017543859649122806
2023-07-31,equal_weight,ALV.DE,0.017543859649122806
2023-07-31,equal_weight,BMW.DE,0.017543859649122806
2023-07-31,equal_weight,MBG.DE,0.017543859649122806
2023-07-31,equal_weight,MUV2.DE,0.017543859649122806
2023-07-31,equal_weight,MC.PA,0.017543859649122806
2023-07-31,equal_weight,TTE.PA,0.017543859649122806
2023-07-31,equal_weight,OR.PA,0.017543859649122806
2023-07-31,equal_weight,SAN.PA,0.017543859649122806
2023-07-31,equal_weight,BNP.PA,0.017543859649122806
2023-07-31,equal_weight,AIR.PA,0.017543859649122806
2023-07-31,equal_weight,SU.PA,0.017543859649122806
2023-07-31,equal_weight,CAP.PA,0.017543859649122806
2023-07-31,equal_weight,AI.PA,0.017543859649122806
2023-07-31,equal_weight,ASML.AS,0.017543859649122806
2023-07-31,equal_weight,PHIA.AS,0.017543859649122806
2023-07-31,equal_weight,INGA.AS,0.017543859649122806
2023-07-31,equal_weight,HEIA.AS,0.017543859649122806
2023-07-31,equal_weight,AD.AS,0.017543859649122806
2023-07-31,equal_weight,WKL.AS,0.017543859649122806
2023-07-31,equal_weight,SAN.MC,0.017543859649122806
2023-07-31,equal_weight,IBE.MC,0.017543859649122806
2023-07-31,equal_weight,ITX.MC,0.017543859649122806
2023-07-31,equal_weight,TEF.MC,0.017543859649122806
2023-07-31,equal_weight,ENG.MC,0.017543859649122806
2023-07-31,equal_weight,BBVA.MC,0.017543859649122806
2023-07-31,equal_weight,NESN.SW,0.017543859649122806
2023-07-31,equal_weight,NOVN.SW,0.017543859649122806
2023-07-31,equal_weight,UBSG.SW,0.017543859649122806
2023-07-31,equal_weight,RO.SW,0.017543859649122806
2023-07-31,equal_weight,ABBN.SW,0.017543859649122806
2023-07-31,equal_weight,CFR.SW,0.017543859649122806
2023-07-31,equal_weight,HOLN.SW,0.017543859649122806
2023-07-31,equal_weight,ENI.MI,0.017543859649122806
2023-07-31,equal_weight,ISP.MI,0.017543859649122806
2023-07-31,equal_weight,UCG.MI,0.017543859649122806
2023-07-31,equal_weight,ENEL.MI,0.017543859649122806
2023-07-31,equal_weight,STMMI.MI,0.017543859649122806
2023-08-31,markowitz,TTE.PA,0.0384083360787957
2023-08-31,markowitz,ASML.AS,0.00792715095591938
2023-08-31,markowitz,AD.AS,0.11628728949055486
2023-08-31,markowitz,WKL.AS,0.14999999999999883
2023-08-31,markowitz,TEF.MC,0.030378993757673656
2023-08-31,markowitz,BBVA.MC,0.11666295279532005
2023-08-31,markowitz,NOVN.SW,0.15000000000000055
2023-08-31,markowitz,UBSG.SW,0.11458199837446215
2023-08-31,markowitz,CFR.SW,0.03704468946312792
2023-08-31,markowitz,ENI.MI,0.15000000000000055
2023-08-31,markowitz,UCG.MI,0.08870858908414637
2023-08-31,hrp,EXSA.DE,0.023748223122750906
2023-08-31,hrp,EXV1.DE,0.006920312660544163
2023-08-31,hrp,EXV4.DE,0.052328686431048134
2023-08-31,hrp,EXV3.DE,0.00900114671884005
2023-08-31,hrp,EXV2.DE,0.059897954355631756
2023-08-31,hrp,EXV6.DE,0.020061829409047084
2023-08-31,hrp,EXV7.DE,0.016046224434718124
2023-08-31,hrp,EXH7.DE,0.01727724799172231
2023-08-31,hrp,EXH8.DE,0.019818805237401718
2023-08-31,hrp,EXS1.DE,0.01502695823101746
2023-08-31,hrp,CAC.PA,0.01706039003884615
2023-08-31,hrp,EWI,0.010502002621232912
2023-08-31,hrp,EWP,0.012203583565406552
2023-08-31,hrp,EWN,0.010011771551477467
2023-08-31,hrp,EWL,0.01957227015712929
2023-08-31,hrp,SAP.DE,0.01927401490902438
2023-08-31,hrp,SIE.DE,0.007146537757287127
2023-08-31,hrp,BAS.DE,0.00869045232857592
2023-08-31,hrp,VOW3.DE,0.007709783971594824
2023-08-31,hrp,DTE.DE,0.022772788885448852
2023-08-31,hrp,ALV.DE,0.013629554640929171
2023-08-31,hrp,BMW.DE,0.00919326071754601
2023-08-31,hrp,MBG.DE,0.007463897404692971
2023-08-31,hrp,MUV2.DE,0.012338597170765133
2023-08-31,hrp,MC.PA,0.006698185559444758
2023-08-31,hrp,TTE.PA,0.012214751120071053
2023-08-31,hrp,OR.PA,0.010789649728333092
2023-08-31,hrp,SAN.PA,0.03135141487614715
2023-08-31,hrp,BNP.PA,0.0043197274726699654
2023-08-31,hrp,AIR.PA,0.006367205104151025
2023-08-31,hrp,SU.PA,0.009492143464961187
2023-08-31,hrp,CAP.PA,0.010032049936110203
2023-08-31,hrp,AI.PA,0.020988832249564948
2023-08-31,hrp,ASML.AS,0.004788410011471003
2023-08-31,hrp,PHIA.AS,0.015119156747162665
2023-08-31,hrp,INGA.AS,0.00423186942112908
2023-08-31,hrp,HEIA.AS,0.026101306309945404
2023-08-31,hrp,AD.AS,0.05224698787060471
2023-08-31,hrp,WKL.AS,0.029430092691752976
2023-08-31,hrp,SAN.MC,0.004038593731980758
2023-08-31,hrp,IBE.MC,0.015217993962649827
2023-08-31,hrp,ITX.MC,0.014632037114972034
2023-08-31,hrp,TEF.MC,0.02713866362060275
2023-08-31,hrp,ENG.MC,0.0512437523653664
2023-08-31,hrp,BBVA.MC,0.004694157971366773
2023-08-31,hrp,NESN.SW,0.04856688566125241
2023-08-31,hrp,NOVN.SW,0.05290589210488448
2023-08-31,hrp,UBSG.SW,0.0099011373460066
2023-08-31,hrp,RO.SW,0.026236199203358852
2023-08-31,hrp,ABBN.SW,0.015327141066611637
2023-08-31,hrp,CFR.SW,0.005955369675411182
2023-08-31,hrp,HOLN.SW,0.017449334565378696
2023-08-31,hrp,ENI.MI,0.014239000801602147
2023-08-31,hrp,ISP.MI,0.006682214821094693
2023-08-31,hrp,UCG.MI,0.0062842873097807535
2023-08-31,hrp,ENEL.MI,0.011332700641771803
2023-08-31,hrp,STMMI.MI,0.006286561159710521
2023-08-31,minimum_variance,EXV4.DE,0.07564151870195894
2023-08-31,minimum_variance,EXV2.DE,0.14999999999999997
2023-08-31,minimum_variance,EXV6.DE,0.03883529633299265
2023-08-31,minimum_variance,EWP,0.007825764169302698
2023-08-31,minimum_variance,EWL,0.060494688752929036
2023-08-31,minimum_variance,TTE.PA,0.01657636512641722
2023-08-31,minimum_variance,SAN.PA,0.015354183504010868
2023-08-31,minimum_variance,HEIA.AS,0.023756992592812224
2023-08-31,minimum_variance,AD.AS,0.12696991275471725
2023-08-31,minimum_variance,WKL.AS,0.06997266284599019
2023-08-31,minimum_variance,TEF.MC,0.0191711343695014
2023-08-31,minimum_variance,ENG.MC,0.13003972035154393
2023-08-31,minimum_variance,NESN.SW,0.14999999999999997
2023-08-31,minimum_variance,NOVN.SW,0.0689363894738718
2023-08-31,minimum_variance,RO.SW,0.0464253710239518
2023-08-31,xgb,EXV6.DE,0.15000000000000102
2023-08-31,xgb,EXH7.DE,0.1481545561498354
2023-08-31,xgb,EWN,0.10443881393268846
2023-08-31,xgb,EWL,0.14999999999999966
2023-08-31,xgb,SIE.DE,0.07105293149419457
2023-08-31,xgb,ENG.MC,0.01421395382913723
2023-08-31,xgb,NESN.SW,0.09300582350490073
2023-08-31,xgb,RO.SW,0.14999999999999994
2023-08-31,xgb,ISP.MI,0.11913392108924285
2023-08-31,xgb_sentiment,EXV6.DE,0.14999999999996874
2023-08-31,xgb_sentiment,EXH7.DE,0.06272709732899069
2023-08-31,xgb_sentiment,EWN,0.09565962606563697
2023-08-31,xgb_sentiment,EWL,0.06063343865955816
2023-08-31,xgb_sentiment,VOW3.DE,0.059951496591417894
2023-08-31,xgb_sentiment,IBE.MC,0.14999999999996874
2023-08-31,xgb_sentiment,ENG.MC,0.14999999999996874
2023-08-31,xgb_sentiment,NESN.SW,0.015955968567657266
2023-08-31,xgb_sentiment,RO.SW,0.14999999999996874
2023-08-31,xgb_sentiment,ISP.MI,0.10507237278686392
2023-08-31,equal_weight,EXSA.DE,0.017543859649122806
2023-08-31,equal_weight,EXV1.DE,0.017543859649122806
2023-08-31,equal_weight,EXV4.DE,0.017543859649122806
2023-08-31,equal_weight,EXV3.DE,0.017543859649122806
2023-08-31,equal_weight,EXV2.DE,0.017543859649122806
2023-08-31,equal_weight,EXV6.DE,0.017543859649122806
2023-08-31,equal_weight,EXV7.DE,0.017543859649122806
2023-08-31,equal_weight,EXH7.DE,0.017543859649122806
2023-08-31,equal_weight,EXH8.DE,0.017543859649122806
2023-08-31,equal_weight,EXS1.DE,0.017543859649122806
2023-08-31,equal_weight,CAC.PA,0.017543859649122806
2023-08-31,equal_weight,EWI,0.017543859649122806
2023-08-31,equal_weight,EWP,0.017543859649122806
2023-08-31,equal_weight,EWN,0.017543859649122806
2023-08-31,equal_weight,EWL,0.017543859649122806
2023-08-31,equal_weight,SAP.DE,0.017543859649122806
2023-08-31,equal_weight,SIE.DE,0.017543859649122806
2023-08-31,equal_weight,BAS.DE,0.017543859649122806
2023-08-31,equal_weight,VOW3.DE,0.017543859649122806
2023-08-31,equal_weight,DTE.DE,0.017543859649122806
2023-08-31,equal_weight,ALV.DE,0.017543859649122806
2023-08-31,equal_weight,BMW.DE,0.017543859649122806
2023-08-31,equal_weight,MBG.DE,0.017543859649122806
2023-08-31,equal_weight,MUV2.DE,0.017543859649122806
2023-08-31,equal_weight,MC.PA,0.017543859649122806
2023-08-31,equal_weight,TTE.PA,0.017543859649122806
2023-08-31,equal_weight,OR.PA,0.017543859649122806
2023-08-31,equal_weight,SAN.PA,0.017543859649122806
2023-08-31,equal_weight,BNP.PA,0.017543859649122806
2023-08-31,equal_weight,AIR.PA,0.017543859649122806
2023-08-31,equal_weight,SU.PA,0.017543859649122806
2023-08-31,equal_weight,CAP.PA,0.017543859649122806
2023-08-31,equal_weight,AI.PA,0.017543859649122806
2023-08-31,equal_weight,ASML.AS,0.017543859649122806
2023-08-31,equal_weight,PHIA.AS,0.017543859649122806
2023-08-31,equal_weight,INGA.AS,0.017543859649122806
2023-08-31,equal_weight,HEIA.AS,0.017543859649122806
2023-08-31,equal_weight,AD.AS,0.017543859649122806
2023-08-31,equal_weight,WKL.AS,0.017543859649122806
2023-08-31,equal_weight,SAN.MC,0.017543859649122806
2023-08-31,equal_weight,IBE.MC,0.017543859649122806
2023-08-31,equal_weight,ITX.MC,0.017543859649122806
2023-08-31,equal_weight,TEF.MC,0.017543859649122806
2023-08-31,equal_weight,ENG.MC,0.017543859649122806
2023-08-31,equal_weight,BBVA.MC,0.017543859649122806
2023-08-31,equal_weight,NESN.SW,0.017543859649122806
2023-08-31,equal_weight,NOVN.SW,0.017543859649122806
2023-08-31,equal_weight,UBSG.SW,0.017543859649122806
2023-08-31,equal_weight,RO.SW,0.017543859649122806
2023-08-31,equal_weight,ABBN.SW,0.017543859649122806
2023-08-31,equal_weight,CFR.SW,0.017543859649122806
2023-08-31,equal_weight,HOLN.SW,0.017543859649122806
2023-08-31,equal_weight,ENI.MI,0.017543859649122806
2023-08-31,equal_weight,ISP.MI,0.017543859649122806
2023-08-31,equal_weight,UCG.MI,0.017543859649122806
2023-08-31,equal_weight,ENEL.MI,0.017543859649122806
2023-08-31,equal_weight,STMMI.MI,0.017543859649122806
2023-09-29,markowitz,DTE.DE,0.03600430968246682
2023-09-29,markowitz,TTE.PA,0.11945004089202549
2023-09-29,markowitz,SAN.PA,0.04752166777126381
2023-09-29,markowitz,AD.AS,0.11476452728716761
2023-09-29,markowitz,WKL.AS,0.14999999999999847
2023-09-29,markowitz,BBVA.MC,0.09891451063833312
2023-09-29,markowitz,NOVN.SW,0.14999999999999847
2023-09-29,markowitz,UBSG.SW,0.015012209683497098
2023-09-29,markowitz,CFR.SW,0.02112402894422227
2023-09-29,markowitz,ENI.MI,0.14999999999999847
2023-09-29,markowitz,UCG.MI,0.0972087051010282
2023-09-29,hrp,EXSA.DE,0.023330738094545486
2023-09-29,hrp,EXV1.DE,0.006884907285595357
2023-09-29,hrp,EXV4.DE,0.055854474791866504
2023-09-29,hrp,EXV3.DE,0.008930438331279635
2023-09-29,hrp,EXV2.DE,0.04472788319696619
2023-09-29,hrp,EXV6.DE,0.015221883219522982
2023-09-29,hrp,EXV7.DE,0.01568119041123618
2023-09-29,hrp,EXH7.DE,0.016626530296003746
2023-09-29,hrp,EXH8.DE,0.019339833641565506
2023-09-29,hrp,EXS1.DE,0.015056256072950277
2023-09-29,hrp,CAC.PA,0.01677300694817386
2023-09-29,hrp,EWI,0.010579533416485192
2023-09-29,hrp,EWP,0.012232732652100453
2023-09-29,hrp,EWN,0.009983157221569018
2023-09-29,hrp,EWL,0.019640718107314714
2023-09-29,hrp,SAP.DE,0.018227581787717793
2023-09-29,hrp,SIE.DE,0.006928723035694406
2023-09-29,hrp,BAS.DE,0.008230285262831828
2023-09-29,hrp,VOW3.DE,0.008336303858860961
2023-09-29,hrp,DTE.DE,0.023775013172364044
2023-09-29,hrp,ALV.DE,0.013185338593759652
2023-09-29,hrp,BMW.DE,0.009136265300650781
2023-09-29,hrp,MBG.DE,0.007524861030719127
2023-09-29,hrp,MUV2.DE,0.011935879423939179
2023-09-29,hrp,MC.PA,0.006535077992864059
2023-09-29,hrp,TTE.PA,0.018151312111674575
2023-09-29,hrp,OR.PA,0.0103717964062023
2023-09-29,hrp,SAN.PA,0.031566756112413406
2023-09-29,hrp,BNP.PA,0.004361705090903717
2023-09-29,hrp,AIR.PA,0.006101317734929425
2023-09-29,hrp,SU.PA,0.009110464109714929
2023-09-29,hrp,CAP.PA,0.010877888901663583
2023-09-29,hrp,AI.PA,0.02077724398804653
2023-09-29,hrp,ASML.AS,0.004585534858345049
2023-09-29,hrp,PHIA.AS,0.015430785173015342
2023-09-29,hrp,INGA.AS,0.0042372065906895575
2023-09-29,hrp,HEIA.AS,0.026362572938214982
2023-09-29,hrp,AD.AS,0.05038902568587989
2023-09-29,hrp,WKL.AS,0.02921767435325027
2023-09-29,hrp,SAN.MC,0.004022582341419708
2023-09-29,hrp,IBE.MC,0.01467660733366295
2023-09-29,hrp,ITX.MC,0.011126697224237845
2023-09-29,hrp,TEF.MC,0.021034332899723507
2023-09-29,hrp,ENG.MC,0.05167390668165956
2023-09-29,hrp,BBVA.MC,0.004645194042882817
2023-09-29,hrp,NESN.SW,0.04785112659091586
2023-09-29,hrp,NOVN.SW,0.04513377930101807
2023-09-29,hrp,UBSG.SW,0.014592749714655866
2023-09-29,hrp,RO.SW,0.03355779203613251
2023-09-29,hrp,ABBN.SW,0.01972139211146367
2023-09-29,hrp,CFR.SW,0.0056084080599599065
2023-09-29,hrp,HOLN.SW,0.03169895299897474
2023-09-29,hrp,ENI.MI,0.01818598449711371
2023-09-29,hrp,ISP.MI,0.006686377624490878
2023-09-29,hrp,UCG.MI,0.006206817085227711
2023-09-29,hrp,ENEL.MI,0.011169535297986328
2023-09-29,hrp,STMMI.MI,0.006187866956954064
2023-09-29,minimum_variance,EXV4.DE,0.06357791987213494
2023-09-29,minimum_variance,EXV2.DE,0.13988019314287284
2023-09-29,minimum_variance,EXV6.DE,0.030903525979659868
2023-09-29,minimum_variance,EWP,0.0018112508574667924
2023-09-29,minimum_variance,EWL,0.06904425739651085
2023-09-29,minimum_variance,SAP.DE,0.008361213792293551
2023-09-29,minimum_variance,BMW.DE,0.004683994154779005
2023-09-29,minimum_variance,TTE.PA,0.02378223236197664
2023-09-29,minimum_variance,SAN.PA,0.022747031549753226
2023-09-29,minimum_variance,HEIA.AS,0.02375158517758295
2023-09-29,minimum_variance,AD.AS,0.11896911790012722
2023-09-29,minimum_variance,WKL.AS,0.0687928361333032
2023-09-29,minimum_variance,TEF.MC,0.01775188125540893
2023-09-29,minimum_variance,ENG.MC,0.1318569347256456
2023-09-29,minimum_variance,NESN.SW,0.1465036463979134
2023-09-29,minimum_variance,NOVN.SW,0.07714864411769339
2023-09-29,minimum_variance,RO.SW,0.04712790463263411
2023-09-29,minimum_variance,ENI.MI,0.0033058305522436315
2023-09-29,xgb,BAS.DE,0.1398449235950387
2023-09-29,xgb,MC.PA,0.14865565698076283
2023-09-29,xgb,PHIA.AS,0.044606027652765654
2023-09-29,xgb,HEIA.AS,0.14999999999999955
2023-09-29,xgb,AD.AS,0.09390940203608603
2023-09-29,xgb,NESN.SW,0.024446843938219203
2023-09-29,xgb,UBSG.SW,0.12204886937752832
2023-09-29,xgb,RO.SW,0.1499999999999968
2023-09-29,xgb,ENEL.MI,0.12648827641960292
2023-09-29,xgb_sentiment,BAS.DE,0.1175925915221264
2023-09-29,xgb_sentiment,HEIA.AS,0.14999999999999672
2023-09-29,xgb_sentiment,AD.AS,0.012774678176948832
2023-09-29,xgb_sentiment,IBE.MC,0.14999999999999672
2023-09-29,xgb_sentiment,NESN.SW,0.10296079549299168
2023-09-29,xgb_sentiment,UBSG.SW,0.13768667871965062
2023-09-29,xgb_sentiment,RO.SW,0.14999999999999672
2023-09-29,xgb_sentiment,CFR.SW,0.028985256088295584
2023-09-29,xgb_sentiment,ENEL.MI,0.14999999999999672
2023-09-29,equal_weight,EXSA.DE,0.017543859649122806
2023-09-29,equal_weight,EXV1.DE,0.017543859649122806
2023-09-29,equal_weight,EXV4.DE,0.017543859649122806
2023-09-29,equal_weight,EXV3.DE,0.017543859649122806
2023-09-29,equal_weight,EXV2.DE,0.017543859649122806
2023-09-29,equal_weight,EXV6.DE,0.017543859649122806
2023-09-29,equal_weight,EXV7.DE,0.017543859649122806
2023-09-29,equal_weight,EXH7.DE,0.017543859649122806
2023-09-29,equal_weight,EXH8.DE,0.017543859649122806
2023-09-29,equal_weight,EXS1.DE,0.017543859649122806
2023-09-29,equal_weight,CAC.PA,0.017543859649122806
2023-09-29,equal_weight,EWI,0.017543859649122806
2023-09-29,equal_weight,EWP,0.017543859649122806
2023-09-29,equal_weight,EWN,0.017543859649122806
2023-09-29,equal_weight,EWL,0.017543859649122806
2023-09-29,equal_weight,SAP.DE,0.017543859649122806
2023-09-29,equal_weight,SIE.DE,0.017543859649122806
2023-09-29,equal_weight,BAS.DE,0.017543859649122806
2023-09-29,equal_weight,VOW3.DE,0.017543859649122806
2023-09-29,equal_weight,DTE.DE,0.017543859649122806
2023-09-29,equal_weight,ALV.DE,0.017543859649122806
2023-09-29,equal_weight,BMW.DE,0.017543859649122806
2023-09-29,equal_weight,MBG.DE,0.017543859649122806
2023-09-29,equal_weight,MUV2.DE,0.017543859649122806
2023-09-29,equal_weight,MC.PA,0.017543859649122806
2023-09-29,equal_weight,TTE.PA,0.017543859649122806
2023-09-29,equal_weight,OR.PA,0.017543859649122806
2023-09-29,equal_weight,SAN.PA,0.017543859649122806
2023-09-29,equal_weight,BNP.PA,0.017543859649122806
2023-09-29,equal_weight,AIR.PA,0.017543859649122806
2023-09-29,equal_weight,SU.PA,0.017543859649122806
2023-09-29,equal_weight,CAP.PA,0.017543859649122806
2023-09-29,equal_weight,AI.PA,0.017543859649122806
2023-09-29,equal_weight,ASML.AS,0.017543859649122806
2023-09-29,equal_weight,PHIA.AS,0.017543859649122806
2023-09-29,equal_weight,INGA.AS,0.017543859649122806
2023-09-29,equal_weight,HEIA.AS,0.017543859649122806
2023-09-29,equal_weight,AD.AS,0.017543859649122806
2023-09-29,equal_weight,WKL.AS,0.017543859649122806
2023-09-29,equal_weight,SAN.MC,0.017543859649122806
2023-09-29,equal_weight,IBE.MC,0.017543859649122806
2023-09-29,equal_weight,ITX.MC,0.017543859649122806
2023-09-29,equal_weight,TEF.MC,0.017543859649122806
2023-09-29,equal_weight,ENG.MC,0.017543859649122806
2023-09-29,equal_weight,BBVA.MC,0.017543859649122806
2023-09-29,equal_weight,NESN.SW,0.017543859649122806
2023-09-29,equal_weight,NOVN.SW,0.017543859649122806
2023-09-29,equal_weight,UBSG.SW,0.017543859649122806
2023-09-29,equal_weight,RO.SW,0.017543859649122806
2023-09-29,equal_weight,ABBN.SW,0.017543859649122806
2023-09-29,equal_weight,CFR.SW,0.017543859649122806
2023-09-29,equal_weight,HOLN.SW,0.017543859649122806
2023-09-29,equal_weight,ENI.MI,0.017543859649122806
2023-09-29,equal_weight,ISP.MI,0.017543859649122806
2023-09-29,equal_weight,UCG.MI,0.017543859649122806
2023-09-29,equal_weight,ENEL.MI,0.017543859649122806
2023-09-29,equal_weight,STMMI.MI,0.017543859649122806
2023-10-31,markowitz,DTE.DE,0.02874049277375771
2023-10-31,markowitz,MUV2.DE,0.07100920314265506
2023-10-31,markowitz,TTE.PA,0.11034704391615135
2023-10-31,markowitz,ASML.AS,0.012860480469877216
2023-10-31,markowitz,AD.AS,0.1472882040679315
2023-10-31,markowitz,WKL.AS,0.1499999999999907
2023-10-31,markowitz,BBVA.MC,0.01054253528321509
2023-10-31,markowitz,NESN.SW,0.006429584703544546
2023-10-31,markowitz,NOVN.SW,0.1499999999999907
2023-10-31,markowitz,ABBN.SW,0.016776983910264696
2023-10-31,markowitz,ENI.MI,0.1499999999999907
2023-10-31,markowitz,UCG.MI,0.14600547173263076
2023-10-31,hrp,EXSA.DE,0.019379399022478153
2023-10-31,hrp,EXV1.DE,0.007380997844407358
2023-10-31,hrp,EXV4.DE,0.042361805571519466
2023-10-31,hrp,EXV3.DE,0.008768094108987665
2023-10-31,hrp,EXV2.DE,0.04487886769035398
2023-10-31,hrp,EXV6.DE,0.017057231052272172
2023-10-31,hrp,EXV7.DE,0.015911768778269372
2023-10-31,hrp,EXH7.DE,0.01536856899531283
2023-10-31,hrp,EXH8.DE,0.012419384903227016
2023-10-31,hrp,EXS1.DE,0.015617040684788542
2023-10-31,hrp,CAC.PA,0.014558484743075925
2023-10-31,hrp,EWI,0.01748162447823294
2023-10-31,hrp,EWP,0.015342955293569674
2023-10-31,hrp,EWN,0.010355205342407978
2023-10-31,hrp,EWL,0.020552125286979524
2023-10-31,hrp,SAP.DE,0.015905241890884277
2023-10-31,hrp,SIE.DE,0.006922939509707298
2023-10-31,hrp,BAS.DE,0.008929867299835343
2023-10-31,hrp,VOW3.DE,0.006493809962924569
2023-10-31,hrp,DTE.DE,0.023782885755898483
2023-10-31,hrp,ALV.DE,0.015567821148888453
2023-10-31,hrp,BMW.DE,0.009018994967790687
2023-10-31,hrp,MBG.DE,0.007328619383750094
2023-10-31,hrp,MUV2.DE,0.01576309363828517
2023-10-31,hrp,MC.PA,0.006014971433060752
2023-10-31,hrp,TTE.PA,0.020780434789242252
2023-10-31,hrp,OR.PA,0.010450307099999051
2023-10-31,hrp,SAN.PA,0.024742776631014447
2023-10-31,hrp,BNP.PA,0.004910714773564439
2023-10-31,hrp,AIR.PA,0.011709851246467843
2023-10-31,hrp,SU.PA,0.009737096195744668
2023-10-31,hrp,CAP.PA,0.010772468364853788
2023-10-31,hrp,AI.PA,0.018685931179680596
2023-10-31,hrp,ASML.AS,0.004520937165809353
2023-10-31,hrp,PHIA.AS,0.014675368301968833
2023-10-31,hrp,INGA.AS,0.004656388416862963
2023-10-31,hrp,HEIA.AS,0.02830502908890956
2023-10-31,hrp,AD.AS,0.04815446778785376
2023-10-31,hrp,WKL.AS,0.029476950325158156
2023-10-31,hrp,SAN.MC,0.0045276440943051
2023-10-31,hrp,IBE.MC,0.030476005542977316
2023-10-31,hrp,ITX.MC,0.009923942670084581
2023-10-31,hrp,TEF.MC,0.025005258472499178
2023-10-31,hrp,ENG.MC,0.050488459632722506
2023-10-31,hrp,BBVA.MC,0.005454937476843091
2023-10-31,hrp,NESN.SW,0.045693278324343604
2023-10-31,hrp,NOVN.SW,0.04765324285195244
2023-10-31,hrp,UBSG.SW,0.009573201469774776
2023-10-31,hrp,RO.SW,0.032636513145333564
2023-10-31,hrp,ABBN.SW,0.012385753091753892
2023-10-31,hrp,CFR.SW,0.009071204901781052
2023-10-31,hrp,HOLN.SW,0.01828237250517332
2023-10-31,hrp,ENI.MI,0.021795009093718645
2023-10-31,hrp,ISP.MI,0.006770249478936521
2023-10-31,hrp,UCG.MI,0.006340612715540412
2023-10-31,hrp,ENEL.MI,0.0236822113873007
2023-10-31,hrp,STMMI.MI,0.005499582990922021
2023-10-31,minimum_variance,EXV4.DE,0.07623390099609036
2023-10-31,minimum_variance,EXV2.DE,0.1255886296097365
2023-10-31,minimum_variance,EXV6.DE,0.013555644772813447
2023-10-31,minimum_variance,EWL,0.06488169579966023
2023-10-31,minimum_variance,SAP.DE,0.018731395127087918
2023-10-31,minimum_variance,BMW.DE,0.005995132025224629
2023-10-31,minimum_variance,TTE.PA,0.03350247892348061
2023-10-31,minimum_variance,SAN.PA,0.012135388093902048
2023-10-31,minimum_variance,HEIA.AS,0.027789535250955497
2023-10-31,minimum_variance,AD.AS,0.10867576717532547
2023-10-31,minimum_variance,WKL.AS,0.07338604081410213
2023-10-31,minimum_variance,TEF.MC,0.04081345724822413
2023-10-31,minimum_variance,ENG.MC,0.12213437430754846
2023-10-31,minimum_variance,NESN.SW,0.1296188087760514
2023-10-31,minimum_variance,NOVN.SW,0.0838031937996822
2023-10-31,minimum_variance,RO.SW,0.04622189951273108
2023-10-31,minimum_variance,ENI.MI,0.016932657767383993
2023-10-31,xgb,EXV4.DE,0.06501005776457387
2023-10-31,xgb,SIE.DE,0.11209923915999218
2023-10-31,xgb,VOW3.DE,0.03667466476833333
2023-10-31,xgb,MC.PA,0.15000000000001643
2023-10-31,xgb,SAN.PA,0.14999999999997257
2023-10-31,xgb,ITX.MC,0.01153379968363584
2023-10-31,xgb,TEF.MC,0.076600834344025
2023-10-31,xgb,NESN.SW,0.08037984138870403
2023-10-31,xgb,UBSG.SW,0.09773932624764849
2023-10-31,xgb,RO.SW,0.14999999999998181
2023-10-31,xgb,STMMI.MI,0.06996223664311646
2023-10-31,xgb_sentiment,SIE.DE,0.09575600256551646
2023-10-31,xgb_sentiment,VOW3.DE,0.0726235959272976
2023-10-31,xgb_sentiment,MC.PA,0.1499999999999753
2023-10-31,xgb_sentiment,SAN.PA,0.1499999999999753
2023-10-31,xgb_sentiment,ITX.MC,0.1499999999999753
2023-10-31,xgb_sentiment,TEF.MC,0.1074610032735551
2023-10-31,xgb_sentiment,NESN.SW,0.0554371761324993
2023-10-31,xgb_sentiment,RO.SW,0.1499999999999753
2023-10-31,xgb_sentiment,STMMI.MI,0.06872222210123038
2023-10-31,equal_weight,EXSA.DE,0.017543859649122806
2023-10-31,equal_weight,EXV1.DE,0.017543859649122806
2023-10-31,equal_weight,EXV4.DE,0.017543859649122806
2023-10-31,equal_weight,EXV3.DE,0.017543859649122806
2023-10-31,equal_weight,EXV2.DE,0.017543859649122806
2023-10-31,equal_weight,EXV6.DE,0.017543859649122806
2023-10-31,equal_weight,EXV7.DE,0.017543859649122806
2023-10-31,equal_weight,EXH7.DE,0.017543859649122806
2023-10-31,equal_weight,EXH8.DE,0.017543859649122806
2023-10-31,equal_weight,EXS1.DE,0.017543859649122806
2023-10-31,equal_weight,CAC.PA,0.017543859649122806
2023-10-31,equal_weight,EWI,0.017543859649122806
2023-10-31,equal_weight,EWP,0.017543859649122806
2023-10-31,equal_weight,EWN,0.017543859649122806
2023-10-31,equal_weight,EWL,0.017543859649122806
2023-10-31,equal_weight,SAP.DE,0.017543859649122806
2023-10-31,equal_weight,SIE.DE,0.017543859649122806
2023-10-31,equal_weight,BAS.DE,0.017543859649122806
2023-10-31,equal_weight,VOW3.DE,0.017543859649122806
2023-10-31,equal_weight,DTE.DE,0.017543859649122806
2023-10-31,equal_weight,ALV.DE,0.017543859649122806
2023-10-31,equal_weight,BMW.DE,0.017543859649122806
2023-10-31,equal_weight,MBG.DE,0.017543859649122806
2023-10-31,equal_weight,MUV2.DE,0.017543859649122806
2023-10-31,equal_weight,MC.PA,0.017543859649122806
2023-10-31,equal_weight,TTE.PA,0.017543859649122806
2023-10-31,equal_weight,OR.PA,0.017543859649122806
2023-10-31,equal_weight,SAN.PA,0.017543859649122806
2023-10-31,equal_weight,BNP.PA,0.017543859649122806
2023-10-31,equal_weight,AIR.PA,0.017543859649122806
2023-10-31,equal_weight,SU.PA,0.017543859649122806
2023-10-31,equal_weight,CAP.PA,0.017543859649122806
2023-10-31,equal_weight,AI.PA,0.017543859649122806
2023-10-31,equal_weight,ASML.AS,0.017543859649122806
2023-10-31,equal_weight,PHIA.AS,0.017543859649122806
2023-10-31,equal_weight,INGA.AS,0.017543859649122806
2023-10-31,equal_weight,HEIA.AS,0.017543859649122806
2023-10-31,equal_weight,AD.AS,0.017543859649122806
2023-10-31,equal_weight,WKL.AS,0.017543859649122806
2023-10-31,equal_weight,SAN.MC,0.017543859649122806
2023-10-31,equal_weight,IBE.MC,0.017543859649122806
2023-10-31,equal_weight,ITX.MC,0.017543859649122806
2023-10-31,equal_weight,TEF.MC,0.017543859649122806
2023-10-31,equal_weight,ENG.MC,0.017543859649122806
2023-10-31,equal_weight,BBVA.MC,0.017543859649122806
2023-10-31,equal_weight,NESN.SW,0.017543859649122806
2023-10-31,equal_weight,NOVN.SW,0.017543859649122806
2023-10-31,equal_weight,UBSG.SW,0.017543859649122806
2023-10-31,equal_weight,RO.SW,0.017543859649122806
2023-10-31,equal_weight,ABBN.SW,0.017543859649122806
2023-10-31,equal_weight,CFR.SW,0.017543859649122806
2023-10-31,equal_weight,HOLN.SW,0.017543859649122806
2023-10-31,equal_weight,ENI.MI,0.017543859649122806
2023-10-31,equal_weight,ISP.MI,0.017543859649122806
2023-10-31,equal_weight,UCG.MI,0.017543859649122806
2023-10-31,equal_weight,ENEL.MI,0.017543859649122806
2023-10-31,equal_weight,STMMI.MI,0.017543859649122806
2023-11-30,markowitz,SAP.DE,0.003872604578726829
2023-11-30,markowitz,DTE.DE,0.07827782785739718
2023-11-30,markowitz,TTE.PA,0.07426728045026323
2023-11-30,markowitz,AD.AS,0.07650839502757334
2023-11-30,markowitz,WKL.AS,0.14999999999999414
2023-11-30,markowitz,TEF.MC,0.05251582079451118
2023-11-30,markowitz,BBVA.MC,0.002843871748582597
2023-11-30,markowitz,NOVN.SW,0.14999999999999414
2023-11-30,markowitz,UBSG.SW,0.06997263660114227
2023-11-30,markowitz,ABBN.SW,0.041741562941826904
2023-11-30,markowitz,ENI.MI,0.14999999999999414
2023-11-30,markowitz,UCG.MI,0.14999999999999414
2023-11-30,hrp,EXSA.DE,0.02004985195636743
2023-11-30,hrp,EXV1.DE,0.00753390975530727
2023-11-30,hrp,EXV4.DE,0.04204859372181018
2023-11-30,hrp,EXV3.DE,0.00735865825894833
2023-11-30,hrp,EXV2.DE,0.04569018736060693
2023-11-30,hrp,EXV6.DE,0.016968532007900092
2023-11-30,hrp,EXV7.DE,0.018088520380648652
2023-11-30,hrp,EXH7.DE,0.014970926208521754
2023-11-30,hrp,EXH8.DE,0.011695893964347283
2023-11-30,hrp,EXS1.DE,0.014313127376963254
2023-11-30,hrp,CAC.PA,0.015423053311723497
2023-11-30,hrp,EWI,0.0172500350053753
2023-11-30,hrp,EWP,0.01521259490364088
2023-11-30,hrp,EWN,0.010147696075368634
2023-11-30,hrp,EWL,0.02023353379572444
2023-11-30,hrp,SAP.DE,0.01585481608280591
2023-11-30,hrp,SIE.DE,0.006484350766336077
2023-11-30,hrp,BAS.DE,0.008698389672197675
2023-11-30,hrp,VOW3.DE,0.006637342543318042
2023-11-30,hrp,DTE.DE,0.02372040566919011
2023-11-30,hrp,ALV.DE,0.01574750633566409
2023-11-30,hrp,BMW.DE,0.008952847666472554
2023-11-30,hrp,MBG.DE,0.007362756141624793
2023-11-30,hrp,MUV2.DE,0.0161707822883851
2023-11-30,hrp,MC.PA,0.0075167760806011214
2023-11-30,hrp,TTE.PA,0.020906054483614368
2023-11-30,hrp,OR.PA,0.010784604948618276
2023-11-30,hrp,SAN.PA,0.023850484690453016
2023-11-30,hrp,BNP.PA,0.004977820484668565
2023-11-30,hrp,AIR.PA,0.011796202866554107
2023-11-30,hrp,SU.PA,0.013753114232552292
2023-11-30,hrp,CAP.PA,0.010766557775283412
2023-11-30,hrp,AI.PA,0.01642314879242366
2023-11-30,hrp,ASML.AS,0.003686387739040504
2023-11-30,hrp,PHIA.AS,0.01126609139580246
2023-11-30,hrp,INGA.AS,0.004720620952459952
2023-11-30,hrp,HEIA.AS,0.027094227628713937
2023-11-30,hrp,AD.AS,0.04394743929805359
2023-11-30,hrp,WKL.AS,0.03738320325847751
2023-11-30,hrp,SAN.MC,0.004798680407460776
2023-11-30,hrp,IBE.MC,0.03011724654392034
2023-11-30,hrp,ITX.MC,0.009921198634765404
2023-11-30,hrp,TEF.MC,0.026300265754728203
2023-11-30,hrp,ENG.MC,0.046031773411811125
2023-11-30,hrp,BBVA.MC,0.005458208916912521
2023-11-30,hrp,NESN.SW,0.05173018813089462
2023-11-30,hrp,NOVN.SW,0.04886207411252073
2023-11-30,hrp,UBSG.SW,0.00939172832633502
2023-11-30,hrp,RO.SW,0.03255349673220592
2023-11-30,hrp,ABBN.SW,0.012055030203083381
2023-11-30,hrp,CFR.SW,0.0051609790847869505
2023-11-30,hrp,HOLN.SW,0.018146324688840833
2023-11-30,hrp,ENI.MI,0.022078550959808062
2023-11-30,hrp,ISP.MI,0.006691989905728538
2023-11-30,hrp,UCG.MI,0.006380059484006913
2023-11-30,hrp,ENEL.MI,0.02383385980688686
2023-11-30,hrp,STMMI.MI,0.005001299018738762
2023-11-30,minimum_variance,EXV4.DE,0.0679115498852302
2023-11-30,minimum_variance,EXV2.DE,0.13088041925460678
2023-11-30,minimum_variance,EXV6.DE,0.006689585123585686
2023-11-30,minimum_variance,EWL,0.062095814620965875
2023-11-30,minimum_variance,SAP.DE,0.02410024447164584
2023-11-30,minimum_variance,BMW.DE,0.004062290035688822
2023-11-30,minimum_variance,TTE.PA,0.03133362449108226
2023-11-30,minimum_variance,SAN.PA,0.013837325561797524
2023-11-30,minimum_variance,HEIA.AS,0.027092809074577732
2023-11-30,minimum_variance,AD.AS,0.10131941467817888
2023-11-30,minimum_variance,WKL.AS,0.07293395280091672
2023-11-30,minimum_variance,TEF.MC,0.05022815716086651
2023-11-30,minimum_variance,ENG.MC,0.12245848635076141
2023-11-30,minimum_variance,NESN.SW,0.12468701798079981
2023-11-30,minimum_variance,NOVN.SW,0.09067084517435024
2023-11-30,minimum_variance,RO.SW,0.0464796002859037
2023-11-30,minimum_variance,ENI.MI,0.023218863049042086
2023-11-30,xgb,EXH7.DE,0.017622694091906768
2023-11-30,xgb,EWN,0.010917731082250472
2023-11-30,xgb,BAS.DE,0.15000000000002234
2023-11-30,xgb,VOW3.DE,0.011416760679507244
2023-11-30,xgb,TTE.PA,0.048611049806536626
2023-11-30,xgb,SAN.PA,0.08365792554156509
2023-11-30,xgb,HEIA.AS,0.15000000000000602
2023-11-30,xgb,AD.AS,0.14999999999998403
2023-11-30,xgb,NESN.SW,0.15000000000000646
2023-11-30,xgb,RO.SW,0.14999999999999425
2023-11-30,xgb,CFR.SW,0.07777383879822072
2023-11-30,xgb_sentiment,BAS.DE,0.13148307284468433
2023-11-30,xgb_sentiment,TTE.PA,0.10922092943913962
2023-11-30,xgb_sentiment,SAN.PA,0.016384574654589514
2023-11-30,xgb_sentiment,HEIA.AS,0.14999999999999966
2023-11-30,xgb_sentiment,AD.AS,0.14999999999999966
2023-11-30,xgb_sentiment,IBE.MC,0.10405960400393956
2023-11-30,xgb_sentiment,NESN.SW,0.14999999999999966
2023-11-30,xgb_sentiment,RO.SW,0.14999999999999966
2023-11-30,xgb_sentiment,CFR.SW,0.03885181905764836
2023-11-30,equal_weight,EXSA.DE,0.017543859649122806
2023-11-30,equal_weight,EXV1.DE,0.017543859649122806
2023-11-30,equal_weight,EXV4.DE,0.017543859649122806
2023-11-30,equal_weight,EXV3.DE,0.017543859649122806
2023-11-30,equal_weight,EXV2.DE,0.017543859649122806
2023-11-30,equal_weight,EXV6.DE,0.017543859649122806
2023-11-30,equal_weight,EXV7.DE,0.017543859649122806
2023-11-30,equal_weight,EXH7.DE,0.017543859649122806
2023-11-30,equal_weight,EXH8.DE,0.017543859649122806
2023-11-30,equal_weight,EXS1.DE,0.017543859649122806
2023-11-30,equal_weight,CAC.PA,0.017543859649122806
2023-11-30,equal_weight,EWI,0.017543859649122806
2023-11-30,equal_weight,EWP,0.017543859649122806
2023-11-30,equal_weight,EWN,0.017543859649122806
2023-11-30,equal_weight,EWL,0.017543859649122806
2023-11-30,equal_weight,SAP.DE,0.017543859649122806
2023-11-30,equal_weight,SIE.DE,0.017543859649122806
2023-11-30,equal_weight,BAS.DE,0.017543859649122806
2023-11-30,equal_weight,VOW3.DE,0.017543859649122806
2023-11-30,equal_weight,DTE.DE,0.017543859649122806
2023-11-30,equal_weight,ALV.DE,0.017543859649122806
2023-11-30,equal_weight,BMW.DE,0.017543859649122806
2023-11-30,equal_weight,MBG.DE,0.017543859649122806
2023-11-30,equal_weight,MUV2.DE,0.017543859649122806
2023-11-30,equal_weight,MC.PA,0.017543859649122806
2023-11-30,equal_weight,TTE.PA,0.017543859649122806
2023-11-30,equal_weight,OR.PA,0.017543859649122806
2023-11-30,equal_weight,SAN.PA,0.017543859649122806
2023-11-30,equal_weight,BNP.PA,0.017543859649122806
2023-11-30,equal_weight,AIR.PA,0.017543859649122806
2023-11-30,equal_weight,SU.PA,0.017543859649122806
2023-11-30,equal_weight,CAP.PA,0.017543859649122806
2023-11-30,equal_weight,AI.PA,0.017543859649122806
2023-11-30,equal_weight,ASML.AS,0.017543859649122806
2023-11-30,equal_weight,PHIA.AS,0.017543859649122806
2023-11-30,equal_weight,INGA.AS,0.017543859649122806
2023-11-30,equal_weight,HEIA.AS,0.017543859649122806
2023-11-30,equal_weight,AD.AS,0.017543859649122806
2023-11-30,equal_weight,WKL.AS,0.017543859649122806
2023-11-30,equal_weight,SAN.MC,0.017543859649122806
2023-11-30,equal_weight,IBE.MC,0.017543859649122806
2023-11-30,equal_weight,ITX.MC,0.017543859649122806
2023-11-30,equal_weight,TEF.MC,0.017543859649122806
2023-11-30,equal_weight,ENG.MC,0.017543859649122806
2023-11-30,equal_weight,BBVA.MC,0.017543859649122806
2023-11-30,equal_weight,NESN.SW,0.017543859649122806
2023-11-30,equal_weight,NOVN.SW,0.017543859649122806
2023-11-30,equal_weight,UBSG.SW,0.017543859649122806
2023-11-30,equal_weight,RO.SW,0.017543859649122806
2023-11-30,equal_weight,ABBN.SW,0.017543859649122806
2023-11-30,equal_weight,CFR.SW,0.017543859649122806
2023-11-30,equal_weight,HOLN.SW,0.017543859649122806
2023-11-30,equal_weight,ENI.MI,0.017543859649122806
2023-11-30,equal_weight,ISP.MI,0.017543859649122806
2023-11-30,equal_weight,UCG.MI,0.017543859649122806
2023-11-30,equal_weight,ENEL.MI,0.017543859649122806
2023-11-30,equal_weight,STMMI.MI,0.017543859649122806
2023-12-29,markowitz,DTE.DE,0.08702136681239236
2023-12-29,markowitz,MUV2.DE,0.01919336946605035
2023-12-29,markowitz,TTE.PA,0.07068237076184768
2023-12-29,markowitz,OR.PA,0.028262047470451346
2023-12-29,markowitz,SAN.PA,0.012136738767553869
2023-12-29,markowitz,AD.AS,0.03869769614051381
2023-12-29,markowitz,WKL.AS,0.15000000000000016
2023-12-29,markowitz,ITX.MC,0.005414496168492571
2023-12-29,markowitz,BBVA.MC,0.006067730970465531
2023-12-29,markowitz,NOVN.SW,0.1499999999999983
2023-12-29,markowitz,UBSG.SW,0.08600805643385447
2023-12-29,markowitz,ABBN.SW,0.04651612700837916
2023-12-29,markowitz,ENI.MI,0.15000000000000027
2023-12-29,markowitz,UCG.MI,0.15000000000000022
2023-12-29,hrp,EXSA.DE,0.019715916727715346
2023-12-29,hrp,EXV1.DE,0.00785469682301874
2023-12-29,hrp,EXV4.DE,0.04673212506070427
2023-12-29,hrp,EXV3.DE,0.007232251176106231
2023-12-29,hrp,EXV2.DE,0.03976351203568436
2023-12-29,hrp,EXV6.DE,0.017343214965655412
2023-12-29,hrp,EXV7.DE,0.017821972019790803
2023-12-29,hrp,EXH7.DE,0.01461338951186676
2023-12-29,hrp,EXH8.DE,0.011417847829692539
2023-12-29,hrp,EXS1.DE,0.014152353488570768
2023-12-29,hrp,CAC.PA,0.015209788339097413
2023-12-29,hrp,EWI,0.017993676013449894
2023-12-29,hrp,EWP,0.014811803040225785
2023-12-29,hrp,EWN,0.011104957250422648
2023-12-29,hrp,EWL,0.02168640426231583
2023-12-29,hrp,SAP.DE,0.021147793449716647
2023-12-29,hrp,SIE.DE,0.006484238865912586
2023-12-29,hrp,BAS.DE,0.008324839955799093
2023-12-29,hrp,VOW3.DE,0.005626599868355922
2023-12-29,hrp,DTE.DE,0.02035926141434226
2023-12-29,hrp,ALV.DE,0.015665208806105772
2023-12-29,hrp,BMW.DE,0.008457637473790056
2023-12-29,hrp,MBG.DE,0.00819594877333915
2023-12-29,hrp,MUV2.DE,0.015894315386571458
2023-12-29,hrp,MC.PA,0.00740357066238746
2023-12-29,hrp,TTE.PA,0.02095788662379651
2023-12-29,hrp,OR.PA,0.01059434524557945
2023-12-29,hrp,SAN.PA,0.023578754515644645
2023-12-29,hrp,BNP.PA,0.005124553373719415
2023-12-29,hrp,AIR.PA,0.007488676189158121
2023-12-29,hrp,SU.PA,0.013572288620662298
2023-12-29,hrp,CAP.PA,0.010669761067696036
2023-12-29,hrp,AI.PA,0.016237551660303367
2023-12-29,hrp,ASML.AS,0.0036595376630172653
2023-12-29,hrp,PHIA.AS,0.010982994374025406
2023-12-29,hrp,INGA.AS,0.004942003115823684
2023-12-29,hrp,HEIA.AS,0.026659908082187433
2023-12-29,hrp,AD.AS,0.04462163199886462
2023-12-29,hrp,WKL.AS,0.03712533569911661
2023-12-29,hrp,SAN.MC,0.0049801924294918115
2023-12-29,hrp,IBE.MC,0.031060920139946935
2023-12-29,hrp,ITX.MC,0.010803696299893856
2023-12-29,hrp,TEF.MC,0.027936354352142753
2023-12-29,hrp,ENG.MC,0.04750502737462296
2023-12-29,hrp,BBVA.MC,0.0056056180619474035
2023-12-29,hrp,NESN.SW,0.0509193153071303
2023-12-29,hrp,NOVN.SW,0.04746848324306215
2023-12-29,hrp,UBSG.SW,0.007879710503806864
2023-12-29,hrp,RO.SW,0.03127332201256758
2023-12-29,hrp,ABBN.SW,0.013368138349171789
2023-12-29,hrp,CFR.SW,0.005057751717110094
2023-12-29,hrp,HOLN.SW,0.020770086338336623
2023-12-29,hrp,ENI.MI,0.021978886339808157
2023-12-29,hrp,ISP.MI,0.0067782805927533284
2023-12-29,hrp,UCG.MI,0.006510963429065758
2023-12-29,hrp,ENEL.MI,0.023967117395762325
2023-12-29,hrp,STMMI.MI,0.004907584683147277
2023-12-29,minimum_variance,EXV4.DE,0.0887848139292614
2023-12-29,minimum_variance,EXV2.DE,0.1277953742760907
2023-12-29,minimum_variance,EXV6.DE,0.006134442846566243
2023-12-29,minimum_variance,EWL,0.05761048501200433
2023-12-29,minimum_variance,SAP.DE,0.02317241389797608
2023-12-29,minimum_variance,BMW.DE,0.002448786812215192
2023-12-29,minimum_variance,TTE.PA,0.034748723584021125
2023-12-29,minimum_variance,SAN.PA,0.007401710329884976
2023-12-29,minimum_variance,HEIA.AS,0.02631405733785123
2023-12-29,minimum_variance,AD.AS,0.10577572742917778
2023-12-29,minimum_variance,WKL.AS,0.07126903391846903
2023-12-29,minimum_variance,TEF.MC,0.06082821500083719
2023-12-29,minimum_variance,ENG.MC,0.1320575017772177
2023-12-29,minimum_variance,NESN.SW,0.1214840988293932
2023-12-29,minimum_variance,NOVN.SW,0.08058007543658817
2023-12-29,minimum_variance,RO.SW,0.03591557703197194
2023-12-29,minimum_variance,ENI.MI,0.017678962550473742
2023-12-29,xgb,MBG.DE,0.09575117724525117
2023-12-29,xgb,MC.PA,0.0814328693571274
2023-12-29,xgb,SAN.PA,0.13524319244029087
2023-12-29,xgb,HEIA.AS,0.08757276095733936
2023-12-29,xgb,AD.AS,0.149999999999998
2023-12-29,xgb,TEF.MC,0.149999999999998
2023-12-29,xgb,NESN.SW,0.149999999999998
2023-12-29,xgb,RO.SW,0.14999999999999714
2023-12-29,xgb_sentiment,MBG.DE,0.10055967853786144
2023-12-29,xgb_sentiment,MC.PA,0.07555200333285046
2023-12-29,xgb_sentiment,SAN.PA,0.09386029453076936
2023-12-29,xgb_sentiment,HEIA.AS,0.08969837683987462
2023-12-29,xgb_sentiment,AD.AS,0.14999999999994473
2023-12-29,xgb_sentiment,IBE.MC,0.0301733132303664
2023-12-29,xgb_sentiment,TEF.MC,0.1500000000005647
2023-12-29,xgb_sentiment,NESN.SW,0.15000000000000116
2023-12-29,xgb_sentiment,RO.SW,0.1499999999999939
2023-12-29,xgb_sentiment,UCG.MI,0.01015633352777329
2023-12-29,equal_weight,EXSA.DE,0.017543859649122806
2023-12-29,equal_weight,EXV1.DE,0.017543859649122806
2023-12-29,equal_weight,EXV4.DE,0.017543859649122806
2023-12-29,equal_weight,EXV3.DE,0.017543859649122806
2023-12-29,equal_weight,EXV2.DE,0.017543859649122806
2023-12-29,equal_weight,EXV6.DE,0.017543859649122806
2023-12-29,equal_weight,EXV7.DE,0.017543859649122806
2023-12-29,equal_weight,EXH7.DE,0.017543859649122806
2023-12-29,equal_weight,EXH8.DE,0.017543859649122806
2023-12-29,equal_weight,EXS1.DE,0.017543859649122806
2023-12-29,equal_weight,CAC.PA,0.017543859649122806
2023-12-29,equal_weight,EWI,0.017543859649122806
2023-12-29,equal_weight,EWP,0.017543859649122806
2023-12-29,equal_weight,EWN,0.017543859649122806
2023-12-29,equal_weight,EWL,0.017543859649122806
2023-12-29,equal_weight,SAP.DE,0.017543859649122806
2023-12-29,equal_weight,SIE.DE,0.017543859649122806
2023-12-29,equal_weight,BAS.DE,0.017543859649122806
2023-12-29,equal_weight,VOW3.DE,0.017543859649122806
2023-12-29,equal_weight,DTE.DE,0.017543859649122806
2023-12-29,equal_weight,ALV.DE,0.017543859649122806
2023-12-29,equal_weight,BMW.DE,0.017543859649122806
2023-12-29,equal_weight,MBG.DE,0.017543859649122806
2023-12-29,equal_weight,MUV2.DE,0.017543859649122806
2023-12-29,equal_weight,MC.PA,0.017543859649122806
2023-12-29,equal_weight,TTE.PA,0.017543859649122806
2023-12-29,equal_weight,OR.PA,0.017543859649122806
2023-12-29,equal_weight,SAN.PA,0.017543859649122806
2023-12-29,equal_weight,BNP.PA,0.017543859649122806
2023-12-29,equal_weight,AIR.PA,0.017543859649122806
2023-12-29,equal_weight,SU.PA,0.017543859649122806
2023-12-29,equal_weight,CAP.PA,0.017543859649122806
2023-12-29,equal_weight,AI.PA,0.017543859649122806
2023-12-29,equal_weight,ASML.AS,0.017543859649122806
2023-12-29,equal_weight,PHIA.AS,0.017543859649122806
2023-12-29,equal_weight,INGA.AS,0.017543859649122806
2023-12-29,equal_weight,HEIA.AS,0.017543859649122806
2023-12-29,equal_weight,AD.AS,0.017543859649122806
2023-12-29,equal_weight,WKL.AS,0.017543859649122806
2023-12-29,equal_weight,SAN.MC,0.017543859649122806
2023-12-29,equal_weight,IBE.MC,0.017543859649122806
2023-12-29,equal_weight,ITX.MC,0.017543859649122806
2023-12-29,equal_weight,TEF.MC,0.017543859649122806
2023-12-29,equal_weight,ENG.MC,0.017543859649122806
2023-12-29,equal_weight,BBVA.MC,0.017543859649122806
2023-12-29,equal_weight,NESN.SW,0.017543859649122806
2023-12-29,equal_weight,NOVN.SW,0.017543859649122806
2023-12-29,equal_weight,UBSG.SW,0.017543859649122806
2023-12-29,equal_weight,RO.SW,0.017543859649122806
2023-12-29,equal_weight,ABBN.SW,0.017543859649122806
2023-12-29,equal_weight,CFR.SW,0.017543859649122806
2023-12-29,equal_weight,HOLN.SW,0.017543859649122806
2023-12-29,equal_weight,ENI.MI,0.017543859649122806
2023-12-29,equal_weight,ISP.MI,0.017543859649122806
2023-12-29,equal_weight,UCG.MI,0.017543859649122806
2023-12-29,equal_weight,ENEL.MI,0.017543859649122806
2023-12-29,equal_weight,STMMI.MI,0.017543859649122806
2024-01-31,markowitz,SAP.DE,0.06948947286767031
2024-01-31,markowitz,DTE.DE,0.0832121732389762
2024-01-31,markowitz,TTE.PA,0.048272474416065705
2024-01-31,markowitz,SAN.PA,0.029567605418961338
2024-01-31,markowitz,AD.AS,0.0912403816886068
2024-01-31,markowitz,WKL.AS,0.1499999999999914
2024-01-31,markowitz,NESN.SW,0.049532462922016955
2024-01-31,markowitz,NOVN.SW,0.1499999999999914
2024-01-31,markowitz,UBSG.SW,0.052151573920036665
2024-01-31,markowitz,ABBN.SW,0.017238829118361144
2024-01-31,markowitz,ENI.MI,0.10929502640933067
2024-01-31,markowitz,UCG.MI,0.1499999999999914
2024-01-31,hrp,EXSA.DE,0.019835127765178377
2024-01-31,hrp,EXV1.DE,0.007830589931771364
2024-01-31,hrp,EXV4.DE,0.04717228837049011
2024-01-31,hrp,EXV3.DE,0.007186522445587895
2024-01-31,hrp,EXV2.DE,0.039795364661330296
2024-01-31,hrp,EXV6.DE,0.01740557014169931
2024-01-31,hrp,EXV7.DE,0.017486045306624984
2024-01-31,hrp,EXH7.DE,0.014321627248556611
2024-01-31,hrp,EXH8.DE,0.011227717468004293
2024-01-31,hrp,EXS1.DE,0.014143636590402162
2024-01-31,hrp,CAC.PA,0.015199277779608765
2024-01-31,hrp,EWI,0.01787446656162878
2024-01-31,hrp,EWP,0.014638540852779805
2024-01-31,hrp,EWN,0.01106364747149052
2024-01-31,hrp,EWL,0.02167851505569075
2024-01-31,hrp,SAP.DE,0.02061292167702551
2024-01-31,hrp,SIE.DE,0.006376673188989775
2024-01-31,hrp,BAS.DE,0.008166316581821705
2024-01-31,hrp,VOW3.DE,0.006600747411682171
2024-01-31,hrp,DTE.DE,0.020235355893216768
2024-01-31,hrp,ALV.DE,0.01568352456967615
2024-01-31,hrp,BMW.DE,0.008072788085535914
2024-01-31,hrp,MBG.DE,0.006942511658313476
2024-01-31,hrp,MUV2.DE,0.015926936996522565
2024-01-31,hrp,MC.PA,0.006990692022394168
2024-01-31,hrp,TTE.PA,0.02065620196324013
2024-01-31,hrp,OR.PA,0.0103487949436553
2024-01-31,hrp,SAN.PA,0.024779055259059983
2024-01-31,hrp,BNP.PA,0.0051035260039400095
2024-01-31,hrp,AIR.PA,0.007894587393448489
2024-01-31,hrp,SU.PA,0.012963207674251612
2024-01-31,hrp,CAP.PA,0.010589693020780442
2024-01-31,hrp,AI.PA,0.0170397894781814
2024-01-31,hrp,ASML.AS,0.0035835648518376105
2024-01-31,hrp,PHIA.AS,0.014278991642589457
2024-01-31,hrp,INGA.AS,0.005056748460094552
2024-01-31,hrp,HEIA.AS,0.02896837725436137
2024-01-31,hrp,AD.AS,0.04755901391365021
2024-01-31,hrp,WKL.AS,0.029401686062782772
2024-01-31,hrp,SAN.MC,0.005019963697131016
2024-01-31,hrp,IBE.MC,0.030880505123659054
2024-01-31,hrp,ITX.MC,0.010588180316869075
2024-01-31,hrp,TEF.MC,0.03234875682817288
2024-01-31,hrp,ENG.MC,0.054968755407168265
2024-01-31,hrp,BBVA.MC,0.005666553382692923
2024-01-31,hrp,NESN.SW,0.04466219609821316
2024-01-31,hrp,NOVN.SW,0.04277516534886632
2024-01-31,hrp,UBSG.SW,0.007743976872127094
2024-01-31,hrp,RO.SW,0.03431343712770147
2024-01-31,hrp,ABBN.SW,0.013065815610545341
2024-01-31,hrp,CFR.SW,0.004438909039868775
2024-01-31,hrp,HOLN.SW,0.020463207290452447
2024-01-31,hrp,ENI.MI,0.0201353420171314
2024-01-31,hrp,ISP.MI,0.006703989895231448
2024-01-31,hrp,UCG.MI,0.0064906613049346955
2024-01-31,hrp,ENEL.MI,0.02410804971613265
2024-01-31,hrp,STMMI.MI,0.004935891265206426
2024-01-31,minimum_variance,EXV4.DE,0.09788748698790235
2024-01-31,minimum_variance,EXV2.DE,0.10851450415385207
2024-01-31,minimum_variance,EXV6.DE,0.012915609884998716
2024-01-31,minimum_variance,EWL,0.05337687862147069
2024-01-31,minimum_variance,SAP.DE,0.028232125845369754
2024-01-31,minimum_variance,TTE.PA,0.03738985640807631
2024-01-31,minimum_variance,SAN.PA,0.0022209488721752326
2024-01-31,minimum_variance,HEIA.AS,0.029974759545954185
2024-01-31,minimum_variance,AD.AS,0.10604813847749232
2024-01-31,minimum_variance,WKL.AS,0.07213422554474302
2024-01-31,minimum_variance,TEF.MC,0.07590786971645688
2024-01-31,minimum_variance,ENG.MC,0.1307850307506001
2024-01-31,minimum_variance,NESN.SW,0.12660602348815697
2024-01-31,minimum_variance,NOVN.SW,0.0754846397358633
2024-01-31,minimum_variance,RO.SW,0.0328960644174853
2024-01-31,minimum_variance,ENI.MI,0.009625837549402768
2024-01-31,xgb,EXV6.DE,0.020081109391545043
2024-01-31,xgb,BMW.DE,0.004977253760590346
2024-01-31,xgb,MC.PA,0.13867631252417717
2024-01-31,xgb,SAN.PA,0.1362767256234282
2024-01-31,xgb,ASML.AS,0.016523553063183198
2024-01-31,xgb,AD.AS,0.1499999999999955
2024-01-31,xgb,TEF.MC,0.0034996202749774845
2024-01-31,xgb,ENG.MC,0.15000000000010666
2024-01-31,xgb,NESN.SW,0.14999999999999808
2024-01-31,xgb,RO.SW,0.14999999999999636
2024-01-31,xgb,STMMI.MI,0.07996542536200184
2024-01-31,xgb_sentiment,MC.PA,0.08480350309042674
2024-01-31,xgb_sentiment,SAN.PA,0.06144614294576887
2024-01-31,xgb_sentiment,AD.AS,0.149999999999993
2024-01-31,xgb_sentiment,SAN.MC,0.06685020855610474
2024-01-31,xgb_sentiment,IBE.MC,0.149999999999993
2024-01-31,xgb_sentiment,TEF.MC,0.013802985289543752
2024-01-31,xgb_sentiment,ENG.MC,0.10439792332584806
2024-01-31,xgb_sentiment,NESN.SW,0.149999999999993
2024-01-31,xgb_sentiment,RO.SW,0.149999999999993
2024-01-31,xgb_sentiment,STMMI.MI,0.06869923679233576
2024-01-31,equal_weight,EXSA.DE,0.017543859649122806
2024-01-31,equal_weight,EXV1.DE,0.017543859649122806
2024-01-31,equal_weight,EXV4.DE,0.017543859649122806
2024-01-31,equal_weight,EXV3.DE,0.017543859649122806
2024-01-31,equal_weight,EXV2.DE,0.017543859649122806
2024-01-31,equal_weight,EXV6.DE,0.017543859649122806
2024-01-31,equal_weight,EXV7.DE,0.017543859649122806
2024-01-31,equal_weight,EXH7.DE,0.017543859649122806
2024-01-31,equal_weight,EXH8.DE,0.017543859649122806
2024-01-31,equal_weight,EXS1.DE,0.017543859649122806
2024-01-31,equal_weight,CAC.PA,0.017543859649122806
2024-01-31,equal_weight,EWI,0.017543859649122806
2024-01-31,equal_weight,EWP,0.017543859649122806
2024-01-31,equal_weight,EWN,0.017543859649122806
2024-01-31,equal_weight,EWL,0.017543859649122806
2024-01-31,equal_weight,SAP.DE,0.017543859649122806
2024-01-31,equal_weight,SIE.DE,0.017543859649122806
2024-01-31,equal_weight,BAS.DE,0.017543859649122806
2024-01-31,equal_weight,VOW3.DE,0.017543859649122806
2024-01-31,equal_weight,DTE.DE,0.017543859649122806
2024-01-31,equal_weight,ALV.DE,0.017543859649122806
2024-01-31,equal_weight,BMW.DE,0.017543859649122806
2024-01-31,equal_weight,MBG.DE,0.017543859649122806
2024-01-31,equal_weight,MUV2.DE,0.017543859649122806
2024-01-31,equal_weight,MC.PA,0.017543859649122806
2024-01-31,equal_weight,TTE.PA,0.017543859649122806
2024-01-31,equal_weight,OR.PA,0.017543859649122806
2024-01-31,equal_weight,SAN.PA,0.017543859649122806
2024-01-31,equal_weight,BNP.PA,0.017543859649122806
2024-01-31,equal_weight,AIR.PA,0.017543859649122806
2024-01-31,equal_weight,SU.PA,0.017543859649122806
2024-01-31,equal_weight,CAP.PA,0.017543859649122806
2024-01-31,equal_weight,AI.PA,0.017543859649122806
2024-01-31,equal_weight,ASML.AS,0.017543859649122806
2024-01-31,equal_weight,PHIA.AS,0.017543859649122806
2024-01-31,equal_weight,INGA.AS,0.017543859649122806
2024-01-31,equal_weight,HEIA.AS,0.017543859649122806
2024-01-31,equal_weight,AD.AS,0.017543859649122806
2024-01-31,equal_weight,WKL.AS,0.017543859649122806
2024-01-31,equal_weight,SAN.MC,0.017543859649122806
2024-01-31,equal_weight,IBE.MC,0.017543859649122806
2024-01-31,equal_weight,ITX.MC,0.017543859649122806
2024-01-31,equal_weight,TEF.MC,0.017543859649122806
2024-01-31,equal_weight,ENG.MC,0.017543859649122806
2024-01-31,equal_weight,BBVA.MC,0.017543859649122806
2024-01-31,equal_weight,NESN.SW,0.017543859649122806
2024-01-31,equal_weight,NOVN.SW,0.017543859649122806
2024-01-31,equal_weight,UBSG.SW,0.017543859649122806
2024-01-31,equal_weight,RO.SW,0.017543859649122806
2024-01-31,equal_weight,ABBN.SW,0.017543859649122806
2024-01-31,equal_weight,CFR.SW,0.017543859649122806
2024-01-31,equal_weight,HOLN.SW,0.017543859649122806
2024-01-31,equal_weight,ENI.MI,0.017543859649122806
2024-01-31,equal_weight,ISP.MI,0.017543859649122806
2024-01-31,equal_weight,UCG.MI,0.017543859649122806
2024-01-31,equal_weight,ENEL.MI,0.017543859649122806
2024-01-31,equal_weight,STMMI.MI,0.017543859649122806
2024-02-29,markowitz,SAP.DE,0.1378040772194629
2024-02-29,markowitz,MUV2.DE,0.047993196783272414
2024-02-29,markowitz,TTE.PA,0.08013566113499662
2024-02-29,markowitz,AI.PA,0.008593296215647693
2024-02-29,markowitz,AD.AS,0.10089381108593473
2024-02-29,markowitz,WKL.AS,0.1499999999999951
2024-02-29,markowitz,TEF.MC,0.037935044165728724
2024-02-29,markowitz,BBVA.MC,0.033354054399756944
2024-02-29,markowitz,NOVN.SW,0.14999999999999444
2024-02-29,markowitz,UBSG.SW,0.01589272373147436
2024-02-29,markowitz,ABBN.SW,0.049906171997506216
2024-02-29,markowitz,ENI.MI,0.03749196326623129
2024-02-29,markowitz,UCG.MI,0.1499999999999985
2024-02-29,hrp,EXSA.DE,0.019329544092194135
2024-02-29,hrp,EXV1.DE,0.008124318985908445
2024-02-29,hrp,EXV4.DE,0.0570378376378935
2024-02-29,hrp,EXV3.DE,0.00803163370887994
2024-02-29,hrp,EXV2.DE,0.042152417404435163
2024-02-29,hrp,EXV6.DE,0.015625523634388468
2024-02-29,hrp,EXV7.DE,0.01564755285739936
2024-02-29,hrp,EXH7.DE,0.014447922175455399
2024-02-29,hrp,EXH8.DE,0.010588485691889714
2024-02-29,hrp,EXS1.DE,0.015668632754181313
2024-02-29,hrp,CAC.PA,0.014462832595708594
2024-02-29,hrp,EWI,0.01720836169538448
2024-02-29,hrp,EWP,0.014023599722787846
2024-02-29,hrp,EWN,0.011699212007518776
2024-02-29,hrp,EWL,0.02274249426644475
2024-02-29,hrp,SAP.DE,0.014142596730591567
2024-02-29,hrp,SIE.DE,0.0067821015080664435
2024-02-29,hrp,BAS.DE,0.00838260156213471
2024-02-29,hrp,VOW3.DE,0.008317523475094981
2024-02-29,hrp,DTE.DE,0.021800103102924056
2024-02-29,hrp,ALV.DE,0.016041961528918344
2024-02-29,hrp,BMW.DE,0.015423423332499478
2024-02-29,hrp,MBG.DE,0.009100371851635293
2024-02-29,hrp,MUV2.DE,0.014986250275132491
2024-02-29,hrp,MC.PA,0.0054450732409395625
2024-02-29,hrp,TTE.PA,0.020726331199399844
2024-02-29,hrp,OR.PA,0.010694836015247925
2024-02-29,hrp,SAN.PA,0.02541469517361097
2024-02-29,hrp,BNP.PA,0.005129395355044984
2024-02-29,hrp,AIR.PA,0.008506478719439136
2024-02-29,hrp,SU.PA,0.00799718974897877
2024-02-29,hrp,CAP.PA,0.010280367794077677
2024-02-29,hrp,AI.PA,0.024594858256932063
2024-02-29,hrp,ASML.AS,0.004331928815444032
2024-02-29,hrp,PHIA.AS,0.012129487575278087
2024-02-29,hrp,INGA.AS,0.005231102038734828
2024-02-29,hrp,HEIA.AS,0.029459671545994336
2024-02-29,hrp,AD.AS,0.04415241778840972
2024-02-29,hrp,WKL.AS,0.037550019647690835
2024-02-29,hrp,SAN.MC,0.005097385020898734
2024-02-29,hrp,IBE.MC,0.018785421108935493
2024-02-29,hrp,ITX.MC,0.010861676867486014
2024-02-29,hrp,TEF.MC,0.02752662611297028
2024-02-29,hrp,ENG.MC,0.043970410521073505
2024-02-29,hrp,BBVA.MC,0.005926358751958609
2024-02-29,hrp,NESN.SW,0.05390562297485137
2024-02-29,hrp,NOVN.SW,0.042596289634561
2024-02-29,hrp,UBSG.SW,0.007475039757047517
2024-02-29,hrp,RO.SW,0.029995094965121014
2024-02-29,hrp,ABBN.SW,0.013309292609601942
2024-02-29,hrp,CFR.SW,0.004812159096853894
2024-02-29,hrp,HOLN.SW,0.02769550599435973
2024-02-29,hrp,ENI.MI,0.021488724938850522
2024-02-29,hrp,ISP.MI,0.006784554626059814
2024-02-29,hrp,UCG.MI,0.006548812917026001
2024-02-29,hrp,ENEL.MI,0.015348877293850063
2024-02-29,hrp,STMMI.MI,0.004460991295804507
2024-02-29,minimum_variance,EXV4.DE,0.09878892631738906
2024-02-29,minimum_variance,EXV2.DE,0.11386009022105761
2024-02-29,minimum_variance,EXV6.DE,0.004391838979186183
2024-02-29,minimum_variance,EWL,0.04392828937266524
2024-02-29,minimum_variance,SAP.DE,0.031114997771613792
2024-02-29,minimum_variance,BMW.DE,0.006208361569642589
2024-02-29,minimum_variance,TTE.PA,0.04059404637371335
2024-02-29,minimum_variance,SAN.PA,0.0042112471624460605
2024-02-29,minimum_variance,HEIA.AS,0.03400259157550243
2024-02-29,minimum_variance,AD.AS,0.10639397636433912
2024-02-29,minimum_variance,WKL.AS,0.07788851575616323
2024-02-29,minimum_variance,TEF.MC,0.07654864927684682
2024-02-29,minimum_variance,ENG.MC,0.12302357279543026
2024-02-29,minimum_variance,NESN.SW,0.11546870620129085
2024-02-29,minimum_variance,NOVN.SW,0.08010856899577609
2024-02-29,minimum_variance,RO.SW,0.03658477091822097
2024-02-29,minimum_variance,ENI.MI,0.006882850348716296
2024-02-29,xgb,EXV2.DE,0.0040926282743658764
2024-02-29,xgb,EXV6.DE,0.04680611773638582
2024-02-29,xgb,EWL,0.06585011522782191
2024-02-29,xgb,SAN.PA,0.1500000000000044
2024-02-29,xgb,HEIA.AS,0.14999999999999908
2024-02-29,xgb,ENG.MC,0.15000000000000263
2024-02-29,xgb,NESN.SW,0.14999999999999597
2024-02-29,xgb,UBSG.SW,0.10571840924078446
2024-02-29,xgb,RO.SW,0.1500000000000033
2024-02-29,xgb,STMMI.MI,0.027532729520636602
2024-02-29,xgb_sentiment,EXV6.DE,0.032567355079317836
2024-02-29,xgb_sentiment,EWL,0.014772944861425951
2024-02-29,xgb_sentiment,TTE.PA,0.005958926718047662
2024-02-29,xgb_sentiment,SAN.PA,0.08513344137892215
2024-02-29,xgb_sentiment,HEIA.AS,0.15000000000000094
2024-02-29,xgb_sentiment,IBE.MC,0.15000000000000027
2024-02-29,xgb_sentiment,ENG.MC,0.1500000000000005
2024-02-29,xgb_sentiment,NESN.SW,0.15000000000000138
2024-02-29,xgb_sentiment,UBSG.SW,0.1150177744749766
2024-02-29,xgb_sentiment,RO.SW,0.1465495574873066
2024-02-29,equal_weight,EXSA.DE,0.017543859649122806
2024-02-29,equal_weight,EXV1.DE,0.017543859649122806
2024-02-29,equal_weight,EXV4.DE,0.017543859649122806
2024-02-29,equal_weight,EXV3.DE,0.017543859649122806
2024-02-29,equal_weight,EXV2.DE,0.017543859649122806
2024-02-29,equal_weight,EXV6.DE,0.017543859649122806
2024-02-29,equal_weight,EXV7.DE,0.017543859649122806
2024-02-29,equal_weight,EXH7.DE,0.017543859649122806
2024-02-29,equal_weight,EXH8.DE,0.017543859649122806
2024-02-29,equal_weight,EXS1.DE,0.017543859649122806
2024-02-29,equal_weight,CAC.PA,0.017543859649122806
2024-02-29,equal_weight,EWI,0.017543859649122806
2024-02-29,equal_weight,EWP,0.017543859649122806
2024-02-29,equal_weight,EWN,0.017543859649122806
2024-02-29,equal_weight,EWL,0.017543859649122806
2024-02-29,equal_weight,SAP.DE,0.017543859649122806
2024-02-29,equal_weight,SIE.DE,0.017543859649122806
2024-02-29,equal_weight,BAS.DE,0.017543859649122806
2024-02-29,equal_weight,VOW3.DE,0.017543859649122806
2024-02-29,equal_weight,DTE.DE,0.017543859649122806
2024-02-29,equal_weight,ALV.DE,0.017543859649122806
2024-02-29,equal_weight,BMW.DE,0.017543859649122806
2024-02-29,equal_weight,MBG.DE,0.017543859649122806
2024-02-29,equal_weight,MUV2.DE,0.017543859649122806
2024-02-29,equal_weight,MC.PA,0.017543859649122806
2024-02-29,equal_weight,TTE.PA,0.017543859649122806
2024-02-29,equal_weight,OR.PA,0.017543859649122806
2024-02-29,equal_weight,SAN.PA,0.017543859649122806
2024-02-29,equal_weight,BNP.PA,0.017543859649122806
2024-02-29,equal_weight,AIR.PA,0.017543859649122806
2024-02-29,equal_weight,SU.PA,0.017543859649122806
2024-02-29,equal_weight,CAP.PA,0.017543859649122806
2024-02-29,equal_weight,AI.PA,0.017543859649122806
2024-02-29,equal_weight,ASML.AS,0.017543859649122806
2024-02-29,equal_weight,PHIA.AS,0.017543859649122806
2024-02-29,equal_weight,INGA.AS,0.017543859649122806
2024-02-29,equal_weight,HEIA.AS,0.017543859649122806
2024-02-29,equal_weight,AD.AS,0.017543859649122806
2024-02-29,equal_weight,WKL.AS,0.017543859649122806
2024-02-29,equal_weight,SAN.MC,0.017543859649122806
2024-02-29,equal_weight,IBE.MC,0.017543859649122806
2024-02-29,equal_weight,ITX.MC,0.017543859649122806
2024-02-29,equal_weight,TEF.MC,0.017543859649122806
2024-02-29,equal_weight,ENG.MC,0.017543859649122806
2024-02-29,equal_weight,BBVA.MC,0.017543859649122806
2024-02-29,equal_weight,NESN.SW,0.017543859649122806
2024-02-29,equal_weight,NOVN.SW,0.017543859649122806
2024-02-29,equal_weight,UBSG.SW,0.017543859649122806
2024-02-29,equal_weight,RO.SW,0.017543859649122806
2024-02-29,equal_weight,ABBN.SW,0.017543859649122806
2024-02-29,equal_weight,CFR.SW,0.017543859649122806
2024-02-29,equal_weight,HOLN.SW,0.017543859649122806
2024-02-29,equal_weight,ENI.MI,0.017543859649122806
2024-02-29,equal_weight,ISP.MI,0.017543859649122806
2024-02-29,equal_weight,UCG.MI,0.017543859649122806
2024-02-29,equal_weight,ENEL.MI,0.017543859649122806
2024-02-29,equal_weight,STMMI.MI,0.017543859649122806
2024-03-28,markowitz,EXV4.DE,0.003090426037114778
2024-03-28,markowitz,SAP.DE,0.04990057789128659
2024-03-28,markowitz,MUV2.DE,0.05292711431463883
2024-03-28,markowitz,TTE.PA,0.1402296401214275
2024-03-28,markowitz,AI.PA,0.009797770569804293
2024-03-28,markowitz,AD.AS,0.1280419839796345
2024-03-28,markowitz,WKL.AS,0.14999999999999364
2024-03-28,markowitz,TEF.MC,0.03998437148385597
2024-03-28,markowitz,BBVA.MC,0.0795932976763817
2024-03-28,markowitz,NOVN.SW,0.14999999999999364
2024-03-28,markowitz,UBSG.SW,0.01879419040334703
2024-03-28,markowitz,HOLN.SW,0.02764062752252799
2024-03-28,markowitz,UCG.MI,0.14999999999999364
2024-03-28,hrp,EXSA.DE,0.01892782981138934
2024-03-28,hrp,EXV1.DE,0.007762578561945587
2024-03-28,hrp,EXV4.DE,0.05794157954415479
2024-03-28,hrp,EXV3.DE,0.007889025685742124
2024-03-28,hrp,EXV2.DE,0.04196512835218072
2024-03-28,hrp,EXV6.DE,0.01621413368238253
2024-03-28,hrp,EXV7.DE,0.015263882604272418
2024-03-28,hrp,EXH7.DE,0.014114152831348651
2024-03-28,hrp,EXH8.DE,0.011347750061376925
2024-03-28,hrp,EXS1.DE,0.015367922891590337
2024-03-28,hrp,CAC.PA,0.014191049825890024
2024-03-28,hrp,EWI,0.017288532856258615
2024-03-28,hrp,EWP,0.014068716049541533
2024-03-28,hrp,EWN,0.011695628329919217
2024-03-28,hrp,EWL,0.02280101753433301
2024-03-28,hrp,SAP.DE,0.014395734386985388
2024-03-28,hrp,SIE.DE,0.006643470562953514
2024-03-28,hrp,BAS.DE,0.0077938279811996716
2024-03-28,hrp,VOW3.DE,0.006701568854926046
2024-03-28,hrp,DTE.DE,0.021710456341005407
2024-03-28,hrp,ALV.DE,0.015055172837778822
2024-03-28,hrp,BMW.DE,0.009602126822809611
2024-03-28,hrp,MBG.DE,0.013236973969203054
2024-03-28,hrp,MUV2.DE,0.01686148241743659
2024-03-28,hrp,MC.PA,0.005342566997271142
2024-03-28,hrp,TTE.PA,0.014391141949952233
2024-03-28,hrp,OR.PA,0.010609536810833547
2024-03-28,hrp,SAN.PA,0.026821900303200284
2024-03-28,hrp,BNP.PA,0.011716309878679257
2024-03-28,hrp,AIR.PA,0.008949698877471823
2024-03-28,hrp,SU.PA,0.008597611323654039
2024-03-28,hrp,CAP.PA,0.010851433891720785
2024-03-28,hrp,AI.PA,0.025754195031583396
2024-03-28,hrp,ASML.AS,0.004208690509671891
2024-03-28,hrp,PHIA.AS,0.012878841849760958
2024-03-28,hrp,INGA.AS,0.0046797841950176125
2024-03-28,hrp,HEIA.AS,0.03150610331761524
2024-03-28,hrp,AD.AS,0.04567055269768432
2024-03-28,hrp,WKL.AS,0.034014336820891174
2024-03-28,hrp,SAN.MC,0.004504322948624209
2024-03-28,hrp,IBE.MC,0.028521090295804505
2024-03-28,hrp,ITX.MC,0.010047490178254128
2024-03-28,hrp,TEF.MC,0.026886122134254724
2024-03-28,hrp,ENG.MC,0.047382493192124696
2024-03-28,hrp,BBVA.MC,0.006556487871413287
2024-03-28,hrp,NESN.SW,0.05000648870239854
2024-03-28,hrp,NOVN.SW,0.0414348014699777
2024-03-28,hrp,UBSG.SW,0.0074768716024639845
2024-03-28,hrp,RO.SW,0.04155727743918421
2024-03-28,hrp,ABBN.SW,0.012615822865818882
2024-03-28,hrp,CFR.SW,0.004742122838559648
2024-03-28,hrp,HOLN.SW,0.01723264467156816
2024-03-28,hrp,ENI.MI,0.01642296968477298
2024-03-28,hrp,ISP.MI,0.005237680945520762
2024-03-28,hrp,UCG.MI,0.0041564594784791135
2024-03-28,hrp,ENEL.MI,0.016011401351226306
2024-03-28,hrp,STMMI.MI,0.0043750050779227
2024-03-28,minimum_variance,EXV4.DE,0.09154931324648499
2024-03-28,minimum_variance,EXV2.DE,0.11186676300034427
2024-03-28,minimum_variance,EXV6.DE,0.005361927941229068
2024-03-28,minimum_variance,EWL,0.040520245444124366
2024-03-28,minimum_variance,SAP.DE,0.0340108566933836
2024-03-28,minimum_variance,BMW.DE,0.004159376809145604
2024-03-28,minimum_variance,TTE.PA,0.043095911640874104
2024-03-28,minimum_variance,SAN.PA,0.0040218302857120145
2024-03-28,minimum_variance,HEIA.AS,0.03839016911635368
2024-03-28,minimum_variance,AD.AS,0.10692714703839085
2024-03-28,minimum_variance,WKL.AS,0.0751050598617745
2024-03-28,minimum_variance,TEF.MC,0.07751068614943885
2024-03-28,minimum_variance,ENG.MC,0.12596637760269583
2024-03-28,minimum_variance,NESN.SW,0.1171798192566916
2024-03-28,minimum_variance,NOVN.SW,0.08176319011054468
2024-03-28,minimum_variance,RO.SW,0.03990297165174167
2024-03-28,minimum_variance,ENI.MI,0.002668354151070341
2024-03-28,xgb,SIE.DE,0.14999999999999455
2024-03-28,xgb,VOW3.DE,0.15000000000000108
2024-03-28,xgb,CAP.PA,0.15000000000000102
2024-03-28,xgb,WKL.AS,0.14999999999999972
2024-03-28,xgb,ENG.MC,0.14999999999999222
2024-03-28,xgb,NOVN.SW,0.10283600199652639
2024-03-28,xgb,RO.SW,0.14716399800348504
2024-03-28,xgb_sentiment,SIE.DE,0.054724115001340674
2024-03-28,xgb_sentiment,VOW3.DE,0.14618332074451074
2024-03-28,xgb_sentiment,CAP.PA,0.14890806502217838
2024-03-28,xgb_sentiment,AD.AS,0.07220850765311641
2024-03-28,xgb_sentiment,WKL.AS,0.14999999999998387
2024-03-28,xgb_sentiment,ENG.MC,0.14999999999998387
2024-03-28,xgb_sentiment,NOVN.SW,0.14999999999998387
2024-03-28,xgb_sentiment,RO.SW,0.08878520284571532
2024-03-28,xgb_sentiment,STMMI.MI,0.03919078873318691
2024-03-28,equal_weight,EXSA.DE,0.017543859649122806
2024-03-28,equal_weight,EXV1.DE,0.017543859649122806
2024-03-28,equal_weight,EXV4.DE,0.017543859649122806
2024-03-28,equal_weight,EXV3.DE,0.017543859649122806
2024-03-28,equal_weight,EXV2.DE,0.017543859649122806
2024-03-28,equal_weight,EXV6.DE,0.017543859649122806
2024-03-28,equal_weight,EXV7.DE,0.017543859649122806
2024-03-28,equal_weight,EXH7.DE,0.017543859649122806
2024-03-28,equal_weight,EXH8.DE,0.017543859649122806
2024-03-28,equal_weight,EXS1.DE,0.017543859649122806
2024-03-28,equal_weight,CAC.PA,0.017543859649122806
2024-03-28,equal_weight,EWI,0.017543859649122806
2024-03-28,equal_weight,EWP,0.017543859649122806
2024-03-28,equal_weight,EWN,0.017543859649122806
2024-03-28,equal_weight,EWL,0.017543859649122806
2024-03-28,equal_weight,SAP.DE,0.017543859649122806
2024-03-28,equal_weight,SIE.DE,0.017543859649122806
2024-03-28,equal_weight,BAS.DE,0.017543859649122806
2024-03-28,equal_weight,VOW3.DE,0.017543859649122806
2024-03-28,equal_weight,DTE.DE,0.017543859649122806
2024-03-28,equal_weight,ALV.DE,0.017543859649122806
2024-03-28,equal_weight,BMW.DE,0.017543859649122806
2024-03-28,equal_weight,MBG.DE,0.017543859649122806
2024-03-28,equal_weight,MUV2.DE,0.017543859649122806
2024-03-28,equal_weight,MC.PA,0.017543859649122806
2024-03-28,equal_weight,TTE.PA,0.017543859649122806
2024-03-28,equal_weight,OR.PA,0.017543859649122806
2024-03-28,equal_weight,SAN.PA,0.017543859649122806
2024-03-28,equal_weight,BNP.PA,0.017543859649122806
2024-03-28,equal_weight,AIR.PA,0.017543859649122806
2024-03-28,equal_weight,SU.PA,0.017543859649122806
2024-03-28,equal_weight,CAP.PA,0.017543859649122806
2024-03-28,equal_weight,AI.PA,0.017543859649122806
2024-03-28,equal_weight,ASML.AS,0.017543859649122806
2024-03-28,equal_weight,PHIA.AS,0.017543859649122806
2024-03-28,equal_weight,INGA.AS,0.017543859649122806
2024-03-28,equal_weight,HEIA.AS,0.017543859649122806
2024-03-28,equal_weight,AD.AS,0.017543859649122806
2024-03-28,equal_weight,WKL.AS,0.017543859649122806
2024-03-28,equal_weight,SAN.MC,0.017543859649122806
2024-03-28,equal_weight,IBE.MC,0.017543859649122806
2024-03-28,equal_weight,ITX.MC,0.017543859649122806
2024-03-28,equal_weight,TEF.MC,0.017543859649122806
2024-03-28,equal_weight,ENG.MC,0.017543859649122806
2024-03-28,equal_weight,BBVA.MC,0.017543859649122806
2024-03-28,equal_weight,NESN.SW,0.017543859649122806
2024-03-28,equal_weight,NOVN.SW,0.017543859649122806
2024-03-28,equal_weight,UBSG.SW,0.017543859649122806
2024-03-28,equal_weight,RO.SW,0.017543859649122806
2024-03-28,equal_weight,ABBN.SW,0.017543859649122806
2024-03-28,equal_weight,CFR.SW,0.017543859649122806
2024-03-28,equal_weight,HOLN.SW,0.017543859649122806
2024-03-28,equal_weight,ENI.MI,0.017543859649122806
2024-03-28,equal_weight,ISP.MI,0.017543859649122806
2024-03-28,equal_weight,UCG.MI,0.017543859649122806
2024-03-28,equal_weight,ENEL.MI,0.017543859649122806
2024-03-28,equal_weight,STMMI.MI,0.017543859649122806
2024-04-30,markowitz,SAP.DE,0.023043693216672934
2024-04-30,markowitz,MUV2.DE,0.08705014033307543
2024-04-30,markowitz,TTE.PA,0.15000000000000008
2024-04-30,markowitz,AD.AS,0.12812628137705806
2024-04-30,markowitz,WKL.AS,0.1499999999999917
2024-04-30,markowitz,TEF.MC,0.047532356743874425
2024-04-30,markowitz,NOVN.SW,0.14999999999998828
2024-04-30,markowitz,ABBN.SW,0.09347515807548455
2024-04-30,markowitz,HOLN.SW,0.0022530068584943686
2024-04-30,markowitz,ENI.MI,0.018519363395357254
2024-04-30,markowitz,UCG.MI,0.15000000000000283
2024-04-30,hrp,EXSA.DE,0.021683555411145507
2024-04-30,hrp,EXV1.DE,0.009072817401482827
2024-04-30,hrp,EXV4.DE,0.0575319710428915
2024-04-30,hrp,EXV3.DE,0.00816567074259166
2024-04-30,hrp,EXV2.DE,0.04443051686948783
2024-04-30,hrp,EXV6.DE,0.016545981197292624
2024-04-30,hrp,EXV7.DE,0.018409063531568556
2024-04-30,hrp,EXH7.DE,0.01494550196344873
2024-04-30,hrp,EXH8.DE,0.011312754241115374
2024-04-30,hrp,EXS1.DE,0.015518894462408816
2024-04-30,hrp,CAC.PA,0.01614311987827802
2024-04-30,hrp,EWI,0.009736982140177434
2024-04-30,hrp,EWP,0.011462908532098828
2024-04-30,hrp,EWN,0.009156126300479904
2024-04-30,hrp,EWL,0.017757268875773464
2024-04-30,hrp,SAP.DE,0.01336794252884246
2024-04-30,hrp,SIE.DE,0.006855022236917098
2024-04-30,hrp,BAS.DE,0.012539194189797914
2024-04-30,hrp,VOW3.DE,0.006191300916765767
2024-04-30,hrp,DTE.DE,0.02327613538832923
2024-04-30,hrp,ALV.DE,0.016774977573063794
2024-04-30,hrp,BMW.DE,0.00899062617232765
2024-04-30,hrp,MBG.DE,0.007602430304941472
2024-04-30,hrp,MUV2.DE,0.01743077698680166
2024-04-30,hrp,MC.PA,0.007046996272607061
2024-04-30,hrp,TTE.PA,0.020918124914187965
2024-04-30,hrp,OR.PA,0.010853713606276797
2024-04-30,hrp,SAN.PA,0.02489795335245049
2024-04-30,hrp,BNP.PA,0.007245191462952429
2024-04-30,hrp,AIR.PA,0.008764167418891002
2024-04-30,hrp,SU.PA,0.00937882632669511
2024-04-30,hrp,CAP.PA,0.011243345312608984
2024-04-30,hrp,AI.PA,0.018666600748611664
2024-04-30,hrp,ASML.AS,0.004019984041983219
2024-04-30,hrp,PHIA.AS,0.011511120335010429
2024-04-30,hrp,INGA.AS,0.009720764399681007
2024-04-30,hrp,HEIA.AS,0.029731180115184355
2024-04-30,hrp,AD.AS,0.04739656845128954
2024-04-30,hrp,WKL.AS,0.04418906135652026
2024-04-30,hrp,SAN.MC,0.005217330728487968
2024-04-30,hrp,IBE.MC,0.016644630906931187
2024-04-30,hrp,ITX.MC,0.010088046576047201
2024-04-30,hrp,TEF.MC,0.027429836655937664
2024-04-30,hrp,ENG.MC,0.04000795248632275
2024-04-30,hrp,BBVA.MC,0.005413025074304774
2024-04-30,hrp,NESN.SW,0.04910587642068324
2024-04-30,hrp,NOVN.SW,0.04067653102855393
2024-04-30,hrp,UBSG.SW,0.013227257153064227
2024-04-30,hrp,RO.SW,0.02941607796355027
2024-04-30,hrp,ABBN.SW,0.012794811352542887
2024-04-30,hrp,CFR.SW,0.004954890564506253
2024-04-30,hrp,HOLN.SW,0.030107655935462056
2024-04-30,hrp,ENI.MI,0.021511950912753344
2024-04-30,hrp,ISP.MI,0.006193665411991385
2024-04-30,hrp,UCG.MI,0.004950096657371932
2024-04-30,hrp,ENEL.MI,0.013448706123100047
2024-04-30,hrp,STMMI.MI,0.008326521045410592
2024-04-30,minimum_variance,EXV4.DE,0.0916424681335844
2024-04-30,minimum_variance,EXV2.DE,0.10631171821231003
2024-04-30,minimum_variance,EXV6.DE,0.0092417135153499
2024-04-30,minimum_variance,EWL,0.042357832529193645
2024-04-30,minimum_variance,SAP.DE,0.03416867057523884
2024-04-30,minimum_variance,BMW.DE,0.002808774770797354
2024-04-30,minimum_variance,TTE.PA,0.051893964628756326
2024-04-30,minimum_variance,SAN.PA,0.008394794534397673
2024-04-30,minimum_variance,HEIA.AS,0.04151825597911589
2024-04-30,minimum_variance,AD.AS,0.11222036642296104
2024-04-30,minimum_variance,WKL.AS,0.08354230939518809
2024-04-30,minimum_variance,TEF.MC,0.07727389861570223
2024-04-30,minimum_variance,ENG.MC,0.11756103803385028
2024-04-30,minimum_variance,NESN.SW,0.11007601798390665
2024-04-30,minimum_variance,NOVN.SW,0.07433762020875145
2024-04-30,minimum_variance,RO.SW,0.0355449908963942
2024-04-30,minimum_variance,ENI.MI,0.0011055655645021262
2024-04-30,xgb,SAP.DE,0.1499999999999827
2024-04-30,xgb,ASML.AS,0.06266332710357371
2024-04-30,xgb,PHIA.AS,0.10968538027822698
2024-04-30,xgb,ITX.MC,0.023419511278977106
2024-04-30,xgb,ENG.MC,0.13643482956586045
2024-04-30,xgb,BBVA.MC,0.1499999999999827
2024-04-30,xgb,NESN.SW,0.11410089604597014
2024-04-30,xgb,RO.SW,0.1499999999999827
2024-04-30,xgb,HOLN.SW,0.10369605572744342
2024-04-30,xgb_sentiment,SAP.DE,0.149999999999941
2024-04-30,xgb_sentiment,ASML.AS,0.07229736155288717
2024-04-30,xgb_sentiment,PHIA.AS,0.1131996469128567
2024-04-30,xgb_sentiment,IBE.MC,0.13971515006136714
2024-04-30,xgb_sentiment,ITX.MC,0.04239436576992289
2024-04-30,xgb_sentiment,ENG.MC,0.10165152899528233
2024-04-30,xgb_sentiment,BBVA.MC,0.149999999999941
2024-04-30,xgb_sentiment,NESN.SW,0.08074194670786075
2024-04-30,xgb_sentiment,RO.SW,0.149999999999941
2024-04-30,equal_weight,EXSA.DE,0.017543859649122806
2024-04-30,equal_weight,EXV1.DE,0.017543859649122806
2024-04-30,equal_weight,EXV4.DE,0.017543859649122806
2024-04-30,equal_weight,EXV3.DE,0.017543859649122806
2024-04-30,equal_weight,EXV2.DE,0.017543859649122806
2024-04-30,equal_weight,EXV6.DE,0.017543859649122806
2024-04-30,equal_weight,EXV7.DE,0.017543859649122806
2024-04-30,equal_weight,EXH7.DE,0.017543859649122806
2024-04-30,equal_weight,EXH8.DE,0.017543859649122806
2024-04-30,equal_weight,EXS1.DE,0.017543859649122806
2024-04-30,equal_weight,CAC.PA,0.017543859649122806
2024-04-30,equal_weight,EWI,0.017543859649122806
2024-04-30,equal_weight,EWP,0.017543859649122806
2024-04-30,equal_weight,EWN,0.017543859649122806
2024-04-30,equal_weight,EWL,0.017543859649122806
2024-04-30,equal_weight,SAP.DE,0.017543859649122806
2024-04-30,equal_weight,SIE.DE,0.017543859649122806
2024-04-30,equal_weight,BAS.DE,0.017543859649122806
2024-04-30,equal_weight,VOW3.DE,0.017543859649122806
2024-04-30,equal_weight,DTE.DE,0.017543859649122806
2024-04-30,equal_weight,ALV.DE,0.017543859649122806
2024-04-30,equal_weight,BMW.DE,0.017543859649122806
2024-04-30,equal_weight,MBG.DE,0.017543859649122806
2024-04-30,equal_weight,MUV2.DE,0.017543859649122806
2024-04-30,equal_weight,MC.PA,0.017543859649122806
2024-04-30,equal_weight,TTE.PA,0.017543859649122806
2024-04-30,equal_weight,OR.PA,0.017543859649122806
2024-04-30,equal_weight,SAN.PA,0.017543859649122806
2024-04-30,equal_weight,BNP.PA,0.017543859649122806
2024-04-30,equal_weight,AIR.PA,0.017543859649122806
2024-04-30,equal_weight,SU.PA,0.017543859649122806
2024-04-30,equal_weight,CAP.PA,0.017543859649122806
2024-04-30,equal_weight,AI.PA,0.017543859649122806
2024-04-30,equal_weight,ASML.AS,0.017543859649122806
2024-04-30,equal_weight,PHIA.AS,0.017543859649122806
2024-04-30,equal_weight,INGA.AS,0.017543859649122806
2024-04-30,equal_weight,HEIA.AS,0.017543859649122806
2024-04-30,equal_weight,AD.AS,0.017543859649122806
2024-04-30,equal_weight,WKL.AS,0.017543859649122806
2024-04-30,equal_weight,SAN.MC,0.017543859649122806
2024-04-30,equal_weight,IBE.MC,0.017543859649122806
2024-04-30,equal_weight,ITX.MC,0.017543859649122806
2024-04-30,equal_weight,TEF.MC,0.017543859649122806
2024-04-30,equal_weight,ENG.MC,0.017543859649122806
2024-04-30,equal_weight,BBVA.MC,0.017543859649122806
2024-04-30,equal_weight,NESN.SW,0.017543859649122806
2024-04-30,equal_weight,NOVN.SW,0.017543859649122806
2024-04-30,equal_weight,UBSG.SW,0.017543859649122806
2024-04-30,equal_weight,RO.SW,0.017543859649122806
2024-04-30,equal_weight,ABBN.SW,0.017543859649122806
2024-04-30,equal_weight,CFR.SW,0.017543859649122806
2024-04-30,equal_weight,HOLN.SW,0.017543859649122806
2024-04-30,equal_weight,ENI.MI,0.017543859649122806
2024-04-30,equal_weight,ISP.MI,0.017543859649122806
2024-04-30,equal_weight,UCG.MI,0.017543859649122806
2024-04-30,equal_weight,ENEL.MI,0.017543859649122806
2024-04-30,equal_weight,STMMI.MI,0.017543859649122806
2024-05-31,markowitz,MUV2.DE,0.14999999999999372
2024-05-31,markowitz,TTE.PA,0.14999999999999372
2024-05-31,markowitz,AD.AS,0.07390488761559456
2024-05-31,markowitz,WKL.AS,0.14999999999999372
2024-05-31,markowitz,TEF.MC,0.03290424204111248
2024-05-31,markowitz,NOVN.SW,0.14999999999999372
2024-05-31,markowitz,UBSG.SW,0.03318628020330497
2024-05-31,markowitz,ABBN.SW,0.11000459014001915
2024-05-31,markowitz,UCG.MI,0.14999999999999372
2024-05-31,hrp,EXSA.DE,0.019745464613862156
2024-05-31,hrp,EXV1.DE,0.009845898647595358
2024-05-31,hrp,EXV4.DE,0.05831847271911611
2024-05-31,hrp,EXV3.DE,0.0076319230047117255
2024-05-31,hrp,EXV2.DE,0.04562295707691623
2024-05-31,hrp,EXV6.DE,0.016749245057625085
2024-05-31,hrp,EXV7.DE,0.014548766321842368
2024-05-31,hrp,EXH7.DE,0.018917161544506716
2024-05-31,hrp,EXH8.DE,0.017958955051019923
2024-05-31,hrp,EXS1.DE,0.014658702693275879
2024-05-31,hrp,CAC.PA,0.014716526764496635
2024-05-31,hrp,EWI,0.009997571550396465
2024-05-31,hrp,EWP,0.011695389275752636
2024-05-31,hrp,EWN,0.00936312903966396
2024-05-31,hrp,EWL,0.01812529333218713
2024-05-31,hrp,SAP.DE,0.014265726279928155
2024-05-31,hrp,SIE.DE,0.006773570843601432
2024-05-31,hrp,BAS.DE,0.008093566546320584
2024-05-31,hrp,VOW3.DE,0.006459437859626237
2024-05-31,hrp,DTE.DE,0.02392289006509274
2024-05-31,hrp,ALV.DE,0.016263511131010246
2024-05-31,hrp,BMW.DE,0.009012124125481216
2024-05-31,hrp,MBG.DE,0.009615654933913228
2024-05-31,hrp,MUV2.DE,0.018647955036130114
2024-05-31,hrp,MC.PA,0.007099751209661094
2024-05-31,hrp,TTE.PA,0.01485683322443868
2024-05-31,hrp,OR.PA,0.011128789493640285
2024-05-31,hrp,SAN.PA,0.024847260344008578
2024-05-31,hrp,BNP.PA,0.006209539542951774
2024-05-31,hrp,AIR.PA,0.012153074988913519
2024-05-31,hrp,SU.PA,0.008627854928134558
2024-05-31,hrp,CAP.PA,0.012078625504905864
2024-05-31,hrp,AI.PA,0.01647936779518937
2024-05-31,hrp,ASML.AS,0.0042597263227140405
2024-05-31,hrp,PHIA.AS,0.011556574398161445
2024-05-31,hrp,INGA.AS,0.009294624463796832
2024-05-31,hrp,HEIA.AS,0.029788434274540716
2024-05-31,hrp,AD.AS,0.04734748506887899
2024-05-31,hrp,WKL.AS,0.04418009857208591
2024-05-31,hrp,SAN.MC,0.005279699087061318
2024-05-31,hrp,IBE.MC,0.01626969652515357
2024-05-31,hrp,ITX.MC,0.009618543047521801
2024-05-31,hrp,TEF.MC,0.028263501308911573
2024-05-31,hrp,ENG.MC,0.039438194551548685
2024-05-31,hrp,BBVA.MC,0.005977748279803482
2024-05-31,hrp,NESN.SW,0.047180167924861245
2024-05-31,hrp,NOVN.SW,0.04040796451065861
2024-05-31,hrp,UBSG.SW,0.013905680181787918
2024-05-31,hrp,RO.SW,0.04044242522486947
2024-05-31,hrp,ABBN.SW,0.012364760246141167
2024-05-31,hrp,CFR.SW,0.005041569810431839
2024-05-31,hrp,HOLN.SW,0.031179030393843576
2024-05-31,hrp,ENI.MI,0.016818396884995007
2024-05-31,hrp,ISP.MI,0.005918914814294772
2024-05-31,hrp,UCG.MI,0.004033544136709045
2024-05-31,hrp,ENEL.MI,0.012869145642072984
2024-05-31,hrp,STMMI.MI,0.004133083783240136
2024-05-31,minimum_variance,EXV4.DE,0.09730820876686379
2024-05-31,minimum_variance,EXV2.DE,0.10728735932129145
2024-05-31,minimum_variance,EXV6.DE,0.0036135588133566062
2024-05-31,minimum_variance,EWL,0.042654782819017294
2024-05-31,minimum_variance,SAP.DE,0.037616258173027474
2024-05-31,minimum_variance,BMW.DE,0.005380014099812309
2024-05-31,minimum_variance,TTE.PA,0.05301509082157633
2024-05-31,minimum_variance,SAN.PA,0.005821209602629934
2024-05-31,minimum_variance,HEIA.AS,0.03990255106098722
2024-05-31,minimum_variance,AD.AS,0.11180710093860846
2024-05-31,minimum_variance,WKL.AS,0.08563847527473632
2024-05-31,minimum_variance,TEF.MC,0.08661425395093088
2024-05-31,minimum_variance,ENG.MC,0.11114951559249929
2024-05-31,minimum_variance,NESN.SW,0.0977469619733944
2024-05-31,minimum_variance,NOVN.SW,0.0736481329406409
2024-05-31,minimum_variance,RO.SW,0.03795647915524625
2024-05-31,minimum_variance,ENI.MI,0.0028400466953808798
2024-05-31,xgb,SIE.DE,0.08542822573002726
2024-05-31,xgb,HEIA.AS,0.12400976957001845
2024-05-31,xgb,AD.AS,0.12327344107060745
2024-05-31,xgb,ITX.MC,0.06003981684007415
2024-05-31,xgb,ENG.MC,0.14999999999740862
2024-05-31,xgb,BBVA.MC,0.047388596510636906
2024-05-31,xgb,NESN.SW,0.14999999999740862
2024-05-31,xgb,NOVN.SW,0.0902198199868513
2024-05-31,xgb,RO.SW,0.14999999999740862
2024-05-31,xgb,HOLN.SW,0.005594641564280262
2024-05-31,xgb,ENI.MI,0.006119389077793384
2024-05-31,xgb,STMMI.MI,0.007926299657485017
2024-05-31,xgb_sentiment,SIE.DE,0.1215275255456125
2024-05-31,xgb_sentiment,AD.AS,0.12290529425510281
2024-05-31,xgb_sentiment,SAN.MC,0.05954548481914408
2024-05-31,xgb_sentiment,ENG.MC,0.1499999999971441
2024-05-31,xgb_sentiment,NESN.SW,0.1499999999971441
2024-05-31,xgb_sentiment,NOVN.SW,0.1499999999971441
2024-05-31,xgb_sentiment,RO.SW,0.1499999999971441
2024-05-31,xgb_sentiment,ISP.MI,0.08462266653661524
2024-05-31,xgb_sentiment,STMMI.MI,0.011399028854948843
2024-05-31,equal_weight,EXSA.DE,0.017543859649122806
2024-05-31,equal_weight,EXV1.DE,0.017543859649122806
2024-05-31,equal_weight,EXV4.DE,0.017543859649122806
2024-05-31,equal_weight,EXV3.DE,0.017543859649122806
2024-05-31,equal_weight,EXV2.DE,0.017543859649122806
2024-05-31,equal_weight,EXV6.DE,0.017543859649122806
2024-05-31,equal_weight,EXV7.DE,0.017543859649122806
2024-05-31,equal_weight,EXH7.DE,0.017543859649122806
2024-05-31,equal_weight,EXH8.DE,0.017543859649122806
2024-05-31,equal_weight,EXS1.DE,0.017543859649122806
2024-05-31,equal_weight,CAC.PA,0.017543859649122806
2024-05-31,equal_weight,EWI,0.017543859649122806
2024-05-31,equal_weight,EWP,0.017543859649122806
2024-05-31,equal_weight,EWN,0.017543859649122806
2024-05-31,equal_weight,EWL,0.017543859649122806
2024-05-31,equal_weight,SAP.DE,0.017543859649122806
2024-05-31,equal_weight,SIE.DE,0.017543859649122806
2024-05-31,equal_weight,BAS.DE,0.017543859649122806
2024-05-31,equal_weight,VOW3.DE,0.017543859649122806
2024-05-31,equal_weight,DTE.DE,0.017543859649122806
2024-05-31,equal_weight,ALV.DE,0.017543859649122806
2024-05-31,equal_weight,BMW.DE,0.017543859649122806
2024-05-31,equal_weight,MBG.DE,0.017543859649122806
2024-05-31,equal_weight,MUV2.DE,0.017543859649122806
2024-05-31,equal_weight,MC.PA,0.017543859649122806
2024-05-31,equal_weight,TTE.PA,0.017543859649122806
2024-05-31,equal_weight,OR.PA,0.017543859649122806
2024-05-31,equal_weight,SAN.PA,0.017543859649122806
2024-05-31,equal_weight,BNP.PA,0.017543859649122806
2024-05-31,equal_weight,AIR.PA,0.017543859649122806
2024-05-31,equal_weight,SU.PA,0.017543859649122806
2024-05-31,equal_weight,CAP.PA,0.017543859649122806
2024-05-31,equal_weight,AI.PA,0.017543859649122806
2024-05-31,equal_weight,ASML.AS,0.017543859649122806
2024-05-31,equal_weight,PHIA.AS,0.017543859649122806
2024-05-31,equal_weight,INGA.AS,0.017543859649122806
2024-05-31,equal_weight,HEIA.AS,0.017543859649122806
2024-05-31,equal_weight,AD.AS,0.017543859649122806
2024-05-31,equal_weight,WKL.AS,0.017543859649122806
2024-05-31,equal_weight,SAN.MC,0.017543859649122806
2024-05-31,equal_weight,IBE.MC,0.017543859649122806
2024-05-31,equal_weight,ITX.MC,0.017543859649122806
2024-05-31,equal_weight,TEF.MC,0.017543859649122806
2024-05-31,equal_weight,ENG.MC,0.017543859649122806
2024-05-31,equal_weight,BBVA.MC,0.017543859649122806
2024-05-31,equal_weight,NESN.SW,0.017543859649122806
2024-05-31,equal_weight,NOVN.SW,0.017543859649122806
2024-05-31,equal_weight,UBSG.SW,0.017543859649122806
2024-05-31,equal_weight,RO.SW,0.017543859649122806
2024-05-31,equal_weight,ABBN.SW,0.017543859649122806
2024-05-31,equal_weight,CFR.SW,0.017543859649122806
2024-05-31,equal_weight,HOLN.SW,0.017543859649122806
2024-05-31,equal_weight,ENI.MI,0.017543859649122806
2024-05-31,equal_weight,ISP.MI,0.017543859649122806
2024-05-31,equal_weight,UCG.MI,0.017543859649122806
2024-05-31,equal_weight,ENEL.MI,0.017543859649122806
2024-05-31,equal_weight,STMMI.MI,0.017543859649122806
2024-06-28,markowitz,SAP.DE,0.035603461533402145
2024-06-28,markowitz,MUV2.DE,0.1500000000000009
2024-06-28,markowitz,TTE.PA,0.148537612908692
2024-06-28,markowitz,AD.AS,0.042187631786493124
2024-06-28,markowitz,WKL.AS,0.14999999999999547
2024-06-28,markowitz,ITX.MC,0.008408115375669961
2024-06-28,markowitz,TEF.MC,0.04570059807126721
2024-06-28,markowitz,NOVN.SW,0.14999999999999694
2024-06-28,markowitz,ABBN.SW,0.0511221346587764
2024-06-28,markowitz,HOLN.SW,0.06844044566570251
2024-06-28,markowitz,UCG.MI,0.15000000000000313
2024-06-28,hrp,EXSA.DE,0.019697756006931546
2024-06-28,hrp,EXV1.DE,0.008678979429851866
2024-06-28,hrp,EXV4.DE,0.06415855271028705
2024-06-28,hrp,EXV3.DE,0.007566662482586079
2024-06-28,hrp,EXV2.DE,0.04240761211821768
2024-06-28,hrp,EXV6.DE,0.01870327647473957
2024-06-28,hrp,EXV7.DE,0.01432017895519031
2024-06-28,hrp,EXH7.DE,0.018870606914422897
2024-06-28,hrp,EXH8.DE,0.01000329532224327
2024-06-28,hrp,EXS1.DE,0.014531352924485557
2024-06-28,hrp,CAC.PA,0.014455678448997962
2024-06-28,hrp,EWI,0.010010263774994886
2024-06-28,hrp,EWP,0.01178806854899752
2024-06-28,hrp,EWN,0.009353359619714091
2024-06-28,hrp,EWL,0.01816238126101185
2024-06-28,hrp,SAP.DE,0.012005120053712999
2024-06-28,hrp,SIE.DE,0.006646795172932616
2024-06-28,hrp,BAS.DE,0.007879553206009594
2024-06-28,hrp,VOW3.DE,0.006152734797594591
2024-06-28,hrp,DTE.DE,0.022345147245613733
2024-06-28,hrp,ALV.DE,0.0240220811745773
2024-06-28,hrp,BMW.DE,0.00849808226934133
2024-06-28,hrp,MBG.DE,0.008331939191703197
2024-06-28,hrp,MUV2.DE,0.01850155837110984
2024-06-28,hrp,MC.PA,0.007046434083583108
2024-06-28,hrp,TTE.PA,0.014857647436008361
2024-06-28,hrp,OR.PA,0.011444941899974342
2024-06-28,hrp,SAN.PA,0.024784217214071688
2024-06-28,hrp,BNP.PA,0.006329609340488902
2024-06-28,hrp,AIR.PA,0.00793999995810118
2024-06-28,hrp,SU.PA,0.008221734110174126
2024-06-28,hrp,CAP.PA,0.011588039185891743
2024-06-28,hrp,AI.PA,0.02596352788657035
2024-06-28,hrp,ASML.AS,0.004200366327859704
2024-06-28,hrp,PHIA.AS,0.011692313483527424
2024-06-28,hrp,INGA.AS,0.00573718109788886
2024-06-28,hrp,HEIA.AS,0.03015416191576238
2024-06-28,hrp,AD.AS,0.04774597096638777
2024-06-28,hrp,WKL.AS,0.04477047069751864
2024-06-28,hrp,SAN.MC,0.004959250482864473
2024-06-28,hrp,IBE.MC,0.01609675664412685
2024-06-28,hrp,ITX.MC,0.009475202835998781
2024-06-28,hrp,TEF.MC,0.029643514011404252
2024-06-28,hrp,ENG.MC,0.03916388389583442
2024-06-28,hrp,BBVA.MC,0.006351665043030301
2024-06-28,hrp,NESN.SW,0.04646575591121324
2024-06-28,hrp,NOVN.SW,0.043752777855218396
2024-06-28,hrp,UBSG.SW,0.013489276823535077
2024-06-28,hrp,RO.SW,0.040128307792586346
2024-06-28,hrp,ABBN.SW,0.01210337038499419
2024-06-28,hrp,CFR.SW,0.005271100896456812
2024-06-28,hrp,HOLN.SW,0.027157241639040073
2024-06-28,hrp,ENI.MI,0.016891583185106286
2024-06-28,hrp,ISP.MI,0.006301480436608184
2024-06-28,hrp,UCG.MI,0.006345914449818292
2024-06-28,hrp,ENEL.MI,0.01274084948230886
2024-06-28,hrp,STMMI.MI,0.0040944161507792814
2024-06-28,minimum_variance,EXV4.DE,0.08923431807325287
2024-06-28,minimum_variance,EXV2.DE,0.11176506942942378
2024-06-28,minimum_variance,EXV6.DE,0.0076348873048940665
2024-06-28,minimum_variance,EWL,0.03997034528437851
2024-06-28,minimum_variance,SAP.DE,0.034717427299773077
2024-06-28,minimum_variance,BMW.DE,0.0101960173217594
2024-06-28,minimum_variance,TTE.PA,0.048187650058790436
2024-06-28,minimum_variance,SAN.PA,0.006489744021202062
2024-06-28,minimum_variance,HEIA.AS,0.04332011362460252
2024-06-28,minimum_variance,AD.AS,0.11727945084897352
2024-06-28,minimum_variance,WKL.AS,0.08744732890435601
2024-06-28,minimum_variance,TEF.MC,0.08586895244471712
2024-06-28,minimum_variance,ENG.MC,0.10660317414132756
2024-06-28,minimum_variance,NESN.SW,0.08812029431692654
2024-06-28,minimum_variance,NOVN.SW,0.07590762016301057
2024-06-28,minimum_variance,RO.SW,0.03918700793827121
2024-06-28,minimum_variance,ENI.MI,0.00807059882434082
2024-06-28,xgb,SAN.PA,0.0021058040719134316
2024-06-28,xgb,AIR.PA,0.14585876600532596
2024-06-28,xgb,PHIA.AS,0.06628998717157332
2024-06-28,xgb,SAN.MC,0.09844022602319477
2024-06-28,xgb,TEF.MC,0.09341394173175757
2024-06-28,xgb,ENG.MC,0.15000000000000288
2024-06-28,xgb,NESN.SW,0.15000000000000288
2024-06-28,xgb,ISP.MI,0.15000000000000288
2024-06-28,xgb,STMMI.MI,0.14389127499622623
2024-06-28,xgb_sentiment,PHIA.AS,0.09991938074819068
2024-06-28,xgb_sentiment,SAN.MC,0.15001343654196986
2024-06-28,xgb_sentiment,TEF.MC,0.15001343654196006
2024-06-28,xgb_sentiment,ENG.MC,0.15001343654196986
2024-06-28,xgb_sentiment,NESN.SW,0.15001343654196986
2024-06-28,xgb_sentiment,ISP.MI,0.15001343654196986
2024-06-28,xgb_sentiment,STMMI.MI,0.15001343654196986
2024-06-28,equal_weight,EXSA.DE,0.017543859649122806
2024-06-28,equal_weight,EXV1.DE,0.017543859649122806
2024-06-28,equal_weight,EXV4.DE,0.017543859649122806
2024-06-28,equal_weight,EXV3.DE,0.017543859649122806
2024-06-28,equal_weight,EXV2.DE,0.017543859649122806
2024-06-28,equal_weight,EXV6.DE,0.017543859649122806
2024-06-28,equal_weight,EXV7.DE,0.017543859649122806
2024-06-28,equal_weight,EXH7.DE,0.017543859649122806
2024-06-28,equal_weight,EXH8.DE,0.017543859649122806
2024-06-28,equal_weight,EXS1.DE,0.017543859649122806
2024-06-28,equal_weight,CAC.PA,0.017543859649122806
2024-06-28,equal_weight,EWI,0.017543859649122806
2024-06-28,equal_weight,EWP,0.017543859649122806
2024-06-28,equal_weight,EWN,0.017543859649122806
2024-06-28,equal_weight,EWL,0.017543859649122806
2024-06-28,equal_weight,SAP.DE,0.017543859649122806
2024-06-28,equal_weight,SIE.DE,0.017543859649122806
2024-06-28,equal_weight,BAS.DE,0.017543859649122806
2024-06-28,equal_weight,VOW3.DE,0.017543859649122806
2024-06-28,equal_weight,DTE.DE,0.017543859649122806
2024-06-28,equal_weight,ALV.DE,0.017543859649122806
2024-06-28,equal_weight,BMW.DE,0.017543859649122806
2024-06-28,equal_weight,MBG.DE,0.017543859649122806
2024-06-28,equal_weight,MUV2.DE,0.017543859649122806
2024-06-28,equal_weight,MC.PA,0.017543859649122806
2024-06-28,equal_weight,TTE.PA,0.017543859649122806
2024-06-28,equal_weight,OR.PA,0.017543859649122806
2024-06-28,equal_weight,SAN.PA,0.017543859649122806
2024-06-28,equal_weight,BNP.PA,0.017543859649122806
2024-06-28,equal_weight,AIR.PA,0.017543859649122806
2024-06-28,equal_weight,SU.PA,0.017543859649122806
2024-06-28,equal_weight,CAP.PA,0.017543859649122806
2024-06-28,equal_weight,AI.PA,0.017543859649122806
2024-06-28,equal_weight,ASML.AS,0.017543859649122806
2024-06-28,equal_weight,PHIA.AS,0.017543859649122806
2024-06-28,equal_weight,INGA.AS,0.017543859649122806
2024-06-28,equal_weight,HEIA.AS,0.017543859649122806
2024-06-28,equal_weight,AD.AS,0.017543859649122806
2024-06-28,equal_weight,WKL.AS,0.017543859649122806
2024-06-28,equal_weight,SAN.MC,0.017543859649122806
2024-06-28,equal_weight,IBE.MC,0.017543859649122806
2024-06-28,equal_weight,ITX.MC,0.017543859649122806
2024-06-28,equal_weight,TEF.MC,0.017543859649122806
2024-06-28,equal_weight,ENG.MC,0.017543859649122806
2024-06-28,equal_weight,BBVA.MC,0.017543859649122806
2024-06-28,equal_weight,NESN.SW,0.017543859649122806
2024-06-28,equal_weight,NOVN.SW,0.017543859649122806
2024-06-28,equal_weight,UBSG.SW,0.017543859649122806
2024-06-28,equal_weight,RO.SW,0.017543859649122806
2024-06-28,equal_weight,ABBN.SW,0.017543859649122806
2024-06-28,equal_weight,CFR.SW,0.017543859649122806
2024-06-28,equal_weight,HOLN.SW,0.017543859649122806
2024-06-28,equal_weight,ENI.MI,0.017543859649122806
2024-06-28,equal_weight,ISP.MI,0.017543859649122806
2024-06-28,equal_weight,UCG.MI,0.017543859649122806
2024-06-28,equal_weight,ENEL.MI,0.017543859649122806
2024-06-28,equal_weight,STMMI.MI,0.017543859649122806
2024-07-31,markowitz,SAP.DE,0.048234902611007574
2024-07-31,markowitz,MUV2.DE,0.13040634298494688
2024-07-31,markowitz,TTE.PA,0.14999999999998362
2024-07-31,markowitz,AD.AS,0.02653525049033818
2024-07-31,markowitz,WKL.AS,0.14999999999998362
2024-07-31,markowitz,IBE.MC,0.0005298669013201384
2024-07-31,markowitz,ITX.MC,0.0026664637875584486
2024-07-31,markowitz,TEF.MC,0.027667176835660078
2024-07-31,markowitz,NOVN.SW,0.14999999999998362
2024-07-31,markowitz,ABBN.SW,0.011066218979285959
2024-07-31,markowitz,HOLN.SW,0.14999999999998362
2024-07-31,markowitz,ENI.MI,0.002893777409964654
2024-07-31,markowitz,UCG.MI,0.14999999999998362
2024-07-31,hrp,EXSA.DE,0.01885352264048359
2024-07-31,hrp,EXV1.DE,0.018010366542326434
2024-07-31,hrp,EXV4.DE,0.042532051307205394
2024-07-31,hrp,EXV3.DE,0.008713027581826066
2024-07-31,hrp,EXV2.DE,0.05755448838351536
2024-07-31,hrp,EXV6.DE,0.019526307684263958
2024-07-31,hrp,EXV7.DE,0.015064100583198977
2024-07-31,hrp,EXH7.DE,0.01382133560698074
2024-07-31,hrp,EXH8.DE,0.016488225859767894
2024-07-31,hrp,EXS1.DE,0.015253216371905779
2024-07-31,hrp,CAC.PA,0.013789003087281971
2024-07-31,hrp,EWI,0.018169834689192827
2024-07-31,hrp,EWP,0.014682527070319666
2024-07-31,hrp,EWN,0.010599078907218241
2024-07-31,hrp,EWL,0.020854645170125776
2024-07-31,hrp,SAP.DE,0.013457929328706654
2024-07-31,hrp,SIE.DE,0.006541860913264399
2024-07-31,hrp,BAS.DE,0.007757016329245835
2024-07-31,hrp,VOW3.DE,0.008167557246927998
2024-07-31,hrp,DTE.DE,0.022374320902362174
2024-07-31,hrp,ALV.DE,0.01650297447670853
2024-07-31,hrp,BMW.DE,0.008907598014585103
2024-07-31,hrp,MBG.DE,0.007491870406180673
2024-07-31,hrp,MUV2.DE,0.015339700850011786
2024-07-31,hrp,MC.PA,0.005240866793005806
2024-07-31,hrp,TTE.PA,0.014636063065957498
2024-07-31,hrp,OR.PA,0.009904023860803185
2024-07-31,hrp,SAN.PA,0.032369274965142546
2024-07-31,hrp,BNP.PA,0.007961534992557584
2024-07-31,hrp,AIR.PA,0.012388747453868048
2024-07-31,hrp,SU.PA,0.007845941726893515
2024-07-31,hrp,CAP.PA,0.009390851116547437
2024-07-31,hrp,AI.PA,0.017175564166566834
2024-07-31,hrp,ASML.AS,0.003970564736734266
2024-07-31,hrp,PHIA.AS,0.01157447033985092
2024-07-31,hrp,INGA.AS,0.005425907315686642
2024-07-31,hrp,HEIA.AS,0.029423730009164525
2024-07-31,hrp,AD.AS,0.04980025113795403
2024-07-31,hrp,WKL.AS,0.04591292300926759
2024-07-31,hrp,SAN.MC,0.005057502031950985
2024-07-31,hrp,IBE.MC,0.018723083439427204
2024-07-31,hrp,ITX.MC,0.00967913077396708
2024-07-31,hrp,TEF.MC,0.030783305019498792
2024-07-31,hrp,ENG.MC,0.03735983925435083
2024-07-31,hrp,BBVA.MC,0.006225017229129646
2024-07-31,hrp,NESN.SW,0.04562566537108962
2024-07-31,hrp,NOVN.SW,0.04423679084894393
2024-07-31,hrp,UBSG.SW,0.007655652467407833
2024-07-31,hrp,RO.SW,0.0295349741824698
2024-07-31,hrp,ABBN.SW,0.011096666105576119
2024-07-31,hrp,CFR.SW,0.005040882577470951
2024-07-31,hrp,HOLN.SW,0.02767516708814915
2024-07-31,hrp,ENI.MI,0.01649903626883139
2024-07-31,hrp,ISP.MI,0.005620101122880745
2024-07-31,hrp,UCG.MI,0.00339341111598548
2024-07-31,hrp,ENEL.MI,0.01739431906512104
2024-07-31,hrp,STMMI.MI,0.0049261813941431365
2024-07-31,minimum_variance,EXV4.DE,0.10005914987128527
2024-07-31,minimum_variance,EXV2.DE,0.11946633163367361
2024-07-31,minimum_variance,EXV6.DE,0.00792336731131108
2024-07-31,minimum_variance,EWL,0.042180176222538744
2024-07-31,minimum_variance,SAP.DE,0.04014446998063106
2024-07-31,minimum_variance,BMW.DE,0.0006951962524314474
2024-07-31,minimum_variance,TTE.PA,0.05137814932560068
2024-07-31,minimum_variance,SAN.PA,0.0030439729129322656
2024-07-31,minimum_variance,HEIA.AS,0.039415518964980044
2024-07-31,minimum_variance,AD.AS,0.12012275551277292
2024-07-31,minimum_variance,WKL.AS,0.08741180201394873
2024-07-31,minimum_variance,TEF.MC,0.08834212951891758
2024-07-31,minimum_variance,ENG.MC,0.09041622816050168
2024-07-31,minimum_variance,NESN.SW,0.0856065063371223
2024-07-31,minimum_variance,NOVN.SW,0.07700732805482607
2024-07-31,minimum_variance,RO.SW,0.037814514392384604
2024-07-31,minimum_variance,ENI.MI,0.008972403534142
2024-07-31,xgb,BAS.DE,0.1326698984053761
2024-07-31,xgb,BMW.DE,0.09255810906423802
2024-07-31,xgb,ASML.AS,0.07530018244369703
2024-07-31,xgb,HEIA.AS,0.1500000000000048
2024-07-31,xgb,ENG.MC,0.1500000000000048
2024-07-31,xgb,NESN.SW,0.1500000000000048
2024-07-31,xgb,RO.SW,0.0030480906697114294
2024-07-31,xgb,ABBN.SW,0.1500000000000048
2024-07-31,xgb,STMMI.MI,0.0964237194169582
2024-07-31,xgb_sentiment,BMW.DE,0.1360488956164145
2024-07-31,xgb_sentiment,MC.PA,0.015442113353301168
2024-07-31,xgb_sentiment,TTE.PA,0.07508561882678792
2024-07-31,xgb_sentiment,ASML.AS,0.06693790510155231
2024-07-31,xgb_sentiment,HEIA.AS,0.1499999999999992
2024-07-31,xgb_sentiment,ENG.MC,0.1499999999999992
2024-07-31,xgb_sentiment,NESN.SW,0.1499999999999992
2024-07-31,xgb_sentiment,ABBN.SW,0.1499999999999992
2024-07-31,xgb_sentiment,STMMI.MI,0.10648546710194721
2024-07-31,equal_weight,EXSA.DE,0.017543859649122806
2024-07-31,equal_weight,EXV1.DE,0.017543859649122806
2024-07-31,equal_weight,EXV4.DE,0.017543859649122806
2024-07-31,equal_weight,EXV3.DE,0.017543859649122806
2024-07-31,equal_weight,EXV2.DE,0.017543859649122806
2024-07-31,equal_weight,EXV6.DE,0.017543859649122806
2024-07-31,equal_weight,EXV7.DE,0.017543859649122806
2024-07-31,equal_weight,EXH7.DE,0.017543859649122806
2024-07-31,equal_weight,EXH8.DE,0.017543859649122806
2024-07-31,equal_weight,EXS1.DE,0.017543859649122806
2024-07-31,equal_weight,CAC.PA,0.017543859649122806
2024-07-31,equal_weight,EWI,0.017543859649122806
2024-07-31,equal_weight,EWP,0.017543859649122806
2024-07-31,equal_weight,EWN,0.017543859649122806
2024-07-31,equal_weight,EWL,0.017543859649122806
2024-07-31,equal_weight,SAP.DE,0.017543859649122806
2024-07-31,equal_weight,SIE.DE,0.017543859649122806
2024-07-31,equal_weight,BAS.DE,0.017543859649122806
2024-07-31,equal_weight,VOW3.DE,0.017543859649122806
2024-07-31,equal_weight,DTE.DE,0.017543859649122806
2024-07-31,equal_weight,ALV.DE,0.017543859649122806
2024-07-31,equal_weight,BMW.DE,0.017543859649122806
2024-07-31,equal_weight,MBG.DE,0.017543859649122806
2024-07-31,equal_weight,MUV2.DE,0.017543859649122806
2024-07-31,equal_weight,MC.PA,0.017543859649122806
2024-07-31,equal_weight,TTE.PA,0.017543859649122806
2024-07-31,equal_weight,OR.PA,0.017543859649122806
2024-07-31,equal_weight,SAN.PA,0.017543859649122806
2024-07-31,equal_weight,BNP.PA,0.017543859649122806
2024-07-31,equal_weight,AIR.PA,0.017543859649122806
2024-07-31,equal_weight,SU.PA,0.017543859649122806
2024-07-31,equal_weight,CAP.PA,0.017543859649122806
2024-07-31,equal_weight,AI.PA,0.017543859649122806
2024-07-31,equal_weight,ASML.AS,0.017543859649122806
2024-07-31,equal_weight,PHIA.AS,0.017543859649122806
2024-07-31,equal_weight,INGA.AS,0.017543859649122806
2024-07-31,equal_weight,HEIA.AS,0.017543859649122806
2024-07-31,equal_weight,AD.AS,0.017543859649122806
2024-07-31,equal_weight,WKL.AS,0.017543859649122806
2024-07-31,equal_weight,SAN.MC,0.017543859649122806
2024-07-31,equal_weight,IBE.MC,0.017543859649122806
2024-07-31,equal_weight,ITX.MC,0.017543859649122806
2024-07-31,equal_weight,TEF.MC,0.017543859649122806
2024-07-31,equal_weight,ENG.MC,0.017543859649122806
2024-07-31,equal_weight,BBVA.MC,0.017543859649122806
2024-07-31,equal_weight,NESN.SW,0.017543859649122806
2024-07-31,equal_weight,NOVN.SW,0.017543859649122806
2024-07-31,equal_weight,UBSG.SW,0.017543859649122806
2024-07-31,equal_weight,RO.SW,0.017543859649122806
2024-07-31,equal_weight,ABBN.SW,0.017543859649122806
2024-07-31,equal_weight,CFR.SW,0.017543859649122806
2024-07-31,equal_weight,HOLN.SW,0.017543859649122806
2024-07-31,equal_weight,ENI.MI,0.017543859649122806
2024-07-31,equal_weight,ISP.MI,0.017543859649122806
2024-07-31,equal_weight,UCG.MI,0.017543859649122806
2024-07-31,equal_weight,ENEL.MI,0.017543859649122806
2024-07-31,equal_weight,STMMI.MI,0.017543859649122806
2024-08-30,markowitz,SAP.DE,0.02795039068332453
2024-08-30,markowitz,DTE.DE,0.03666269846553863
2024-08-30,markowitz,MUV2.DE,0.1362048992539583
2024-08-30,markowitz,TTE.PA,0.06780390578814
2024-08-30,markowitz,WKL.AS,0.14999999999999294
2024-08-30,markowitz,IBE.MC,0.11703945327253519
2024-08-30,markowitz,NOVN.SW,0.1499999999999864
2024-08-30,markowitz,ABBN.SW,0.024507620280402796
2024-08-30,markowitz,HOLN.SW,0.14999999999999894
2024-08-30,markowitz,UCG.MI,0.13983103225612234
2024-08-30,hrp,EXSA.DE,0.021102136663530845
2024-08-30,hrp,EXV1.DE,0.008665553384808206
2024-08-30,hrp,EXV4.DE,0.03787252558798868
2024-08-30,hrp,EXV3.DE,0.008564514491239739
2024-08-30,hrp,EXV2.DE,0.058837170648355176
2024-08-30,hrp,EXV6.DE,0.015227810423548456
2024-08-30,hrp,EXV7.DE,0.01789765196313208
2024-08-30,hrp,EXH7.DE,0.014617902317906245
2024-08-30,hrp,EXH8.DE,0.00990061397621342
2024-08-30,hrp,EXS1.DE,0.015000510659883838
2024-08-30,hrp,CAC.PA,0.028152596956430864
2024-08-30,hrp,EWI,0.0179035280191463
2024-08-30,hrp,EWP,0.01464598175607706
2024-08-30,hrp,EWN,0.010295104474737972
2024-08-30,hrp,EWL,0.020293265884346566
2024-08-30,hrp,SAP.DE,0.014283656837917514
2024-08-30,hrp,SIE.DE,0.006548788070228222
2024-08-30,hrp,BAS.DE,0.008004659470167735
2024-08-30,hrp,VOW3.DE,0.006578381825014649
2024-08-30,hrp,DTE.DE,0.023712566271698543
2024-08-30,hrp,ALV.DE,0.016537197844127837
2024-08-30,hrp,BMW.DE,0.0072520345579604305
2024-08-30,hrp,MBG.DE,0.006092411130849101
2024-08-30,hrp,MUV2.DE,0.016433796515764577
2024-08-30,hrp,MC.PA,0.005613092441398303
2024-08-30,hrp,TTE.PA,0.020708563938497522
2024-08-30,hrp,OR.PA,0.011133106220729511
2024-08-30,hrp,SAN.PA,0.02468531131334227
2024-08-30,hrp,BNP.PA,0.006330236362093343
2024-08-30,hrp,AIR.PA,0.009363603602940262
2024-08-30,hrp,SU.PA,0.007687670917894854
2024-08-30,hrp,CAP.PA,0.009900217057484211
2024-08-30,hrp,AI.PA,0.014821075809340811
2024-08-30,hrp,ASML.AS,0.004009614627887775
2024-08-30,hrp,PHIA.AS,0.011148559123602528
2024-08-30,hrp,INGA.AS,0.005596308527952713
2024-08-30,hrp,HEIA.AS,0.027180689431170284
2024-08-30,hrp,AD.AS,0.046963619141791056
2024-08-30,hrp,WKL.AS,0.04435531936915811
2024-08-30,hrp,SAN.MC,0.004934700628350966
2024-08-30,hrp,IBE.MC,0.0332608750087802
2024-08-30,hrp,ITX.MC,0.009279235195813085
2024-08-30,hrp,TEF.MC,0.031144285552263055
2024-08-30,hrp,ENG.MC,0.03755369203830222
2024-08-30,hrp,BBVA.MC,0.005865455539129704
2024-08-30,hrp,NESN.SW,0.04465378683358179
2024-08-30,hrp,NOVN.SW,0.04505137436957573
2024-08-30,hrp,UBSG.SW,0.007559941829706881
2024-08-30,hrp,RO.SW,0.03473890297648973
2024-08-30,hrp,ABBN.SW,0.01737193166738044
2024-08-30,hrp,CFR.SW,0.008716020880966568
2024-08-30,hrp,HOLN.SW,0.017350788866620732
2024-08-30,hrp,ENI.MI,0.017239095257632595
2024-08-30,hrp,ISP.MI,0.006004428740951982
2024-08-30,hrp,UCG.MI,0.003802107333484727
2024-08-30,hrp,ENEL.MI,0.016500505634630305
2024-08-30,hrp,STMMI.MI,0.005055524029981651
2024-08-30,minimum_variance,EXV4.DE,0.12093420802673836
2024-08-30,minimum_variance,EXV2.DE,0.1236653024498768
2024-08-30,minimum_variance,EXV6.DE,0.008884675943790858
2024-08-30,minimum_variance,EWL,0.0420831395324175
2024-08-30,minimum_variance,SAP.DE,0.03841766767577238
2024-08-30,minimum_variance,TTE.PA,0.04926768165945502
2024-08-30,minimum_variance,SAN.PA,0.0034473397022976374
2024-08-30,minimum_variance,HEIA.AS,0.04143129346429708
2024-08-30,minimum_variance,AD.AS,0.11407216959869992
2024-08-30,minimum_variance,WKL.AS,0.08655834066045583
2024-08-30,minimum_variance,TEF.MC,0.08852427034321056
2024-08-30,minimum_variance,ENG.MC,0.08409700349112965
2024-08-30,minimum_variance,NESN.SW,0.09057662837312139
2024-08-30,minimum_variance,NOVN.SW,0.06694499350231163
2024-08-30,minimum_variance,RO.SW,0.03272229323741218
2024-08-30,minimum_variance,ENI.MI,0.008372992339012973
2024-08-30,xgb,BAS.DE,0.003828480871883907
2024-08-30,xgb,VOW3.DE,0.11878175059302716
2024-08-30,xgb,OR.PA,0.04609505566986528
2024-08-30,xgb,CAP.PA,0.1500000000000099
2024-08-30,xgb,ENG.MC,0.14999999999996882
2024-08-30,xgb,NESN.SW,0.04841286651364157
2024-08-30,xgb,NOVN.SW,0.14999999999997826
2024-08-30,xgb,ENI.MI,0.14999999999999056
2024-08-30,xgb,ISP.MI,0.1317895541056919
2024-08-30,xgb,STMMI.MI,0.05109229224594267
2024-08-30,xgb_sentiment,VOW3.DE,0.13029394282136905
2024-08-30,xgb_sentiment,OR.PA,0.08069473222957452
2024-08-30,xgb_sentiment,CAP.PA,0.14999999999999833
2024-08-30,xgb_sentiment,SAN.MC,0.07771373287932234
2024-08-30,xgb_sentiment,IBE.MC,0.14999999999999833
2024-08-30,xgb_sentiment,ENG.MC,0.14999999999999833
2024-08-30,xgb_sentiment,ENI.MI,0.14999999999999833
2024-08-30,xgb_sentiment,ISP.MI,0.11129759206974091
2024-08-30,equal_weight,EXSA.DE,0.017543859649122806
2024-08-30,equal_weight,EXV1.DE,0.017543859649122806
2024-08-30,equal_weight,EXV4.DE,0.017543859649122806
2024-08-30,equal_weight,EXV3.DE,0.017543859649122806
2024-08-30,equal_weight,EXV2.DE,0.017543859649122806
2024-08-30,equal_weight,EXV6.DE,0.017543859649122806
2024-08-30,equal_weight,EXV7.DE,0.017543859649122806
2024-08-30,equal_weight,EXH7.DE,0.017543859649122806
2024-08-30,equal_weight,EXH8.DE,0.017543859649122806
2024-08-30,equal_weight,EXS1.DE,0.017543859649122806
2024-08-30,equal_weight,CAC.PA,0.017543859649122806
2024-08-30,equal_weight,EWI,0.017543859649122806
2024-08-30,equal_weight,EWP,0.017543859649122806
2024-08-30,equal_weight,EWN,0.017543859649122806
2024-08-30,equal_weight,EWL,0.017543859649122806
2024-08-30,equal_weight,SAP.DE,0.017543859649122806
2024-08-30,equal_weight,SIE.DE,0.017543859649122806
2024-08-30,equal_weight,BAS.DE,0.017543859649122806
2024-08-30,equal_weight,VOW3.DE,0.017543859649122806
2024-08-30,equal_weight,DTE.DE,0.017543859649122806
2024-08-30,equal_weight,ALV.DE,0.017543859649122806
2024-08-30,equal_weight,BMW.DE,0.017543859649122806
2024-08-30,equal_weight,MBG.DE,0.017543859649122806
2024-08-30,equal_weight,MUV2.DE,0.017543859649122806
2024-08-30,equal_weight,MC.PA,0.017543859649122806
2024-08-30,equal_weight,TTE.PA,0.017543859649122806
2024-08-30,equal_weight,OR.PA,0.017543859649122806
2024-08-30,equal_weight,SAN.PA,0.017543859649122806
2024-08-30,equal_weight,BNP.PA,0.017543859649122806
2024-08-30,equal_weight,AIR.PA,0.017543859649122806
2024-08-30,equal_weight,SU.PA,0.017543859649122806
2024-08-30,equal_weight,CAP.PA,0.017543859649122806
2024-08-30,equal_weight,AI.PA,0.017543859649122806
2024-08-30,equal_weight,ASML.AS,0.017543859649122806
2024-08-30,equal_weight,PHIA.AS,0.017543859649122806
2024-08-30,equal_weight,INGA.AS,0.017543859649122806
2024-08-30,equal_weight,HEIA.AS,0.017543859649122806
2024-08-30,equal_weight,AD.AS,0.017543859649122806
2024-08-30,equal_weight,WKL.AS,0.017543859649122806
2024-08-30,equal_weight,SAN.MC,0.017543859649122806
2024-08-30,equal_weight,IBE.MC,0.017543859649122806
2024-08-30,equal_weight,ITX.MC,0.017543859649122806
2024-08-30,equal_weight,TEF.MC,0.017543859649122806
2024-08-30,equal_weight,ENG.MC,0.017543859649122806
2024-08-30,equal_weight,BBVA.MC,0.017543859649122806
2024-08-30,equal_weight,NESN.SW,0.017543859649122806
2024-08-30,equal_weight,NOVN.SW,0.017543859649122806
2024-08-30,equal_weight,UBSG.SW,0.017543859649122806
2024-08-30,equal_weight,RO.SW,0.017543859649122806
2024-08-30,equal_weight,ABBN.SW,0.017543859649122806
2024-08-30,equal_weight,CFR.SW,0.017543859649122806
2024-08-30,equal_weight,HOLN.SW,0.017543859649122806
2024-08-30,equal_weight,ENI.MI,0.017543859649122806
2024-08-30,equal_weight,ISP.MI,0.017543859649122806
2024-08-30,equal_weight,UCG.MI,0.017543859649122806
2024-08-30,equal_weight,ENEL.MI,0.017543859649122806
2024-08-30,equal_weight,STMMI.MI,0.017543859649122806
2024-09-30,markowitz,DTE.DE,0.14141025439971144
2024-09-30,markowitz,MUV2.DE,0.08048156518929207
2024-09-30,markowitz,WKL.AS,0.14999999999999813
2024-09-30,markowitz,IBE.MC,0.0549860686705453
2024-09-30,markowitz,ITX.MC,0.009298698526275644
2024-09-30,markowitz,TEF.MC,0.06994029285276665
2024-09-30,markowitz,NOVN.SW,0.14999999999999813
2024-09-30,markowitz,ABBN.SW,0.04388312036141647
2024-09-30,markowitz,HOLN.SW,0.14999999999999813
2024-09-30,markowitz,UCG.MI,0.14999999999999813
2024-09-30,hrp,EXSA.DE,0.018894117797162532
2024-09-30,hrp,EXV1.DE,0.010444387413784041
2024-09-30,hrp,EXV4.DE,0.044472321172782145
2024-09-30,hrp,EXV3.DE,0.008815662802856238
2024-09-30,hrp,EXV2.DE,0.057460561012702326
2024-09-30,hrp,EXV6.DE,0.015230525117499633
2024-09-30,hrp,EXV7.DE,0.013824502576183345
2024-09-30,hrp,EXH7.DE,0.016092314756121717
2024-09-30,hrp,EXH8.DE,0.009800872517605818
2024-09-30,hrp,EXS1.DE,0.013938566779592853
2024-09-30,hrp,CAC.PA,0.013807280407998376
2024-09-30,hrp,EWI,0.01734495187967224
2024-09-30,hrp,EWP,0.014169196788399558
2024-09-30,hrp,EWN,0.010425671762301582
2024-09-30,hrp,EWL,0.02068322739086411
2024-09-30,hrp,SAP.DE,0.01359893403725361
2024-09-30,hrp,SIE.DE,0.00722591565159961
2024-09-30,hrp,BAS.DE,0.006943269312508236
2024-09-30,hrp,VOW3.DE,0.0071562842686722465
2024-09-30,hrp,DTE.DE,0.03990381584512259
2024-09-30,hrp,ALV.DE,0.01440565475586911
2024-09-30,hrp,BMW.DE,0.00898832181712883
2024-09-30,hrp,MBG.DE,0.013020260261540607
2024-09-30,hrp,MUV2.DE,0.015519498937458027
2024-09-30,hrp,MC.PA,0.0060225922017716075
2024-09-30,hrp,TTE.PA,0.02087240697577447
2024-09-30,hrp,OR.PA,0.011587610414347608
2024-09-30,hrp,SAN.PA,0.024694057038376377
2024-09-30,hrp,BNP.PA,0.006468058956829506
2024-09-30,hrp,AIR.PA,0.00941407236338162
2024-09-30,hrp,SU.PA,0.007280791371177581
2024-09-30,hrp,CAP.PA,0.010006636096632342
2024-09-30,hrp,AI.PA,0.02440426390087798
2024-09-30,hrp,ASML.AS,0.004184420783293739
2024-09-30,hrp,PHIA.AS,0.011228993825989055
2024-09-30,hrp,INGA.AS,0.00555089841738861
2024-09-30,hrp,HEIA.AS,0.02749397622220656
2024-09-30,hrp,AD.AS,0.04766880333061172
2024-09-30,hrp,WKL.AS,0.0440135151655668
2024-09-30,hrp,SAN.MC,0.011054854052104747
2024-09-30,hrp,IBE.MC,0.0212327393278117
2024-09-30,hrp,ITX.MC,0.008232106553909452
2024-09-30,hrp,TEF.MC,0.02524898742379352
2024-09-30,hrp,ENG.MC,0.037403126060635
2024-09-30,hrp,BBVA.MC,0.007479572228108805
2024-09-30,hrp,NESN.SW,0.044244383461817326
2024-09-30,hrp,NOVN.SW,0.045535586104639925
2024-09-30,hrp,UBSG.SW,0.007366374227482578
2024-09-30,hrp,RO.SW,0.03533198936151412
2024-09-30,hrp,ABBN.SW,0.010090103661486806
2024-09-30,hrp,CFR.SW,0.004777321241292364
2024-09-30,hrp,HOLN.SW,0.019546699975903484
2024-09-30,hrp,ENI.MI,0.01741803221113573
2024-09-30,hrp,ISP.MI,0.005958004742373351
2024-09-30,hrp,UCG.MI,0.00476238662636467
2024-09-30,hrp,ENEL.MI,0.015939629498589233
2024-09-30,hrp,STMMI.MI,0.005320891114132248
2024-09-30,minimum_variance,EXV4.DE,0.11320753576509102
2024-09-30,minimum_variance,EXV2.DE,0.14217542540014386
2024-09-30,minimum_variance,EXV6.DE,0.009173462599253985
2024-09-30,minimum_variance,EWL,0.03857037554033392
2024-09-30,minimum_variance,SAP.DE,0.03809683868556627
2024-09-30,minimum_variance,TTE.PA,0.04560788168956444
2024-09-30,minimum_variance,SAN.PA,0.0059697524034680845
2024-09-30,minimum_variance,HEIA.AS,0.04274233767771069
2024-09-30,minimum_variance,AD.AS,0.11573800274356875
2024-09-30,minimum_variance,WKL.AS,0.08370913843137223
2024-09-30,minimum_variance,TEF.MC,0.08737516827234652
2024-09-30,minimum_variance,ENG.MC,0.07777248683924363
2024-09-30,minimum_variance,NESN.SW,0.08552860223467247
2024-09-30,minimum_variance,NOVN.SW,0.07115413393114609
2024-09-30,minimum_variance,RO.SW,0.03509624572108319
2024-09-30,minimum_variance,ENI.MI,0.00808261206543498
2024-09-30,xgb,EXV6.DE,0.1500000000000338
2024-09-30,xgb,MBG.DE,0.15000000000003577
2024-09-30,xgb,MC.PA,0.002173857544069966
2024-09-30,xgb,TTE.PA,0.01001680858480609
2024-09-30,xgb,OR.PA,0.1500000000000337
2024-09-30,xgb,ASML.AS,0.026043159815703258
2024-09-30,xgb,HEIA.AS,0.06492667885740762
2024-09-30,xgb,ENG.MC,0.1372608890271892
2024-09-30,xgb,NESN.SW,0.14999999999999894
2024-09-30,xgb,RO.SW,0.10350071918068456
2024-09-30,xgb,STMMI.MI,0.05607788699003718
2024-09-30,xgb_sentiment,EXV6.DE,0.1107657266952524
2024-09-30,xgb_sentiment,MBG.DE,0.15000000000000133
2024-09-30,xgb_sentiment,TTE.PA,0.1499999999999973
2024-09-30,xgb_sentiment,OR.PA,0.14999999999999789
2024-09-30,xgb_sentiment,ASML.AS,0.00319856369015631
2024-09-30,xgb_sentiment,HEIA.AS,0.07794095724621203
2024-09-30,xgb_sentiment,IBE.MC,0.030346982089560697
2024-09-30,xgb_sentiment,ENG.MC,0.030028673096509112
2024-09-30,xgb_sentiment,NESN.SW,0.10949490274665077
2024-09-30,xgb_sentiment,RO.SW,0.1499999999999629
2024-09-30,xgb_sentiment,STMMI.MI,0.038224194435699264
2024-09-30,equal_weight,EXSA.DE,0.017543859649122806
2024-09-30,equal_weight,EXV1.DE,0.017543859649122806
2024-09-30,equal_weight,EXV4.DE,0.017543859649122806
2024-09-30,equal_weight,EXV3.DE,0.017543859649122806
2024-09-30,equal_weight,EXV2.DE,0.017543859649122806
2024-09-30,equal_weight,EXV6.DE,0.017543859649122806
2024-09-30,equal_weight,EXV7.DE,0.017543859649122806
2024-09-30,equal_weight,EXH7.DE,0.017543859649122806
2024-09-30,equal_weight,EXH8.DE,0.017543859649122806
2024-09-30,equal_weight,EXS1.DE,0.017543859649122806
2024-09-30,equal_weight,CAC.PA,0.017543859649122806
2024-09-30,equal_weight,EWI,0.017543859649122806
2024-09-30,equal_weight,EWP,0.017543859649122806
2024-09-30,equal_weight,EWN,0.017543859649122806
2024-09-30,equal_weight,EWL,0.017543859649122806
2024-09-30,equal_weight,SAP.DE,0.017543859649122806
2024-09-30,equal_weight,SIE.DE,0.017543859649122806
2024-09-30,equal_weight,BAS.DE,0.017543859649122806
2024-09-30,equal_weight,VOW3.DE,0.017543859649122806
2024-09-30,equal_weight,DTE.DE,0.017543859649122806
2024-09-30,equal_weight,ALV.DE,0.017543859649122806
2024-09-30,equal_weight,BMW.DE,0.017543859649122806
2024-09-30,equal_weight,MBG.DE,0.017543859649122806
2024-09-30,equal_weight,MUV2.DE,0.017543859649122806
2024-09-30,equal_weight,MC.PA,0.017543859649122806
2024-09-30,equal_weight,TTE.PA,0.017543859649122806
2024-09-30,equal_weight,OR.PA,0.017543859649122806
2024-09-30,equal_weight,SAN.PA,0.017543859649122806
2024-09-30,equal_weight,BNP.PA,0.017543859649122806
2024-09-30,equal_weight,AIR.PA,0.017543859649122806
2024-09-30,equal_weight,SU.PA,0.017543859649122806
2024-09-30,equal_weight,CAP.PA,0.017543859649122806
2024-09-30,equal_weight,AI.PA,0.017543859649122806
2024-09-30,equal_weight,ASML.AS,0.017543859649122806
2024-09-30,equal_weight,PHIA.AS,0.017543859649122806
2024-09-30,equal_weight,INGA.AS,0.017543859649122806
2024-09-30,equal_weight,HEIA.AS,0.017543859649122806
2024-09-30,equal_weight,AD.AS,0.017543859649122806
2024-09-30,equal_weight,WKL.AS,0.017543859649122806
2024-09-30,equal_weight,SAN.MC,0.017543859649122806
2024-09-30,equal_weight,IBE.MC,0.017543859649122806
2024-09-30,equal_weight,ITX.MC,0.017543859649122806
2024-09-30,equal_weight,TEF.MC,0.017543859649122806
2024-09-30,equal_weight,ENG.MC,0.017543859649122806
2024-09-30,equal_weight,BBVA.MC,0.017543859649122806
2024-09-30,equal_weight,NESN.SW,0.017543859649122806
2024-09-30,equal_weight,NOVN.SW,0.017543859649122806
2024-09-30,equal_weight,UBSG.SW,0.017543859649122806
2024-09-30,equal_weight,RO.SW,0.017543859649122806
2024-09-30,equal_weight,ABBN.SW,0.017543859649122806
2024-09-30,equal_weight,CFR.SW,0.017543859649122806
2024-09-30,equal_weight,HOLN.SW,0.017543859649122806
2024-09-30,equal_weight,ENI.MI,0.017543859649122806
2024-09-30,equal_weight,ISP.MI,0.017543859649122806
2024-09-30,equal_weight,UCG.MI,0.017543859649122806
2024-09-30,equal_weight,ENEL.MI,0.017543859649122806
2024-09-30,equal_weight,STMMI.MI,0.017543859649122806
2024-10-31,markowitz,SAP.DE,0.06382425708801086
2024-10-31,markowitz,DTE.DE,0.14999999999999647
2024-10-31,markowitz,MUV2.DE,0.05932716597075343
2024-10-31,markowitz,TTE.PA,0.025694196903479023
2024-10-31,markowitz,WKL.AS,0.14999999999999647
2024-10-31,markowitz,IBE.MC,0.05149917619517178
2024-10-31,markowitz,ITX.MC,0.04965520384260276
2024-10-31,markowitz,NOVN.SW,0.14999999999999647
2024-10-31,markowitz,HOLN.SW,0.14999999999999647
2024-10-31,markowitz,UCG.MI,0.14999999999999647
2024-10-31,hrp,EXSA.DE,0.020194788454378745
2024-10-31,hrp,EXV1.DE,0.010126456671498486
2024-10-31,hrp,EXV4.DE,0.05797966272907099
2024-10-31,hrp,EXV3.DE,0.007100594208078833
2024-10-31,hrp,EXV2.DE,0.0371837131067684
2024-10-31,hrp,EXV6.DE,0.019573043713755532
2024-10-31,hrp,EXV7.DE,0.0183517870008151
2024-10-31,hrp,EXH7.DE,0.018322157798914957
2024-10-31,hrp,EXH8.DE,0.010120662805735996
2024-10-31,hrp,EXS1.DE,0.027639287401833204
2024-10-31,hrp,CAC.PA,0.014733424329091933
2024-10-31,hrp,EWI,0.009014440493536438
2024-10-31,hrp,EWP,0.02547236653437009
2024-10-31,hrp,EWN,0.007487775054626787
2024-10-31,hrp,EWL,0.020052984918210802
2024-10-31,hrp,SAP.DE,0.013321459773167992
2024-10-31,hrp,SIE.DE,0.006795963867733387
2024-10-31,hrp,BAS.DE,0.012979323279545336
2024-10-31,hrp,VOW3.DE,0.006698100364303234
2024-10-31,hrp,DTE.DE,0.021068490424152857
2024-10-31,hrp,ALV.DE,0.018844828318800924
2024-10-31,hrp,BMW.DE,0.008420800232578957
2024-10-31,hrp,MBG.DE,0.009432477730432043
2024-10-31,hrp,MUV2.DE,0.016187263614459404
2024-10-31,hrp,MC.PA,0.0067423687918191436
2024-10-31,hrp,TTE.PA,0.01489669555251477
2024-10-31,hrp,OR.PA,0.014724672177346704
2024-10-31,hrp,SAN.PA,0.03244648526518892
2024-10-31,hrp,BNP.PA,0.010295519831259686
2024-10-31,hrp,AIR.PA,0.01017354042542777
2024-10-31,hrp,SU.PA,0.007787470988800652
2024-10-31,hrp,CAP.PA,0.008337798958487184
2024-10-31,hrp,AI.PA,0.017511498735770636
2024-10-31,hrp,ASML.AS,0.0031730286195796767
2024-10-31,hrp,PHIA.AS,0.011074560139274485
2024-10-31,hrp,INGA.AS,0.0062787384723309745
2024-10-31,hrp,HEIA.AS,0.027326623671643898
2024-10-31,hrp,AD.AS,0.0503900230194296
2024-10-31,hrp,WKL.AS,0.04465486528259708
2024-10-31,hrp,SAN.MC,0.006219103805825713
2024-10-31,hrp,IBE.MC,0.02516745373803668
2024-10-31,hrp,ITX.MC,0.008916906474445324
2024-10-31,hrp,TEF.MC,0.022809471233014345
2024-10-31,hrp,ENG.MC,0.037342966472418554
2024-10-31,hrp,BBVA.MC,0.007417271017631038
2024-10-31,hrp,NESN.SW,0.042518575848516794
2024-10-31,hrp,NOVN.SW,0.04280255514767754
2024-10-31,hrp,UBSG.SW,0.008460435288770196
2024-10-31,hrp,RO.SW,0.029054637589952553
2024-10-31,hrp,ABBN.SW,0.012665007617952315
2024-10-31,hrp,CFR.SW,0.0049448380296927535
2024-10-31,hrp,HOLN.SW,0.016453575972623525
2024-10-31,hrp,ENI.MI,0.017007833783368533
2024-10-31,hrp,ISP.MI,0.006161177447950969
2024-10-31,hrp,UCG.MI,0.004543656534740123
2024-10-31,hrp,ENEL.MI,0.01922398398668073
2024-10-31,hrp,STMMI.MI,0.0053748072533706835
2024-10-31,minimum_variance,EXV4.DE,0.1098669082849877
2024-10-31,minimum_variance,EXV2.DE,0.14503197705894386
2024-10-31,minimum_variance,EXV6.DE,0.006989326426221332
2024-10-31,minimum_variance,EWP,0.005076853806268273
2024-10-31,minimum_variance,EWL,0.022541035461412506
2024-10-31,minimum_variance,SAP.DE,0.03877170324024328
2024-10-31,minimum_variance,TTE.PA,0.04369016117662943
2024-10-31,minimum_variance,SAN.PA,0.00739468315342532
2024-10-31,minimum_variance,HEIA.AS,0.04311372513345679
2024-10-31,minimum_variance,AD.AS,0.12446924800042526
2024-10-31,minimum_variance,WKL.AS,0.08258503481046198
2024-10-31,minimum_variance,TEF.MC,0.09522824102562095
2024-10-31,minimum_variance,ENG.MC,0.06968891312130575
2024-10-31,minimum_variance,NESN.SW,0.08509911377488506
2024-10-31,minimum_variance,NOVN.SW,0.06506301094301992
2024-10-31,minimum_variance,RO.SW,0.03590198370214132
2024-10-31,minimum_variance,ENI.MI,0.01948808088055132
2024-10-31,xgb,EXV3.DE,0.14999999999999947
2024-10-31,xgb,EXH8.DE,0.11882760929120365
2024-10-31,xgb,MBG.DE,0.021926513739700712
2024-10-31,xgb,OR.PA,0.009904596738282655
2024-10-31,xgb,CAP.PA,0.020294276135878583
2024-10-31,xgb,PHIA.AS,0.07835383814946328
2024-10-31,xgb,HEIA.AS,0.14999999999999947
2024-10-31,xgb,ENG.MC,0.13797129537835595
2024-10-31,xgb,NESN.SW,0.14999999999999947
2024-10-31,xgb,NOVN.SW,0.14999999999999947
2024-10-31,xgb,STMMI.MI,0.0127218705671174
2024-10-31,xgb_sentiment,EXH8.DE,0.061982470417308866
2024-10-31,xgb_sentiment,TTE.PA,0.1499999999999645
2024-10-31,xgb_sentiment,OR.PA,0.10154095137450642
2024-10-31,xgb_sentiment,ASML.AS,0.004313739409388844
2024-10-31,xgb_sentiment,PHIA.AS,0.053344931168271915
2024-10-31,xgb_sentiment,HEIA.AS,0.1499999999999645
2024-10-31,xgb_sentiment,IBE.MC,0.1499999999999645
2024-10-31,xgb_sentiment,NESN.SW,0.1499999999999645
2024-10-31,xgb_sentiment,NOVN.SW,0.14155476199737116
2024-10-31,xgb_sentiment,STMMI.MI,0.03726314563329476
2024-10-31,equal_weight,EXSA.DE,0.017543859649122806
2024-10-31,equal_weight,EXV1.DE,0.017543859649122806
2024-10-31,equal_weight,EXV4.DE,0.017543859649122806
2024-10-31,equal_weight,EXV3.DE,0.017543859649122806
2024-10-31,equal_weight,EXV2.DE,0.017543859649122806
2024-10-31,equal_weight,EXV6.DE,0.017543859649122806
2024-10-31,equal_weight,EXV7.DE,0.017543859649122806
2024-10-31,equal_weight,EXH7.DE,0.017543859649122806
2024-10-31,equal_weight,EXH8.DE,0.017543859649122806
2024-10-31,equal_weight,EXS1.DE,0.017543859649122806
2024-10-31,equal_weight,CAC.PA,0.017543859649122806
2024-10-31,equal_weight,EWI,0.017543859649122806
2024-10-31,equal_weight,EWP,0.017543859649122806
2024-10-31,equal_weight,EWN,0.017543859649122806
2024-10-31,equal_weight,EWL,0.017543859649122806
2024-10-31,equal_weight,SAP.DE,0.017543859649122806
2024-10-31,equal_weight,SIE.DE,0.017543859649122806
2024-10-31,equal_weight,BAS.DE,0.017543859649122806
2024-10-31,equal_weight,VOW3.DE,0.017543859649122806
2024-10-31,equal_weight,DTE.DE,0.017543859649122806
2024-10-31,equal_weight,ALV.DE,0.017543859649122806
2024-10-31,equal_weight,BMW.DE,0.017543859649122806
2024-10-31,equal_weight,MBG.DE,0.017543859649122806
2024-10-31,equal_weight,MUV2.DE,0.017543859649122806
2024-10-31,equal_weight,MC.PA,0.017543859649122806
2024-10-31,equal_weight,TTE.PA,0.017543859649122806
2024-10-31,equal_weight,OR.PA,0.017543859649122806
2024-10-31,equal_weight,SAN.PA,0.017543859649122806
2024-10-31,equal_weight,BNP.PA,0.017543859649122806
2024-10-31,equal_weight,AIR.PA,0.017543859649122806
2024-10-31,equal_weight,SU.PA,0.017543859649122806
2024-10-31,equal_weight,CAP.PA,0.017543859649122806
2024-10-31,equal_weight,AI.PA,0.017543859649122806
2024-10-31,equal_weight,ASML.AS,0.017543859649122806
2024-10-31,equal_weight,PHIA.AS,0.017543859649122806
2024-10-31,equal_weight,INGA.AS,0.017543859649122806
2024-10-31,equal_weight,HEIA.AS,0.017543859649122806
2024-10-31,equal_weight,AD.AS,0.017543859649122806
2024-10-31,equal_weight,WKL.AS,0.017543859649122806
2024-10-31,equal_weight,SAN.MC,0.017543859649122806
2024-10-31,equal_weight,IBE.MC,0.017543859649122806
2024-10-31,equal_weight,ITX.MC,0.017543859649122806
2024-10-31,equal_weight,TEF.MC,0.017543859649122806
2024-10-31,equal_weight,ENG.MC,0.017543859649122806
2024-10-31,equal_weight,BBVA.MC,0.017543859649122806
2024-10-31,equal_weight,NESN.SW,0.017543859649122806
2024-10-31,equal_weight,NOVN.SW,0.017543859649122806
2024-10-31,equal_weight,UBSG.SW,0.017543859649122806
2024-10-31,equal_weight,RO.SW,0.017543859649122806
2024-10-31,equal_weight,ABBN.SW,0.017543859649122806
2024-10-31,equal_weight,CFR.SW,0.017543859649122806
2024-10-31,equal_weight,HOLN.SW,0.017543859649122806
2024-10-31,equal_weight,ENI.MI,0.017543859649122806
2024-10-31,equal_weight,ISP.MI,0.017543859649122806
2024-10-31,equal_weight,UCG.MI,0.017543859649122806
2024-10-31,equal_weight,ENEL.MI,0.017543859649122806
2024-10-31,equal_weight,STMMI.MI,0.017543859649122806
2024-11-29,markowitz,SAP.DE,0.07033556805322308
2024-11-29,markowitz,DTE.DE,0.1500000000000013
2024-11-29,markowitz,MUV2.DE,0.10896935803069202
2024-11-29,markowitz,WKL.AS,0.1482783509793419
2024-11-29,markowitz,IBE.MC,0.017820152932175582
2024-11-29,markowitz,ITX.MC,0.09121365553461773
2024-11-29,markowitz,TEF.MC,0.024054418985138895
2024-11-29,markowitz,NOVN.SW,0.15000000000003158
2024-11-29,markowitz,HOLN.SW,0.15000000000000735
2024-11-29,markowitz,UCG.MI,0.08932849548477069
2024-11-29,hrp,EXSA.DE,0.02189235618471785
2024-11-29,hrp,EXV1.DE,0.012089739396990797
2024-11-29,hrp,EXV4.DE,0.05589828989222392
2024-11-29,hrp,EXV3.DE,0.013285239593371042
2024-11-29,hrp,EXV2.DE,0.03895530765191706
2024-11-29,hrp,EXV6.DE,0.01970251376888969
2024-11-29,hrp,EXV7.DE,0.015598049198247076
2024-11-29,hrp,EXH7.DE,0.027739048290984444
2024-11-29,hrp,EXH8.DE,0.016952160518384395
2024-11-29,hrp,EXS1.DE,0.016025364859080765
2024-11-29,hrp,CAC.PA,0.015861122453382673
2024-11-29,hrp,EWI,0.008743675297606748
2024-11-29,hrp,EWP,0.02294071085065251
2024-11-29,hrp,EWN,0.007337620738594872
2024-11-29,hrp,EWL,0.01951876706218931
2024-11-29,hrp,SAP.DE,0.013653946260255925
2024-11-29,hrp,SIE.DE,0.006916418106834452
2024-11-29,hrp,BAS.DE,0.00905220394600494
2024-11-29,hrp,VOW3.DE,0.007477741372912974
2024-11-29,hrp,DTE.DE,0.022342883352771247
2024-11-29,hrp,ALV.DE,0.01781083167612895
2024-11-29,hrp,BMW.DE,0.008975736133605333
2024-11-29,hrp,MBG.DE,0.012109477175056397
2024-11-29,hrp,MUV2.DE,0.015204753043798577
2024-11-29,hrp,MC.PA,0.006940635143424639
2024-11-29,hrp,TTE.PA,0.014957361514540211
2024-11-29,hrp,OR.PA,0.010561530739529047
2024-11-29,hrp,SAN.PA,0.03221714647309618
2024-11-29,hrp,BNP.PA,0.007270136182969998
2024-11-29,hrp,AIR.PA,0.0096209871556176
2024-11-29,hrp,SU.PA,0.00838966985848705
2024-11-29,hrp,CAP.PA,0.008089200308307265
2024-11-29,hrp,AI.PA,0.016066336387175206
2024-11-29,hrp,ASML.AS,0.0038151500773538297
2024-11-29,hrp,PHIA.AS,0.010990313203435024
2024-11-29,hrp,INGA.AS,0.006270284490865624
2024-11-29,hrp,HEIA.AS,0.02764062106423316
2024-11-29,hrp,AD.AS,0.04906182411813292
2024-11-29,hrp,WKL.AS,0.04338651654739346
2024-11-29,hrp,SAN.MC,0.005903385604868978
2024-11-29,hrp,IBE.MC,0.025174496862739117
2024-11-29,hrp,ITX.MC,0.011257451753029822
2024-11-29,hrp,TEF.MC,0.025918009205309653
2024-11-29,hrp,ENG.MC,0.03756465320170992
2024-11-29,hrp,BBVA.MC,0.006678027245829575
2024-11-29,hrp,NESN.SW,0.041419669052888124
2024-11-29,hrp,NOVN.SW,0.043457228869537595
2024-11-29,hrp,UBSG.SW,0.008180196897952009
2024-11-29,hrp,RO.SW,0.02853564270702248
2024-11-29,hrp,ABBN.SW,0.011813425015448872
2024-11-29,hrp,CFR.SW,0.00534601265243984
2024-11-29,hrp,HOLN.SW,0.015917099401388083
2024-11-29,hrp,ENI.MI,0.01715150861817999
2024-11-29,hrp,ISP.MI,0.006394124715515618
2024-11-29,hrp,UCG.MI,0.003906973705555984
2024-11-29,hrp,ENEL.MI,0.019023146798422225
2024-11-29,hrp,STMMI.MI,0.004997277602998994
2024-11-29,minimum_variance,EXV4.DE,0.10310319685384711
2024-11-29,minimum_variance,EXV2.DE,0.13803776589967837
2024-11-29,minimum_variance,EXV6.DE,0.01058564030421429
2024-11-29,minimum_variance,EWL,0.02053285136873619
2024-11-29,minimum_variance,SAP.DE,0.04812299027689743
2024-11-29,minimum_variance,MUV2.DE,0.0013401937931135826
2024-11-29,minimum_variance,TTE.PA,0.04296597002948533
2024-11-29,minimum_variance,SAN.PA,0.004041193472633053
2024-11-29,minimum_variance,HEIA.AS,0.051451242487491146
2024-11-29,minimum_variance,AD.AS,0.11952664862238344
2024-11-29,minimum_variance,WKL.AS,0.07440691134329014
2024-11-29,minimum_variance,TEF.MC,0.10253464250774008
2024-11-29,minimum_variance,ENG.MC,0.0755630006959561
2024-11-29,minimum_variance,NESN.SW,0.07838869856531484
2024-11-29,minimum_variance,NOVN.SW,0.07244667616595582
2024-11-29,minimum_variance,RO.SW,0.034917950992364194
2024-11-29,minimum_variance,ENI.MI,0.02203442662089886
2024-11-29,xgb,BAS.DE,0.021359671372040458
2024-11-29,xgb,TTE.PA,0.14999999999995037
2024-11-29,xgb,CAP.PA,0.15000000000000246
2024-11-29,xgb,ASML.AS,0.0651738006258111
2024-11-29,xgb,HEIA.AS,0.1499999999999892
2024-11-29,xgb,BBVA.MC,0.15000000000000893
2024-11-29,xgb,NESN.SW,0.1499999999999142
2024-11-29,xgb,RO.SW,0.07832576714958953
2024-11-29,xgb,CFR.SW,0.031642165005384214
2024-11-29,xgb,ENI.MI,0.00043836374313305525
2024-11-29,xgb,UCG.MI,0.0530602321041764
2024-11-29,xgb_sentiment,TTE.PA,0.15000000000000174
2024-11-29,xgb_sentiment,CAP.PA,0.09096921150013328
2024-11-29,xgb_sentiment,ASML.AS,0.09664432269577493
2024-11-29,xgb_sentiment,HEIA.AS,0.15000000000000174
2024-11-29,xgb_sentiment,SAN.MC,0.15000000000000174
2024-11-29,xgb_sentiment,IBE.MC,0.15000000000000174
2024-11-29,xgb_sentiment,BBVA.MC,0.06200746299524373
2024-11-29,xgb_sentiment,NESN.SW,0.05683021535611778
2024-11-29,xgb_sentiment,NOVN.SW,0.05944418528825706
2024-11-29,xgb_sentiment,UCG.MI,0.034104602164466216
2024-11-29,equal_weight,EXSA.DE,0.017543859649122806
2024-11-29,equal_weight,EXV1.DE,0.017543859649122806
2024-11-29,equal_weight,EXV4.DE,0.017543859649122806
2024-11-29,equal_weight,EXV3.DE,0.017543859649122806
2024-11-29,equal_weight,EXV2.DE,0.017543859649122806
2024-11-29,equal_weight,EXV6.DE,0.017543859649122806
2024-11-29,equal_weight,EXV7.DE,0.017543859649122806
2024-11-29,equal_weight,EXH7.DE,0.017543859649122806
2024-11-29,equal_weight,EXH8.DE,0.017543859649122806
2024-11-29,equal_weight,EXS1.DE,0.017543859649122806
2024-11-29,equal_weight,CAC.PA,0.017543859649122806
2024-11-29,equal_weight,EWI,0.017543859649122806
2024-11-29,equal_weight,EWP,0.017543859649122806
2024-11-29,equal_weight,EWN,0.017543859649122806
2024-11-29,equal_weight,EWL,0.017543859649122806
2024-11-29,equal_weight,SAP.DE,0.017543859649122806
2024-11-29,equal_weight,SIE.DE,0.017543859649122806
2024-11-29,equal_weight,BAS.DE,0.017543859649122806
2024-11-29,equal_weight,VOW3.DE,0.017543859649122806
2024-11-29,equal_weight,DTE.DE,0.017543859649122806
2024-11-29,equal_weight,ALV.DE,0.017543859649122806
2024-11-29,equal_weight,BMW.DE,0.017543859649122806
2024-11-29,equal_weight,MBG.DE,0.017543859649122806
2024-11-29,equal_weight,MUV2.DE,0.017543859649122806
2024-11-29,equal_weight,MC.PA,0.017543859649122806
2024-11-29,equal_weight,TTE.PA,0.017543859649122806
2024-11-29,equal_weight,OR.PA,0.017543859649122806
2024-11-29,equal_weight,SAN.PA,0.017543859649122806
2024-11-29,equal_weight,BNP.PA,0.017543859649122806
2024-11-29,equal_weight,AIR.PA,0.017543859649122806
2024-11-29,equal_weight,SU.PA,0.017543859649122806
2024-11-29,equal_weight,CAP.PA,0.017543859649122806
2024-11-29,equal_weight,AI.PA,0.017543859649122806
2024-11-29,equal_weight,ASML.AS,0.017543859649122806
2024-11-29,equal_weight,PHIA.AS,0.017543859649122806
2024-11-29,equal_weight,INGA.AS,0.017543859649122806
2024-11-29,equal_weight,HEIA.AS,0.017543859649122806
2024-11-29,equal_weight,AD.AS,0.017543859649122806
2024-11-29,equal_weight,WKL.AS,0.017543859649122806
2024-11-29,equal_weight,SAN.MC,0.017543859649122806
2024-11-29,equal_weight,IBE.MC,0.017543859649122806
2024-11-29,equal_weight,ITX.MC,0.017543859649122806
2024-11-29,equal_weight,TEF.MC,0.017543859649122806
2024-11-29,equal_weight,ENG.MC,0.017543859649122806
2024-11-29,equal_weight,BBVA.MC,0.017543859649122806
2024-11-29,equal_weight,NESN.SW,0.017543859649122806
2024-11-29,equal_weight,NOVN.SW,0.017543859649122806
2024-11-29,equal_weight,UBSG.SW,0.017543859649122806
2024-11-29,equal_weight,RO.SW,0.017543859649122806
2024-11-29,equal_weight,ABBN.SW,0.017543859649122806
2024-11-29,equal_weight,CFR.SW,0.017543859649122806
2024-11-29,equal_weight,HOLN.SW,0.017543859649122806
2024-11-29,equal_weight,ENI.MI,0.017543859649122806
2024-11-29,equal_weight,ISP.MI,0.017543859649122806
2024-11-29,equal_weight,UCG.MI,0.017543859649122806
2024-11-29,equal_weight,ENEL.MI,0.017543859649122806
2024-11-29,equal_weight,STMMI.MI,0.017543859649122806
2024-12-31,markowitz,SAP.DE,0.14999999999995117
2024-12-31,markowitz,DTE.DE,0.14999999999995117
2024-12-31,markowitz,MUV2.DE,0.04306981668350009
2024-12-31,markowitz,AD.AS,0.01348209138654112
2024-12-31,markowitz,WKL.AS,0.14999999999995117
2024-12-31,markowitz,IBE.MC,0.024497956916545705
2024-12-31,markowitz,ITX.MC,0.07312974341466497
2024-12-31,markowitz,NOVN.SW,0.13641812454633434
2024-12-31,markowitz,HOLN.SW,0.14999999999995117
2024-12-31,markowitz,UCG.MI,0.1094022670526091
2024-12-31,hrp,EXSA.DE,0.020330056942947147
2024-12-31,hrp,EXV1.DE,0.011418308152431148
2024-12-31,hrp,EXV4.DE,0.04403294546374537
2024-12-31,hrp,EXV3.DE,0.008524040436560678
2024-12-31,hrp,EXV2.DE,0.05732764207008614
2024-12-31,hrp,EXV6.DE,0.02155680395759651
2024-12-31,hrp,EXV7.DE,0.015554306415112823
2024-12-31,hrp,EXH7.DE,0.013834230363050088
2024-12-31,hrp,EXH8.DE,0.010821691820917849
2024-12-31,hrp,EXS1.DE,0.015924370881068073
2024-12-31,hrp,CAC.PA,0.014554053759261876
2024-12-31,hrp,EWI,0.008050860788109373
2024-12-31,hrp,EWP,0.014429854732358142
2024-12-31,hrp,EWN,0.006838907327898168
2024-12-31,hrp,EWL,0.025069718125365237
2024-12-31,hrp,SAP.DE,0.012178656135181508
2024-12-31,hrp,SIE.DE,0.006749386344701286
2024-12-31,hrp,BAS.DE,0.006779402763818825
2024-12-31,hrp,VOW3.DE,0.008679513073889204
2024-12-31,hrp,DTE.DE,0.043294357279811256
2024-12-31,hrp,ALV.DE,0.0158043957830502
2024-12-31,hrp,BMW.DE,0.012657127141639163
2024-12-31,hrp,MBG.DE,0.008472986103343433
2024-12-31,hrp,MUV2.DE,0.014948867717689138
2024-12-31,hrp,MC.PA,0.005089524769606777
2024-12-31,hrp,TTE.PA,0.013988646311675814
2024-12-31,hrp,OR.PA,0.010336333681528295
2024-12-31,hrp,SAN.PA,0.02400499514561687
2024-12-31,hrp,BNP.PA,0.0067937744992569585
2024-12-31,hrp,AIR.PA,0.009322507535249543
2024-12-31,hrp,SU.PA,0.008391774191605975
2024-12-31,hrp,CAP.PA,0.009730554449671882
2024-12-31,hrp,AI.PA,0.018077671868332087
2024-12-31,hrp,ASML.AS,0.0037318226194593845
2024-12-31,hrp,PHIA.AS,0.011736800100003497
2024-12-31,hrp,INGA.AS,0.009757757378366764
2024-12-31,hrp,HEIA.AS,0.028012640735021625
2024-12-31,hrp,AD.AS,0.049651234042596845
2024-12-31,hrp,WKL.AS,0.045016754955716484
2024-12-31,hrp,SAN.MC,0.005486359696867216
2024-12-31,hrp,IBE.MC,0.025389435189021488
2024-12-31,hrp,ITX.MC,0.01610338542412127
2024-12-31,hrp,TEF.MC,0.026562693520035277
2024-12-31,hrp,ENG.MC,0.0441593225828211
2024-12-31,hrp,BBVA.MC,0.006458514314170773
2024-12-31,hrp,NESN.SW,0.04231225942244642
2024-12-31,hrp,NOVN.SW,0.046708892485096985
2024-12-31,hrp,UBSG.SW,0.00823501378455261
2024-12-31,hrp,RO.SW,0.027552362649322534
2024-12-31,hrp,ABBN.SW,0.010522993531245084
2024-12-31,hrp,CFR.SW,0.004741829273288924
2024-12-31,hrp,HOLN.SW,0.016398054023971976
2024-12-31,hrp,ENI.MI,0.01599379253525019
2024-12-31,hrp,ISP.MI,0.006011643656076347
2024-12-31,hrp,UCG.MI,0.004147326680014123
2024-12-31,hrp,ENEL.MI,0.016257456450022963
2024-12-31,hrp,STMMI.MI,0.005483388918333293
2024-12-31,minimum_variance,EXV4.DE,0.1079980102104353
2024-12-31,minimum_variance,EXV2.DE,0.15000000000000002
2024-12-31,minimum_variance,EXV6.DE,0.014372470075859463
2024-12-31,minimum_variance,EWL,0.018197823249261807
2024-12-31,minimum_variance,SAP.DE,0.04349090871926828
2024-12-31,minimum_variance,DTE.DE,0.0021352657951946973
2024-12-31,minimum_variance,MUV2.DE,0.002384099528815739
2024-12-31,minimum_variance,TTE.PA,0.04498157465627548
2024-12-31,minimum_variance,SAN.PA,0.010545324096988627
2024-12-31,minimum_variance,HEIA.AS,0.048982623068403564
2024-12-31,minimum_variance,AD.AS,0.11946878205079167
2024-12-31,minimum_variance,WKL.AS,0.08175687803918873
2024-12-31,minimum_variance,TEF.MC,0.08123987515005844
2024-12-31,minimum_variance,ENG.MC,0.0680605883263468
2024-12-31,minimum_variance,NESN.SW,0.07844761557527287
2024-12-31,minimum_variance,NOVN.SW,0.06918381391509783
2024-12-31,minimum_variance,RO.SW,0.03344424814585945
2024-12-31,minimum_variance,ENI.MI,0.025310099396881346
2024-12-31,xgb,EXV4.DE,0.15000000000121852
2024-12-31,xgb,EXV2.DE,0.03818333227072695
2024-12-31,xgb,SAP.DE,0.005275909969369204
2024-12-31,xgb,DTE.DE,0.15000000000121852
2024-12-31,xgb,MC.PA,0.027064367979733318
2024-12-31,xgb,TTE.PA,0.15000000000121852
2024-12-31,xgb,ASML.AS,0.020585033808591797
2024-12-31,xgb,HEIA.AS,0.030734389127686265
2024-12-31,xgb,AD.AS,0.05097003784984725
2024-12-31,xgb,ITX.MC,0.013163555400128089
2024-12-31,xgb,TEF.MC,0.026879530961417902
2024-12-31,xgb,ENG.MC,0.15000000000121852
2024-12-31,xgb,NESN.SW,0.15000000000121852
2024-12-31,xgb,STMMI.MI,0.037143842626406735
2024-12-31,xgb_sentiment,EXV4.DE,0.14999999999987343
2024-12-31,xgb_sentiment,DTE.DE,0.14999999999987343
2024-12-31,xgb_sentiment,TTE.PA,0.14999999999987343
2024-12-31,xgb_sentiment,ASML.AS,0.02136087370017479
2024-12-31,xgb_sentiment,HEIA.AS,0.14999999999987343
2024-12-31,xgb_sentiment,SAN.MC,0.020243638546631484
2024-12-31,xgb_sentiment,TEF.MC,0.02141341998526868
2024-12-31,xgb_sentiment,ENG.MC,0.14999999999987343
2024-12-31,xgb_sentiment,NESN.SW,0.14999999999987343
2024-12-31,xgb_sentiment,STMMI.MI,0.036982067768684346
2024-12-31,equal_weight,EXSA.DE,0.017543859649122806
2024-12-31,equal_weight,EXV1.DE,0.017543859649122806
2024-12-31,equal_weight,EXV4.DE,0.017543859649122806
2024-12-31,equal_weight,EXV3.DE,0.017543859649122806
2024-12-31,equal_weight,EXV2.DE,0.017543859649122806
2024-12-31,equal_weight,EXV6.DE,0.017543859649122806
2024-12-31,equal_weight,EXV7.DE,0.017543859649122806
2024-12-31,equal_weight,EXH7.DE,0.017543859649122806
2024-12-31,equal_weight,EXH8.DE,0.017543859649122806
2024-12-31,equal_weight,EXS1.DE,0.017543859649122806
2024-12-31,equal_weight,CAC.PA,0.017543859649122806
2024-12-31,equal_weight,EWI,0.017543859649122806
2024-12-31,equal_weight,EWP,0.017543859649122806
2024-12-31,equal_weight,EWN,0.017543859649122806
2024-12-31,equal_weight,EWL,0.017543859649122806
2024-12-31,equal_weight,SAP.DE,0.017543859649122806
2024-12-31,equal_weight,SIE.DE,0.017543859649122806
2024-12-31,equal_weight,BAS.DE,0.017543859649122806
2024-12-31,equal_weight,VOW3.DE,0.017543859649122806
2024-12-31,equal_weight,DTE.DE,0.017543859649122806
2024-12-31,equal_weight,ALV.DE,0.017543859649122806
2024-12-31,equal_weight,BMW.DE,0.017543859649122806
2024-12-31,equal_weight,MBG.DE,0.017543859649122806
2024-12-31,equal_weight,MUV2.DE,0.017543859649122806
2024-12-31,equal_weight,MC.PA,0.017543859649122806
2024-12-31,equal_weight,TTE.PA,0.017543859649122806
2024-12-31,equal_weight,OR.PA,0.017543859649122806
2024-12-31,equal_weight,SAN.PA,0.017543859649122806
2024-12-31,equal_weight,BNP.PA,0.017543859649122806
2024-12-31,equal_weight,AIR.PA,0.017543859649122806
2024-12-31,equal_weight,SU.PA,0.017543859649122806
2024-12-31,equal_weight,CAP.PA,0.017543859649122806
2024-12-31,equal_weight,AI.PA,0.017543859649122806
2024-12-31,equal_weight,ASML.AS,0.017543859649122806
2024-12-31,equal_weight,PHIA.AS,0.017543859649122806
2024-12-31,equal_weight,INGA.AS,0.017543859649122806
2024-12-31,equal_weight,HEIA.AS,0.017543859649122806
2024-12-31,equal_weight,AD.AS,0.017543859649122806
2024-12-31,equal_weight,WKL.AS,0.017543859649122806
2024-12-31,equal_weight,SAN.MC,0.017543859649122806
2024-12-31,equal_weight,IBE.MC,0.017543859649122806
2024-12-31,equal_weight,ITX.MC,0.017543859649122806
2024-12-31,equal_weight,TEF.MC,0.017543859649122806
2024-12-31,equal_weight,ENG.MC,0.017543859649122806
2024-12-31,equal_weight,BBVA.MC,0.017543859649122806
2024-12-31,equal_weight,NESN.SW,0.017543859649122806
2024-12-31,equal_weight,NOVN.SW,0.017543859649122806
2024-12-31,equal_weight,UBSG.SW,0.017543859649122806
2024-12-31,equal_weight,RO.SW,0.017543859649122806
2024-12-31,equal_weight,ABBN.SW,0.017543859649122806
2024-12-31,equal_weight,CFR.SW,0.017543859649122806
2024-12-31,equal_weight,HOLN.SW,0.017543859649122806
2024-12-31,equal_weight,ENI.MI,0.017543859649122806
2024-12-31,equal_weight,ISP.MI,0.017543859649122806
2024-12-31,equal_weight,UCG.MI,0.017543859649122806
2024-12-31,equal_weight,ENEL.MI,0.017543859649122806
2024-12-31,equal_weight,STMMI.MI,0.017543859649122806
2025-01-31,markowitz,SAP.DE,0.1500000000000025
2025-01-31,markowitz,DTE.DE,0.14999999999999497
2025-01-31,markowitz,MUV2.DE,0.0682923660246322
2025-01-31,markowitz,AD.AS,0.05513308705406312
2025-01-31,markowitz,WKL.AS,0.1499999999999955
2025-01-31,markowitz,ITX.MC,0.08700804461693981
2025-01-31,markowitz,NOVN.SW,0.10881119480300083
2025-01-31,markowitz,HOLN.SW,0.10478295207346727
2025-01-31,markowitz,UCG.MI,0.12597235542790372
2025-01-31,hrp,EXSA.DE,0.019832576142945688
2025-01-31,hrp,EXV1.DE,0.018361127871856498
2025-01-31,hrp,EXV4.DE,0.05127012576241215
2025-01-31,hrp,EXV3.DE,0.007224524977387824
2025-01-31,hrp,EXV2.DE,0.04938221665804104
2025-01-31,hrp,EXV6.DE,0.02140211972216938
2025-01-31,hrp,EXV7.DE,0.0137507279031552
2025-01-31,hrp,EXH7.DE,0.01587079197182224
2025-01-31,hrp,EXH8.DE,0.009816546152417425
2025-01-31,hrp,EXS1.DE,0.014278658277640233
2025-01-31,hrp,CAC.PA,0.013991794641080442
2025-01-31,hrp,EWI,0.009478833342870481
2025-01-31,hrp,EWP,0.010869612586583352
2025-01-31,hrp,EWN,0.010105322217053314
2025-01-31,hrp,EWL,0.02000966866996992
2025-01-31,hrp,SAP.DE,0.01267753147301429
2025-01-31,hrp,SIE.DE,0.007058270155398991
2025-01-31,hrp,BAS.DE,0.007285560081690126
2025-01-31,hrp,VOW3.DE,0.009269623241459026
2025-01-31,hrp,DTE.DE,0.02944178944099012
2025-01-31,hrp,ALV.DE,0.02022850157225961
2025-01-31,hrp,BMW.DE,0.013278147375160526
2025-01-31,hrp,MBG.DE,0.008981738244240953
2025-01-31,hrp,MUV2.DE,0.015002354302015552
2025-01-31,hrp,MC.PA,0.005639006891346363
2025-01-31,hrp,TTE.PA,0.015104883718931724
2025-01-31,hrp,OR.PA,0.01023117854468951
2025-01-31,hrp,SAN.PA,0.02405389969749446
2025-01-31,hrp,BNP.PA,0.007953232562169708
2025-01-31,hrp,AIR.PA,0.015676913480632413
2025-01-31,hrp,SU.PA,0.006614957683149854
2025-01-31,hrp,CAP.PA,0.009975101757394399
2025-01-31,hrp,AI.PA,0.023501252834813264
2025-01-31,hrp,ASML.AS,0.0030385641016905146
2025-01-31,hrp,PHIA.AS,0.011536011694992635
2025-01-31,hrp,INGA.AS,0.005606616457900642
2025-01-31,hrp,HEIA.AS,0.029050765229348897
2025-01-31,hrp,AD.AS,0.05185444144510577
2025-01-31,hrp,WKL.AS,0.044300210322072424
2025-01-31,hrp,SAN.MC,0.0050679333906038316
2025-01-31,hrp,IBE.MC,0.03061518649766232
2025-01-31,hrp,ITX.MC,0.008530691042123995
2025-01-31,hrp,TEF.MC,0.03363189464162926
2025-01-31,hrp,ENG.MC,0.04640995294580678
2025-01-31,hrp,BBVA.MC,0.006707825851219999
2025-01-31,hrp,NESN.SW,0.04220762342655983
2025-01-31,hrp,NOVN.SW,0.04076322461331924
2025-01-31,hrp,UBSG.SW,0.007943094567251861
2025-01-31,hrp,RO.SW,0.02794933393468798
2025-01-31,hrp,ABBN.SW,0.009439107630795265
2025-01-31,hrp,CFR.SW,0.0045622812681076295
2025-01-31,hrp,HOLN.SW,0.01500970809515886
2025-01-31,hrp,ENI.MI,0.01683728174775792
2025-01-31,hrp,ISP.MI,0.005708161381754256
2025-01-31,hrp,UCG.MI,0.003513334084828961
2025-01-31,hrp,ENEL.MI,0.016865247892010455
2025-01-31,hrp,STMMI.MI,0.0052329177833546296
2025-01-31,minimum_variance,EXV4.DE,0.11846201949522128
2025-01-31,minimum_variance,EXV2.DE,0.1324178103015492
2025-01-31,minimum_variance,EXV6.DE,0.019059808937220347
2025-01-31,minimum_variance,EWL,0.015476587652872364
2025-01-31,minimum_variance,SAP.DE,0.04235034900718578
2025-01-31,minimum_variance,DTE.DE,0.022601467520034606
2025-01-31,minimum_variance,BMW.DE,0.014226462096515251
2025-01-31,minimum_variance,MUV2.DE,0.006511804983877288
2025-01-31,minimum_variance,TTE.PA,0.04962944471404501
2025-01-31,minimum_variance,SAN.PA,0.011438262229775925
2025-01-31,minimum_variance,HEIA.AS,0.05370582041446595
2025-01-31,minimum_variance,AD.AS,0.1235321110859882
2025-01-31,minimum_variance,WKL.AS,0.07141499243612301
2025-01-31,minimum_variance,IBE.MC,0.002620375418917956
2025-01-31,minimum_variance,TEF.MC,0.07278259420404203
2025-01-31,minimum_variance,ENG.MC,0.061807903312004794
2025-01-31,minimum_variance,NESN.SW,0.07679284336795975
2025-01-31,minimum_variance,NOVN.SW,0.05851925501505272
2025-01-31,minimum_variance,RO.SW,0.036275737689114906
2025-01-31,minimum_variance,ENI.MI,0.01037435011803373
2025-01-31,xgb,EXH8.DE,0.1493008956531573
2025-01-31,xgb,DTE.DE,0.14999999999999933
2025-01-31,xgb,MC.PA,0.0882998532987076
2025-01-31,xgb,SAN.PA,0.14999999999999933
2025-01-31,xgb,ASML.AS,0.03924967999982529
2025-01-31,xgb,TEF.MC,0.14999999999999933
2025-01-31,xgb,NESN.SW,0.14999999999999933
2025-01-31,xgb,RO.SW,0.09438992786849236
2025-01-31,xgb,STMMI.MI,0.028759643179820042
2025-01-31,xgb_sentiment,EXH8.DE,0.15000000000000227
2025-01-31,xgb_sentiment,DTE.DE,0.14999999999999503
2025-01-31,xgb_sentiment,MC.PA,0.11543246837409005
2025-01-31,xgb_sentiment,SAN.PA,0.09435741788372351
2025-01-31,xgb_sentiment,ASML.AS,0.03383579232511651
2025-01-31,xgb_sentiment,TEF.MC,0.14999999999997826
2025-01-31,xgb_sentiment,ENG.MC,0.0036692659068486037
2025-01-31,xgb_sentiment,NESN.SW,0.036916781437579066
2025-01-31,xgb_sentiment,NOVN.SW,0.14999999999998487
2025-01-31,xgb_sentiment,RO.SW,0.07417659819772864
2025-01-31,xgb_sentiment,STMMI.MI,0.04161167587495329
2025-01-31,equal_weight,EXSA.DE,0.017543859649122806
2025-01-31,equal_weight,EXV1.DE,0.017543859649122806
2025-01-31,equal_weight,EXV4.DE,0.017543859649122806
2025-01-31,equal_weight,EXV3.DE,0.017543859649122806
2025-01-31,equal_weight,EXV2.DE,0.017543859649122806
2025-01-31,equal_weight,EXV6.DE,0.017543859649122806
2025-01-31,equal_weight,EXV7.DE,0.017543859649122806
2025-01-31,equal_weight,EXH7.DE,0.017543859649122806
2025-01-31,equal_weight,EXH8.DE,0.017543859649122806
2025-01-31,equal_weight,EXS1.DE,0.017543859649122806
2025-01-31,equal_weight,CAC.PA,0.017543859649122806
2025-01-31,equal_weight,EWI,0.017543859649122806
2025-01-31,equal_weight,EWP,0.017543859649122806
2025-01-31,equal_weight,EWN,0.017543859649122806
2025-01-31,equal_weight,EWL,0.017543859649122806
2025-01-31,equal_weight,SAP.DE,0.017543859649122806
2025-01-31,equal_weight,SIE.DE,0.017543859649122806
2025-01-31,equal_weight,BAS.DE,0.017543859649122806
2025-01-31,equal_weight,VOW3.DE,0.017543859649122806
2025-01-31,equal_weight,DTE.DE,0.017543859649122806
2025-01-31,equal_weight,ALV.DE,0.017543859649122806
2025-01-31,equal_weight,BMW.DE,0.017543859649122806
2025-01-31,equal_weight,MBG.DE,0.017543859649122806
2025-01-31,equal_weight,MUV2.DE,0.017543859649122806
2025-01-31,equal_weight,MC.PA,0.017543859649122806
2025-01-31,equal_weight,TTE.PA,0.017543859649122806
2025-01-31,equal_weight,OR.PA,0.017543859649122806
2025-01-31,equal_weight,SAN.PA,0.017543859649122806
2025-01-31,equal_weight,BNP.PA,0.017543859649122806
2025-01-31,equal_weight,AIR.PA,0.017543859649122806
2025-01-31,equal_weight,SU.PA,0.017543859649122806
2025-01-31,equal_weight,CAP.PA,0.017543859649122806
2025-01-31,equal_weight,AI.PA,0.017543859649122806
2025-01-31,equal_weight,ASML.AS,0.017543859649122806
2025-01-31,equal_weight,PHIA.AS,0.017543859649122806
2025-01-31,equal_weight,INGA.AS,0.017543859649122806
2025-01-31,equal_weight,HEIA.AS,0.017543859649122806
2025-01-31,equal_weight,AD.AS,0.017543859649122806
2025-01-31,equal_weight,WKL.AS,0.017543859649122806
2025-01-31,equal_weight,SAN.MC,0.017543859649122806
2025-01-31,equal_weight,IBE.MC,0.017543859649122806
2025-01-31,equal_weight,ITX.MC,0.017543859649122806
2025-01-31,equal_weight,TEF.MC,0.017543859649122806
2025-01-31,equal_weight,ENG.MC,0.017543859649122806
2025-01-31,equal_weight,BBVA.MC,0.017543859649122806
2025-01-31,equal_weight,NESN.SW,0.017543859649122806
2025-01-31,equal_weight,NOVN.SW,0.017543859649122806
2025-01-31,equal_weight,UBSG.SW,0.017543859649122806
2025-01-31,equal_weight,RO.SW,0.017543859649122806
2025-01-31,equal_weight,ABBN.SW,0.017543859649122806
2025-01-31,equal_weight,CFR.SW,0.017543859649122806
2025-01-31,equal_weight,HOLN.SW,0.017543859649122806
2025-01-31,equal_weight,ENI.MI,0.017543859649122806
2025-01-31,equal_weight,ISP.MI,0.017543859649122806
2025-01-31,equal_weight,UCG.MI,0.017543859649122806
2025-01-31,equal_weight,ENEL.MI,0.017543859649122806
2025-01-31,equal_weight,STMMI.MI,0.017543859649122806
2025-02-28,markowitz,SAP.DE,0.13938658515189614
2025-02-28,markowitz,DTE.DE,0.14999999999999614
2025-02-28,markowitz,MUV2.DE,0.1126892249592315
2025-02-28,markowitz,AD.AS,0.024987094417766916
2025-02-28,markowitz,WKL.AS,0.0678446403717825
2025-02-28,markowitz,IBE.MC,0.04819323886710466
2025-02-28,markowitz,ITX.MC,0.12218835727416374
2025-02-28,markowitz,NOVN.SW,0.06492968118781361
2025-02-28,markowitz,HOLN.SW,0.11978117777024859
2025-02-28,markowitz,UCG.MI,0.14999999999999614
2025-02-28,hrp,EXSA.DE,0.02160808923721179
2025-02-28,hrp,EXV1.DE,0.009921791233395996
2025-02-28,hrp,EXV4.DE,0.055113957816895015
2025-02-28,hrp,EXV3.DE,0.009190240433572147
2025-02-28,hrp,EXV2.DE,0.04808490921142911
2025-02-28,hrp,EXV6.DE,0.016316645637352037
2025-02-28,hrp,EXV7.DE,0.015826775142185764
2025-02-28,hrp,EXH7.DE,0.01427155654687298
2025-02-28,hrp,EXH8.DE,0.016886960576779533
2025-02-28,hrp,EXS1.DE,0.018326476901679364
2025-02-28,hrp,CAC.PA,0.01588261378178816
2025-02-28,hrp,EWI,0.01032831801907077
2025-02-28,hrp,EWP,0.011497618689069183
2025-02-28,hrp,EWN,0.010429234184987538
2025-02-28,hrp,EWL,0.019578034614076412
2025-02-28,hrp,SAP.DE,0.013134937941360319
2025-02-28,hrp,SIE.DE,0.006898722500128544
2025-02-28,hrp,BAS.DE,0.00763410330500302
2025-02-28,hrp,VOW3.DE,0.01059540608675643
2025-02-28,hrp,DTE.DE,0.02955839291981118
2025-02-28,hrp,ALV.DE,0.020140942999514425
2025-02-28,hrp,BMW.DE,0.014000003730171776
2025-02-28,hrp,MBG.DE,0.00971147710615142
2025-02-28,hrp,MUV2.DE,0.017554164273098
2025-02-28,hrp,MC.PA,0.004835782615566426
2025-02-28,hrp,TTE.PA,0.014733116902382194
2025-02-28,hrp,OR.PA,0.009842360487506798
2025-02-28,hrp,SAN.PA,0.023199958857775396
2025-02-28,hrp,BNP.PA,0.005764919501047121
2025-02-28,hrp,AIR.PA,0.012116034423648938
2025-02-28,hrp,SU.PA,0.008036972787022385
2025-02-28,hrp,CAP.PA,0.009809187173928912
2025-02-28,hrp,AI.PA,0.015314140386337756
2025-02-28,hrp,ASML.AS,0.003490188550571209
2025-02-28,hrp,PHIA.AS,0.011208823981757123
2025-02-28,hrp,INGA.AS,0.0075318816299669925
2025-02-28,hrp,HEIA.AS,0.02549266480465111
2025-02-28,hrp,AD.AS,0.05032559461750762
2025-02-28,hrp,WKL.AS,0.04370718413267692
2025-02-28,hrp,SAN.MC,0.004921096773944339
2025-02-28,hrp,IBE.MC,0.031434719973515865
2025-02-28,hrp,ITX.MC,0.01038208220168601
2025-02-28,hrp,TEF.MC,0.03269634067522434
2025-02-28,hrp,ENG.MC,0.04352364620966693
2025-02-28,hrp,BBVA.MC,0.009281435527645135
2025-02-28,hrp,NESN.SW,0.04024329987343646
2025-02-28,hrp,NOVN.SW,0.0369975564239409
2025-02-28,hrp,UBSG.SW,0.01126704230647403
2025-02-28,hrp,RO.SW,0.026841970575416572
2025-02-28,hrp,ABBN.SW,0.011863368113209356
2025-02-28,hrp,CFR.SW,0.0053307038506543855
2025-02-28,hrp,HOLN.SW,0.016511990798106693
2025-02-28,hrp,ENI.MI,0.016900176210759954
2025-02-28,hrp,ISP.MI,0.006571917571404556
2025-02-28,hrp,UCG.MI,0.0044539407284313
2025-02-28,hrp,ENEL.MI,0.018268276740360734
2025-02-28,hrp,STMMI.MI,0.00461025170541464
2025-02-28,minimum_variance,EXV4.DE,0.1200918997005436
2025-02-28,minimum_variance,EXV2.DE,0.09831637646866156
2025-02-28,minimum_variance,EWL,0.028407210561719853
2025-02-28,minimum_variance,SAP.DE,0.04186211545982578
2025-02-28,minimum_variance,DTE.DE,0.06358360495577385
2025-02-28,minimum_variance,BMW.DE,0.028800689032335736
2025-02-28,minimum_variance,MUV2.DE,0.024724402384526223
2025-02-28,minimum_variance,TTE.PA,0.06418940846560829
2025-02-28,minimum_variance,SAN.PA,0.007557277799429447
2025-02-28,minimum_variance,HEIA.AS,0.06015209006022015
2025-02-28,minimum_variance,AD.AS,0.11995197142913941
2025-02-28,minimum_variance,WKL.AS,0.07400399066374007
2025-02-28,minimum_variance,IBE.MC,0.021843876670974358
2025-02-28,minimum_variance,TEF.MC,0.08128244488412212
2025-02-28,minimum_variance,ENG.MC,0.026859362726084992
2025-02-28,minimum_variance,NESN.SW,0.06931356855393206
2025-02-28,minimum_variance,NOVN.SW,0.028136186963075745
2025-02-28,minimum_variance,RO.SW,0.03576024898761776
2025-02-28,minimum_variance,ABBN.SW,0.001058780270935888
2025-02-28,minimum_variance,HOLN.SW,0.0024650451714659607
2025-02-28,minimum_variance,ENI.MI,0.0016394487902672264
2025-02-28,xgb,SAP.DE,0.13598796798383814
2025-02-28,xgb,VOW3.DE,0.030513292318377194
2025-02-28,xgb,DTE.DE,0.09839915360818978
2025-02-28,xgb,SAN.PA,0.0049358915591695045
2025-02-28,xgb,SU.PA,0.11540084356285267
2025-02-28,xgb,CAP.PA,0.09968935158841984
2025-02-28,xgb,PHIA.AS,0.08985247202924775
2025-02-28,xgb,AD.AS,0.09860187317248124
2025-02-28,xgb,WKL.AS,0.14999999999999206
2025-02-28,xgb,TEF.MC,0.018992196653001378
2025-02-28,xgb,NESN.SW,0.07820826744952576
2025-02-28,xgb,NOVN.SW,0.03553655308366275
2025-02-28,xgb,ABBN.SW,0.025769671808533755
2025-02-28,xgb,STMMI.MI,0.018112465182708246
2025-02-28,xgb_sentiment,SAP.DE,0.1499999999999957
2025-02-28,xgb_sentiment,VOW3.DE,0.010942620953735096
2025-02-28,xgb_sentiment,DTE.DE,0.06465287317640002
2025-02-28,xgb_sentiment,SU.PA,0.09584504385429155
2025-02-28,xgb_sentiment,CAP.PA,0.09621123063891898
2025-02-28,xgb_sentiment,PHIA.AS,0.08242941480890587
2025-02-28,xgb_sentiment,AD.AS,0.1452496854385233
2025-02-28,xgb_sentiment,WKL.AS,0.14999999999999494
2025-02-28,xgb_sentiment,ITX.MC,0.07929464145028704
2025-02-28,xgb_sentiment,TEF.MC,0.01764930503092865
2025-02-28,xgb_sentiment,NESN.SW,0.05023314126377835
2025-02-28,xgb_sentiment,NOVN.SW,0.042236284958668296
2025-02-28,xgb_sentiment,STMMI.MI,0.01525575842557239
2025-02-28,equal_weight,EXSA.DE,0.017543859649122806
2025-02-28,equal_weight,EXV1.DE,0.017543859649122806
2025-02-28,equal_weight,EXV4.DE,0.017543859649122806
2025-02-28,equal_weight,EXV3.DE,0.017543859649122806
2025-02-28,equal_weight,EXV2.DE,0.017543859649122806
2025-02-28,equal_weight,EXV6.DE,0.017543859649122806
2025-02-28,equal_weight,EXV7.DE,0.017543859649122806
2025-02-28,equal_weight,EXH7.DE,0.017543859649122806
2025-02-28,equal_weight,EXH8.DE,0.017543859649122806
2025-02-28,equal_weight,EXS1.DE,0.017543859649122806
2025-02-28,equal_weight,CAC.PA,0.017543859649122806
2025-02-28,equal_weight,EWI,0.017543859649122806
2025-02-28,equal_weight,EWP,0.017543859649122806
2025-02-28,equal_weight,EWN,0.017543859649122806
2025-02-28,equal_weight,EWL,0.017543859649122806
2025-02-28,equal_weight,SAP.DE,0.017543859649122806
2025-02-28,equal_weight,SIE.DE,0.017543859649122806
2025-02-28,equal_weight,BAS.DE,0.017543859649122806
2025-02-28,equal_weight,VOW3.DE,0.017543859649122806
2025-02-28,equal_weight,DTE.DE,0.017543859649122806
2025-02-28,equal_weight,ALV.DE,0.017543859649122806
2025-02-28,equal_weight,BMW.DE,0.017543859649122806
2025-02-28,equal_weight,MBG.DE,0.017543859649122806
2025-02-28,equal_weight,MUV2.DE,0.017543859649122806
2025-02-28,equal_weight,MC.PA,0.017543859649122806
2025-02-28,equal_weight,TTE.PA,0.017543859649122806
2025-02-28,equal_weight,OR.PA,0.017543859649122806
2025-02-28,equal_weight,SAN.PA,0.017543859649122806
2025-02-28,equal_weight,BNP.PA,0.017543859649122806
2025-02-28,equal_weight,AIR.PA,0.017543859649122806
2025-02-28,equal_weight,SU.PA,0.017543859649122806
2025-02-28,equal_weight,CAP.PA,0.017543859649122806
2025-02-28,equal_weight,AI.PA,0.017543859649122806
2025-02-28,equal_weight,ASML.AS,0.017543859649122806
2025-02-28,equal_weight,PHIA.AS,0.017543859649122806
2025-02-28,equal_weight,INGA.AS,0.017543859649122806
2025-02-28,equal_weight,HEIA.AS,0.017543859649122806
2025-02-28,equal_weight,AD.AS,0.017543859649122806
2025-02-28,equal_weight,WKL.AS,0.017543859649122806
2025-02-28,equal_weight,SAN.MC,0.017543859649122806
2025-02-28,equal_weight,IBE.MC,0.017543859649122806
2025-02-28,equal_weight,ITX.MC,0.017543859649122806
2025-02-28,equal_weight,TEF.MC,0.017543859649122806
2025-02-28,equal_weight,ENG.MC,0.017543859649122806
2025-02-28,equal_weight,BBVA.MC,0.017543859649122806
2025-02-28,equal_weight,NESN.SW,0.017543859649122806
2025-02-28,equal_weight,NOVN.SW,0.017543859649122806
2025-02-28,equal_weight,UBSG.SW,0.017543859649122806
2025-02-28,equal_weight,RO.SW,0.017543859649122806
2025-02-28,equal_weight,ABBN.SW,0.017543859649122806
2025-02-28,equal_weight,CFR.SW,0.017543859649122806
2025-02-28,equal_weight,HOLN.SW,0.017543859649122806
2025-02-28,equal_weight,ENI.MI,0.017543859649122806
2025-02-28,equal_weight,ISP.MI,0.017543859649122806
2025-02-28,equal_weight,UCG.MI,0.017543859649122806
2025-02-28,equal_weight,ENEL.MI,0.017543859649122806
2025-02-28,equal_weight,STMMI.MI,0.017543859649122806
2025-03-31,markowitz,SAP.DE,0.14999999999998906
2025-03-31,markowitz,DTE.DE,0.14999999999998906
2025-03-31,markowitz,MUV2.DE,0.14999999999998906
2025-03-31,markowitz,INGA.AS,0.0006481974025798592
2025-03-31,markowitz,AD.AS,0.05623470159206959
2025-03-31,markowitz,WKL.AS,0.05081680229380017
2025-03-31,markowitz,IBE.MC,0.06853984902412309
2025-03-31,markowitz,ITX.MC,0.11797264293749657
2025-03-31,markowitz,NOVN.SW,0.052812014529468126
2025-03-31,markowitz,HOLN.SW,0.05297579222050635
2025-03-31,markowitz,UCG.MI,0.14999999999998906
2025-03-31,hrp,EXSA.DE,0.020878553513894685
2025-03-31,hrp,EXV1.DE,0.018677515470504308
2025-03-31,hrp,EXV4.DE,0.04393621520024571
2025-03-31,hrp,EXV3.DE,0.008938956368700677
2025-03-31,hrp,EXV2.DE,0.050130503422507376
2025-03-31,hrp,EXV6.DE,0.010903502401555569
2025-03-31,hrp,EXV7.DE,0.015389913708021653
2025-03-31,hrp,EXH7.DE,0.01429762034989527
2025-03-31,hrp,EXH8.DE,0.016999269426861856
2025-03-31,hrp,EXS1.DE,0.01716972269134317
2025-03-31,hrp,CAC.PA,0.01566495444604544
2025-03-31,hrp,EWI,0.008808950227726356
2025-03-31,hrp,EWP,0.016004751564942646
2025-03-31,hrp,EWN,0.007359114095683368
2025-03-31,hrp,EWL,0.025167934278692863
2025-03-31,hrp,SAP.DE,0.011028179587816612
2025-03-31,hrp,SIE.DE,0.0064270865360401596
2025-03-31,hrp,BAS.DE,0.0064923448850789656
2025-03-31,hrp,VOW3.DE,0.010780891570775419
2025-03-31,hrp,DTE.DE,0.03706436703611668
2025-03-31,hrp,ALV.DE,0.021661266623056393
2025-03-31,hrp,BMW.DE,0.012067998458573653
2025-03-31,hrp,MBG.DE,0.008134878395021793
2025-03-31,hrp,MUV2.DE,0.01861345350410425
2025-03-31,hrp,MC.PA,0.004817478021182835
2025-03-31,hrp,TTE.PA,0.014980832992656961
2025-03-31,hrp,OR.PA,0.010481990114919798
2025-03-31,hrp,SAN.PA,0.023462864259979854
2025-03-31,hrp,BNP.PA,0.008608947084729904
2025-03-31,hrp,AIR.PA,0.012509790800487003
2025-03-31,hrp,SU.PA,0.007549353022055373
2025-03-31,hrp,CAP.PA,0.010485039603354267
2025-03-31,hrp,AI.PA,0.015719437231143028
2025-03-31,hrp,ASML.AS,0.003403237833056553
2025-03-31,hrp,PHIA.AS,0.011554990489458067
2025-03-31,hrp,INGA.AS,0.0075009013937588544
2025-03-31,hrp,HEIA.AS,0.025457758932950474
2025-03-31,hrp,AD.AS,0.051210353902286294
2025-03-31,hrp,WKL.AS,0.043106919866159235
2025-03-31,hrp,SAN.MC,0.00530123920293406
2025-03-31,hrp,IBE.MC,0.04068237143039984
2025-03-31,hrp,ITX.MC,0.010453798611076289
2025-03-31,hrp,TEF.MC,0.0234778061271418
2025-03-31,hrp,ENG.MC,0.04318441691649849
2025-03-31,hrp,BBVA.MC,0.006655270307874014
2025-03-31,hrp,NESN.SW,0.03868980038689779
2025-03-31,hrp,NOVN.SW,0.03230871109684992
2025-03-31,hrp,UBSG.SW,0.009369238410308307
2025-03-31,hrp,RO.SW,0.027309122189019864
2025-03-31,hrp,ABBN.SW,0.011081064622673603
2025-03-31,hrp,CFR.SW,0.005259521032312683
2025-03-31,hrp,HOLN.SW,0.017236457130736377
2025-03-31,hrp,ENI.MI,0.017263947772353593
2025-03-31,hrp,ISP.MI,0.0071492801001183685
2025-03-31,hrp,UCG.MI,0.004290610467798595
2025-03-31,hrp,ENEL.MI,0.021770347565972608
2025-03-31,hrp,STMMI.MI,0.005069157317650575
2025-03-31,minimum_variance,EXV4.DE,0.11670907453930623
2025-03-31,minimum_variance,EXV2.DE,0.0837646232376367
2025-03-31,minimum_variance,EWL,0.029918831569752745
2025-03-31,minimum_variance,SAP.DE,0.04038456323427613
2025-03-31,minimum_variance,DTE.DE,0.05042330530791516
2025-03-31,minimum_variance,BMW.DE,0.03197224253685301
2025-03-31,minimum_variance,MUV2.DE,0.026581111124100797
2025-03-31,minimum_variance,TTE.PA,0.06211952984185751
2025-03-31,minimum_variance,SAN.PA,0.01490138124251927
2025-03-31,minimum_variance,INGA.AS,0.004985484792121474
2025-03-31,minimum_variance,HEIA.AS,0.06015315831856395
2025-03-31,minimum_variance,AD.AS,0.12032354210358129
2025-03-31,minimum_variance,WKL.AS,0.07457962759594891
2025-03-31,minimum_variance,IBE.MC,0.03690321455751844
2025-03-31,minimum_variance,TEF.MC,0.08609309749644971
2025-03-31,minimum_variance,ENG.MC,0.024902951344617053
2025-03-31,minimum_variance,NESN.SW,0.060382322738769034
2025-03-31,minimum_variance,NOVN.SW,0.025955528302080824
2025-03-31,minimum_variance,RO.SW,0.03906810171155173
2025-03-31,minimum_variance,ABBN.SW,0.007591026799077038
2025-03-31,minimum_variance,ENI.MI,0.002287281605502975
2025-03-31,xgb,SAP.DE,0.14999999999998254
2025-03-31,xgb,DTE.DE,0.14999999999998254
2025-03-31,xgb,BMW.DE,0.14999999999998254
2025-03-31,xgb,MBG.DE,0.10664852820374718
2025-03-31,xgb,SAN.PA,0.02849626987987309
2025-03-31,xgb,CAP.PA,0.11041384401960215
2025-03-31,xgb,HEIA.AS,0.002896704175344644
2025-03-31,xgb,NESN.SW,0.034974718459599194
2025-03-31,xgb,NOVN.SW,0.029085536176361226
2025-03-31,xgb,ABBN.SW,0.13363942134505064
2025-03-31,xgb,CFR.SW,0.074456798039062
2025-03-31,xgb,HOLN.SW,0.02938817970141224
2025-03-31,xgb_sentiment,SAP.DE,0.15000000000000524
2025-03-31,xgb_sentiment,DTE.DE,0.14999999999982666
2025-03-31,xgb_sentiment,BMW.DE,0.15000000000003297
2025-03-31,xgb_sentiment,MBG.DE,0.09494534444157082
2025-03-31,xgb_sentiment,SAN.PA,0.027414523282414654
2025-03-31,xgb_sentiment,SU.PA,0.026007600832250174
2025-03-31,xgb_sentiment,CAP.PA,0.07157473160303637
2025-03-31,xgb_sentiment,HEIA.AS,0.03447278596155782
2025-03-31,xgb_sentiment,NOVN.SW,0.08087567684592317
2025-03-31,xgb_sentiment,ABBN.SW,0.1311065432195887
2025-03-31,xgb_sentiment,CFR.SW,0.06699861726640645
2025-03-31,xgb_sentiment,HOLN.SW,0.016604176547386933
2025-03-31,equal_weight,EXSA.DE,0.017543859649122806
2025-03-31,equal_weight,EXV1.DE,0.017543859649122806
2025-03-31,equal_weight,EXV4.DE,0.017543859649122806
2025-03-31,equal_weight,EXV3.DE,0.017543859649122806
2025-03-31,equal_weight,EXV2.DE,0.017543859649122806
2025-03-31,equal_weight,EXV6.DE,0.017543859649122806
2025-03-31,equal_weight,EXV7.DE,0.017543859649122806
2025-03-31,equal_weight,EXH7.DE,0.017543859649122806
2025-03-31,equal_weight,EXH8.DE,0.017543859649122806
2025-03-31,equal_weight,EXS1.DE,0.017543859649122806
2025-03-31,equal_weight,CAC.PA,0.017543859649122806
2025-03-31,equal_weight,EWI,0.017543859649122806
2025-03-31,equal_weight,EWP,0.017543859649122806
2025-03-31,equal_weight,EWN,0.017543859649122806
2025-03-31,equal_weight,EWL,0.017543859649122806
2025-03-31,equal_weight,SAP.DE,0.017543859649122806
2025-03-31,equal_weight,SIE.DE,0.017543859649122806
2025-03-31,equal_weight,BAS.DE,0.017543859649122806
2025-03-31,equal_weight,VOW3.DE,0.017543859649122806
2025-03-31,equal_weight,DTE.DE,0.017543859649122806
2025-03-31,equal_weight,ALV.DE,0.017543859649122806
2025-03-31,equal_weight,BMW.DE,0.017543859649122806
2025-03-31,equal_weight,MBG.DE,0.017543859649122806
2025-03-31,equal_weight,MUV2.DE,0.017543859649122806
2025-03-31,equal_weight,MC.PA,0.017543859649122806
2025-03-31,equal_weight,TTE.PA,0.017543859649122806
2025-03-31,equal_weight,OR.PA,0.017543859649122806
2025-03-31,equal_weight,SAN.PA,0.017543859649122806
2025-03-31,equal_weight,BNP.PA,0.017543859649122806
2025-03-31,equal_weight,AIR.PA,0.017543859649122806
2025-03-31,equal_weight,SU.PA,0.017543859649122806
2025-03-31,equal_weight,CAP.PA,0.017543859649122806
2025-03-31,equal_weight,AI.PA,0.017543859649122806
2025-03-31,equal_weight,ASML.AS,0.017543859649122806
2025-03-31,equal_weight,PHIA.AS,0.017543859649122806
2025-03-31,equal_weight,INGA.AS,0.017543859649122806
2025-03-31,equal_weight,HEIA.AS,0.017543859649122806
2025-03-31,equal_weight,AD.AS,0.017543859649122806
2025-03-31,equal_weight,WKL.AS,0.017543859649122806
2025-03-31,equal_weight,SAN.MC,0.017543859649122806
2025-03-31,equal_weight,IBE.MC,0.017543859649122806
2025-03-31,equal_weight,ITX.MC,0.017543859649122806
2025-03-31,equal_weight,TEF.MC,0.017543859649122806
2025-03-31,equal_weight,ENG.MC,0.017543859649122806
2025-03-31,equal_weight,BBVA.MC,0.017543859649122806
2025-03-31,equal_weight,NESN.SW,0.017543859649122806
2025-03-31,equal_weight,NOVN.SW,0.017543859649122806
2025-03-31,equal_weight,UBSG.SW,0.017543859649122806
2025-03-31,equal_weight,RO.SW,0.017543859649122806
2025-03-31,equal_weight,ABBN.SW,0.017543859649122806
2025-03-31,equal_weight,CFR.SW,0.017543859649122806
2025-03-31,equal_weight,HOLN.SW,0.017543859649122806
2025-03-31,equal_weight,ENI.MI,0.017543859649122806
2025-03-31,equal_weight,ISP.MI,0.017543859649122806
2025-03-31,equal_weight,UCG.MI,0.017543859649122806
2025-03-31,equal_weight,ENEL.MI,0.017543859649122806
2025-03-31,equal_weight,STMMI.MI,0.017543859649122806
2025-04-30,markowitz,SAP.DE,0.14756070893294762
2025-04-30,markowitz,DTE.DE,0.14999999999999705
2025-04-30,markowitz,MUV2.DE,0.14999999999999705
2025-04-30,markowitz,AD.AS,0.12052840215427979
2025-04-30,markowitz,WKL.AS,0.11169445054205497
2025-04-30,markowitz,IBE.MC,0.044595261020628225
2025-04-30,markowitz,ITX.MC,0.11823847537190549
2025-04-30,markowitz,HOLN.SW,0.0073827019781925905
2025-04-30,markowitz,UCG.MI,0.14999999999999705
2025-04-30,hrp,EXSA.DE,0.020886672828499438
2025-04-30,hrp,EXV1.DE,0.01033166247418807
2025-04-30,hrp,EXV4.DE,0.04545753391915844
2025-04-30,hrp,EXV3.DE,0.009502765758904607
2025-04-30,hrp,EXV2.DE,0.0407993038072836
2025-04-30,hrp,EXV6.DE,0.012766104155709793
2025-04-30,hrp,EXV7.DE,0.016812467123378912
2025-04-30,hrp,EXH7.DE,0.015770643300932276
2025-04-30,hrp,EXH8.DE,0.017606956890632977
2025-04-30,hrp,EXS1.DE,0.017697825820847158
2025-04-30,hrp,CAC.PA,0.016509228088718436
2025-04-30,hrp,EWI,0.009783265255422995
2025-04-30,hrp,EWP,0.014952503952475753
2025-04-30,hrp,EWN,0.008666447156867794
2025-04-30,hrp,EWL,0.025502199756218882
2025-04-30,hrp,SAP.DE,0.010668035179601422
2025-04-30,hrp,SIE.DE,0.006822937975348708
2025-04-30,hrp,BAS.DE,0.0069469335774363485
2025-04-30,hrp,VOW3.DE,0.009421159426758686
2025-04-30,hrp,DTE.DE,0.030200191461507993
2025-04-30,hrp,ALV.DE,0.017388131382453008
2025-04-30,hrp,BMW.DE,0.009988633257424794
2025-04-30,hrp,MBG.DE,0.013840041437404785
2025-04-30,hrp,MUV2.DE,0.01663137670387954
2025-04-30,hrp,MC.PA,0.005311598418804706
2025-04-30,hrp,TTE.PA,0.02417329744470386
2025-04-30,hrp,OR.PA,0.011749881839994902
2025-04-30,hrp,SAN.PA,0.022188180221434702
2025-04-30,hrp,BNP.PA,0.00650078187782693
2025-04-30,hrp,AIR.PA,0.01271426403143133
2025-04-30,hrp,SU.PA,0.009352683245926304
2025-04-30,hrp,CAP.PA,0.01752784678844831
2025-04-30,hrp,AI.PA,0.01751321803748298
2025-04-30,hrp,ASML.AS,0.0038766832237186917
2025-04-30,hrp,PHIA.AS,0.011172462133843273
2025-04-30,hrp,INGA.AS,0.011798483198710233
2025-04-30,hrp,HEIA.AS,0.027069846368169115
2025-04-30,hrp,AD.AS,0.05147050737457078
2025-04-30,hrp,WKL.AS,0.04144663411682677
2025-04-30,hrp,SAN.MC,0.005047697583689714
2025-04-30,hrp,IBE.MC,0.03739172662967828
2025-04-30,hrp,ITX.MC,0.010738895175067278
2025-04-30,hrp,TEF.MC,0.01983467586708752
2025-04-30,hrp,ENG.MC,0.03203755555271611
2025-04-30,hrp,BBVA.MC,0.006401923324291492
2025-04-30,hrp,NESN.SW,0.041074983342378205
2025-04-30,hrp,NOVN.SW,0.026735020887465856
2025-04-30,hrp,UBSG.SW,0.00769049063964603
2025-04-30,hrp,RO.SW,0.030831470834933976
2025-04-30,hrp,ABBN.SW,0.011105608556784401
2025-04-30,hrp,CFR.SW,0.006560609482660359
2025-04-30,hrp,HOLN.SW,0.021847772248418003
2025-04-30,hrp,ENI.MI,0.02872623480711536
2025-04-30,hrp,ISP.MI,0.006761869600250477
2025-04-30,hrp,UCG.MI,0.0049394284236641975
2025-04-30,hrp,ENEL.MI,0.019040749351881672
2025-04-30,hrp,STMMI.MI,0.004413898679323901
2025-04-30,minimum_variance,EXV4.DE,0.07711923729224016
2025-04-30,minimum_variance,EXV2.DE,0.09169698063902582
2025-04-30,minimum_variance,EWN,0.03997199773052403
2025-04-30,minimum_variance,EWL,0.03528022253262911
2025-04-30,minimum_variance,SAP.DE,0.01951335898154145
2025-04-30,minimum_variance,VOW3.DE,0.005525063073981644
2025-04-30,minimum_variance,DTE.DE,0.04455106565187598
2025-04-30,minimum_variance,BMW.DE,0.030174541023883828
2025-04-30,minimum_variance,TTE.PA,0.061811480974215134
2025-04-30,minimum_variance,SAN.PA,0.014699948473520229
2025-04-30,minimum_variance,HEIA.AS,0.08004762193590809
2025-04-30,minimum_variance,AD.AS,0.12198697136257952
2025-04-30,minimum_variance,WKL.AS,0.09151674246177677
2025-04-30,minimum_variance,IBE.MC,0.041359709738136845
2025-04-30,minimum_variance,TEF.MC,0.07889400223361435
2025-04-30,minimum_variance,ENG.MC,0.023462645700636206
2025-04-30,minimum_variance,NESN.SW,0.08864257952617537
2025-04-30,minimum_variance,NOVN.SW,0.02568645863085247
2025-04-30,minimum_variance,RO.SW,0.01850013909734173
2025-04-30,minimum_variance,ABBN.SW,0.009559232939541282
2025-04-30,xgb,EXSA.DE,0.14999999999983332
2025-04-30,xgb,EXV4.DE,0.04266095421377568
2025-04-30,xgb,CAC.PA,0.14999999999983332
2025-04-30,xgb,TTE.PA,0.06832307377029512
2025-04-30,xgb,SAN.PA,0.08166324632740762
2025-04-30,xgb,ASML.AS,0.010162873897805636
2025-04-30,xgb,PHIA.AS,0.011496718513452589
2025-04-30,xgb,HEIA.AS,0.05180218943378194
2025-04-30,xgb,AD.AS,0.03552843396858091
2025-04-30,xgb,TEF.MC,0.12177448547135196
2025-04-30,xgb,ENG.MC,0.03815890136310847
2025-04-30,xgb,NOVN.SW,0.10448778177958577
2025-04-30,xgb,RO.SW,0.1339413412611876
2025-04-30,xgb_sentiment,EXSA.DE,0.1499999999999315
2025-04-30,xgb_sentiment,EXV4.DE,0.09931349718286464
2025-04-30,xgb_sentiment,CAC.PA,0.1499999999999315
2025-04-30,xgb_sentiment,DTE.DE,0.0018242149691488972
2025-04-30,xgb_sentiment,TTE.PA,0.008097935908082863
2025-04-30,xgb_sentiment,ASML.AS,0.005756645493503143
2025-04-30,xgb_sentiment,PHIA.AS,0.001604809051243913
2025-04-30,xgb_sentiment,HEIA.AS,0.07663538551383009
2025-04-30,xgb_sentiment,AD.AS,0.020586704818786595
2025-04-30,xgb_sentiment,TEF.MC,0.1499999999999315
2025-04-30,xgb_sentiment,ENG.MC,0.09925306223064716
2025-04-30,xgb_sentiment,NOVN.SW,0.14215415996379305
2025-04-30,xgb_sentiment,RO.SW,0.09477358486830523
2025-04-30,equal_weight,EXSA.DE,0.017543859649122806
2025-04-30,equal_weight,EXV1.DE,0.017543859649122806
2025-04-30,equal_weight,EXV4.DE,0.017543859649122806
2025-04-30,equal_weight,EXV3.DE,0.017543859649122806
2025-04-30,equal_weight,EXV2.DE,0.017543859649122806
2025-04-30,equal_weight,EXV6.DE,0.017543859649122806
2025-04-30,equal_weight,EXV7.DE,0.017543859649122806
2025-04-30,equal_weight,EXH7.DE,0.017543859649122806
2025-04-30,equal_weight,EXH8.DE,0.017543859649122806
2025-04-30,equal_weight,EXS1.DE,0.017543859649122806
2025-04-30,equal_weight,CAC.PA,0.017543859649122806
2025-04-30,equal_weight,EWI,0.017543859649122806
2025-04-30,equal_weight,EWP,0.017543859649122806
2025-04-30,equal_weight,EWN,0.017543859649122806
2025-04-30,equal_weight,EWL,0.017543859649122806
2025-04-30,equal_weight,SAP.DE,0.017543859649122806
2025-04-30,equal_weight,SIE.DE,0.017543859649122806
2025-04-30,equal_weight,BAS.DE,0.017543859649122806
2025-04-30,equal_weight,VOW3.DE,0.017543859649122806
2025-04-30,equal_weight,DTE.DE,0.017543859649122806
2025-04-30,equal_weight,ALV.DE,0.017543859649122806
2025-04-30,equal_weight,BMW.DE,0.017543859649122806
2025-04-30,equal_weight,MBG.DE,0.017543859649122806
2025-04-30,equal_weight,MUV2.DE,0.017543859649122806
2025-04-30,equal_weight,MC.PA,0.017543859649122806
2025-04-30,equal_weight,TTE.PA,0.017543859649122806
2025-04-30,equal_weight,OR.PA,0.017543859649122806
2025-04-30,equal_weight,SAN.PA,0.017543859649122806
2025-04-30,equal_weight,BNP.PA,0.017543859649122806
2025-04-30,equal_weight,AIR.PA,0.017543859649122806
2025-04-30,equal_weight,SU.PA,0.017543859649122806
2025-04-30,equal_weight,CAP.PA,0.017543859649122806
2025-04-30,equal_weight,AI.PA,0.017543859649122806
2025-04-30,equal_weight,ASML.AS,0.017543859649122806
2025-04-30,equal_weight,PHIA.AS,0.017543859649122806
2025-04-30,equal_weight,INGA.AS,0.017543859649122806
2025-04-30,equal_weight,HEIA.AS,0.017543859649122806
2025-04-30,equal_weight,AD.AS,0.017543859649122806
2025-04-30,equal_weight,WKL.AS,0.017543859649122806
2025-04-30,equal_weight,SAN.MC,0.017543859649122806
2025-04-30,equal_weight,IBE.MC,0.017543859649122806
2025-04-30,equal_weight,ITX.MC,0.017543859649122806
2025-04-30,equal_weight,TEF.MC,0.017543859649122806
2025-04-30,equal_weight,ENG.MC,0.017543859649122806
2025-04-30,equal_weight,BBVA.MC,0.017543859649122806
2025-04-30,equal_weight,NESN.SW,0.017543859649122806
2025-04-30,equal_weight,NOVN.SW,0.017543859649122806
2025-04-30,equal_weight,UBSG.SW,0.017543859649122806
2025-04-30,equal_weight,RO.SW,0.017543859649122806
2025-04-30,equal_weight,ABBN.SW,0.017543859649122806
2025-04-30,equal_weight,CFR.SW,0.017543859649122806
2025-04-30,equal_weight,HOLN.SW,0.017543859649122806
2025-04-30,equal_weight,ENI.MI,0.017543859649122806
2025-04-30,equal_weight,ISP.MI,0.017543859649122806
2025-04-30,equal_weight,UCG.MI,0.017543859649122806
2025-04-30,equal_weight,ENEL.MI,0.017543859649122806
2025-04-30,equal_weight,STMMI.MI,0.017543859649122806
2025-05-30,markowitz,SAP.DE,0.12736127459717017
2025-05-30,markowitz,DTE.DE,0.13727052463163905
2025-05-30,markowitz,MUV2.DE,0.13128760694987612
2025-05-30,markowitz,AD.AS,0.10052919156720959
2025-05-30,markowitz,WKL.AS,0.08570240705006542
2025-05-30,markowitz,IBE.MC,0.13652848014296776
2025-05-30,markowitz,ITX.MC,0.06581854943741015
2025-05-30,markowitz,BBVA.MC,0.01566978203508117
2025-05-30,markowitz,HOLN.SW,0.049832183588582095
2025-05-30,markowitz,UCG.MI,0.14999999999999852
2025-05-30,hrp,EXSA.DE,0.021617689119367064
2025-05-30,hrp,EXV1.DE,0.008989721571330076
2025-05-30,hrp,EXV4.DE,0.04517573778010037
2025-05-30,hrp,EXV3.DE,0.009541379284637259
2025-05-30,hrp,EXV2.DE,0.03898140395180852
2025-05-30,hrp,EXV6.DE,0.013250008798860891
2025-05-30,hrp,EXV7.DE,0.022742565450893593
2025-05-30,hrp,EXH7.DE,0.015244551659977817
2025-05-30,hrp,EXH8.DE,0.017942938299588138
2025-05-30,hrp,EXS1.DE,0.015595209612085973
2025-05-30,hrp,CAC.PA,0.017537272721453855
2025-05-30,hrp,EWI,0.01022436960415015
2025-05-30,hrp,EWP,0.015364415396047817
2025-05-30,hrp,EWN,0.009035833561258338
2025-05-30,hrp,EWL,0.026519830765721814
2025-05-30,hrp,SAP.DE,0.010534535103144177
2025-05-30,hrp,SIE.DE,0.007342128546620271
2025-05-30,hrp,BAS.DE,0.01127373289734589
2025-05-30,hrp,VOW3.DE,0.009363618135648465
2025-05-30,hrp,DTE.DE,0.0289450771515771
2025-05-30,hrp,ALV.DE,0.01760245573869088
2025-05-30,hrp,BMW.DE,0.009783563299106984
2025-05-30,hrp,MBG.DE,0.01361568686691437
2025-05-30,hrp,MUV2.DE,0.016474158365116728
2025-05-30,hrp,MC.PA,0.007255100735224492
2025-05-30,hrp,TTE.PA,0.01801635234479867
2025-05-30,hrp,OR.PA,0.011700565913649088
2025-05-30,hrp,SAN.PA,0.025240906210382212
2025-05-30,hrp,BNP.PA,0.00557003367521753
2025-05-30,hrp,AIR.PA,0.013056728435674472
2025-05-30,hrp,SU.PA,0.009363564243661845
2025-05-30,hrp,CAP.PA,0.017286073461082106
2025-05-30,hrp,AI.PA,0.014987428010354796
2025-05-30,hrp,ASML.AS,0.004058125612638151
2025-05-30,hrp,PHIA.AS,0.011958519313891178
2025-05-30,hrp,INGA.AS,0.007317041311316639
2025-05-30,hrp,HEIA.AS,0.03168801647791109
2025-05-30,hrp,AD.AS,0.051883092721080534
2025-05-30,hrp,WKL.AS,0.04409786710681235
2025-05-30,hrp,SAN.MC,0.004684791379350635
2025-05-30,hrp,IBE.MC,0.03890242075729481
2025-05-30,hrp,ITX.MC,0.01094189408867315
2025-05-30,hrp,TEF.MC,0.019272684084628577
2025-05-30,hrp,ENG.MC,0.03128385582079571
2025-05-30,hrp,BBVA.MC,0.005755136500903103
2025-05-30,hrp,NESN.SW,0.0487204696562377
2025-05-30,hrp,NOVN.SW,0.025966032122375093
2025-05-30,hrp,UBSG.SW,0.007967049267532856
2025-05-30,hrp,RO.SW,0.025120859408336593
2025-05-30,hrp,ABBN.SW,0.01107827455981479
2025-05-30,hrp,CFR.SW,0.005614452913396106
2025-05-30,hrp,HOLN.SW,0.022049563536346004
2025-05-30,hrp,ENI.MI,0.02025372523812592
2025-05-30,hrp,ISP.MI,0.006395925917772331
2025-05-30,hrp,UCG.MI,0.0054065495603430385
2025-05-30,hrp,ENEL.MI,0.02010154705781874
2025-05-30,hrp,STMMI.MI,0.004307468875113168
2025-05-30,minimum_variance,EXV4.DE,0.07615020297640597
2025-05-30,minimum_variance,EXV2.DE,0.07136974889425493
2025-05-30,minimum_variance,EWN,0.0657207513422519
2025-05-30,minimum_variance,EWL,0.019985645179863575
2025-05-30,minimum_variance,SAP.DE,0.013731463965020053
2025-05-30,minimum_variance,VOW3.DE,0.004916167870090537
2025-05-30,minimum_variance,DTE.DE,0.03807438936069124
2025-05-30,minimum_variance,BMW.DE,0.02821768646603415
2025-05-30,minimum_variance,TTE.PA,0.06554606859463252
2025-05-30,minimum_variance,SAN.PA,0.018604299596726208
2025-05-30,minimum_variance,PHIA.AS,0.0004686604447934599
2025-05-30,minimum_variance,HEIA.AS,0.0772043400336448
2025-05-30,minimum_variance,AD.AS,0.11814973888160522
2025-05-30,minimum_variance,WKL.AS,0.0986556358819918
2025-05-30,minimum_variance,IBE.MC,0.058007062204558625
2025-05-30,minimum_variance,TEF.MC,0.08332159533639905
2025-05-30,minimum_variance,ENG.MC,0.007433385681513019
2025-05-30,minimum_variance,NESN.SW,0.09501863742214274
2025-05-30,minimum_variance,NOVN.SW,0.02801275521367006
2025-05-30,minimum_variance,RO.SW,0.018374740533680857
2025-05-30,minimum_variance,ABBN.SW,0.013037024120029375
2025-05-30,xgb,MUV2.DE,0.028446323272546054
2025-05-30,xgb,MC.PA,0.035515648330879585
2025-05-30,xgb,OR.PA,0.10460941878397878
2025-05-30,xgb,SAN.PA,0.13356364799544854
2025-05-30,xgb,PHIA.AS,0.028626423350953376
2025-05-30,xgb,AD.AS,0.015958548452367553
2025-05-30,xgb,IBE.MC,0.0797541141887423
2025-05-30,xgb,ENG.MC,0.14999999999999622
2025-05-30,xgb,NOVN.SW,0.10307435832575382
2025-05-30,xgb,UBSG.SW,0.023594784741978903
2025-05-30,xgb,RO.SW,0.14999999999999622
2025-05-30,xgb,ABBN.SW,0.08267727287350447
2025-05-30,xgb,HOLN.SW,0.06417945968385427
2025-05-30,xgb_sentiment,MUV2.DE,0.050100485045994396
2025-05-30,xgb_sentiment,MC.PA,0.047773903822836375
2025-05-30,xgb_sentiment,OR.PA,0.11019332675353095
2025-05-30,xgb_sentiment,SAN.PA,0.14469620536703406
2025-05-30,xgb_sentiment,AD.AS,0.011056998228801043
2025-05-30,xgb_sentiment,TEF.MC,0.022425906577122536
2025-05-30,xgb_sentiment,ENG.MC,0.14999999999999275
2025-05-30,xgb_sentiment,NOVN.SW,0.12148326271983863
2025-05-30,xgb_sentiment,UBSG.SW,0.023352088609526696
2025-05-30,xgb_sentiment,RO.SW,0.15000000000000574
2025-05-30,xgb_sentiment,ABBN.SW,0.018917822875315873
2025-05-30,xgb_sentiment,HOLN.SW,0.15000000000000085
2025-05-30,equal_weight,EXSA.DE,0.017543859649122806
2025-05-30,equal_weight,EXV1.DE,0.017543859649122806
2025-05-30,equal_weight,EXV4.DE,0.017543859649122806
2025-05-30,equal_weight,EXV3.DE,0.017543859649122806
2025-05-30,equal_weight,EXV2.DE,0.017543859649122806
2025-05-30,equal_weight,EXV6.DE,0.017543859649122806
2025-05-30,equal_weight,EXV7.DE,0.017543859649122806
2025-05-30,equal_weight,EXH7.DE,0.017543859649122806
2025-05-30,equal_weight,EXH8.DE,0.017543859649122806
2025-05-30,equal_weight,EXS1.DE,0.017543859649122806
2025-05-30,equal_weight,CAC.PA,0.017543859649122806
2025-05-30,equal_weight,EWI,0.017543859649122806
2025-05-30,equal_weight,EWP,0.017543859649122806
2025-05-30,equal_weight,EWN,0.017543859649122806
2025-05-30,equal_weight,EWL,0.017543859649122806
2025-05-30,equal_weight,SAP.DE,0.017543859649122806
2025-05-30,equal_weight,SIE.DE,0.017543859649122806
2025-05-30,equal_weight,BAS.DE,0.017543859649122806
2025-05-30,equal_weight,VOW3.DE,0.017543859649122806
2025-05-30,equal_weight,DTE.DE,0.017543859649122806
2025-05-30,equal_weight,ALV.DE,0.017543859649122806
2025-05-30,equal_weight,BMW.DE,0.017543859649122806
2025-05-30,equal_weight,MBG.DE,0.017543859649122806
2025-05-30,equal_weight,MUV2.DE,0.017543859649122806
2025-05-30,equal_weight,MC.PA,0.017543859649122806
2025-05-30,equal_weight,TTE.PA,0.017543859649122806
2025-05-30,equal_weight,OR.PA,0.017543859649122806
2025-05-30,equal_weight,SAN.PA,0.017543859649122806
2025-05-30,equal_weight,BNP.PA,0.017543859649122806
2025-05-30,equal_weight,AIR.PA,0.017543859649122806
2025-05-30,equal_weight,SU.PA,0.017543859649122806
2025-05-30,equal_weight,CAP.PA,0.017543859649122806
2025-05-30,equal_weight,AI.PA,0.017543859649122806
2025-05-30,equal_weight,ASML.AS,0.017543859649122806
2025-05-30,equal_weight,PHIA.AS,0.017543859649122806
2025-05-30,equal_weight,INGA.AS,0.017543859649122806
2025-05-30,equal_weight,HEIA.AS,0.017543859649122806
2025-05-30,equal_weight,AD.AS,0.017543859649122806
2025-05-30,equal_weight,WKL.AS,0.017543859649122806
2025-05-30,equal_weight,SAN.MC,0.017543859649122806
2025-05-30,equal_weight,IBE.MC,0.017543859649122806
2025-05-30,equal_weight,ITX.MC,0.017543859649122806
2025-05-30,equal_weight,TEF.MC,0.017543859649122806
2025-05-30,equal_weight,ENG.MC,0.017543859649122806
2025-05-30,equal_weight,BBVA.MC,0.017543859649122806
2025-05-30,equal_weight,NESN.SW,0.017543859649122806
2025-05-30,equal_weight,NOVN.SW,0.017543859649122806
2025-05-30,equal_weight,UBSG.SW,0.017543859649122806
2025-05-30,equal_weight,RO.SW,0.017543859649122806
2025-05-30,equal_weight,ABBN.SW,0.017543859649122806
2025-05-30,equal_weight,CFR.SW,0.017543859649122806
2025-05-30,equal_weight,HOLN.SW,0.017543859649122806
2025-05-30,equal_weight,ENI.MI,0.017543859649122806
2025-05-30,equal_weight,ISP.MI,0.017543859649122806
2025-05-30,equal_weight,UCG.MI,0.017543859649122806
2025-05-30,equal_weight,ENEL.MI,0.017543859649122806
2025-05-30,equal_weight,STMMI.MI,0.017543859649122806
2025-06-30,markowitz,SAP.DE,0.15000000000000077
2025-06-30,markowitz,DTE.DE,0.14881020740853412
2025-06-30,markowitz,MUV2.DE,0.15000000000000135
2025-06-30,markowitz,AD.AS,0.08444908999696361
2025-06-30,markowitz,IBE.MC,0.1499999999999977
2025-06-30,markowitz,ITX.MC,0.021694029120407018
2025-06-30,markowitz,BBVA.MC,0.040321011167756465
2025-06-30,markowitz,NOVN.SW,0.026461290011616435
2025-06-30,markowitz,HOLN.SW,0.00021056523002078943
2025-06-30,markowitz,ISP.MI,0.07805380706470028
2025-06-30,markowitz,UCG.MI,0.1500000000000014
2025-06-30,hrp,EXSA.DE,0.022626280803732003
2025-06-30,hrp,EXV1.DE,0.010652972177426156
2025-06-30,hrp,EXV4.DE,0.05512597717483765
2025-06-30,hrp,EXV3.DE,0.010078121187211441
2025-06-30,hrp,EXV2.DE,0.038935130982696284
2025-06-30,hrp,EXV6.DE,0.012607720990617606
2025-06-30,hrp,EXV7.DE,0.02139117039040909
2025-06-30,hrp,EXH7.DE,0.015676149494177307
2025-06-30,hrp,EXH8.DE,0.013001599961038142
2025-06-30,hrp,EXS1.DE,0.016469491032201987
2025-06-30,hrp,CAC.PA,0.018350169172931145
2025-06-30,hrp,EWI,0.009743847712489555
2025-06-30,hrp,EWP,0.01788092424688501
2025-06-30,hrp,EWN,0.008312837332740962
2025-06-30,hrp,EWL,0.027638939318409904
2025-06-30,hrp,SAP.DE,0.009687662686548058
2025-06-30,hrp,SIE.DE,0.006946513244152069
2025-06-30,hrp,BAS.DE,0.00755973016187756
2025-06-30,hrp,VOW3.DE,0.010962440534981834
2025-06-30,hrp,DTE.DE,0.028603794190885656
2025-06-30,hrp,ALV.DE,0.018330322506787428
2025-06-30,hrp,BMW.DE,0.010794737163776928
2025-06-30,hrp,MBG.DE,0.011454439592897483
2025-06-30,hrp,MUV2.DE,0.02201388150726744
2025-06-30,hrp,MC.PA,0.009801194761188275
2025-06-30,hrp,TTE.PA,0.027072794680852587
2025-06-30,hrp,OR.PA,0.010408868621724252
2025-06-30,hrp,SAN.PA,0.022135985535507344
2025-06-30,hrp,BNP.PA,0.008962374026200409
2025-06-30,hrp,AIR.PA,0.0120902916589979
2025-06-30,hrp,SU.PA,0.010350333594059971
2025-06-30,hrp,CAP.PA,0.009628356212546431
2025-06-30,hrp,AI.PA,0.023110495154800317
2025-06-30,hrp,ASML.AS,0.004691097669412014
2025-06-30,hrp,PHIA.AS,0.011411801944217162
2025-06-30,hrp,INGA.AS,0.007737562887916525
2025-06-30,hrp,HEIA.AS,0.030148201945946165
2025-06-30,hrp,AD.AS,0.05367853614091365
2025-06-30,hrp,WKL.AS,0.03487489900269973
2025-06-30,hrp,SAN.MC,0.009321621825070679
2025-06-30,hrp,IBE.MC,0.020175468550922424
2025-06-30,hrp,ITX.MC,0.011207396841555684
2025-06-30,hrp,TEF.MC,0.019709216552181913
2025-06-30,hrp,ENG.MC,0.022608781938763856
2025-06-30,hrp,BBVA.MC,0.006090003808695912
2025-06-30,hrp,NESN.SW,0.05084301758233365
2025-06-30,hrp,NOVN.SW,0.02672564354752338
2025-06-30,hrp,UBSG.SW,0.00942510459131128
2025-06-30,hrp,RO.SW,0.026967501408390306
2025-06-30,hrp,ABBN.SW,0.010421023704593548
2025-06-30,hrp,CFR.SW,0.005976499806671641
2025-06-30,hrp,HOLN.SW,0.011731072527368134
2025-06-30,hrp,ENI.MI,0.03303561402963678
2025-06-30,hrp,ISP.MI,0.0073629568829305094
2025-06-30,hrp,UCG.MI,0.006100121192333864
2025-06-30,hrp,ENEL.MI,0.01464649061778278
2025-06-30,hrp,STMMI.MI,0.006704817187972209
2025-06-30,minimum_variance,EXV4.DE,0.06671857391860292
2025-06-30,minimum_variance,EXV2.DE,0.08078239451738393
2025-06-30,minimum_variance,EWN,0.07051091450352157
2025-06-30,minimum_variance,EWL,0.010448967355896002
2025-06-30,minimum_variance,SAP.DE,0.011178165115996992
2025-06-30,minimum_variance,VOW3.DE,0.013501277504866635
2025-06-30,minimum_variance,DTE.DE,0.03263890610959121
2025-06-30,minimum_variance,BMW.DE,0.023481798078035937
2025-06-30,minimum_variance,MUV2.DE,0.014610389161628799
2025-06-30,minimum_variance,TTE.PA,0.0771326173111432
2025-06-30,minimum_variance,SAN.PA,0.022215900709240552
2025-06-30,minimum_variance,HEIA.AS,0.07127303334359444
2025-06-30,minimum_variance,AD.AS,0.1186824884283975
2025-06-30,minimum_variance,WKL.AS,0.08367327089011224
2025-06-30,minimum_variance,IBE.MC,0.06563358818030125
2025-06-30,minimum_variance,TEF.MC,0.06009292419000351
2025-06-30,minimum_variance,ENG.MC,0.01126287599453597
2025-06-30,minimum_variance,NESN.SW,0.0975742248892813
2025-06-30,minimum_variance,NOVN.SW,0.036878290462196955
2025-06-30,minimum_variance,RO.SW,0.019800207997490483
2025-06-30,minimum_variance,ABBN.SW,0.011679778232175963
2025-06-30,minimum_variance,ENI.MI,0.00022941310600269776
2025-06-30,xgb,EWP,0.02921683287335081
2025-06-30,xgb,DTE.DE,0.14999999999999555
2025-06-30,xgb,BMW.DE,0.10250929484865398
2025-06-30,xgb,MUV2.DE,0.02388627362676023
2025-06-30,xgb,TTE.PA,0.026103507520051382
2025-06-30,xgb,SAN.PA,0.021637645844475584
2025-06-30,xgb,BNP.PA,0.03970125326466816
2025-06-30,xgb,INGA.AS,0.047645139855792405
2025-06-30,xgb,HEIA.AS,0.11485417909796072
2025-06-30,xgb,AD.AS,0.044550592092066466
2025-06-30,xgb,WKL.AS,0.13531343433106255
2025-06-30,xgb,NESN.SW,0.14999999999999555
2025-06-30,xgb,UBSG.SW,0.03981532971150774
2025-06-30,xgb,RO.SW,0.044514039640439804
2025-06-30,xgb,HOLN.SW,0.03025247729321904
2025-06-30,xgb_sentiment,EXV1.DE,0.04826328665061278
2025-06-30,xgb_sentiment,EWP,0.05271601898870853
2025-06-30,xgb_sentiment,DTE.DE,0.15000000000000077
2025-06-30,xgb_sentiment,BMW.DE,0.09502572540503279
2025-06-30,xgb_sentiment,MUV2.DE,0.03286043962211686
2025-06-30,xgb_sentiment,MC.PA,0.006374258570053419
2025-06-30,xgb_sentiment,TTE.PA,0.03158236013071519
2025-06-30,xgb_sentiment,SAN.PA,0.03744526476627297
2025-06-30,xgb_sentiment,INGA.AS,0.012051774502194771
2025-06-30,xgb_sentiment,HEIA.AS,0.15
2025-06-30,xgb_sentiment,AD.AS,0.018320856981066582
2025-06-30,xgb_sentiment,WKL.AS,0.10553712747424145
2025-06-30,xgb_sentiment,NESN.SW,0.14999999999999997
2025-06-30,xgb_sentiment,UBSG.SW,0.03029889327934121
2025-06-30,xgb_sentiment,RO.SW,0.05731420504931241
2025-06-30,xgb_sentiment,HOLN.SW,0.022209788580330233
2025-06-30,equal_weight,EXSA.DE,0.017543859649122806
2025-06-30,equal_weight,EXV1.DE,0.017543859649122806
2025-06-30,equal_weight,EXV4.DE,0.017543859649122806
2025-06-30,equal_weight,EXV3.DE,0.017543859649122806
2025-06-30,equal_weight,EXV2.DE,0.017543859649122806
2025-06-30,equal_weight,EXV6.DE,0.017543859649122806
2025-06-30,equal_weight,EXV7.DE,0.017543859649122806
2025-06-30,equal_weight,EXH7.DE,0.017543859649122806
2025-06-30,equal_weight,EXH8.DE,0.017543859649122806
2025-06-30,equal_weight,EXS1.DE,0.017543859649122806
2025-06-30,equal_weight,CAC.PA,0.017543859649122806
2025-06-30,equal_weight,EWI,0.017543859649122806
2025-06-30,equal_weight,EWP,0.017543859649122806
2025-06-30,equal_weight,EWN,0.017543859649122806
2025-06-30,equal_weight,EWL,0.017543859649122806
2025-06-30,equal_weight,SAP.DE,0.017543859649122806
2025-06-30,equal_weight,SIE.DE,0.017543859649122806
2025-06-30,equal_weight,BAS.DE,0.017543859649122806
2025-06-30,equal_weight,VOW3.DE,0.017543859649122806
2025-06-30,equal_weight,DTE.DE,0.017543859649122806
2025-06-30,equal_weight,ALV.DE,0.017543859649122806
2025-06-30,equal_weight,BMW.DE,0.017543859649122806
2025-06-30,equal_weight,MBG.DE,0.017543859649122806
2025-06-30,equal_weight,MUV2.DE,0.017543859649122806
2025-06-30,equal_weight,MC.PA,0.017543859649122806
2025-06-30,equal_weight,TTE.PA,0.017543859649122806
2025-06-30,equal_weight,OR.PA,0.017543859649122806
2025-06-30,equal_weight,SAN.PA,0.017543859649122806
2025-06-30,equal_weight,BNP.PA,0.017543859649122806
2025-06-30,equal_weight,AIR.PA,0.017543859649122806
2025-06-30,equal_weight,SU.PA,0.017543859649122806
2025-06-30,equal_weight,CAP.PA,0.017543859649122806
2025-06-30,equal_weight,AI.PA,0.017543859649122806
2025-06-30,equal_weight,ASML.AS,0.017543859649122806
2025-06-30,equal_weight,PHIA.AS,0.017543859649122806
2025-06-30,equal_weight,INGA.AS,0.017543859649122806
2025-06-30,equal_weight,HEIA.AS,0.017543859649122806
2025-06-30,equal_weight,AD.AS,0.017543859649122806
2025-06-30,equal_weight,WKL.AS,0.017543859649122806
2025-06-30,equal_weight,SAN.MC,0.017543859649122806
2025-06-30,equal_weight,IBE.MC,0.017543859649122806
2025-06-30,equal_weight,ITX.MC,0.017543859649122806
2025-06-30,equal_weight,TEF.MC,0.017543859649122806
2025-06-30,equal_weight,ENG.MC,0.017543859649122806
2025-06-30,equal_weight,BBVA.MC,0.017543859649122806
2025-06-30,equal_weight,NESN.SW,0.017543859649122806
2025-06-30,equal_weight,NOVN.SW,0.017543859649122806
2025-06-30,equal_weight,UBSG.SW,0.017543859649122806
2025-06-30,equal_weight,RO.SW,0.017543859649122806
2025-06-30,equal_weight,ABBN.SW,0.017543859649122806
2025-06-30,equal_weight,CFR.SW,0.017543859649122806
2025-06-30,equal_weight,HOLN.SW,0.017543859649122806
2025-06-30,equal_weight,ENI.MI,0.017543859649122806
2025-06-30,equal_weight,ISP.MI,0.017543859649122806
2025-06-30,equal_weight,UCG.MI,0.017543859649122806
2025-06-30,equal_weight,ENEL.MI,0.017543859649122806
2025-06-30,equal_weight,STMMI.MI,0.017543859649122806
2025-07-31,markowitz,SAP.DE,0.14999999999999902
2025-07-31,markowitz,DTE.DE,0.1406427426734367
2025-07-31,markowitz,MUV2.DE,0.14999999999999875
2025-07-31,markowitz,AD.AS,0.044117240559534504
2025-07-31,markowitz,IBE.MC,0.12688610574387277
2025-07-31,markowitz,ITX.MC,0.03182909398063344
2025-07-31,markowitz,BBVA.MC,0.04183838203175716
2025-07-31,markowitz,NOVN.SW,0.03657026693228598
2025-07-31,markowitz,ABBN.SW,0.016513146731121378
2025-07-31,markowitz,HOLN.SW,0.0032247518625998484
2025-07-31,markowitz,ISP.MI,0.10837826948476173
2025-07-31,markowitz,UCG.MI,0.14999999999999872
2025-07-31,hrp,EXSA.DE,0.022436890169761883
2025-07-31,hrp,EXV1.DE,0.00955093747097851
2025-07-31,hrp,EXV4.DE,0.0395805385552247
2025-07-31,hrp,EXV3.DE,0.009797587892037331
2025-07-31,hrp,EXV2.DE,0.057461713367703046
2025-07-31,hrp,EXV6.DE,0.014935620235371214
2025-07-31,hrp,EXV7.DE,0.01781689276600092
2025-07-31,hrp,EXH7.DE,0.01624840974252288
2025-07-31,hrp,EXH8.DE,0.018861162680751595
2025-07-31,hrp,EXS1.DE,0.01834929050713263
2025-07-31,hrp,CAC.PA,0.017423753389969755
2025-07-31,hrp,EWI,0.012669051577971881
2025-07-31,hrp,EWP,0.020657822335056173
2025-07-31,hrp,EWN,0.010985000101900571
2025-07-31,hrp,EWL,0.028321096086463864
2025-07-31,hrp,SAP.DE,0.010692762133712617
2025-07-31,hrp,SIE.DE,0.006791221650530162
2025-07-31,hrp,BAS.DE,0.008181019658541715
2025-07-31,hrp,VOW3.DE,0.009591005831047973
2025-07-31,hrp,DTE.DE,0.02645497344351414
2025-07-31,hrp,ALV.DE,0.017693536665339193
2025-07-31,hrp,BMW.DE,0.009521423372539254
2025-07-31,hrp,MBG.DE,0.01406007587014922
2025-07-31,hrp,MUV2.DE,0.022205725632145908
2025-07-31,hrp,MC.PA,0.005097297394658029
2025-07-31,hrp,TTE.PA,0.026517697282825207
2025-07-31,hrp,OR.PA,0.011782908481022635
2025-07-31,hrp,SAN.PA,0.0218537150795741
2025-07-31,hrp,BNP.PA,0.007813879204268463
2025-07-31,hrp,AIR.PA,0.012280941401660545
2025-07-31,hrp,SU.PA,0.005911467203387316
2025-07-31,hrp,CAP.PA,0.01675607111687931
2025-07-31,hrp,AI.PA,0.01552736541090576
2025-07-31,hrp,ASML.AS,0.004379201817599121
2025-07-31,hrp,PHIA.AS,0.010257306891948708
2025-07-31,hrp,INGA.AS,0.007014532600385972
2025-07-31,hrp,HEIA.AS,0.02835126470308291
2025-07-31,hrp,AD.AS,0.04930626946176641
2025-07-31,hrp,WKL.AS,0.03744328733009463
2025-07-31,hrp,SAN.MC,0.005109981727907685
2025-07-31,hrp,IBE.MC,0.025038991140916775
2025-07-31,hrp,ITX.MC,0.011111882581481441
2025-07-31,hrp,TEF.MC,0.022179062434835955
2025-07-31,hrp,ENG.MC,0.019115245685477338
2025-07-31,hrp,BBVA.MC,0.007294187555884655
2025-07-31,hrp,NESN.SW,0.04734812197870914
2025-07-31,hrp,NOVN.SW,0.02675165058694447
2025-07-31,hrp,UBSG.SW,0.01071654397400011
2025-07-31,hrp,RO.SW,0.02521232458744547
2025-07-31,hrp,ABBN.SW,0.008429381404212318
2025-07-31,hrp,CFR.SW,0.009905963316044467
2025-07-31,hrp,HOLN.SW,0.00997958753224027
2025-07-31,hrp,ENI.MI,0.0328267702707116
2025-07-31,hrp,ISP.MI,0.006617666104236299
2025-07-31,hrp,UCG.MI,0.005814167025389545
2025-07-31,hrp,ENEL.MI,0.021008531438728797
2025-07-31,hrp,STMMI.MI,0.004959224138407586
2025-07-31,minimum_variance,EXV4.DE,0.06579676957898073
2025-07-31,minimum_variance,EXV2.DE,0.08528121689099323
2025-07-31,minimum_variance,EWN,0.07523415462055233
2025-07-31,minimum_variance,EWL,0.00983675132170928
2025-07-31,minimum_variance,SAP.DE,0.012672877341624167
2025-07-31,minimum_variance,VOW3.DE,0.011381629903211211
2025-07-31,minimum_variance,DTE.DE,0.03268215723613056
2025-07-31,minimum_variance,BMW.DE,0.02391842477174891
2025-07-31,minimum_variance,MUV2.DE,0.016597076335353806
2025-07-31,minimum_variance,TTE.PA,0.07718233758969237
2025-07-31,minimum_variance,SAN.PA,0.013206579833098498
2025-07-31,minimum_variance,HEIA.AS,0.06148483895519134
2025-07-31,minimum_variance,AD.AS,0.12371677816915626
2025-07-31,minimum_variance,WKL.AS,0.08486453318550623
2025-07-31,minimum_variance,IBE.MC,0.07217240660815082
2025-07-31,minimum_variance,TEF.MC,0.057245859171481846
2025-07-31,minimum_variance,ENG.MC,0.014886145927735545
2025-07-31,minimum_variance,NESN.SW,0.09378299553147112
2025-07-31,minimum_variance,NOVN.SW,0.03569373743131849
2025-07-31,minimum_variance,RO.SW,0.01733253303973819
2025-07-31,minimum_variance,ABBN.SW,0.012375671394955481
2025-07-31,minimum_variance,ENI.MI,0.0026545251621996942
2025-07-31,xgb,TTE.PA,0.014322263248508006
2025-07-31,xgb,SAN.PA,0.1499999999999972
2025-07-31,xgb,CAP.PA,0.13364834885459514
2025-07-31,xgb,ASML.AS,0.061653016820976965
2025-07-31,xgb,HEIA.AS,0.1499999999999972
2025-07-31,xgb,IBE.MC,0.1499999999999972
2025-07-31,xgb,BBVA.MC,0.1499999999999972
2025-07-31,xgb,NESN.SW,0.1499999999999972
2025-07-31,xgb,NOVN.SW,0.040376371075933816
2025-07-31,xgb_sentiment,DTE.DE,0.0026231160222580526
2025-07-31,xgb_sentiment,TTE.PA,0.022268249370595728
2025-07-31,xgb_sentiment,SAN.PA,0.14999999999999905
2025-07-31,xgb_sentiment,CAP.PA,0.1317363837568959
2025-07-31,xgb_sentiment,ASML.AS,0.06261131410439638
2025-07-31,xgb_sentiment,HEIA.AS,0.14999999999999905
2025-07-31,xgb_sentiment,AD.AS,0.0021181321977944627
2025-07-31,xgb_sentiment,IBE.MC,0.14999999999999905
2025-07-31,xgb_sentiment,BBVA.MC,0.1499999999999981
2025-07-31,xgb_sentiment,NESN.SW,0.14999999999999905
2025-07-31,xgb_sentiment,NOVN.SW,0.02864280454806502
2025-07-31,equal_weight,EXSA.DE,0.017543859649122806
2025-07-31,equal_weight,EXV1.DE,0.017543859649122806
2025-07-31,equal_weight,EXV4.DE,0.017543859649122806
2025-07-31,equal_weight,EXV3.DE,0.017543859649122806
2025-07-31,equal_weight,EXV2.DE,0.017543859649122806
2025-07-31,equal_weight,EXV6.DE,0.017543859649122806
2025-07-31,equal_weight,EXV7.DE,0.017543859649122806
2025-07-31,equal_weight,EXH7.DE,0.017543859649122806
2025-07-31,equal_weight,EXH8.DE,0.017543859649122806
2025-07-31,equal_weight,EXS1.DE,0.017543859649122806
2025-07-31,equal_weight,CAC.PA,0.017543859649122806
2025-07-31,equal_weight,EWI,0.017543859649122806
2025-07-31,equal_weight,EWP,0.017543859649122806
2025-07-31,equal_weight,EWN,0.017543859649122806
2025-07-31,equal_weight,EWL,0.017543859649122806
2025-07-31,equal_weight,SAP.DE,0.017543859649122806
2025-07-31,equal_weight,SIE.DE,0.017543859649122806
2025-07-31,equal_weight,BAS.DE,0.017543859649122806
2025-07-31,equal_weight,VOW3.DE,0.017543859649122806
2025-07-31,equal_weight,DTE.DE,0.017543859649122806
2025-07-31,equal_weight,ALV.DE,0.017543859649122806
2025-07-31,equal_weight,BMW.DE,0.017543859649122806
2025-07-31,equal_weight,MBG.DE,0.017543859649122806
2025-07-31,equal_weight,MUV2.DE,0.017543859649122806
2025-07-31,equal_weight,MC.PA,0.017543859649122806
2025-07-31,equal_weight,TTE.PA,0.017543859649122806
2025-07-31,equal_weight,OR.PA,0.017543859649122806
2025-07-31,equal_weight,SAN.PA,0.017543859649122806
2025-07-31,equal_weight,BNP.PA,0.017543859649122806
2025-07-31,equal_weight,AIR.PA,0.017543859649122806
2025-07-31,equal_weight,SU.PA,0.017543859649122806
2025-07-31,equal_weight,CAP.PA,0.017543859649122806
2025-07-31,equal_weight,AI.PA,0.017543859649122806
2025-07-31,equal_weight,ASML.AS,0.017543859649122806
2025-07-31,equal_weight,PHIA.AS,0.017543859649122806
2025-07-31,equal_weight,INGA.AS,0.017543859649122806
2025-07-31,equal_weight,HEIA.AS,0.017543859649122806
2025-07-31,equal_weight,AD.AS,0.017543859649122806
2025-07-31,equal_weight,WKL.AS,0.017543859649122806
2025-07-31,equal_weight,SAN.MC,0.017543859649122806
2025-07-31,equal_weight,IBE.MC,0.017543859649122806
2025-07-31,equal_weight,ITX.MC,0.017543859649122806
2025-07-31,equal_weight,TEF.MC,0.017543859649122806
2025-07-31,equal_weight,ENG.MC,0.017543859649122806
2025-07-31,equal_weight,BBVA.MC,0.017543859649122806
2025-07-31,equal_weight,NESN.SW,0.017543859649122806
2025-07-31,equal_weight,NOVN.SW,0.017543859649122806
2025-07-31,equal_weight,UBSG.SW,0.017543859649122806
2025-07-31,equal_weight,RO.SW,0.017543859649122806
2025-07-31,equal_weight,ABBN.SW,0.017543859649122806
2025-07-31,equal_weight,CFR.SW,0.017543859649122806
2025-07-31,equal_weight,HOLN.SW,0.017543859649122806
2025-07-31,equal_weight,ENI.MI,0.017543859649122806
2025-07-31,equal_weight,ISP.MI,0.017543859649122806
2025-07-31,equal_weight,UCG.MI,0.017543859649122806
2025-07-31,equal_weight,ENEL.MI,0.017543859649122806
2025-07-31,equal_weight,STMMI.MI,0.017543859649122806
2025-08-29,markowitz,EWP,0.00429460574689881
2025-08-29,markowitz,SAP.DE,0.1247652031359922
2025-08-29,markowitz,DTE.DE,0.14028511865255616
2025-08-29,markowitz,ALV.DE,0.02570225744275668
2025-08-29,markowitz,MUV2.DE,0.056586557237450964
2025-08-29,markowitz,AD.AS,0.03671274761996063
2025-08-29,markowitz,IBE.MC,0.14999999999999858
2025-08-29,markowitz,ITX.MC,0.044686095990077564
2025-08-29,markowitz,TEF.MC,0.006020790949460341
2025-08-29,markowitz,BBVA.MC,0.03376283578145615
2025-08-29,markowitz,NOVN.SW,0.09194734571369922
2025-08-29,markowitz,ABBN.SW,0.05261105498939822
2025-08-29,markowitz,HOLN.SW,0.012175611693121952
2025-08-29,markowitz,ISP.MI,0.06781787327136382
2025-08-29,markowitz,UCG.MI,0.1499999999999982
2025-08-29,markowitz,ENEL.MI,0.002631901775810382
2025-08-29,hrp,EXSA.DE,0.021128534192508232
2025-08-29,hrp,EXV1.DE,0.00866932737802536
2025-08-29,hrp,EXV4.DE,0.03915700239519477
2025-08-29,hrp,EXV3.DE,0.009510738548051664
2025-08-29,hrp,EXV2.DE,0.037073297936328804
2025-08-29,hrp,EXV6.DE,0.016047406635726538
2025-08-29,hrp,EXV7.DE,0.026539353609403935
2025-08-29,hrp,EXH7.DE,0.01441317587882555
2025-08-29,hrp,EXH8.DE,0.013985727113798953
2025-08-29,hrp,EXS1.DE,0.01556926225388749
2025-08-29,hrp,CAC.PA,0.016861655255701585
2025-08-29,hrp,EWI,0.012112305107471327
2025-08-29,hrp,EWP,0.019735948437026477
2025-08-29,hrp,EWN,0.0103729411756909
2025-08-29,hrp,EWL,0.03410136219943209
2025-08-29,hrp,SAP.DE,0.008927360651617425
2025-08-29,hrp,SIE.DE,0.008166534579542363
2025-08-29,hrp,BAS.DE,0.007788898863125153
2025-08-29,hrp,VOW3.DE,0.013638283906776238
2025-08-29,hrp,DTE.DE,0.02034549676149591
2025-08-29,hrp,ALV.DE,0.020213632720697147
2025-08-29,hrp,BMW.DE,0.009428687039330811
2025-08-29,hrp,MBG.DE,0.010266790863516412
2025-08-29,hrp,MUV2.DE,0.017726225322532697
2025-08-29,hrp,MC.PA,0.006348721956990257
2025-08-29,hrp,TTE.PA,0.029015654080360585
2025-08-29,hrp,OR.PA,0.011840619455541698
2025-08-29,hrp,SAN.PA,0.018539247015278697
2025-08-29,hrp,BNP.PA,0.0052302895306967625
2025-08-29,hrp,AIR.PA,0.01314984479922801
2025-08-29,hrp,SU.PA,0.0054191123084268294
2025-08-29,hrp,CAP.PA,0.015811105616724525
2025-08-29,hrp,AI.PA,0.015047865939574561
2025-08-29,hrp,ASML.AS,0.004166120250956875
2025-08-29,hrp,PHIA.AS,0.009962087335935196
2025-08-29,hrp,INGA.AS,0.00744892880928134
2025-08-29,hrp,HEIA.AS,0.029499683060207976
2025-08-29,hrp,AD.AS,0.047863711083849216
2025-08-29,hrp,WKL.AS,0.03650737376307817
2025-08-29,hrp,SAN.MC,0.004418796345359872
2025-08-29,hrp,IBE.MC,0.026324829910374253
2025-08-29,hrp,ITX.MC,0.01792451942815004
2025-08-29,hrp,TEF.MC,0.03405134439755364
2025-08-29,hrp,ENG.MC,0.020129746873696137
2025-08-29,hrp,BBVA.MC,0.006554663119966986
2025-08-29,hrp,NESN.SW,0.04907345124683469
2025-08-29,hrp,NOVN.SW,0.024418288147779157
2025-08-29,hrp,UBSG.SW,0.010969790539518215
2025-08-29,hrp,RO.SW,0.025520654650117252
2025-08-29,hrp,ABBN.SW,0.008015435663564033
2025-08-29,hrp,CFR.SW,0.009671718881335922
2025-08-29,hrp,HOLN.SW,0.013735170029928398
2025-08-29,hrp,ENI.MI,0.03065182853411609
2025-08-29,hrp,ISP.MI,0.006431991558651859
2025-08-29,hrp,UCG.MI,0.004495069424641909
2025-08-29,hrp,ENEL.MI,0.03278239953863007
2025-08-29,hrp,STMMI.MI,0.007199987877943076
2025-08-29,minimum_variance,EXV4.DE,0.0577967820627201
2025-08-29,minimum_variance,EXV2.DE,0.10552826792108444
2025-08-29,minimum_variance,EWN,0.08150374389899483
2025-08-29,minimum_variance,EWL,0.0016765873362263996
2025-08-29,minimum_variance,SAP.DE,0.014873924607352621
2025-08-29,minimum_variance,VOW3.DE,0.016567649878467882
2025-08-29,minimum_variance,DTE.DE,0.031748302982086946
2025-08-29,minimum_variance,BMW.DE,0.017729675219537392
2025-08-29,minimum_variance,MUV2.DE,0.009559979475947679
2025-08-29,minimum_variance,TTE.PA,0.07276993086980145
2025-08-29,minimum_variance,SAN.PA,0.008614064471369727
2025-08-29,minimum_variance,HEIA.AS,0.06074240124952301
2025-08-29,minimum_variance,AD.AS,0.12159998307250422
2025-08-29,minimum_variance,WKL.AS,0.06819063095514011
2025-08-29,minimum_variance,IBE.MC,0.06414032663426952
2025-08-29,minimum_variance,TEF.MC,0.04469274437584681
2025-08-29,minimum_variance,ENG.MC,0.026384986678679334
2025-08-29,minimum_variance,NESN.SW,0.09442572920986028
2025-08-29,minimum_variance,NOVN.SW,0.0440641209816171
2025-08-29,minimum_variance,RO.SW,0.014219085832289601
2025-08-29,minimum_variance,ABBN.SW,0.024579557979209726
2025-08-29,minimum_variance,ENI.MI,0.01859152430747085
2025-08-29,xgb,SAP.DE,0.07209342850569471
2025-08-29,xgb,DTE.DE,0.04706957380362756
2025-08-29,xgb,BNP.PA,0.0846378353590249
2025-08-29,xgb,CAP.PA,0.061484048603798414
2025-08-29,xgb,WKL.AS,0.14999999999998373
2025-08-29,xgb,ITX.MC,0.14301331020370964
2025-08-29,xgb,TEF.MC,0.14999999999998373
2025-08-29,xgb,RO.SW,0.14999999999998373
2025-08-29,xgb,HOLN.SW,0.071255763131339
2025-08-29,xgb,ISP.MI,0.07044604039285447
2025-08-29,xgb_sentiment,SAP.DE,0.020839435566842146
2025-08-29,xgb_sentiment,DTE.DE,0.005500916012443324
2025-08-29,xgb_sentiment,MUV2.DE,0.00756677159403087
2025-08-29,xgb_sentiment,BNP.PA,0.15000000000000943
2025-08-29,xgb_sentiment,SU.PA,0.03441642000199667
2025-08-29,xgb_sentiment,CAP.PA,0.0793256100146834
2025-08-29,xgb_sentiment,INGA.AS,0.022995249671260504
2025-08-29,xgb_sentiment,WKL.AS,0.14999999999999142
2025-08-29,xgb_sentiment,ITX.MC,0.1313549409508685
2025-08-29,xgb_sentiment,TEF.MC,0.15000000000000277
2025-08-29,xgb_sentiment,NESN.SW,0.009308268213390267
2025-08-29,xgb_sentiment,RO.SW,0.14999999999999988
2025-08-29,xgb_sentiment,HOLN.SW,0.0886923879744807
2025-08-29,equal_weight,EXSA.DE,0.017543859649122806
2025-08-29,equal_weight,EXV1.DE,0.017543859649122806
2025-08-29,equal_weight,EXV4.DE,0.017543859649122806
2025-08-29,equal_weight,EXV3.DE,0.017543859649122806
2025-08-29,equal_weight,EXV2.DE,0.017543859649122806
2025-08-29,equal_weight,EXV6.DE,0.017543859649122806
2025-08-29,equal_weight,EXV7.DE,0.017543859649122806
2025-08-29,equal_weight,EXH7.DE,0.017543859649122806
2025-08-29,equal_weight,EXH8.DE,0.017543859649122806
2025-08-29,equal_weight,EXS1.DE,0.017543859649122806
2025-08-29,equal_weight,CAC.PA,0.017543859649122806
2025-08-29,equal_weight,EWI,0.017543859649122806
2025-08-29,equal_weight,EWP,0.017543859649122806
2025-08-29,equal_weight,EWN,0.017543859649122806
2025-08-29,equal_weight,EWL,0.017543859649122806
2025-08-29,equal_weight,SAP.DE,0.017543859649122806
2025-08-29,equal_weight,SIE.DE,0.017543859649122806
2025-08-29,equal_weight,BAS.DE,0.017543859649122806
2025-08-29,equal_weight,VOW3.DE,0.017543859649122806
2025-08-29,equal_weight,DTE.DE,0.017543859649122806
2025-08-29,equal_weight,ALV.DE,0.017543859649122806
2025-08-29,equal_weight,BMW.DE,0.017543859649122806
2025-08-29,equal_weight,MBG.DE,0.017543859649122806
2025-08-29,equal_weight,MUV2.DE,0.017543859649122806
2025-08-29,equal_weight,MC.PA,0.017543859649122806
2025-08-29,equal_weight,TTE.PA,0.017543859649122806
2025-08-29,equal_weight,OR.PA,0.017543859649122806
2025-08-29,equal_weight,SAN.PA,0.017543859649122806
2025-08-29,equal_weight,BNP.PA,0.017543859649122806
2025-08-29,equal_weight,AIR.PA,0.017543859649122806
2025-08-29,equal_weight,SU.PA,0.017543859649122806
2025-08-29,equal_weight,CAP.PA,0.017543859649122806
2025-08-29,equal_weight,AI.PA,0.017543859649122806
2025-08-29,equal_weight,ASML.AS,0.017543859649122806
2025-08-29,equal_weight,PHIA.AS,0.017543859649122806
2025-08-29,equal_weight,INGA.AS,0.017543859649122806
2025-08-29,equal_weight,HEIA.AS,0.017543859649122806
2025-08-29,equal_weight,AD.AS,0.017543859649122806
2025-08-29,equal_weight,WKL.AS,0.017543859649122806
2025-08-29,equal_weight,SAN.MC,0.017543859649122806
2025-08-29,equal_weight,IBE.MC,0.017543859649122806
2025-08-29,equal_weight,ITX.MC,0.017543859649122806
2025-08-29,equal_weight,TEF.MC,0.017543859649122806
2025-08-29,equal_weight,ENG.MC,0.017543859649122806
2025-08-29,equal_weight,BBVA.MC,0.017543859649122806
2025-08-29,equal_weight,NESN.SW,0.017543859649122806
2025-08-29,equal_weight,NOVN.SW,0.017543859649122806
2025-08-29,equal_weight,UBSG.SW,0.017543859649122806
2025-08-29,equal_weight,RO.SW,0.017543859649122806
2025-08-29,equal_weight,ABBN.SW,0.017543859649122806
2025-08-29,equal_weight,CFR.SW,0.017543859649122806
2025-08-29,equal_weight,HOLN.SW,0.017543859649122806
2025-08-29,equal_weight,ENI.MI,0.017543859649122806
2025-08-29,equal_weight,ISP.MI,0.017543859649122806
2025-08-29,equal_weight,UCG.MI,0.017543859649122806
2025-08-29,equal_weight,ENEL.MI,0.017543859649122806
2025-08-29,equal_weight,STMMI.MI,0.017543859649122806
2025-09-30,markowitz,EWP,0.001568721708381255
2025-09-30,markowitz,SAP.DE,0.07738693316481265
2025-09-30,markowitz,DTE.DE,0.07391615010183326
2025-09-30,markowitz,MUV2.DE,0.032383423107423724
2025-09-30,markowitz,PHIA.AS,0.02306699183410398
2025-09-30,markowitz,INGA.AS,0.006136546337479239
2025-09-30,markowitz,AD.AS,0.012255430386943562
2025-09-30,markowitz,IBE.MC,0.14999999999999974
2025-09-30,markowitz,ITX.MC,0.04644153192134837
2025-09-30,markowitz,TEF.MC,0.04571765236837593
2025-09-30,markowitz,BBVA.MC,0.02478097179679252
2025-09-30,markowitz,NOVN.SW,0.07641791887072173
2025-09-30,markowitz,ABBN.SW,0.06096274427231029
2025-09-30,markowitz,HOLN.SW,0.017596053590240232
2025-09-30,markowitz,ISP.MI,0.09830217452234895
2025-09-30,markowitz,UCG.MI,0.1500000000000015
2025-09-30,markowitz,ENEL.MI,0.1030667560168831
2025-09-30,hrp,EXSA.DE,0.02112266345387459
2025-09-30,hrp,EXV1.DE,0.00859369332886059
2025-09-30,hrp,EXV4.DE,0.0367464491252703
2025-09-30,hrp,EXV3.DE,0.009633722887307508
2025-09-30,hrp,EXV2.DE,0.045460798546352536
2025-09-30,hrp,EXV6.DE,0.015214902222047301
2025-09-30,hrp,EXV7.DE,0.02709073726241719
2025-09-30,hrp,EXH7.DE,0.014242977041138626
2025-09-30,hrp,EXH8.DE,0.014909011889279945
2025-09-30,hrp,EXS1.DE,0.015382522177070068
2025-09-30,hrp,CAC.PA,0.016949803643535478
2025-09-30,hrp,EWI,0.011619173350481125
2025-09-30,hrp,EWP,0.01753396811002677
2025-09-30,hrp,EWN,0.009917017796811268
2025-09-30,hrp,EWL,0.031613081933789096
2025-09-30,hrp,SAP.DE,0.008700895792262346
2025-09-30,hrp,SIE.DE,0.008037568571155526
2025-09-30,hrp,BAS.DE,0.007782331435901499
2025-09-30,hrp,VOW3.DE,0.015712554448593895
2025-09-30,hrp,DTE.DE,0.02880788049565172
2025-09-30,hrp,ALV.DE,0.019775569991871196
2025-09-30,hrp,BMW.DE,0.00870516140088257
2025-09-30,hrp,MBG.DE,0.009769895777093262
2025-09-30,hrp,MUV2.DE,0.017942340072730163
2025-09-30,hrp,MC.PA,0.006229375661947705
2025-09-30,hrp,TTE.PA,0.028875517067671795
2025-09-30,hrp,OR.PA,0.01166726590640992
2025-09-30,hrp,SAN.PA,0.016443686279448522
2025-09-30,hrp,BNP.PA,0.005151809796326562
2025-09-30,hrp,AIR.PA,0.014260203259199139
2025-09-30,hrp,SU.PA,0.005321777964784287
2025-09-30,hrp,CAP.PA,0.0090221422756011
2025-09-30,hrp,AI.PA,0.015812805968806864
2025-09-30,hrp,ASML.AS,0.004109865366148227
2025-09-30,hrp,PHIA.AS,0.010258813058062661
2025-09-30,hrp,INGA.AS,0.007492843426592162
2025-09-30,hrp,HEIA.AS,0.02978440009820711
2025-09-30,hrp,AD.AS,0.04809381982000965
2025-09-30,hrp,WKL.AS,0.03676164122051261
2025-09-30,hrp,SAN.MC,0.004368431538343059
2025-09-30,hrp,IBE.MC,0.02802842707911759
2025-09-30,hrp,ITX.MC,0.0169977240955326
2025-09-30,hrp,TEF.MC,0.022887821610769167
2025-09-30,hrp,ENG.MC,0.021708874202554067
2025-09-30,hrp,BBVA.MC,0.006466753806577572
2025-09-30,hrp,NESN.SW,0.04766637138934234
2025-09-30,hrp,NOVN.SW,0.04023328134612243
2025-09-30,hrp,UBSG.SW,0.01288535310370024
2025-09-30,hrp,RO.SW,0.018720280093119462
2025-09-30,hrp,ABBN.SW,0.00785577104407369
2025-09-30,hrp,CFR.SW,0.00939893047181433
2025-09-30,hrp,HOLN.SW,0.011078028258507757
2025-09-30,hrp,ENI.MI,0.029064125188031448
2025-09-30,hrp,ISP.MI,0.006309821801584366
2025-09-30,hrp,UCG.MI,0.00436854132773664
2025-09-30,hrp,ENEL.MI,0.036157519700553635
2025-09-30,hrp,STMMI.MI,0.005253256018386865
2025-09-30,minimum_variance,EXV4.DE,0.06654696116685442
2025-09-30,minimum_variance,EXV2.DE,0.11804120972664028
2025-09-30,minimum_variance,EXH7.DE,0.0019907140421222755
2025-09-30,minimum_variance,EWN,0.08343773011260143
2025-09-30,minimum_variance,EWL,0.019748160685110726
2025-09-30,minimum_variance,SAP.DE,0.015115493946601078
2025-09-30,minimum_variance,VOW3.DE,0.020325414823293312
2025-09-30,minimum_variance,DTE.DE,0.030979960574189284
2025-09-30,minimum_variance,BMW.DE,0.012755958166777317
2025-09-30,minimum_variance,TTE.PA,0.07801665575233371
2025-09-30,minimum_variance,SAN.PA,0.009880409714446498
2025-09-30,minimum_variance,HEIA.AS,0.062247752870329236
2025-09-30,minimum_variance,AD.AS,0.12317234191331279
2025-09-30,minimum_variance,WKL.AS,0.058629769489973574
2025-09-30,minimum_variance,IBE.MC,0.07782385711157364
2025-09-30,minimum_variance,ITX.MC,0.0003494473723590633
2025-09-30,minimum_variance,TEF.MC,0.04111944623521795
2025-09-30,minimum_variance,ENG.MC,0.02802953073372017
2025-09-30,minimum_variance,NESN.SW,0.0721903575111273
2025-09-30,minimum_variance,NOVN.SW,0.032800888315152196
2025-09-30,minimum_variance,RO.SW,0.010751161396289509
2025-09-30,minimum_variance,ABBN.SW,0.02491266549402588
2025-09-30,minimum_variance,ENI.MI,0.011134112845948405
2025-09-30,xgb,VOW3.DE,0.15000000000000496
2025-09-30,xgb,DTE.DE,0.1500000000000012
2025-09-30,xgb,MC.PA,0.13041182151530145
2025-09-30,xgb,TTE.PA,0.04941604719665431
2025-09-30,xgb,SAN.PA,0.1500000000000022
2025-09-30,xgb,AD.AS,0.007704324710443587
2025-09-30,xgb,WKL.AS,0.14999999999999067
2025-09-30,xgb,TEF.MC,0.014434722842800441
2025-09-30,xgb,RO.SW,0.07230175999113218
2025-09-30,xgb,HOLN.SW,0.05351387738971146
2025-09-30,xgb,UCG.MI,0.07221744635395765
2025-09-30,xgb_sentiment,VOW3.DE,0.14999999999999164
2025-09-30,xgb_sentiment,DTE.DE,0.1499999999999946
2025-09-30,xgb_sentiment,MUV2.DE,0.0004521889115837848
2025-09-30,xgb_sentiment,MC.PA,0.11557182350484846
2025-09-30,xgb_sentiment,TTE.PA,0.07964393719705194
2025-09-30,xgb_sentiment,SAN.PA,0.149999999999991
2025-09-30,xgb_sentiment,WKL.AS,0.14999999999998861
2025-09-30,xgb_sentiment,TEF.MC,0.02030154670126428
2025-09-30,xgb_sentiment,RO.SW,0.09228145484387604
2025-09-30,xgb_sentiment,HOLN.SW,0.07429071297022118
2025-09-30,xgb_sentiment,UCG.MI,0.017458335871188717
2025-09-30,equal_weight,EXSA.DE,0.017543859649122806
2025-09-30,equal_weight,EXV1.DE,0.017543859649122806
2025-09-30,equal_weight,EXV4.DE,0.017543859649122806
2025-09-30,equal_weight,EXV3.DE,0.017543859649122806
2025-09-30,equal_weight,EXV2.DE,0.017543859649122806
2025-09-30,equal_weight,EXV6.DE,0.017543859649122806
2025-09-30,equal_weight,EXV7.DE,0.017543859649122806
2025-09-30,equal_weight,EXH7.DE,0.017543859649122806
2025-09-30,equal_weight,EXH8.DE,0.017543859649122806
2025-09-30,equal_weight,EXS1.DE,0.017543859649122806
2025-09-30,equal_weight,CAC.PA,0.017543859649122806
2025-09-30,equal_weight,EWI,0.017543859649122806
2025-09-30,equal_weight,EWP,0.017543859649122806
2025-09-30,equal_weight,EWN,0.017543859649122806
2025-09-30,equal_weight,EWL,0.017543859649122806
2025-09-30,equal_weight,SAP.DE,0.017543859649122806
2025-09-30,equal_weight,SIE.DE,0.017543859649122806
2025-09-30,equal_weight,BAS.DE,0.017543859649122806
2025-09-30,equal_weight,VOW3.DE,0.017543859649122806
2025-09-30,equal_weight,DTE.DE,0.017543859649122806
2025-09-30,equal_weight,ALV.DE,0.017543859649122806
2025-09-30,equal_weight,BMW.DE,0.017543859649122806
2025-09-30,equal_weight,MBG.DE,0.017543859649122806
2025-09-30,equal_weight,MUV2.DE,0.017543859649122806
2025-09-30,equal_weight,MC.PA,0.017543859649122806
2025-09-30,equal_weight,TTE.PA,0.017543859649122806
2025-09-30,equal_weight,OR.PA,0.017543859649122806
2025-09-30,equal_weight,SAN.PA,0.017543859649122806
2025-09-30,equal_weight,BNP.PA,0.017543859649122806
2025-09-30,equal_weight,AIR.PA,0.017543859649122806
2025-09-30,equal_weight,SU.PA,0.017543859649122806
2025-09-30,equal_weight,CAP.PA,0.017543859649122806
2025-09-30,equal_weight,AI.PA,0.017543859649122806
2025-09-30,equal_weight,ASML.AS,0.017543859649122806
2025-09-30,equal_weight,PHIA.AS,0.017543859649122806
2025-09-30,equal_weight,INGA.AS,0.017543859649122806
2025-09-30,equal_weight,HEIA.AS,0.017543859649122806
2025-09-30,equal_weight,AD.AS,0.017543859649122806
2025-09-30,equal_weight,WKL.AS,0.017543859649122806
2025-09-30,equal_weight,SAN.MC,0.017543859649122806
2025-09-30,equal_weight,IBE.MC,0.017543859649122806
2025-09-30,equal_weight,ITX.MC,0.017543859649122806
2025-09-30,equal_weight,TEF.MC,0.017543859649122806
2025-09-30,equal_weight,ENG.MC,0.017543859649122806
2025-09-30,equal_weight,BBVA.MC,0.017543859649122806
2025-09-30,equal_weight,NESN.SW,0.017543859649122806
2025-09-30,equal_weight,NOVN.SW,0.017543859649122806
2025-09-30,equal_weight,UBSG.SW,0.017543859649122806
2025-09-30,equal_weight,RO.SW,0.017543859649122806
2025-09-30,equal_weight,ABBN.SW,0.017543859649122806
2025-09-30,equal_weight,CFR.SW,0.017543859649122806
2025-09-30,equal_weight,HOLN.SW,0.017543859649122806
2025-09-30,equal_weight,ENI.MI,0.017543859649122806
2025-09-30,equal_weight,ISP.MI,0.017543859649122806
2025-09-30,equal_weight,UCG.MI,0.017543859649122806
2025-09-30,equal_weight,ENEL.MI,0.017543859649122806
2025-09-30,equal_weight,STMMI.MI,0.017543859649122806
2025-10-31,markowitz,EWP,0.02590237119208819
2025-10-31,markowitz,SAP.DE,0.06361399219558077
2025-10-31,markowitz,DTE.DE,0.020633928937231902
2025-10-31,markowitz,MUV2.DE,0.008356526431960842
2025-10-31,markowitz,PHIA.AS,0.02646697160107231
2025-10-31,markowitz,AD.AS,0.07123496946214891
2025-10-31,markowitz,IBE.MC,0.1500000000061029
2025-10-31,markowitz,ITX.MC,0.05923343521266487
2025-10-31,markowitz,TEF.MC,0.02885834158875203
2025-10-31,markowitz,BBVA.MC,0.07221741351912926
2025-10-31,markowitz,NOVN.SW,0.06636736936836485
2025-10-31,markowitz,ABBN.SW,0.08850079688950355
2025-10-31,markowitz,HOLN.SW,0.01027933439814276
2025-10-31,markowitz,ISP.MI,0.03019472923331592
2025-10-31,markowitz,UCG.MI,0.15000000000610308
2025-10-31,markowitz,ENEL.MI,0.12813981995783777
2025-10-31,hrp,EXSA.DE,0.02523028206212182
2025-10-31,hrp,EXV1.DE,0.01146041447190882
2025-10-31,hrp,EXV4.DE,0.03546309122798609
2025-10-31,hrp,EXV3.DE,0.010051903011880425
2025-10-31,hrp,EXV2.DE,0.04093663778196356
2025-10-31,hrp,EXV6.DE,0.01961913106532268
2025-10-31,hrp,EXV7.DE,0.019738312639977097
2025-10-31,hrp,EXH7.DE,0.025551758530510796
2025-10-31,hrp,EXH8.DE,0.022271281551582624
2025-10-31,hrp,EXS1.DE,0.019843708531734675
2025-10-31,hrp,CAC.PA,0.018924649285520373
2025-10-31,hrp,EWI,0.012096469358938305
2025-10-31,hrp,EWP,0.019597761526394537
2025-10-31,hrp,EWN,0.01072997009203848
2025-10-31,hrp,EWL,0.04081975367875924
2025-10-31,hrp,SAP.DE,0.010199496590863387
2025-10-31,hrp,SIE.DE,0.006348202152030396
2025-10-31,hrp,BAS.DE,0.00917417414335645
2025-10-31,hrp,VOW3.DE,0.009893327003766902
2025-10-31,hrp,DTE.DE,0.02127208277460982
2025-10-31,hrp,ALV.DE,0.020651066516856473
2025-10-31,hrp,BMW.DE,0.008954601651179688
2025-10-31,hrp,MBG.DE,0.01752853768680386
2025-10-31,hrp,MUV2.DE,0.015868479036029663
2025-10-31,hrp,MC.PA,0.007236922031620038
2025-10-31,hrp,TTE.PA,0.027836756225418025
2025-10-31,hrp,OR.PA,0.010542724088265856
2025-10-31,hrp,SAN.PA,0.017434078307266218
2025-10-31,hrp,BNP.PA,0.0060745154696783
2025-10-31,hrp,AIR.PA,0.014745830503528934
2025-10-31,hrp,SU.PA,0.00882204172248446
2025-10-31,hrp,CAP.PA,0.014028859549706924
2025-10-31,hrp,AI.PA,0.02620054542761223
2025-10-31,hrp,ASML.AS,0.0037663398896322026
2025-10-31,hrp,PHIA.AS,0.010127486365510207
2025-10-31,hrp,INGA.AS,0.008181282883704016
2025-10-31,hrp,HEIA.AS,0.02835269671711314
2025-10-31,hrp,AD.AS,0.04744270246357087
2025-10-31,hrp,WKL.AS,0.03411938702024581
2025-10-31,hrp,SAN.MC,0.005487805501737331
2025-10-31,hrp,IBE.MC,0.020452675176011733
2025-10-31,hrp,ITX.MC,0.011424898307988408
2025-10-31,hrp,TEF.MC,0.02110014972328004
2025-10-31,hrp,ENG.MC,0.02127678149062516
2025-10-31,hrp,BBVA.MC,0.007503324481908699
2025-10-31,hrp,NESN.SW,0.04033627671334119
2025-10-31,hrp,NOVN.SW,0.029528449968614152
2025-10-31,hrp,UBSG.SW,0.010101522510923161
2025-10-31,hrp,RO.SW,0.015068162849210386
2025-10-31,hrp,ABBN.SW,0.01153591111773177
2025-10-31,hrp,CFR.SW,0.006768767535867111
2025-10-31,hrp,HOLN.SW,0.012971092775818026
2025-10-31,hrp,ENI.MI,0.028423013409540072
2025-10-31,hrp,ISP.MI,0.01421428610115561
2025-10-31,hrp,UCG.MI,0.004173808169465166
2025-10-31,hrp,ENEL.MI,0.01737882503443743
2025-10-31,hrp,STMMI.MI,0.00511698809485116
2025-10-31,minimum_variance,EXV4.DE,0.06580518568788006
2025-10-31,minimum_variance,EXV2.DE,0.12483034177778556
2025-10-31,minimum_variance,EWN,0.09344892613409754
2025-10-31,minimum_variance,EWL,0.031047505855667214
2025-10-31,minimum_variance,SAP.DE,0.009854023728322104
2025-10-31,minimum_variance,VOW3.DE,0.010900842644707573
2025-10-31,minimum_variance,DTE.DE,0.021628727652845542
2025-10-31,minimum_variance,BMW.DE,0.01294309300306334
2025-10-31,minimum_variance,MBG.DE,0.014839382364056323
2025-10-31,minimum_variance,TTE.PA,0.05963238370159021
2025-10-31,minimum_variance,SAN.PA,0.009275047646226046
2025-10-31,minimum_variance,HEIA.AS,0.05918999808200188
2025-10-31,minimum_variance,AD.AS,0.11642719730377753
2025-10-31,minimum_variance,WKL.AS,0.06601913225209717
2025-10-31,minimum_variance,IBE.MC,0.08208574105263511
2025-10-31,minimum_variance,TEF.MC,0.04773168401406193
2025-10-31,minimum_variance,ENG.MC,0.03408149405862269
2025-10-31,minimum_variance,NESN.SW,0.04951902905946854
2025-10-31,minimum_variance,NOVN.SW,0.04702417743981593
2025-10-31,minimum_variance,ABBN.SW,0.02408147347572868
2025-10-31,minimum_variance,ENI.MI,0.019634613065549006
2025-10-31,xgb,EXV7.DE,0.05707347103777215
2025-10-31,xgb,EWL,0.07108185095648063
2025-10-31,xgb,DTE.DE,0.05506484693807071
2025-10-31,xgb,OR.PA,0.0897041847925681
2025-10-31,xgb,BNP.PA,0.07754215805423344
2025-10-31,xgb,INGA.AS,0.14999999999999286
2025-10-31,xgb,AD.AS,0.041908589026438535
2025-10-31,xgb,WKL.AS,0.14999999999999286
2025-10-31,xgb,TEF.MC,0.024265514662062743
2025-10-31,xgb,NOVN.SW,0.10120032424967412
2025-10-31,xgb,RO.SW,0.07594743599804145
2025-10-31,xgb,ENI.MI,0.06961539598279333
2025-10-31,xgb,STMMI.MI,0.036596228301879155
2025-10-31,xgb_sentiment,EXV4.DE,0.01713656098399929
2025-10-31,xgb_sentiment,EWL,0.05867078573621261
2025-10-31,xgb_sentiment,DTE.DE,0.13491951890166273
2025-10-31,xgb_sentiment,OR.PA,0.04171021498636551
2025-10-31,xgb_sentiment,BNP.PA,0.13907204371262788
2025-10-31,xgb_sentiment,INGA.AS,0.15000000000000924
2025-10-31,xgb_sentiment,AD.AS,0.047317166876301685
2025-10-31,xgb_sentiment,WKL.AS,0.14999999999997957
2025-10-31,xgb_sentiment,NOVN.SW,0.12548724376072462
2025-10-31,xgb_sentiment,RO.SW,0.04207419704728898
2025-10-31,xgb_sentiment,ENI.MI,0.027976017471445926
2025-10-31,xgb_sentiment,STMMI.MI,0.06563625052338214
2025-10-31,equal_weight,EXSA.DE,0.017543859649122806
2025-10-31,equal_weight,EXV1.DE,0.017543859649122806
2025-10-31,equal_weight,EXV4.DE,0.017543859649122806
2025-10-31,equal_weight,EXV3.DE,0.017543859649122806
2025-10-31,equal_weight,EXV2.DE,0.017543859649122806
2025-10-31,equal_weight,EXV6.DE,0.017543859649122806
2025-10-31,equal_weight,EXV7.DE,0.017543859649122806
2025-10-31,equal_weight,EXH7.DE,0.017543859649122806
2025-10-31,equal_weight,EXH8.DE,0.017543859649122806
2025-10-31,equal_weight,EXS1.DE,0.017543859649122806
2025-10-31,equal_weight,CAC.PA,0.017543859649122806
2025-10-31,equal_weight,EWI,0.017543859649122806
2025-10-31,equal_weight,EWP,0.017543859649122806
2025-10-31,equal_weight,EWN,0.017543859649122806
2025-10-31,equal_weight,EWL,0.017543859649122806
2025-10-31,equal_weight,SAP.DE,0.017543859649122806
2025-10-31,equal_weight,SIE.DE,0.017543859649122806
2025-10-31,equal_weight,BAS.DE,0.017543859649122806
2025-10-31,equal_weight,VOW3.DE,0.017543859649122806
2025-10-31,equal_weight,DTE.DE,0.017543859649122806
2025-10-31,equal_weight,ALV.DE,0.017543859649122806
2025-10-31,equal_weight,BMW.DE,0.017543859649122806
2025-10-31,equal_weight,MBG.DE,0.017543859649122806
2025-10-31,equal_weight,MUV2.DE,0.017543859649122806
2025-10-31,equal_weight,MC.PA,0.017543859649122806
2025-10-31,equal_weight,TTE.PA,0.017543859649122806
2025-10-31,equal_weight,OR.PA,0.017543859649122806
2025-10-31,equal_weight,SAN.PA,0.017543859649122806
2025-10-31,equal_weight,BNP.PA,0.017543859649122806
2025-10-31,equal_weight,AIR.PA,0.017543859649122806
2025-10-31,equal_weight,SU.PA,0.017543859649122806
2025-10-31,equal_weight,CAP.PA,0.017543859649122806
2025-10-31,equal_weight,AI.PA,0.017543859649122806
2025-10-31,equal_weight,ASML.AS,0.017543859649122806
2025-10-31,equal_weight,PHIA.AS,0.017543859649122806
2025-10-31,equal_weight,INGA.AS,0.017543859649122806
2025-10-31,equal_weight,HEIA.AS,0.017543859649122806
2025-10-31,equal_weight,AD.AS,0.017543859649122806
2025-10-31,equal_weight,WKL.AS,0.017543859649122806
2025-10-31,equal_weight,SAN.MC,0.017543859649122806
2025-10-31,equal_weight,IBE.MC,0.017543859649122806
2025-10-31,equal_weight,ITX.MC,0.017543859649122806
2025-10-31,equal_weight,TEF.MC,0.017543859649122806
2025-10-31,equal_weight,ENG.MC,0.017543859649122806
2025-10-31,equal_weight,BBVA.MC,0.017543859649122806
2025-10-31,equal_weight,NESN.SW,0.017543859649122806
2025-10-31,equal_weight,NOVN.SW,0.017543859649122806
2025-10-31,equal_weight,UBSG.SW,0.017543859649122806
2025-10-31,equal_weight,RO.SW,0.017543859649122806
2025-10-31,equal_weight,ABBN.SW,0.017543859649122806
2025-10-31,equal_weight,CFR.SW,0.017543859649122806
2025-10-31,equal_weight,HOLN.SW,0.017543859649122806
2025-10-31,equal_weight,ENI.MI,0.017543859649122806
2025-10-31,equal_weight,ISP.MI,0.017543859649122806
2025-10-31,equal_weight,UCG.MI,0.017543859649122806
2025-10-31,equal_weight,ENEL.MI,0.017543859649122806
2025-10-31,equal_weight,STMMI.MI,0.017543859649122806
2025-11-28,markowitz,EWP,0.024641346530196562
2025-11-28,markowitz,SAP.DE,0.05797270594133011
2025-11-28,markowitz,DTE.DE,0.0666568788210225
2025-11-28,markowitz,PHIA.AS,0.02795680164599267
2025-11-28,markowitz,AD.AS,0.06426042953413988
2025-11-28,markowitz,IBE.MC,0.15000000000000185
2025-11-28,markowitz,ITX.MC,0.04569245690317704
2025-11-28,markowitz,BBVA.MC,0.07993760624932174
2025-11-28,markowitz,NOVN.SW,0.06868850931062642
2025-11-28,markowitz,ABBN.SW,0.0798934831643026
2025-11-28,markowitz,HOLN.SW,0.017928941250026025
2025-11-28,markowitz,ISP.MI,0.03064510125518381
2025-11-28,markowitz,UCG.MI,0.15000000000000258
2025-11-28,markowitz,ENEL.MI,0.13572573939467622
2025-11-28,hrp,EXSA.DE,0.023430579333104655
2025-11-28,hrp,EXV1.DE,0.014923765717981931
2025-11-28,hrp,EXV4.DE,0.04132533714951417
2025-11-28,hrp,EXV3.DE,0.010477725511774467
2025-11-28,hrp,EXV2.DE,0.04157828438122466
2025-11-28,hrp,EXV6.DE,0.013171970364181388
2025-11-28,hrp,EXV7.DE,0.021968626701469953
2025-11-28,hrp,EXH7.DE,0.018420611923940546
2025-11-28,hrp,EXH8.DE,0.015201404121322743
2025-11-28,hrp,EXS1.DE,0.01686265622121194
2025-11-28,hrp,CAC.PA,0.037772017717260756
2025-11-28,hrp,EWI,0.015778737002042287
2025-11-28,hrp,EWP,0.027489914514292495
2025-11-28,hrp,EWN,0.01406134757100584
2025-11-28,hrp,EWL,0.03243326109300751
2025-11-28,hrp,SAP.DE,0.009808377412179653
2025-11-28,hrp,SIE.DE,0.006160536247329141
2025-11-28,hrp,BAS.DE,0.012093024067003891
2025-11-28,hrp,VOW3.DE,0.00968231878562341
2025-11-28,hrp,DTE.DE,0.022484634935281734
2025-11-28,hrp,ALV.DE,0.01629559982016149
2025-11-28,hrp,BMW.DE,0.008378833948215555
2025-11-28,hrp,MBG.DE,0.01722546258598514
2025-11-28,hrp,MUV2.DE,0.015306868015747786
2025-11-28,hrp,MC.PA,0.005190696298317966
2025-11-28,hrp,TTE.PA,0.026669455906295714
2025-11-28,hrp,OR.PA,0.016796148506685246
2025-11-28,hrp,SAN.PA,0.02064328340680943
2025-11-28,hrp,BNP.PA,0.0068581900939991055
2025-11-28,hrp,AIR.PA,0.012590485396871527
2025-11-28,hrp,SU.PA,0.008548628303398236
2025-11-28,hrp,CAP.PA,0.015442318127631277
2025-11-28,hrp,AI.PA,0.01847540264066335
2025-11-28,hrp,ASML.AS,0.004345763990164076
2025-11-28,hrp,PHIA.AS,0.012818885746131858
2025-11-28,hrp,INGA.AS,0.008633484386923244
2025-11-28,hrp,HEIA.AS,0.025359573306560582
2025-11-28,hrp,AD.AS,0.03853324923691893
2025-11-28,hrp,WKL.AS,0.03501314566661514
2025-11-28,hrp,SAN.MC,0.007131305529397351
2025-11-28,hrp,IBE.MC,0.02166017692968336
2025-11-28,hrp,ITX.MC,0.01015617159982272
2025-11-28,hrp,TEF.MC,0.017622214884436275
2025-11-28,hrp,ENG.MC,0.023076245468501875
2025-11-28,hrp,BBVA.MC,0.007658476043505146
2025-11-28,hrp,NESN.SW,0.038279934884309405
2025-11-28,hrp,NOVN.SW,0.028232390229182204
2025-11-28,hrp,UBSG.SW,0.010008146958547464
2025-11-28,hrp,RO.SW,0.015719110627051416
2025-11-28,hrp,ABBN.SW,0.01097101868446969
2025-11-28,hrp,CFR.SW,0.0068959823390956675
2025-11-28,hrp,HOLN.SW,0.012449073603046987
2025-11-28,hrp,ENI.MI,0.03499865823861936
2025-11-28,hrp,ISP.MI,0.008335802120105255
2025-11-28,hrp,UCG.MI,0.0049280296456208515
2025-11-28,hrp,ENEL.MI,0.01855150709945439
2025-11-28,hrp,STMMI.MI,0.005075148960301891
2025-11-28,minimum_variance,EXV4.DE,0.06854020851429843
2025-11-28,minimum_variance,EXV2.DE,0.14238313398733302
2025-11-28,minimum_variance,EWN,0.09816981227085364
2025-11-28,minimum_variance,EWL,0.028440971643039104
2025-11-28,minimum_variance,SAP.DE,0.0158627516419906
2025-11-28,minimum_variance,VOW3.DE,0.0050053460855885735
2025-11-28,minimum_variance,DTE.DE,0.013788466446568042
2025-11-28,minimum_variance,MBG.DE,0.027949727918145147
2025-11-28,minimum_variance,TTE.PA,0.048645660795348905
2025-11-28,minimum_variance,SAN.PA,0.005151677075415379
2025-11-28,minimum_variance,HEIA.AS,0.05414084258071182
2025-11-28,minimum_variance,AD.AS,0.11145617646133894
2025-11-28,minimum_variance,WKL.AS,0.05552565936577334
2025-11-28,minimum_variance,IBE.MC,0.0846275633990085
2025-11-28,minimum_variance,TEF.MC,0.033712453194992505
2025-11-28,minimum_variance,ENG.MC,0.04677773798808463
2025-11-28,minimum_variance,NESN.SW,0.05893802402419166
2025-11-28,minimum_variance,NOVN.SW,0.03178752505834141
2025-11-28,minimum_variance,RO.SW,0.007470609685422594
2025-11-28,minimum_variance,ABBN.SW,0.02536692165610969
2025-11-28,minimum_variance,ENI.MI,0.03625873020744412
2025-11-28,xgb,EWN,0.023925572595814924
2025-11-28,xgb,EWL,0.009070727054856629
2025-11-28,xgb,DTE.DE,0.14999999999999203
2025-11-28,xgb,OR.PA,0.0390284584857042
2025-11-28,xgb,SAN.PA,0.1499999999999893
2025-11-28,xgb,AIR.PA,0.14999999999999203
2025-11-28,xgb,ASML.AS,0.059941063820633515
2025-11-28,xgb,AD.AS,0.05162138657929093
2025-11-28,xgb,TEF.MC,0.14999999999999203
2025-11-28,xgb,RO.SW,0.021303315692129076
2025-11-28,xgb,ABBN.SW,0.14999999999999203
2025-11-28,xgb,STMMI.MI,0.04510947577161324
2025-11-28,xgb_sentiment,EWN,0.04659042939079776
2025-11-28,xgb_sentiment,DTE.DE,0.14999999999999938
2025-11-28,xgb_sentiment,OR.PA,0.03435330181490175
2025-11-28,xgb_sentiment,SAN.PA,0.14999999999999938
2025-11-28,xgb_sentiment,AIR.PA,0.14999999999999938
2025-11-28,xgb_sentiment,ASML.AS,0.03074918806694079
2025-11-28,xgb_sentiment,WKL.AS,0.07168798467152585
2025-11-28,xgb_sentiment,TEF.MC,0.14999999999999938
2025-11-28,xgb_sentiment,NESN.SW,0.038287570037007126
2025-11-28,xgb_sentiment,ABBN.SW,0.14999999999999938
2025-11-28,xgb_sentiment,STMMI.MI,0.028331526018829836
2025-11-28,equal_weight,EXSA.DE,0.017543859649122806
2025-11-28,equal_weight,EXV1.DE,0.017543859649122806
2025-11-28,equal_weight,EXV4.DE,0.017543859649122806
2025-11-28,equal_weight,EXV3.DE,0.017543859649122806
2025-11-28,equal_weight,EXV2.DE,0.017543859649122806
2025-11-28,equal_weight,EXV6.DE,0.017543859649122806
2025-11-28,equal_weight,EXV7.DE,0.017543859649122806
2025-11-28,equal_weight,EXH7.DE,0.017543859649122806
2025-11-28,equal_weight,EXH8.DE,0.017543859649122806
2025-11-28,equal_weight,EXS1.DE,0.017543859649122806
2025-11-28,equal_weight,CAC.PA,0.017543859649122806
2025-11-28,equal_weight,EWI,0.017543859649122806
2025-11-28,equal_weight,EWP,0.017543859649122806
2025-11-28,equal_weight,EWN,0.017543859649122806
2025-11-28,equal_weight,EWL,0.017543859649122806
2025-11-28,equal_weight,SAP.DE,0.017543859649122806
2025-11-28,equal_weight,SIE.DE,0.017543859649122806
2025-11-28,equal_weight,BAS.DE,0.017543859649122806
2025-11-28,equal_weight,VOW3.DE,0.017543859649122806
2025-11-28,equal_weight,DTE.DE,0.017543859649122806
2025-11-28,equal_weight,ALV.DE,0.017543859649122806
2025-11-28,equal_weight,BMW.DE,0.017543859649122806
2025-11-28,equal_weight,MBG.DE,0.017543859649122806
2025-11-28,equal_weight,MUV2.DE,0.017543859649122806
2025-11-28,equal_weight,MC.PA,0.017543859649122806
2025-11-28,equal_weight,TTE.PA,0.017543859649122806
2025-11-28,equal_weight,OR.PA,0.017543859649122806
2025-11-28,equal_weight,SAN.PA,0.017543859649122806
2025-11-28,equal_weight,BNP.PA,0.017543859649122806
2025-11-28,equal_weight,AIR.PA,0.017543859649122806
2025-11-28,equal_weight,SU.PA,0.017543859649122806
2025-11-28,equal_weight,CAP.PA,0.017543859649122806
2025-11-28,equal_weight,AI.PA,0.017543859649122806
2025-11-28,equal_weight,ASML.AS,0.017543859649122806
2025-11-28,equal_weight,PHIA.AS,0.017543859649122806
2025-11-28,equal_weight,INGA.AS,0.017543859649122806
2025-11-28,equal_weight,HEIA.AS,0.017543859649122806
2025-11-28,equal_weight,AD.AS,0.017543859649122806
2025-11-28,equal_weight,WKL.AS,0.017543859649122806
2025-11-28,equal_weight,SAN.MC,0.017543859649122806
2025-11-28,equal_weight,IBE.MC,0.017543859649122806
2025-11-28,equal_weight,ITX.MC,0.017543859649122806
2025-11-28,equal_weight,TEF.MC,0.017543859649122806
2025-11-28,equal_weight,ENG.MC,0.017543859649122806
2025-11-28,equal_weight,BBVA.MC,0.017543859649122806
2025-11-28,equal_weight,NESN.SW,0.017543859649122806
2025-11-28,equal_weight,NOVN.SW,0.017543859649122806
2025-11-28,equal_weight,UBSG.SW,0.017543859649122806
2025-11-28,equal_weight,RO.SW,0.017543859649122806
2025-11-28,equal_weight,ABBN.SW,0.017543859649122806
2025-11-28,equal_weight,CFR.SW,0.017543859649122806
2025-11-28,equal_weight,HOLN.SW,0.017543859649122806
2025-11-28,equal_weight,ENI.MI,0.017543859649122806
2025-11-28,equal_weight,ISP.MI,0.017543859649122806
2025-11-28,equal_weight,UCG.MI,0.017543859649122806
2025-11-28,equal_weight,ENEL.MI,0.017543859649122806
2025-11-28,equal_weight,STMMI.MI,0.017543859649122806
2025-12-31,markowitz,EWP,0.025550634358743485
2025-12-31,markowitz,SAP.DE,0.04386595773114408
2025-12-31,markowitz,DTE.DE,0.028326238744878985
2025-12-31,markowitz,PHIA.AS,0.014436338027246913
2025-12-31,markowitz,AD.AS,0.09417435501499041
2025-12-31,markowitz,IBE.MC,0.150000000004596
2025-12-31,markowitz,ITX.MC,0.09940024117060076
2025-12-31,markowitz,BBVA.MC,0.07976682154454003
2025-12-31,markowitz,NOVN.SW,0.13924820270817637
2025-12-31,markowitz,ABBN.SW,0.05537930557944452
2025-12-31,markowitz,HOLN.SW,0.010618563534716614
2025-12-31,markowitz,ISP.MI,0.03758747807377653
2025-12-31,markowitz,UCG.MI,0.15000000000459543
2025-12-31,markowitz,ENEL.MI,0.07164586350254985
2025-12-31,hrp,EXSA.DE,0.025445424786725117
2025-12-31,hrp,EXV1.DE,0.011498314585699514
2025-12-31,hrp,EXV4.DE,0.03864655061063401
2025-12-31,hrp,EXV3.DE,0.011098651724958646
2025-12-31,hrp,EXV2.DE,0.04416883531088233
2025-12-31,hrp,EXV6.DE,0.012459249768479817
2025-12-31,hrp,EXV7.DE,0.0272360693519886
2025-12-31,hrp,EXH7.DE,0.026572470844673672
2025-12-31,hrp,EXH8.DE,0.017615237226751117
2025-12-31,hrp,EXS1.DE,0.022371566748295352
2025-12-31,hrp,CAC.PA,0.019263328555766852
2025-12-31,hrp,EWI,0.016016189980088583
2025-12-31,hrp,EWP,0.026993948014339225
2025-12-31,hrp,EWN,0.014368875614683729
2025-12-31,hrp,EWL,0.0330884136048013
2025-12-31,hrp,SAP.DE,0.011142213212462953
2025-12-31,hrp,SIE.DE,0.006957371782152648
2025-12-31,hrp,BAS.DE,0.011141486662607595
2025-12-31,hrp,VOW3.DE,0.009385613386116239
2025-12-31,hrp,DTE.DE,0.02177073834634813
2025-12-31,hrp,ALV.DE,0.01686948201305779
2025-12-31,hrp,BMW.DE,0.007990736465873562
2025-12-31,hrp,MBG.DE,0.016502439242861232
2025-12-31,hrp,MUV2.DE,0.015073254204000923
2025-12-31,hrp,MC.PA,0.007513062919056885
2025-12-31,hrp,TTE.PA,0.02614106070094518
2025-12-31,hrp,OR.PA,0.013442468473115273
2025-12-31,hrp,SAN.PA,0.02038936603127719
2025-12-31,hrp,BNP.PA,0.006542719794158981
2025-12-31,hrp,AIR.PA,0.011533865044557196
2025-12-31,hrp,SU.PA,0.008263796637767164
2025-12-31,hrp,CAP.PA,0.015286052746423884
2025-12-31,hrp,AI.PA,0.01956722569677704
2025-12-31,hrp,ASML.AS,0.004543394833532443
2025-12-31,hrp,PHIA.AS,0.012566122369488765
2025-12-31,hrp,INGA.AS,0.007914177104739694
2025-12-31,hrp,HEIA.AS,0.0259426708292383
2025-12-31,hrp,AD.AS,0.04813409725356125
2025-12-31,hrp,WKL.AS,0.025394234415797367
2025-12-31,hrp,SAN.MC,0.005743582108412566
2025-12-31,hrp,IBE.MC,0.020489662380056943
2025-12-31,hrp,ITX.MC,0.017362767210747584
2025-12-31,hrp,TEF.MC,0.018535477894248618
2025-12-31,hrp,ENG.MC,0.022828116608375408
2025-12-31,hrp,BBVA.MC,0.006388235913566394
2025-12-31,hrp,NESN.SW,0.03705223226542764
2025-12-31,hrp,NOVN.SW,0.027461269673343697
2025-12-31,hrp,UBSG.SW,0.00951436244905694
2025-12-31,hrp,RO.SW,0.015449926887213947
2025-12-31,hrp,ABBN.SW,0.01029260232999811
2025-12-31,hrp,CFR.SW,0.006266653799135279
2025-12-31,hrp,HOLN.SW,0.010596549817298571
2025-12-31,hrp,ENI.MI,0.0352804501236569
2025-12-31,hrp,ISP.MI,0.008195576134144742
2025-12-31,hrp,UCG.MI,0.008403265196169834
2025-12-31,hrp,ENEL.MI,0.018328883449297548
2025-12-31,hrp,STMMI.MI,0.00495960886516386
2025-12-31,minimum_variance,EXV4.DE,0.06199550047158565
2025-12-31,minimum_variance,EXV2.DE,0.13040946126033337
2025-12-31,minimum_variance,EWN,0.10510214149388118
2025-12-31,minimum_variance,EWL,0.034732405426421024
2025-12-31,minimum_variance,SAP.DE,0.016520334168055862
2025-12-31,minimum_variance,VOW3.DE,0.006846479698223017
2025-12-31,minimum_variance,DTE.DE,0.01832729867704351
2025-12-31,minimum_variance,MBG.DE,0.026424912882137858
2025-12-31,minimum_variance,TTE.PA,0.03535903097864567
2025-12-31,minimum_variance,OR.PA,0.002427035499176887
2025-12-31,minimum_variance,SAN.PA,0.006584271049929927
2025-12-31,minimum_variance,HEIA.AS,0.054176460636392546
2025-12-31,minimum_variance,AD.AS,0.1153945439195211
2025-12-31,minimum_variance,WKL.AS,0.04795469942655731
2025-12-31,minimum_variance,IBE.MC,0.0687957400042666
2025-12-31,minimum_variance,ITX.MC,0.0023658488646815493
2025-12-31,minimum_variance,TEF.MC,0.040638076936632
2025-12-31,minimum_variance,ENG.MC,0.06167662552468952
2025-12-31,minimum_variance,NESN.SW,0.05386710527744686
2025-12-31,minimum_variance,NOVN.SW,0.035911988784100415
2025-12-31,minimum_variance,RO.SW,0.003741361059377851
2025-12-31,minimum_variance,ABBN.SW,0.026932172005160827
2025-12-31,minimum_variance,ENI.MI,0.04381650595573955
2025-12-31,xgb,SAP.DE,0.11750174695617101
2025-12-31,xgb,BAS.DE,0.06725719262564603
2025-12-31,xgb,DTE.DE,0.14999999999988328
2025-12-31,xgb,MBG.DE,0.03664068014151314
2025-12-31,xgb,SAN.PA,0.03923047019323356
2025-12-31,xgb,ASML.AS,0.04789138849971519
2025-12-31,xgb,PHIA.AS,0.020565862748401897
2025-12-31,xgb,HEIA.AS,0.05317637549218257
2025-12-31,xgb,AD.AS,0.14999999999988373
2025-12-31,xgb,TEF.MC,0.1261919189908307
2025-12-31,xgb,ENG.MC,0.10446256703682792
2025-12-31,xgb,NESN.SW,0.05012658485039154
2025-12-31,xgb,UBSG.SW,0.015018443982563745
2025-12-31,xgb,HOLN.SW,0.02193676848275569
2025-12-31,xgb_sentiment,SAP.DE,0.09693874455330545
2025-12-31,xgb_sentiment,BAS.DE,0.05065311494916672
2025-12-31,xgb_sentiment,DTE.DE,0.14999999999999583
2025-12-31,xgb_sentiment,MBG.DE,0.025936754058412188
2025-12-31,xgb_sentiment,OR.PA,0.07654530551645508
2025-12-31,xgb_sentiment,SAN.PA,0.0443222204433349
2025-12-31,xgb_sentiment,ASML.AS,0.0456928384746598
2025-12-31,xgb_sentiment,PHIA.AS,0.014214796547456575
2025-12-31,xgb_sentiment,HEIA.AS,0.07032444319480592
2025-12-31,xgb_sentiment,AD.AS,0.13157571709933236
2025-12-31,xgb_sentiment,TEF.MC,0.1499999999999959
2025-12-31,xgb_sentiment,ENG.MC,0.10511815610849035
2025-12-31,xgb_sentiment,NESN.SW,0.002322246976506395
2025-12-31,xgb_sentiment,NOVN.SW,0.023781373722947363
2025-12-31,xgb_sentiment,HOLN.SW,0.012574288355135209
2025-12-31,equal_weight,EXSA.DE,0.017543859649122806
2025-12-31,equal_weight,EXV1.DE,0.017543859649122806
2025-12-31,equal_weight,EXV4.DE,0.017543859649122806
2025-12-31,equal_weight,EXV3.DE,0.017543859649122806
2025-12-31,equal_weight,EXV2.DE,0.017543859649122806
2025-12-31,equal_weight,EXV6.DE,0.017543859649122806
2025-12-31,equal_weight,EXV7.DE,0.017543859649122806
2025-12-31,equal_weight,EXH7.DE,0.017543859649122806
2025-12-31,equal_weight,EXH8.DE,0.017543859649122806
2025-12-31,equal_weight,EXS1.DE,0.017543859649122806
2025-12-31,equal_weight,CAC.PA,0.017543859649122806
2025-12-31,equal_weight,EWI,0.017543859649122806
2025-12-31,equal_weight,EWP,0.017543859649122806
2025-12-31,equal_weight,EWN,0.017543859649122806
2025-12-31,equal_weight,EWL,0.017543859649122806
2025-12-31,equal_weight,SAP.DE,0.017543859649122806
2025-12-31,equal_weight,SIE.DE,0.017543859649122806
2025-12-31,equal_weight,BAS.DE,0.017543859649122806
2025-12-31,equal_weight,VOW3.DE,0.017543859649122806
2025-12-31,equal_weight,DTE.DE,0.017543859649122806
2025-12-31,equal_weight,ALV.DE,0.017543859649122806
2025-12-31,equal_weight,BMW.DE,0.017543859649122806
2025-12-31,equal_weight,MBG.DE,0.017543859649122806
2025-12-31,equal_weight,MUV2.DE,0.017543859649122806
2025-12-31,equal_weight,MC.PA,0.017543859649122806
2025-12-31,equal_weight,TTE.PA,0.017543859649122806
2025-12-31,equal_weight,OR.PA,0.017543859649122806
2025-12-31,equal_weight,SAN.PA,0.017543859649122806
2025-12-31,equal_weight,BNP.PA,0.017543859649122806
2025-12-31,equal_weight,AIR.PA,0.017543859649122806
2025-12-31,equal_weight,SU.PA,0.017543859649122806
2025-12-31,equal_weight,CAP.PA,0.017543859649122806
2025-12-31,equal_weight,AI.PA,0.017543859649122806
2025-12-31,equal_weight,ASML.AS,0.017543859649122806
2025-12-31,equal_weight,PHIA.AS,0.017543859649122806
2025-12-31,equal_weight,INGA.AS,0.017543859649122806
2025-12-31,equal_weight,HEIA.AS,0.017543859649122806
2025-12-31,equal_weight,AD.AS,0.017543859649122806
2025-12-31,equal_weight,WKL.AS,0.017543859649122806
2025-12-31,equal_weight,SAN.MC,0.017543859649122806
2025-12-31,equal_weight,IBE.MC,0.017543859649122806
2025-12-31,equal_weight,ITX.MC,0.017543859649122806
2025-12-31,equal_weight,TEF.MC,0.017543859649122806
2025-12-31,equal_weight,ENG.MC,0.017543859649122806
2025-12-31,equal_weight,BBVA.MC,0.017543859649122806
2025-12-31,equal_weight,NESN.SW,0.017543859649122806
2025-12-31,equal_weight,NOVN.SW,0.017543859649122806
2025-12-31,equal_weight,UBSG.SW,0.017543859649122806
2025-12-31,equal_weight,RO.SW,0.017543859649122806
2025-12-31,equal_weight,ABBN.SW,0.017543859649122806
2025-12-31,equal_weight,CFR.SW,0.017543859649122806
2025-12-31,equal_weight,HOLN.SW,0.017543859649122806
2025-12-31,equal_weight,ENI.MI,0.017543859649122806
2025-12-31,equal_weight,ISP.MI,0.017543859649122806
2025-12-31,equal_weight,UCG.MI,0.017543859649122806
2025-12-31,equal_weight,ENEL.MI,0.017543859649122806
2025-12-31,equal_weight,STMMI.MI,0.017543859649122806
